spec,family,seed,dest,M,budget,L_s,lam,eval_out_err_median,eval_abs_mass_median,eval_mixture_median,fit_abs_mass_median,beta_mean,beta_std,beta_min,beta_max,beta_span,n_beta_le_m3,n_beta_at_clamp,at_box_lower,at_box_upper,box_bind_rate,clamp_rate,rank_G_numeric,solver_residual,solver_lambda_eff,x_eff_budget_frac,x_eff_loss,v_fit_resid_rel,beta_ideal_mass_preserving
box_lam1em3,箱+λ,42,0,8,8,256,0.001,0.7014424204826355,0.4602692723274231,0.6358111500740051,0.3520493507385254,-0.3778288662433624,2.326348066329956,-3.0,2.701176404953003,5.701176404953003,3,0,3,0,0.375,0.0,8,0.3771284520626068,0.00021235711872577667,0.43330904841423035,0.5666909515857697,0.34162412661991587,3.4657359027997265
box_lam3em3,箱+λ,42,0,8,8,256,0.003,0.7014864087104797,0.47233816981315613,0.634158194065094,0.35829031467437744,-0.1710711568593979,2.153059244155884,-3.0,2.6382198333740234,5.638219833374023,2,0,2,0,0.25,0.0,8,0.38775762915611267,0.00063707135617733,0.4611664414405823,0.5388335585594177,0.32296943822756274,3.4657359027997265
box_lam1em2,箱+λ,42,0,8,8,256,0.01,0.7417744398117065,0.41613903641700745,0.6866397261619568,0.37519100308418274,0.10062694549560547,2.083826780319214,-3.0,2.4104268550872803,5.41042685508728,2,0,2,0,0.25,0.0,8,0.45931267738342285,0.002123571187257767,0.5521285533905029,0.44787144660949707,0.26858907973315216,3.4657359027997265
box_lam3em2,箱+λ,42,0,8,8,256,0.03,0.8088041543960571,0.3796260952949524,0.7905898690223694,0.2625106871128082,0.8402900695800781,0.9837208390235901,-0.9212419390678406,2.077991485595703,2.9992334246635437,0,0,0,0,0.0,0.0,8,0.6704916954040527,0.0063707135617733,0.7025091052055359,0.2974908947944641,0.19793069240047315,3.4657359027997265
box_lam1em1,箱+λ,42,0,8,8,256,0.1,0.8775840401649475,0.2356230616569519,0.8143208622932434,0.20780228078365326,1.0000724792480469,0.5969007611274719,0.18687395751476288,1.7212746143341064,1.5344006568193436,0,0,0,0,0.0,0.0,8,0.9831128120422363,0.021235711872577667,0.7907694578170776,0.20923054218292236,0.17012286976626986,3.4657359027997265
box_lam3em1,箱+λ,42,0,8,8,256,0.3,0.9142776727676392,0.2243690937757492,0.8292003870010376,0.24938936531543732,0.984944224357605,0.43719321489334106,0.43786704540252686,1.5714434385299683,1.1335763931274414,0,0,0,0,0.0,0.0,8,1.6505849361419678,0.063707135617733,0.8268617987632751,0.17313820123672485,0.1614576948828815,3.4657359027997265
box_lam1e0,箱+λ,42,0,8,8,256,1.0,0.9429006576538086,0.2638266682624817,0.8537642955780029,0.3767155110836029,0.8640035390853882,0.25871726870536804,0.583896815776825,1.3228203058242798,0.7389234900474548,0,0,0,0,0.0,0.0,8,4.04573917388916,0.21235711872577667,0.8591668009757996,0.14083319902420044,0.14837478958620123,3.4657359027997265
box_lam3e0,箱+λ,42,0,8,8,256,3.0,0.9388434886932373,0.3882519006729126,0.8424085378646851,0.5217085480690002,0.6409833431243896,0.15425434708595276,0.465372234582901,0.9351288080215454,0.4697565734386444,0,0,0,0,0.0,0.0,8,8.586015701293945,0.63707135617733,0.8809402585029602,0.1190597414970398,0.14061853269497454,3.4657359027997265
box_lam1e1,箱+λ,42,0,8,8,256,10.0,0.9370566010475159,0.5459389090538025,0.8512563109397888,0.6721429824829102,0.3558810353279114,0.10499858111143112,0.25452372431755066,0.5384719371795654,0.28394821286201477,0,0,0,0,0.0,0.0,8,14.90485954284668,2.1235711872577667,0.9007323384284973,0.09926766157150269,0.13524099319400407,3.4657359027997265
box_lam3e1,箱+λ,42,0,8,8,256,30.0,0.9408747553825378,0.6318761706352234,0.8979410529136658,0.7328311204910278,0.1625068485736847,0.06080867350101471,0.11217232793569565,0.2895437777042389,0.17737144976854324,0,0,0,0,0.0,0.0,8,19.579925537109375,6.3707135617733,0.9158860445022583,0.0841139554977417,0.13094236509285648,3.4657359027997265
box_lam1e2,箱+λ,42,0,8,8,256,100.0,0.9447595477104187,0.6729403138160706,0.8990952968597412,0.7606393098831177,0.056687161326408386,0.0242953822016716,0.038115087896585464,0.1101037785410881,0.07198869064450264,0,0,0,0,0.0,0.0,8,22.208303451538086,21.235711872577667,0.9248472452163696,0.07515275478363037,0.12815701322264347,3.4657359027997265
box_lam1e3,箱+λ,42,0,8,8,256,1000.0,0.9470317959785461,0.6911129951477051,0.9008492827415466,0.7727240920066833,0.0060676648281514645,0.002776798792183399,0.004021415486931801,0.012284333817660809,0.008262918330729008,0,0,0,0,0.0,0.0,8,23.462364196777344,212.35711872577667,0.9291426539421082,0.07085734605789185,0.12672911701796366,3.4657359027997265
nobox_lam1em3,无箱互校,42,0,8,8,256,0.001,0.7035254240036011,0.45909813046455383,0.6381781101226807,0.3508618474006653,-4.430678844451904,7.816405296325684,-13.815510749816895,2.7051846981048584,16.520695447921753,3,3,3,0,0.375,0.375,8,0.37279483675956726,0.00021235711872577667,0.42349177598953247,0.5765082240104675,0.34308736918707167,3.4657359027997265
nobox_lam1em1,无箱互校,42,0,8,8,256,0.1,0.8775845766067505,0.2356232851743698,0.8143208622932434,0.20780180394649506,1.0000725984573364,0.596900463104248,0.18687404692173004,1.721274495124817,1.5344004482030869,0,0,0,0,0.0,0.0,8,0.9831129312515259,0.021235711872577667,0.7907694578170776,0.20923054218292236,0.1701229504657276,3.4657359027997265
scalar,参照,42,0,8,8,256,0.001,0.9473212957382202,0.42746418714523315,0.883590817451477,0.21366244554519653,1.4306254386901855,0.0,1.4306254386901855,1.4306254386901855,0.0,0,0,0,0,0.0,0.0,8,0.17667187750339508,0.0,0.9296520948410034,0.07034790515899658,0.12655465487783185,3.4657359027997265
nobeta,参照,42,0,8,8,256,0.001,0.947320282459259,0.6932271122932434,0.9011096954345703,0.7741217017173767,0.0,0.0,0.0,0.0,0.0,0,0,0,0,0.0,0.0,8,0.37279483675956726,0.00021235711872577667,0.9296520948410034,0.07034790515899658,0.1265546952275607,3.4657359027997265
box_lam1em3,箱+λ,42,0,8,16,256,0.001,0.6396958231925964,0.2419048398733139,0.6180824637413025,0.19978401064872742,0.5074291825294495,1.205897331237793,-2.8372175693511963,1.6256672143936157,4.462884783744812,0,0,0,0,0.0,0.0,8,4.933708987664431e-05,0.0001205333024263382,0.7155091166496277,0.2844908833503723,0.017593655705199572,2.772588722239781
box_lam3em3,箱+λ,42,0,8,16,256,0.003,0.6371707320213318,0.23325659334659576,0.615032970905304,0.1822493076324463,0.5561635494232178,1.0972906351089478,-2.4278790950775146,1.5984959602355957,4.02637505531311,0,0,0,0,0.0,0.0,8,0.00042951194336637855,0.0003615999072790146,0.7269116044044495,0.27308839559555054,0.017647479721632546,2.772588722239781
box_lam1em2,箱+λ,42,0,8,16,256,0.01,0.6314572691917419,0.22452412545681,0.601402223110199,0.15499280393123627,0.6542202234268188,0.8511661291122437,-1.3209205865859985,1.5645431280136108,2.8854637145996094,0,0,0,0,0.0,0.0,8,0.004275535233318806,0.001205333024263382,0.7530000805854797,0.24699991941452026,0.017637443987509178,2.772588722239781
box_lam3em2,箱+λ,42,0,8,16,256,0.03,0.628372848033905,0.2191392183303833,0.5831372141838074,0.15212100744247437,0.7117069959640503,0.663637101650238,-0.5748257040977478,1.4885509014129639,2.0633766055107117,0,0,0,0,0.0,0.0,8,0.029156485572457314,0.003615999072790146,0.7791644334793091,0.22083556652069092,0.017353373069874934,2.772588722239781
box_lam1em1,箱+λ,42,0,8,16,256,0.1,0.6161816716194153,0.2158980518579483,0.5662280917167664,0.16664420068264008,0.7361777424812317,0.45956313610076904,-0.12817277014255524,1.3173408508300781,1.4455136209726334,0,0,0,0,0.0,0.0,8,0.15892690420150757,0.01205333024263382,0.8114641904830933,0.18853580951690674,0.016696197036032385,2.772588722239781
box_lam3em1,箱+λ,42,0,8,16,256,0.3,0.5891152620315552,0.14397385716438293,0.5421403050422668,0.1768125742673874,0.7065054178237915,0.3091519773006439,0.2080734223127365,1.2685794830322266,1.06050606071949,0,0,0,0,0.0,0.0,8,0.46217799186706543,0.03615999072790146,0.8323381543159485,0.1676618456840515,0.016101076363308996,2.772588722239781
box_lam1e0,箱+λ,42,0,8,16,256,1.0,0.5777000188827515,0.1584625095129013,0.5435203909873962,0.20147481560707092,0.6182987093925476,0.220870703458786,0.29690301418304443,1.1483010053634644,0.8513979911804199,0,0,0,0,0.0,0.0,8,1.1749403476715088,0.1205333024263382,0.8422526717185974,0.1577473282814026,0.015865234720016334,2.772588722239781
box_lam3e0,箱+λ,42,0,8,16,256,3.0,0.5949058532714844,0.18968136608600616,0.5403627157211304,0.3066895008087158,0.48595571517944336,0.17438510060310364,0.23384779691696167,0.9114173650741577,0.677569568157196,0,0,0,0,0.0,0.0,8,2.897219657897949,0.3615999072790146,0.8528563380241394,0.1471436619758606,0.01579034940605068,2.772588722239781
box_lam1e1,箱+λ,42,0,8,16,256,10.0,0.6028900146484375,0.3419110178947449,0.5470710396766663,0.43599531054496765,0.2991209030151367,0.12471067160367966,0.12357811629772186,0.5533348321914673,0.4297567158937454,0,0,0,0,0.0,0.0,8,6.569085597991943,1.205333024263382,0.8722687363624573,0.12773126363754272,0.01531273597025287,2.772588722239781
box_lam3e1,箱+λ,42,0,8,16,256,30.0,0.5974283218383789,0.4455711543560028,0.5682253241539001,0.5284637212753296,0.14982983469963074,0.07423300296068192,0.05071253329515457,0.3305841088294983,0.2798715755343437,0,0,0,0,0.0,0.0,8,10.421758651733398,3.615999072790146,0.8939505219459534,0.10604947805404663,0.014555091633422305,2.772588722239781
box_lam1e2,箱+λ,42,0,8,16,256,100.0,0.5952039957046509,0.5068649053573608,0.5864271521568298,0.5768159627914429,0.05568515881896019,0.03119872510433197,0.016825897619128227,0.14176863431930542,0.12494273670017719,0,0,0,0,0.0,0.0,8,13.239331245422363,12.05333024263382,0.9105690121650696,0.08943098783493042,0.013951634958903517,2.772588722239781
box_lam1e3,箱+λ,42,0,8,16,256,1000.0,0.5943969488143921,0.5350922346115112,0.5966138243675232,0.5964202880859375,0.006172101944684982,0.0037053341511636972,0.0017610769718885422,0.016927054151892662,0.01516597718000412,0,0,0,0,0.0,0.0,8,14.814088821411133,120.5333024263382,0.9199600219726562,0.08003997802734375,0.01361933476692769,2.772588722239781
nobox_lam1em3,无箱互校,42,0,8,16,256,0.001,0.6393957734107971,0.24330317974090576,0.6185347437858582,0.20201674103736877,0.4183609187602997,1.4838058948516846,-4.223682403564453,1.6312261819839478,5.854908585548401,1,0,1,0,0.0625,0.0,8,4.934363823849708e-05,0.0001205333024263382,0.7107534408569336,0.2892465591430664,0.017580871145798035,2.772588722239781
nobox_lam1em1,无箱互校,42,0,8,16,256,0.1,0.6161811351776123,0.21589785814285278,0.5662271976470947,0.16664431989192963,0.7361776828765869,0.4595634639263153,-0.12817487120628357,1.3173412084579468,1.4455160796642303,0,0,0,0,0.0,0.0,8,0.1589268445968628,0.01205333024263382,0.8114638328552246,0.1885361671447754,0.016696197036032385,2.772588722239781
scalar,参照,42,0,8,16,256,0.001,0.5943124294281006,0.23526105284690857,0.5423600673675537,0.17736105620861053,0.9336544275283813,6.155941179031288e-08,0.9336544871330261,0.9336544871330261,0.0,0,0,0,0,0.0,0.0,8,0.05150866135954857,0.0,0.9211491942405701,0.07885080575942993,0.013578073386387555,2.772588722239781
nobeta,参照,42,0,8,16,256,0.001,0.5943127274513245,0.5399346947669983,0.5995525121688843,0.5987717509269714,0.0,0.0,0.0,0.0,0.0,0,0,0,0,0.0,0.0,8,4.934363823849708e-05,0.0001205333024263382,0.9211491942405701,0.07885080575942993,0.013578059516168261,2.772588722239781
box_lam1em3,箱+λ,42,0,8,32,256,0.001,0.6171371340751648,0.1975199431180954,0.5520817637443542,0.15461398661136627,-0.02926339954137802,1.2365577220916748,-3.0,1.4060180187225342,4.406018018722534,1,0,1,0,0.03125,0.0,8,8.513737157045398e-06,6.641535460948944e-05,0.5635810494422913,0.43641895055770874,0.020635820990277044,2.0794415416798357
box_lam3em3,箱+λ,42,0,8,32,256,0.003,0.6138374209403992,0.19148337841033936,0.5519774556159973,0.1628551185131073,0.02891363762319088,1.1678768396377563,-3.0,1.392884373664856,4.392884373664856,1,0,1,0,0.03125,0.0,8,7.542582898167893e-05,0.00019924606382846832,0.5806376338005066,0.4193623661994934,0.02081438619346167,2.0794415416798357
box_lam1em2,箱+λ,42,0,8,32,256,0.01,0.6051903963088989,0.1643712967634201,0.5518993139266968,0.15084712207317352,0.15049465000629425,1.0186651945114136,-3.0,1.3773704767227173,4.377370476722717,1,0,1,0,0.03125,0.0,8,0.0007954446482472122,0.0006641535460948945,0.6219841837882996,0.37801581621170044,0.021205588163060923,2.0794415416798357
box_lam3em2,箱+λ,42,0,8,32,256,0.03,0.5935847759246826,0.13487201929092407,0.5527908802032471,0.1377260684967041,0.24730142951011658,0.8913131356239319,-3.0,1.3280996084213257,4.328099608421326,1,0,1,0,0.03125,0.0,8,0.0062276823446154594,0.001992460638284683,0.6636481285095215,0.3363518714904785,0.021548570945750807,2.0794415416798357
box_lam1em1,箱+λ,42,0,8,32,256,0.1,0.5765637755393982,0.12900182604789734,0.5571232438087463,0.15167059004306793,0.3312101662158966,0.5946757793426514,-1.3652461767196655,1.1884080171585083,2.553654193878174,0,0,0,0,0.0,0.0,8,0.04696645960211754,0.0066415354609489444,0.6914917230606079,0.3085082769393921,0.021766227470620653,2.0794415416798357
box_lam3em1,箱+λ,42,0,8,32,256,0.3,0.5669812560081482,0.1192907765507698,0.5633761286735535,0.1266133338212967,0.3578520715236664,0.37555640935897827,-0.5011537671089172,1.0479309558868408,1.549084722995758,0,0,0,0,0.0,0.0,8,0.19706834852695465,0.01992460638284683,0.7209636569023132,0.27903634309768677,0.0219123187076521,2.0794415416798357
box_lam1e0,箱+λ,42,0,8,32,256,1.0,0.5599472522735596,0.1194610670208931,0.5240271687507629,0.11388899385929108,0.3338804841041565,0.20499980449676514,0.0023544705472886562,0.949188232421875,0.9468337618745863,0,0,0,0,0.0,0.0,8,0.5482279062271118,0.06641535460948944,0.7502482533454895,0.2497517466545105,0.02176795746524526,2.0794415416798357
box_lam3e0,箱+λ,42,0,8,32,256,3.0,0.5710505843162537,0.1244807243347168,0.5236831307411194,0.18778496980667114,0.2778029441833496,0.13686619699001312,0.12050122767686844,0.7748433351516724,0.6543421074748039,0,0,0,0,0.0,0.0,8,1.0375488996505737,0.19924606382846832,0.7700571417808533,0.22994285821914673,0.02167226808326837,2.0794415416798357
box_lam1e1,箱+λ,42,0,8,32,256,10.0,0.5653449892997742,0.1927902102470398,0.5264690518379211,0.2711435556411743,0.19049504399299622,0.10197374224662781,0.07808411121368408,0.5156267881393433,0.4375426769256592,0,0,0,0,0.0,0.0,8,2.0819523334503174,0.6641535460948944,0.7912646532058716,0.20873534679412842,0.021505870845191226,2.0794415416798357
box_lam3e1,箱+λ,42,0,8,32,256,30.0,0.5648826360702515,0.27558574080467224,0.5308981537818909,0.34151384234428406,0.10702066868543625,0.06667598336935043,0.03641406074166298,0.31924575567245483,0.28283169493079185,0,0,0,0,0.0,0.0,8,3.6877429485321045,1.9924606382846832,0.814119279384613,0.18588072061538696,0.021097692988105748,2.0794415416798357
box_lam1e2,箱+λ,42,0,8,32,256,100.0,0.5641879439353943,0.3515244126319885,0.5362700819969177,0.39120715856552124,0.04366812855005264,0.03090335614979267,0.013229920528829098,0.15915663540363312,0.14592671487480402,0,0,0,0,0.0,0.0,8,5.4029998779296875,6.641535460948944,0.8352994322776794,0.16470056772232056,0.02064438900301335,2.0794415416798357
box_lam1e3,箱+λ,42,0,8,32,256,1000.0,0.5637033581733704,0.3950766623020172,0.5527992248535156,0.42389431595802307,0.005133903119713068,0.003944705240428448,0.0014581772265955806,0.020989323034882545,0.019531145808286965,0,0,0,0,0.0,0.0,8,6.665236949920654,66.41535460948944,0.8497377634048462,0.1502622365951538,0.0203402478780614,2.0794415416798357
nobox_lam1em3,无箱互校,42,0,8,32,256,0.001,0.6187825798988342,0.2041555792093277,0.5521556735038757,0.15114589035511017,-0.4599941670894623,2.7924270629882812,-13.815510749816895,1.4185866117477417,15.234097361564636,4,1,4,0,0.125,0.03125,8,8.475486538372934e-06,6.641535460948944e-05,0.5551648139953613,0.44483518600463867,0.020522022145618938,2.0794415416798357
nobox_lam1em1,无箱互校,42,0,8,32,256,0.1,0.5765637159347534,0.1290019303560257,0.5571228265762329,0.1516706645488739,0.3312094509601593,0.5946764945983887,-1.3652489185333252,1.1884082555770874,2.5536571741104126,0,0,0,0,0.0,0.0,8,0.04696648195385933,0.0066415354609489444,0.6914913654327393,0.30850863456726074,0.021766199730182064,2.0794415416798357
scalar,参照,42,0,8,32,256,0.001,0.5636388063430786,0.1328851878643036,0.5175784230232239,0.11646216362714767,0.587462842464447,6.055837786789198e-08,0.5874627828598022,0.5874627828598022,0.0,0,0,0,0,0.0,0.0,8,0.03444654867053032,0.0,0.8517324328422546,0.14826756715774536,0.02030013268200652,2.0794415416798357
nobeta,参照,42,0,8,32,256,0.001,0.5636388659477234,0.40063053369522095,0.5533285140991211,0.4284399449825287,0.0,0.0,0.0,0.0,0.0,0,0,0,0,0.0,0.0,8,8.475486538372934e-06,6.641535460948944e-05,0.8517320156097412,0.1482679843902588,0.020300156639658024,2.0794415416798357
box_lam1em3,箱+λ,42,0,8,64,256,0.001,0.5867597460746765,0.1461358666419983,0.5408153533935547,0.1357957124710083,-0.20604053139686584,0.7324159145355225,-2.7300844192504883,1.2176826000213623,3.9477670192718506,0,0,0,0,0.0,0.0,8,6.091379987083201e-07,3.424748405814171e-05,0.45705270767211914,0.5429472923278809,0.023927126937091595,1.3862943611198906
box_lam3em3,箱+λ,42,0,8,64,256,0.003,0.583436906337738,0.1361491084098816,0.5398561954498291,0.12714925408363342,-0.1425245851278305,0.6469022631645203,-2.3336775302886963,1.1801249980926514,3.5138025283813477,0,0,0,0,0.0,0.0,8,5.449963737191865e-06,0.00010274245217442513,0.4767485558986664,0.5232514441013336,0.024360372063227526,1.3862943611198906
box_lam1em2,箱+λ,42,0,8,64,256,0.01,0.5744805335998535,0.13215121626853943,0.53652423620224,0.10335197299718857,-0.004191230516880751,0.48867353796958923,-1.549247145652771,1.110990047454834,2.660237193107605,0,0,0,0,0.0,0.0,8,5.915615474805236e-05,0.0003424748405814171,0.5328424572944641,0.4671575427055359,0.025601832345738155,1.3862943611198906
box_lam3em2,箱+λ,42,0,8,64,256,0.03,0.562185525894165,0.09901723265647888,0.5292189717292786,0.06858404725790024,0.1480528712272644,0.3399800658226013,-0.9038364291191101,1.0457242727279663,1.9495607018470764,0,0,0,0,0.0,0.0,8,0.0004991542082279921,0.0010274245217442512,0.6194467544555664,0.3805532455444336,0.02745175140821642,1.3862943611198906
box_lam1em1,箱+λ,42,0,8,64,256,0.1,0.5541321039199829,0.10793925821781158,0.523586094379425,0.060806021094322205,0.21486099064350128,0.2611425220966339,-0.576446533203125,0.9471256732940674,1.5235722064971924,0,0,0,0,0.0,0.0,8,0.0045230695977807045,0.003424748405814171,0.6716469526290894,0.32835304737091064,0.028419453911602038,1.3862943611198906
box_lam3em1,箱+λ,42,0,8,64,256,0.3,0.548769474029541,0.09568220376968384,0.5239028334617615,0.07593706250190735,0.2052828073501587,0.21215397119522095,-0.38396430015563965,0.7984283566474915,1.182392656803131,0,0,0,0,0.0,0.0,8,0.025739170610904694,0.010274245217442511,0.677445113658905,0.32255488634109497,0.028316703327075726,1.3862943611198906
box_lam1e0,箱+λ,42,0,8,64,256,1.0,0.547776997089386,0.08775094151496887,0.5097595453262329,0.07265302538871765,0.17695924639701843,0.14184461534023285,-0.12190454453229904,0.6760751008987427,0.7979796454310417,0,0,0,0,0.0,0.0,8,0.10601063817739487,0.03424748405814171,0.6835871338844299,0.31641286611557007,0.02809796744695904,1.3862943611198906
box_lam3e0,箱+λ,42,0,8,64,256,3.0,0.547626256942749,0.09192100912332535,0.5082164406776428,0.09254436939954758,0.14120852947235107,0.09660906344652176,-0.008388317190110683,0.5944824814796448,0.6028707986697555,0,0,0,0,0.0,0.0,8,0.2454279512166977,0.10274245217442513,0.690688967704773,0.30931103229522705,0.028076988109813097,1.3862943611198906
box_lam1e1,箱+λ,42,0,8,64,256,10.0,0.537036657333374,0.12861327826976776,0.5143254995346069,0.1365763545036316,0.09954314678907394,0.07307587563991547,0.03446543216705322,0.4363889694213867,0.4019235372543335,0,0,0,0,0.0,0.0,8,0.5008935928344727,0.3424748405814171,0.7029703259468079,0.29702967405319214,0.028211667939153067,1.3862943611198906
box_lam3e1,箱+λ,42,0,8,64,256,30.0,0.5361307263374329,0.16968584060668945,0.5209240317344666,0.18975624442100525,0.06133263558149338,0.05150343105196953,0.01609429344534874,0.26582300662994385,0.2497287131845951,0,0,0,0,0.0,0.0,8,0.9464452266693115,1.0274245217442513,0.71971595287323,0.28028404712677,0.028286433464861184,1.3862943611198906
box_lam1e2,箱+λ,42,0,8,64,256,100.0,0.5343962907791138,0.21240322291851044,0.5236705541610718,0.23665033280849457,0.028018636628985405,0.02663472481071949,0.006153684109449387,0.14792142808437347,0.1417677439749241,0,0,0,0,0.0,0.0,8,1.6117243766784668,3.424748405814171,0.7392079830169678,0.2607920169830322,0.028267648144221665,1.3862943611198906
box_lam1e3,箱+λ,42,0,8,64,256,1000.0,0.533660888671875,0.2538144886493683,0.525477409362793,0.26572367548942566,0.0036228355020284653,0.003784859785810113,0.000697965151630342,0.023096587508916855,0.022398622357286513,0,0,0,0,0.0,0.0,8,2.3204140663146973,34.24748405814171,0.7563849687576294,0.2436150312423706,0.02822606774863778,1.3862943611198906
nobox_lam1em3,无箱互校,42,0,8,64,256,0.001,0.5886448621749878,0.14815033972263336,0.5413767695426941,0.13592858612537384,-0.26389721035957336,0.8553834557533264,-3.6434803009033203,1.2386419773101807,4.882122278213501,2,0,2,0,0.03125,0.0,8,6.099781444390828e-07,3.424748405814171e-05,0.4453887343406677,0.5546112656593323,0.02365995625120198,1.3862943611198906
nobox_lam1em1,无箱互校,42,0,8,64,256,0.1,0.5541413426399231,0.10794397443532944,0.5235981345176697,0.06082107126712799,0.214740589261055,0.26122617721557617,-0.576785683631897,0.9471787214279175,1.5239644050598145,0,0,0,0,0.0,0.0,8,0.004523048177361488,0.003424748405814171,0.6715556979179382,0.32844430208206177,0.02841774661369991,1.3862943611198906
scalar,参照,42,0,8,64,256,0.001,0.5336246490478516,0.05951273813843727,0.5023659467697144,0.06418909877538681,0.31146904826164246,0.0,0.31146904826164246,0.31146904826164246,0.0,0,0,0,0,0.0,0.0,8,0.010426570661365986,0.0,0.7591203451156616,0.24087965488433838,0.02822130143691692,1.3862943611198906
nobeta,参照,42,0,8,64,256,0.001,0.5336244702339172,0.26085031032562256,0.5258541703224182,0.27107375860214233,0.0,0.0,0.0,0.0,0.0,0,0,0,0,0.0,0.0,8,6.099781444390828e-07,3.424748405814171e-05,0.7591201663017273,0.2408798336982727,0.02822130900249108,1.3862943611198906
box_lam1em3,箱+λ,42,0,16,8,256,0.001,0.6267977952957153,0.21230174601078033,0.5924134850502014,0.16573233902454376,0.9708338975906372,1.6464520692825317,-3.0,1.9560760259628296,4.95607602596283,1,0,1,0,0.125,0.0,8,2.2925872802734375,0.00028401729464530947,0.8379945158958435,0.1620054841041565,0.4822382810165107,3.4657359027997265
box_lam3em3,箱+λ,42,0,16,8,256,0.003,0.6260183453559875,0.2196839451789856,0.5909035801887512,0.15724971890449524,0.9689575433731079,1.6433844566345215,-3.0,1.9498037099838257,4.949803709983826,1,0,1,0,0.125,0.0,8,2.2938008308410645,0.0008520518839359284,0.8379459381103516,0.16205406188964844,0.48228151099380134,3.4657359027997265
box_lam1em2,箱+λ,42,0,16,8,256,0.01,0.6238951683044434,0.2234354168176651,0.5820068717002869,0.1605139821767807,0.9617602229118347,1.6348438262939453,-3.0,1.9287606477737427,4.928760647773743,1,0,1,0,0.125,0.0,8,2.304948568344116,0.0028401729464530945,0.8368350863456726,0.1631649136543274,0.4823703808782937,3.4657359027997265
box_lam3em2,箱+λ,42,0,16,8,256,0.03,0.6189966797828674,0.23009800910949707,0.5740101337432861,0.18756407499313354,0.9493203163146973,1.596852421760559,-2.9333062171936035,1.874311089515686,4.8076173067092896,0,0,0,0,0.0,0.0,8,2.367351531982422,0.008520518839359283,0.831659734249115,0.168340265750885,0.47895714656670024,3.4657359027997265
box_lam1em1,箱+λ,42,0,16,8,256,0.1,0.5877073407173157,0.22013762593269348,0.5081368088722229,0.14836940169334412,1.1689727306365967,0.6636179685592651,-0.34647810459136963,1.8349809646606445,2.181459069252014,0,0,0,0,0.0,0.0,8,2.883958101272583,0.028401729464530946,0.8719724416732788,0.1280275583267212,0.3482355564271426,3.4657359027997265
box_lam3em1,箱+λ,42,0,16,8,256,0.3,0.5758671760559082,0.21863938868045807,0.5302178859710693,0.17426379024982452,1.1051416397094727,0.43740445375442505,0.281746506690979,1.7218266725540161,1.440080165863037,0,0,0,0,0.0,0.0,8,4.151698112487793,0.08520518839359283,0.8783448338508606,0.1216551661491394,0.3488814176432657,3.4657359027997265
box_lam1e0,箱+λ,42,0,16,8,256,1.0,0.5766507387161255,0.22644935548305511,0.5494452118873596,0.28148218989372253,0.930956244468689,0.2801980674266815,0.6273731589317322,1.3977748155593872,0.770401656627655,0,0,0,0,0.0,0.0,8,8.596983909606934,0.28401729464530945,0.8911615014076233,0.10883849859237671,0.3524940810930419,3.4657359027997265
box_lam3e0,箱+λ,42,0,16,8,256,3.0,0.5789336562156677,0.31003549695014954,0.5426321625709534,0.4470765292644501,0.6792136430740356,0.1960144191980362,0.38914304971694946,0.949964165687561,0.5608211159706116,0,0,0,0,0.0,0.0,8,16.435659408569336,0.8520518839359283,0.9020519852638245,0.09794801473617554,0.3593309034891794,3.4657359027997265
box_lam1e1,箱+λ,42,0,16,8,256,10.0,0.5785282850265503,0.47681277990341187,0.6046848297119141,0.595862090587616,0.37954410910606384,0.13844794034957886,0.1796925663948059,0.5977133512496948,0.4180207848548889,0,0,0,0,0.0,0.0,8,26.798194885253906,2.8401729464530945,0.9172945022583008,0.08270549774169922,0.36403505692304866,3.4657359027997265
box_lam3e1,箱+λ,42,0,16,8,256,30.0,0.5816027522087097,0.5898089408874512,0.6476831436157227,0.6748243570327759,0.17572100460529327,0.07867999374866486,0.07315526902675629,0.3258616626262665,0.2527063935995102,0,0,0,0,0.0,0.0,8,34.57765579223633,8.520518839359283,0.9349286556243896,0.06507134437561035,0.3636553888293069,3.4657359027997265
box_lam1e2,箱+λ,42,0,16,8,256,100.0,0.5845542550086975,0.6480971574783325,0.6733777523040771,0.7127259969711304,0.06192728132009506,0.03119100071489811,0.023979289457201958,0.12527157366275787,0.10129228420555592,0,0,0,0,0.0,0.0,8,39.0213737487793,28.401729464530945,0.9468865990638733,0.05311340093612671,0.3622543567366574,3.4657359027997265
box_lam1e3,箱+λ,42,0,16,8,256,1000.0,0.5863458514213562,0.674807071685791,0.6857419013977051,0.7287225127220154,0.006666093599051237,0.003558097407221794,0.002490753773599863,0.014068596065044403,0.01157784229144454,0,0,0,0,0.0,0.0,8,41.15700149536133,284.01729464530945,0.9528849124908447,0.04711508750915527,0.36131567416024857,3.4657359027997265
nobox_lam1em3,无箱互校,42,0,16,8,256,0.001,0.6499865651130676,0.21633072197437286,0.6028463840484619,0.16750791668891907,-0.3787074685096741,5.442399978637695,-13.815510749816895,1.9693385362625122,15.784849286079407,1,1,1,0,0.125,0.125,8,2.2750496864318848,0.00028401729464530947,0.8262385725975037,0.17376142740249634,0.5067536351857547,3.4657359027997265
nobox_lam1em1,无箱互校,42,0,16,8,256,0.1,0.5877068042755127,0.22013762593269348,0.5081367492675781,0.14836940169334412,1.1689727306365967,0.6636176109313965,-0.3464771807193756,1.8349809646606445,2.18145814538002,0,0,0,0,0.0,0.0,8,2.883958101272583,0.028401729464530946,0.8719724416732788,0.1280275583267212,0.3482355564271426,3.4657359027997265
scalar,参照,42,0,16,8,256,0.001,0.5865785479545593,0.406731516122818,0.5466620922088623,0.20736132562160492,1.448683500289917,1.2744008870413381e-07,1.4486833810806274,1.4486833810806274,0.0,0,0,0,0,0.0,0.0,8,0.1207035481929779,0.0,0.953605592250824,0.046394407749176025,0.36119249996480224,3.4657359027997265
nobeta,参照,42,0,16,8,256,0.001,0.5865786075592041,0.6779481172561646,0.6870743036270142,0.7307886481285095,0.0,0.0,0.0,0.0,0.0,0,0,0,0,0.0,0.0,8,2.2750496864318848,0.00028401729464530947,0.953605592250824,0.046394407749176025,0.36119255946924445,3.4657359027997265
box_lam1em3,箱+λ,42,0,16,16,256,0.001,0.5972102284431458,0.17805743217468262,0.5297632813453674,0.10560093075037003,-0.5225893259048462,2.301959991455078,-3.0,2.3151373863220215,5.3151373863220215,7,0,7,0,0.4375,0.0,16,0.28259992599487305,0.0001740012913942337,0.548588752746582,0.45141124725341797,0.29583781897646405,2.772588722239781
box_lam3em3,箱+λ,42,0,16,16,256,0.003,0.5956754684448242,0.17151623964309692,0.5284527540206909,0.10744981467723846,-0.43139803409576416,2.216157913208008,-3.0,2.2944180965423584,5.294418096542358,5,0,5,0,0.3125,0.0,16,0.2848867177963257,0.0005220038741827011,0.5581634640693665,0.44183653593063354,0.29046694801946493,2.772588722239781
box_lam1em2,箱+λ,42,0,16,16,256,0.01,0.5310598611831665,0.16334110498428345,0.4883371591567993,0.12598901987075806,-0.0903305858373642,1.9401577711105347,-3.0,2.1785852909088135,5.1785852909088135,4,0,4,0,0.25,0.0,16,0.3288467526435852,0.0017400129139423372,0.6312169432640076,0.36878305673599243,0.2228537610496218,2.772588722239781
box_lam3em2,箱+λ,42,0,16,16,256,0.03,0.5529605150222778,0.17216892540454865,0.4924032688140869,0.1111646443605423,0.4857276678085327,1.1863726377487183,-2.081484794616699,1.8045275211334229,3.886012315750122,0,0,0,0,0.0,0.0,16,0.5172352194786072,0.005220038741827011,0.7602930068969727,0.23970699310302734,0.14938797003447768,2.772588722239781
box_lam1em1,箱+λ,42,0,16,16,256,0.1,0.5443581342697144,0.14375029504299164,0.50606769323349,0.10300365090370178,0.7648218870162964,0.5147243142127991,-0.3126593232154846,1.3164563179016113,1.629115641117096,0,0,0,0,0.0,0.0,16,0.9023754596710205,0.017400129139423372,0.8661441802978516,0.13385581970214844,0.09786581813726279,2.772588722239781
box_lam3em1,箱+λ,42,0,16,16,256,0.3,0.5384037494659424,0.19087815284729004,0.48978275060653687,0.11729608476161957,0.7515426874160767,0.3410208225250244,-0.1565542370080948,1.2718315124511719,1.4283857494592667,0,0,0,0,0.0,0.0,16,1.399697184562683,0.05220038741827011,0.8793003559112549,0.12069964408874512,0.08800495767208809,2.772588722239781
box_lam1e0,箱+λ,42,0,16,16,256,1.0,0.534528374671936,0.14531534910202026,0.4896469712257385,0.1609378308057785,0.665433943271637,0.2236749231815338,0.20338626205921173,1.1158983707427979,0.9125121086835861,0,0,0,0,0.0,0.0,16,2.594627857208252,0.1740012913942337,0.8807140588760376,0.1192859411239624,0.08827534585764762,2.772588722239781
box_lam3e0,箱+λ,42,0,16,16,256,3.0,0.5297911167144775,0.189578577876091,0.49442020058631897,0.18815083801746368,0.5233326554298401,0.15047377347946167,0.27150410413742065,0.8513888716697693,0.5798847675323486,0,0,0,0,0.0,0.0,16,5.60648775100708,0.5220038741827011,0.8848114609718323,0.11518853902816772,0.09033010862890704,2.772588722239781
box_lam1e1,箱+λ,42,0,16,16,256,10.0,0.5297693014144897,0.27016642689704895,0.4971294403076172,0.3508470058441162,0.3215170204639435,0.1062300056219101,0.14805375039577484,0.5094752311706543,0.36142148077487946,0,0,0,0,0.0,0.0,16,11.528950691223145,1.740012913942337,0.8929789066314697,0.10702109336853027,0.0911626947847937,2.772588722239781
box_lam3e1,箱+λ,42,0,16,16,256,30.0,0.5421078205108643,0.398722380399704,0.541809618473053,0.4623025953769684,0.16131070256233215,0.0662650540471077,0.06870351731777191,0.3293720781803131,0.2606685608625412,0,0,0,0,0.0,0.0,16,17.581342697143555,5.220038741827011,0.9081364274024963,0.09186357259750366,0.08847435846473474,2.772588722239781
box_lam1e2,箱+λ,42,0,16,16,256,100.0,0.5470919609069824,0.47506827116012573,0.5560307502746582,0.528529942035675,0.06002190709114075,0.028579335659742355,0.02432756870985031,0.14134718477725983,0.11701961606740952,0,0,0,0,0.0,0.0,16,22.00745964050293,17.40012913942337,0.9220564365386963,0.07794356346130371,0.08524451684413921,2.772588722239781
box_lam1e3,箱+λ,42,0,16,16,256,1000.0,0.5520768165588379,0.5130860209465027,0.5611299276351929,0.5581963062286377,0.006655131932348013,0.003431918565183878,0.002624878427013755,0.016857078298926353,0.014232199871912599,0,0,0,0,0.0,0.0,16,24.47780418395996,174.0012913942337,0.9303436279296875,0.0696563720703125,0.08318391519948454,2.772588722239781
nobox_lam1em3,无箱互校,42,0,16,16,256,0.001,0.5977916121482849,0.1804804503917694,0.5304859280586243,0.10563189536333084,-4.68070125579834,7.473805904388428,-13.815510749816895,2.331723690032959,16.147234439849854,7,6,7,0,0.4375,0.375,16,0.2745395004749298,0.0001740012913942337,0.5252490639686584,0.47475093603134155,0.2987350902693544,2.772588722239781
nobox_lam1em1,无箱互校,42,0,16,16,256,0.1,0.5443583130836487,0.1437503695487976,0.5060678124427795,0.10300402343273163,0.7648220062255859,0.5147244334220886,-0.3126600384712219,1.3164563179016113,1.6291163563728333,0,0,0,0,0.0,0.0,16,0.9023756980895996,0.017400129139423372,0.8661443591117859,0.1338556408882141,0.09786580326115223,2.772588722239781
scalar,参照,42,0,16,16,256,0.001,0.5532334446907043,0.26582881808280945,0.5410094857215881,0.19182664155960083,0.955841064453125,0.0,0.955841064453125,0.955841064453125,0.0,0,0,0,0,0.0,0.0,16,0.05380042642354965,0.0,0.9314058423042297,0.06859415769577026,0.08291416668667913,2.772588722239781
nobeta,参照,42,0,16,16,256,0.001,0.5532324910163879,0.5177040696144104,0.5618135929107666,0.5619356632232666,0.0,0.0,0.0,0.0,0.0,0,0,0,0,0.0,0.0,16,0.2745395004749298,0.0001740012913942337,0.9314058423042297,0.06859415769577026,0.08291424106723194,2.772588722239781
box_lam1em3,箱+λ,42,0,16,32,256,0.001,0.5726889967918396,0.14475403726100922,0.5196254253387451,0.057703420519828796,-0.15210853517055511,1.6132787466049194,-3.0,1.6637924909591675,4.6637924909591675,6,0,6,0,0.1875,0.0,16,0.0051324088126420975,9.677909314632417e-05,0.6258765459060669,0.3741234540939331,0.0701133553674141,2.0794415416798357
box_lam3em3,箱+λ,42,0,16,32,256,0.003,0.5613676309585571,0.1444830298423767,0.5140485763549805,0.055693019181489944,-0.13098526000976562,1.5993592739105225,-3.0,1.6407612562179565,4.6407612562179565,6,0,6,0,0.1875,0.0,16,0.0061987629160285,0.0002903372794389725,0.6342450380325317,0.36575496196746826,0.06716984912289965,2.0794415416798357
box_lam1em2,箱+λ,42,0,16,32,256,0.01,0.5434442162513733,0.13826332986354828,0.501689076423645,0.05468977615237236,-0.0863904356956482,1.569841980934143,-3.0,1.5703349113464355,4.5703349113464355,6,0,6,0,0.1875,0.0,16,0.012068049050867558,0.0009677909314632416,0.6542814373970032,0.3457185626029968,0.060728545316306885,2.0794415416798357
box_lam3em2,箱+λ,42,0,16,32,256,0.03,0.5200002789497375,0.13277846574783325,0.482953280210495,0.06318993121385574,0.06627114862203598,1.317099928855896,-3.0,1.4393105506896973,4.439310550689697,2,0,2,0,0.0625,0.0,16,0.039510320872068405,0.0029033727943897246,0.6869176030158997,0.31308239698410034,0.05521416452072435,2.0794415416798357
box_lam1em1,箱+λ,42,0,16,32,256,0.1,0.5079284310340881,0.13603752851486206,0.4780144989490509,0.06202253699302673,0.27739179134368896,0.889914870262146,-3.0,1.2895753383636475,4.2895753383636475,1,0,1,0,0.03125,0.0,16,0.17736922204494476,0.009677909314632416,0.7452470660209656,0.2547529339790344,0.050895008547205384,2.0794415416798357
box_lam3em1,箱+λ,42,0,16,32,256,0.3,0.47927549481391907,0.11462339758872986,0.4505605399608612,0.09434821456670761,0.39012932777404785,0.4295665919780731,-0.650044858455658,1.0491431951522827,1.6991880536079407,0,0,0,0,0.0,0.0,16,0.5077869892120361,0.029033727943897247,0.781380832195282,0.21861916780471802,0.04534122837280163,2.0794415416798357
box_lam1e0,箱+λ,42,0,16,32,256,1.0,0.4686945676803589,0.1105644553899765,0.4242984652519226,0.08810298144817352,0.3764776289463043,0.224992036819458,-0.04538490250706673,0.8961410522460938,0.9415259547531605,0,0,0,0,0.0,0.0,16,1.0947318077087402,0.09677909314632416,0.7965046167373657,0.20349538326263428,0.040884739865609726,2.0794415416798357
box_lam3e0,箱+λ,42,0,16,32,256,3.0,0.4703705608844757,0.11599899083375931,0.42208975553512573,0.11064231395721436,0.315088152885437,0.13999904692173004,0.13577623665332794,0.7183370590209961,0.5825608223676682,0,0,0,0,0.0,0.0,16,1.9957891702651978,0.2903372794389725,0.8047442436218262,0.19525575637817383,0.04031085299140916,2.0794415416798357
box_lam1e1,箱+λ,42,0,16,32,256,10.0,0.471083402633667,0.14396581053733826,0.42699432373046875,0.1950504630804062,0.21333028376102448,0.09631778299808502,0.0986924022436142,0.47228503227233887,0.37359263002872467,0,0,0,0,0.0,0.0,16,3.9753665924072266,0.9677909314632416,0.815690279006958,0.184309720993042,0.04088446837659198,2.0794415416798357
box_lam3e1,箱+λ,42,0,16,32,256,30.0,0.4712998569011688,0.23800596594810486,0.44087645411491394,0.28854599595069885,0.11846549808979034,0.06298352032899857,0.046639543026685715,0.30468806624412537,0.25804852321743965,0,0,0,0,0.0,0.0,16,6.744580268859863,2.9033727943897247,0.8325554728507996,0.16744452714920044,0.03999007570035135,2.0794415416798357
box_lam1e2,箱+λ,42,0,16,32,256,100.0,0.47122201323509216,0.31425851583480835,0.4653171896934509,0.34880658984184265,0.048001084476709366,0.029426559805870056,0.017100155353546143,0.1538635790348053,0.13676342368125916,0,0,0,0,0.0,0.0,16,9.566888809204102,9.677909314632416,0.8513387441635132,0.14866125583648682,0.038114175844423975,2.0794415416798357
box_lam1e3,箱+λ,42,0,16,32,256,1000.0,0.470999538898468,0.3585904538631439,0.4701715409755707,0.3863671123981476,0.005619286093860865,0.003765639616176486,0.0018943476025015116,0.020282136276364326,0.018387788673862815,0,0,0,0,0.0,0.0,16,11.596120834350586,96.77909314632416,0.8649091124534607,0.1350908875465393,0.03660469690578367,2.0794415416798357
nobox_lam1em3,无箱互校,42,0,16,32,256,0.001,0.570942223072052,0.1470864862203598,0.5187985897064209,0.058697231113910675,-2.16996431350708,5.739009380340576,-13.815510749816895,1.6619882583618164,15.477499008178711,6,6,6,0,0.1875,0.1875,16,0.004715153016149998,9.677909314632417e-05,0.6154733300209045,0.38452666997909546,0.06877725749736405,2.0794415416798357
nobox_lam1em1,无箱互校,42,0,16,32,256,0.1,0.5077983736991882,0.1360182762145996,0.47797536849975586,0.06212032586336136,0.27254652976989746,0.9094074964523315,-3.1656808853149414,1.2894405126571655,4.455121397972107,1,0,1,0,0.03125,0.0,16,0.17729215323925018,0.009677909314632416,0.7451211214065552,0.2548788785934448,0.05087233735471018,2.0794415416798357
scalar,参照,42,0,16,32,256,0.001,0.4709579646587372,0.15398575365543365,0.441453754901886,0.12916521728038788,0.5983734726905823,6.055837786789198e-08,0.598373532295227,0.598373532295227,0.0,0,0,0,0,0.0,0.0,16,0.02914685197174549,0.0,0.866808295249939,0.13319170475006104,0.036389807769700154,2.0794415416798357
nobeta,参照,42,0,16,32,256,0.001,0.47095787525177,0.36564818024635315,0.46813473105430603,0.3908674120903015,0.0,0.0,0.0,0.0,0.0,0,0,0,0,0.0,0.0,16,0.004715153016149998,9.677909314632417e-05,0.8668078780174255,0.13319212198257446,0.03638975942234084,2.0794415416798357
box_lam1em3,箱+λ,42,0,16,64,256,0.001,0.4701753854751587,0.1045638769865036,0.4402483105659485,0.051238417625427246,-0.06558074057102203,0.8550180196762085,-3.0,1.2100518941879272,4.210051894187927,2,0,2,0,0.03125,0.0,16,3.0849936592858285e-05,5.0103899091482164e-05,0.5734912157058716,0.4265087842941284,0.041266033174430304,1.3862943611198906
box_lam3em3,箱+λ,42,0,16,64,256,0.003,0.46736380457878113,0.10123442858457565,0.43903037905693054,0.04927578940987587,-0.013600679114460945,0.7702047824859619,-3.0,1.1984111070632935,4.1984111070632935,1,0,1,0,0.015625,0.0,16,7.16045469744131e-05,0.0001503116972744465,0.5887340903282166,0.41126590967178345,0.040836266059346205,1.3862943611198906
box_lam1em2,箱+λ,42,0,16,64,256,0.01,0.4645540714263916,0.10113810002803802,0.43649590015411377,0.046142272651195526,0.09472979605197906,0.6155915856361389,-2.5435354709625244,1.1640998125076294,3.707635283470154,0,0,0,0,0.0,0.0,16,0.0004061224462930113,0.0005010389909148216,0.6302510499954224,0.36974895000457764,0.039718995775650724,1.3862943611198906
box_lam3em2,箱+λ,42,0,16,64,256,0.03,0.46000248193740845,0.09251806139945984,0.43025273084640503,0.04679515212774277,0.21359792351722717,0.4383162558078766,-1.4692500829696655,1.1004635095596313,2.569713592529297,0,0,0,0,0.0,0.0,16,0.0026163929142057896,0.001503116972744465,0.6899197101593018,0.31008028984069824,0.038235553749520076,1.3862943611198906
box_lam1em1,箱+λ,42,0,16,64,256,0.1,0.4467271864414215,0.07536229491233826,0.41930094361305237,0.04445139691233635,0.26018479466438293,0.32475465536117554,-0.7863136529922485,1.000247597694397,1.7865612506866455,0,0,0,0,0.0,0.0,16,0.017999863252043724,0.005010389909148216,0.7227423191070557,0.27725768089294434,0.03692213451002049,1.3862943611198906
box_lam3em1,箱+λ,42,0,16,64,256,0.3,0.43969330191612244,0.08308804780244827,0.4200511872768402,0.05502816289663315,0.24545902013778687,0.24073360860347748,-0.44499045610427856,0.8569865822792053,1.3019770383834839,0,0,0,0,0.0,0.0,16,0.07813039422035217,0.015031169727444648,0.7227716445922852,0.27722835540771484,0.03627431708535864,1.3862943611198906
box_lam1e0,箱+λ,42,0,16,64,256,1.0,0.43909385800361633,0.07777867466211319,0.4092032015323639,0.05453845486044884,0.20930293202400208,0.15068933367729187,-0.13013425469398499,0.643913984298706,0.774048238992691,0,0,0,0,0.0,0.0,16,0.24433757364749908,0.05010389909148216,0.7160043716430664,0.2839956283569336,0.03620076959474429,1.3862943611198906
box_lam3e0,箱+λ,42,0,16,64,256,3.0,0.4454250633716583,0.07736502587795258,0.415852427482605,0.04914341866970062,0.16746163368225098,0.10385541617870331,0.04129151254892349,0.55803382396698,0.5167423114180565,0,0,0,0,0.0,0.0,16,0.4956386387348175,0.1503116972744465,0.7119314670562744,0.2880685329437256,0.03646323997045765,1.3862943611198906
box_lam1e1,箱+λ,42,0,16,64,256,10.0,0.44648221135139465,0.06697895377874374,0.40911680459976196,0.09605742245912552,0.11739937961101532,0.07703699916601181,0.03836934268474579,0.40257805585861206,0.36420871317386627,0,0,0,0,0.0,0.0,16,1.0073308944702148,0.5010389909148216,0.7166475653648376,0.28335243463516235,0.036724780589260944,1.3862943611198906
box_lam3e1,箱+λ,42,0,16,64,256,30.0,0.4466211497783661,0.12356353551149368,0.4063774347305298,0.14555023610591888,0.07123136520385742,0.053485773503780365,0.022437982261180878,0.25377416610717773,0.23133618384599686,0,0,0,0,0.0,0.0,16,1.8725135326385498,1.5031169727444649,0.7294256091117859,0.2705743908882141,0.03651103691369064,1.3862943611198906
box_lam1e2,箱+λ,42,0,16,64,256,100.0,0.4484032094478607,0.1828341782093048,0.4076174199581146,0.19870802760124207,0.03214525058865547,0.027607260271906853,0.008380484767258167,0.14799822866916656,0.1396177439019084,0,0,0,0,0.0,0.0,16,3.0820534229278564,5.010389909148216,0.7476668953895569,0.2523331046104431,0.035734715926973894,1.3862943611198906
box_lam1e3,箱+λ,42,0,16,64,256,1000.0,0.44226375222206116,0.22901774942874908,0.41002559661865234,0.23891404271125793,0.004121381789445877,0.003910457249730825,0.0009615565068088472,0.02320980653166771,0.022248250024858862,0,0,0,0,0.0,0.0,16,4.3230791091918945,50.10389909148216,0.7649542093276978,0.23504579067230225,0.034895658662993115,1.3862943611198906
nobox_lam1em3,无箱互校,42,0,16,64,256,0.001,0.47194892168045044,0.10701177269220352,0.4402458965778351,0.054332006722688675,-0.28469419479370117,1.9424880743026733,-13.815510749816895,1.212069034576416,15.02757978439331,3,1,3,0,0.046875,0.015625,16,2.985996070492547e-05,5.0103899091482164e-05,0.5635508298873901,0.43644917011260986,0.041341603816080964,1.3862943611198906
nobox_lam1em1,无箱互校,42,0,16,64,256,0.1,0.446733683347702,0.07538952678442001,0.4192974269390106,0.04443787783384323,0.26011765003204346,0.32481715083122253,-0.7866919040679932,1.0002708435058594,1.7869627475738525,0,0,0,0,0.0,0.0,16,0.017999889329075813,0.005010389909148216,0.7226982116699219,0.2773017883300781,0.036923008481515966,1.3862943611198906
scalar,参照,42,0,16,64,256,0.001,0.44124922156333923,0.07084497809410095,0.3954727053642273,0.07180137187242508,0.32757043838500977,0.0,0.32757043838500977,0.32757043838500977,0.0,0,0,0,0,0.0,0.0,16,0.009378604590892792,0.0,0.7677491307258606,0.2322508692741394,0.03476136829392994,1.3862943611198906
nobeta,参照,42,0,16,64,256,0.001,0.44124943017959595,0.23375996947288513,0.41056516766548157,0.24613694846630096,0.0,0.0,0.0,0.0,0.0,0,0,0,0,0.0,0.0,16,2.985996070492547e-05,5.0103899091482164e-05,0.7677491307258606,0.2322508692741394,0.03476136085587466,1.3862943611198906
box_lam1em3,箱+λ,42,0,32,8,256,0.001,0.492928147315979,0.21523143351078033,0.42742007970809937,0.24340055882930756,1.0703904628753662,0.6796117424964905,-0.24467748403549194,1.9655132293701172,2.210190713405609,0,0,0,0,0.0,0.0,8,6.904637336730957,0.000588039219379425,0.8909890055656433,0.10901099443435669,0.4286467956500086,3.4657359027997265
box_lam3em3,箱+λ,42,0,32,8,256,0.003,0.49292999505996704,0.21539418399333954,0.4271010160446167,0.24434711039066315,1.0716744661331177,0.6712029576301575,-0.22863319516181946,1.9611517190933228,2.189784914255142,0,0,0,0,0.0,0.0,8,6.9056715965271,0.0017641176581382752,0.8925372362136841,0.10746276378631592,0.42864306810230474,3.4657359027997265
box_lam1em2,箱+λ,42,0,32,8,256,0.01,0.4929509460926056,0.20234905183315277,0.4101105332374573,0.24768878519535065,1.0750744342803955,0.6444390416145325,-0.17792606353759766,1.9461373090744019,2.1240633726119995,0,0,0,0,0.0,0.0,8,6.916545867919922,0.0058803921937942505,0.8972820043563843,0.10271799564361572,0.4286364233433543,3.4657359027997265
box_lam3em2,箱+λ,42,0,32,8,256,0.03,0.4795183539390564,0.1996438205242157,0.40128427743911743,0.24995146691799164,1.0786921977996826,0.5840299725532532,-0.06542131304740906,1.9052683115005493,1.9706896245479584,0,0,0,0,0.0,0.0,8,6.994765281677246,0.017641176581382752,0.906799852848053,0.09320014715194702,0.42866081447072113,3.4657359027997265
box_lam1em1,箱+λ,42,0,32,8,256,0.1,0.4879985749721527,0.19810056686401367,0.4040628671646118,0.21547594666481018,1.0661544799804688,0.45721593499183655,0.16509313881397247,1.7817821502685547,1.6166890114545822,0,0,0,0,0.0,0.0,8,7.53554630279541,0.05880392193794251,0.9202055335044861,0.07979446649551392,0.4290435768963595,3.4657359027997265
box_lam3em1,箱+λ,42,0,32,8,256,0.3,0.49216774106025696,0.17424625158309937,0.416482537984848,0.2313951700925827,1.0044580698013306,0.2995937466621399,0.45509904623031616,1.533488154411316,1.0783891081809998,0,0,0,0,0.0,0.0,8,9.476272583007812,0.1764117658138275,0.9233332276344299,0.07666677236557007,0.4308368919933407,3.4657359027997265
box_lam1e0,箱+λ,42,0,32,8,256,1.0,0.4833950996398926,0.20393714308738708,0.4279269576072693,0.34484368562698364,0.8512242436408997,0.1671120971441269,0.6892591118812561,1.108823537826538,0.419564425945282,0,0,0,0,0.0,0.0,8,14.712828636169434,0.588039219379425,0.9125294089317322,0.08747059106826782,0.4356413363322605,3.4657359027997265
box_lam3e0,箱+λ,42,0,32,8,256,3.0,0.47963589429855347,0.317616730928421,0.46202781796455383,0.46956896781921387,0.6376333236694336,0.14602409303188324,0.4959383010864258,0.867821216583252,0.37188291549682617,0,0,0,0,0.0,0.0,8,24.005346298217773,1.7641176581382751,0.905464768409729,0.094535231590271,0.44015884053162585,3.4657359027997265
box_lam1e1,箱+λ,42,0,32,8,256,10.0,0.48213687539100647,0.47514042258262634,0.5069729685783386,0.5916421413421631,0.3659268319606781,0.11766423285007477,0.26456597447395325,0.5335955619812012,0.2690295875072479,0,0,0,0,0.0,0.0,8,40.71382141113281,5.8803921937942505,0.9158022999763489,0.08419770002365112,0.4417485180768701,3.4657359027997265
box_lam3e1,箱+λ,42,0,32,8,256,30.0,0.48275116086006165,0.585012674331665,0.5548605918884277,0.675954282283783,0.170098215341568,0.06593449413776398,0.11602269858121872,0.2698371708393097,0.15381447225809097,0,0,0,0,0.0,0.0,8,54.889801025390625,17.64117658138275,0.9318320751190186,0.06816792488098145,0.4411595655396541,3.4657359027997265
box_lam1e2,箱+λ,42,0,32,8,256,100.0,0.4830586314201355,0.6367017030715942,0.5827131867408752,0.7167216539382935,0.059725552797317505,0.025405406951904297,0.03928383067250252,0.09959697723388672,0.0603131465613842,0,0,0,0,0.0,0.0,8,62.99348831176758,58.803921937942505,0.942502498626709,0.057497501373291016,0.44044379534685973,3.4657359027997265
box_lam1e3,箱+λ,42,0,32,8,256,1000.0,0.4832584857940674,0.6596007943153381,0.6018694639205933,0.7321861386299133,0.006406732369214296,0.002844503615051508,0.004137883894145489,0.010939977131783962,0.0068020932376384735,0,0,0,0,0.0,0.0,8,66.84159088134766,588.039219379425,0.9478142261505127,0.052185773849487305,0.44002699879001184,3.4657359027997265
nobox_lam1em3,无箱互校,42,0,32,8,256,0.001,0.4929281175136566,0.21523134410381317,0.4274199903011322,0.24340055882930756,1.0703904628753662,0.67961186170578,-0.24467800557613373,1.9655132293701172,2.210191234946251,0,0,0,0,0.0,0.0,8,6.904637336730957,0.000588039219379425,0.8909890055656433,0.10901099443435669,0.4286467956500086,3.4657359027997265
nobox_lam1em1,无箱互校,42,0,32,8,256,0.1,0.4879983961582184,0.19810037314891815,0.40406274795532227,0.2154758721590042,1.0661544799804688,0.4572160542011261,0.1650928258895874,1.7817821502685547,1.6166893243789673,0,0,0,0,0.0,0.0,8,7.53554630279541,0.05880392193794251,0.920205295085907,0.07979470491409302,0.4290435768963595,3.4657359027997265
scalar,参照,42,0,32,8,256,0.001,0.4832862913608551,0.3886968493461609,0.4064050018787384,0.2406180202960968,1.3340157270431519,0.0,1.3340157270431519,1.3340157270431519,0.0,0,0,0,0,0.0,0.0,8,0.150953471660614,0.0,0.9484528303146362,0.05154716968536377,0.4399743269202828,3.4657359027997265
nobeta,参照,42,0,32,8,256,0.001,0.48328620195388794,0.6622630953788757,0.6038251519203186,0.7339795231819153,0.0,0.0,0.0,0.0,0.0,0,0,0,0,0.0,0.0,8,6.904637336730957,0.000588039219379425,0.9484528303146362,0.05154716968536377,0.4399743269202828,3.4657359027997265
box_lam1em3,箱+λ,42,0,32,16,256,0.001,0.35924917459487915,0.13376499712467194,0.3098106384277344,0.109388567507267,0.3003084361553192,1.4320993423461914,-3.0,1.575705885887146,4.575705885887146,2,0,2,0,0.125,0.0,16,1.2989678382873535,0.0003615994453430176,0.7777271866798401,0.2222728133201599,0.26954306666803624,2.772588722239781
box_lam3em3,箱+λ,42,0,32,16,256,0.003,0.3569410443305969,0.13251423835754395,0.309908390045166,0.10715346783399582,0.3132745623588562,1.420528531074524,-3.0,1.5695432424545288,4.569543242454529,2,0,2,0,0.125,0.0,16,1.2999439239501953,0.0010847983360290528,0.7821518778800964,0.21784812211990356,0.2684799052359677,2.772588722239781
box_lam1em2,箱+λ,42,0,32,16,256,0.01,0.35698452591896057,0.12882104516029358,0.31056734919548035,0.09449748694896698,0.3393227756023407,1.3998600244522095,-3.0,1.5483922958374023,4.548392295837402,2,0,2,0,0.125,0.0,16,1.3085143566131592,0.0036159944534301758,0.7932525277137756,0.20674747228622437,0.2672876977230631,2.772588722239781
box_lam3em2,箱+λ,42,0,32,16,256,0.03,0.3398387134075165,0.12835273146629333,0.3110438585281372,0.09649919718503952,0.5385959148406982,0.9026809930801392,-1.5093350410461426,1.4679540395736694,2.977289080619812,0,0,0,0,0.0,0.0,16,1.3745468854904175,0.010847983360290527,0.8250614404678345,0.17493855953216553,0.23896777559316013,2.772588722239781
box_lam1em1,箱+λ,42,0,32,16,256,0.1,0.354706346988678,0.1475580632686615,0.31111985445022583,0.11018967628479004,0.6705582737922668,0.497597336769104,-0.5339379906654358,1.3155810832977295,1.8495190739631653,0,0,0,0,0.0,0.0,16,1.687153697013855,0.03615994453430176,0.8693786859512329,0.1306213140487671,0.21922903292903811,2.772588722239781
box_lam3em1,箱+λ,42,0,32,16,256,0.3,0.35873904824256897,0.15022960305213928,0.30967965722084045,0.12438487261533737,0.6674690246582031,0.31534630060195923,-0.030704570934176445,1.2078944444656372,1.2385990153998137,0,0,0,0,0.0,0.0,16,2.390084743499756,0.10847983360290527,0.8805725574493408,0.11942744255065918,0.21878851377240072,2.772588722239781
box_lam1e0,箱+λ,42,0,32,16,256,1.0,0.3596366345882416,0.15429171919822693,0.3158404231071472,0.14985039830207825,0.5853285193443298,0.18039527535438538,0.27520012855529785,0.9686270952224731,0.6934269666671753,0,0,0,0,0.0,0.0,16,4.382604122161865,0.3615994453430176,0.8723660707473755,0.1276339292526245,0.22139313773050007,2.772588722239781
box_lam3e0,箱+λ,42,0,32,16,256,3.0,0.36058276891708374,0.16962242126464844,0.32740262150764465,0.22752271592617035,0.4563802182674408,0.1271328181028366,0.2992492914199829,0.8001543283462524,0.5009050369262695,0,0,0,0,0.0,0.0,16,8.38695240020752,1.0847983360290527,0.8655376434326172,0.1344623565673828,0.2254223129222432,2.772588722239781
box_lam1e1,箱+λ,42,0,32,16,256,10.0,0.36108914017677307,0.271046906709671,0.3460102379322052,0.3582160770893097,0.28469619154930115,0.10128898173570633,0.1696077138185501,0.5495575666427612,0.3799498528242111,0,0,0,0,0.0,0.0,16,16.671463012695312,3.615994453430176,0.875654935836792,0.12434506416320801,0.22793757702750614,2.772588722239781
box_lam3e1,箱+λ,42,0,32,16,256,30.0,0.36092865467071533,0.39864009618759155,0.3617270588874817,0.46454477310180664,0.14413125813007355,0.06235027313232422,0.08055935800075531,0.2956809103488922,0.2151215523481369,0,0,0,0,0.0,0.0,16,26.414756774902344,10.847983360290527,0.89537513256073,0.10462486743927002,0.22767200951201477,2.772588722239781
box_lam1e2,箱+λ,42,0,32,16,256,100.0,0.36077579855918884,0.4740552306175232,0.3931347131729126,0.5273798704147339,0.05358974635601044,0.025892063975334167,0.028796007856726646,0.11427627503871918,0.08548026718199253,0,0,0,0,0.0,0.0,16,33.758506774902344,36.15994453430176,0.9111757874488831,0.08882421255111694,0.2268300901912195,2.772588722239781
box_lam1e3,箱+λ,42,0,32,16,256,1000.0,0.3607339859008789,0.5110831260681152,0.3984657824039459,0.5547695159912109,0.005925342906266451,0.0030253867153078318,0.0030932221561670303,0.013042145408689976,0.009948923252522945,0,0,0,0,0.0,0.0,16,37.82935333251953,361.5994453430176,0.9200201630592346,0.07997983694076538,0.22626084908832897,2.772588722239781
nobox_lam1em3,无箱互校,42,0,32,16,256,0.001,0.35797834396362305,0.13659806549549103,0.3116397559642792,0.11088762432336807,-1.0407681465148926,5.022824287414551,-13.815510749816895,1.5823992490768433,15.397909998893738,2,2,2,0,0.125,0.125,16,1.2946052551269531,0.0003615994453430176,0.7712805271148682,0.22871947288513184,0.27205472477606385,2.772588722239781
nobox_lam1em1,无箱互校,42,0,32,16,256,0.1,0.35470667481422424,0.1475580632686615,0.31111985445022583,0.11018958687782288,0.6705582737922668,0.4975976049900055,-0.5339393019676208,1.3155810832977295,1.8495203852653503,0,0,0,0,0.0,0.0,16,1.6871533393859863,0.03615994453430176,0.8693786859512329,0.1306213140487671,0.21922903292903811,2.772588722239781
scalar,参照,42,0,32,16,256,0.001,0.3607320487499237,0.1998598873615265,0.33128440380096436,0.15915560722351074,0.8515750169754028,6.155941179031288e-08,0.8515750765800476,0.8515750765800476,0.0,0,0,0,0,0.0,0.0,16,0.04891030490398407,0.0,0.921133816242218,0.07886618375778198,0.22618589296602232,2.772588722239781
nobeta,参照,42,0,32,16,256,0.001,0.3607321083545685,0.515550971031189,0.3991645276546478,0.5578264594078064,0.0,0.0,0.0,0.0,0.0,0,0,0,0,0.0,0.0,16,1.2946052551269531,0.0003615994453430176,0.921133816242218,0.07886618375778198,0.22618589296602232,2.772588722239781
box_lam1em3,箱+λ,42,0,32,32,256,0.001,0.35265177488327026,0.1300310343503952,0.3186635375022888,0.03466928005218506,-0.1743592470884323,1.5298842191696167,-3.0,1.4916938543319702,4.49169385433197,6,0,6,0,0.1875,0.0,32,0.3961903154850006,0.00019838429987430574,0.6191800832748413,0.3808199167251587,0.15776981388108532,2.0794415416798357
box_lam3em3,箱+λ,42,0,32,32,256,0.003,0.34606826305389404,0.12898097932338715,0.316487580537796,0.03174242004752159,-0.15301279723644257,1.5161603689193726,-3.0,1.4574342966079712,4.457434296607971,6,0,6,0,0.1875,0.0,32,0.40319034457206726,0.0005951528996229172,0.6295060515403748,0.37049394845962524,0.15530133657702977,2.0794415416798357
box_lam1em2,箱+λ,42,0,32,32,256,0.01,0.34307241439819336,0.12623846530914307,0.3071878254413605,0.03446844965219498,-0.05441025644540787,1.4082456827163696,-3.0,1.3496716022491455,4.3496716022491455,5,0,5,0,0.15625,0.0,32,0.4284350574016571,0.0019838429987430574,0.6636099815368652,0.33639001846313477,0.14809307978335245,2.0794415416798357
box_lam3em2,箱+λ,42,0,32,32,256,0.03,0.3293789327144623,0.10990734398365021,0.2854323387145996,0.042102210223674774,0.12099558860063553,1.1243817806243896,-3.0,1.1365818977355957,4.136581897735596,2,0,2,0,0.0625,0.0,32,0.49353569746017456,0.005951528996229171,0.7180554866790771,0.28194451332092285,0.12938652344021606,2.0794415416798357
box_lam1em1,箱+λ,42,0,32,32,256,0.1,0.2943436801433563,0.09978490322828293,0.2621922194957733,0.05686246231198311,0.3369508683681488,0.533345639705658,-1.3724843263626099,0.9533860683441162,2.325870394706726,0,0,0,0,0.0,0.0,32,0.6599339842796326,0.019838429987430573,0.7685190439224243,0.23148095607757568,0.1003740472570224,2.0794415416798357
box_lam3em1,箱+λ,42,0,32,32,256,0.3,0.2885940670967102,0.10813434422016144,0.25798454880714417,0.06098579987883568,0.37341296672821045,0.2889087498188019,-0.44169825315475464,0.8696310520172119,1.3113293051719666,0,0,0,0,0.0,0.0,32,0.9306948184967041,0.05951528996229172,0.7841290235519409,0.21587097644805908,0.09237613784405012,2.0794415416798357
box_lam1e0,箱+λ,42,0,32,32,256,1.0,0.3034850060939789,0.11526831984519958,0.255169540643692,0.08753744512796402,0.33656975626945496,0.1778540313243866,-0.08666789531707764,0.7476609945297241,0.8343288898468018,0,0,0,0,0.0,0.0,32,1.5153647661209106,0.19838429987430573,0.7788928747177124,0.2211071252822876,0.09108921212848475,2.0794415416798357
box_lam3e0,箱+λ,42,0,32,32,256,3.0,0.30803054571151733,0.10883814096450806,0.2699790596961975,0.1531977653503418,0.2698590159416199,0.12792254984378815,0.10610561817884445,0.6497166752815247,0.5436110571026802,0,0,0,0,0.0,0.0,32,2.7154438495635986,0.5951528996229172,0.7714535593986511,0.22854644060134888,0.09213475887181123,2.0794415416798357
box_lam1e1,箱+λ,42,0,32,32,256,10.0,0.3036590814590454,0.15772205591201782,0.27549293637275696,0.22136840224266052,0.18057161569595337,0.09588827937841415,0.06622850149869919,0.5068642497062683,0.4406357482075691,0,0,0,0,0.0,0.0,32,5.478823661804199,1.9838429987430573,0.7782739996910095,0.22172600030899048,0.092434005996312,2.0794415416798357
box_lam3e1,箱+λ,42,0,32,32,256,30.0,0.30083519220352173,0.24689385294914246,0.28038811683654785,0.29668888449668884,0.10131040215492249,0.06236276775598526,0.033527158200740814,0.309471070766449,0.27594391256570816,0,0,0,0,0.0,0.0,32,9.71375560760498,5.951528996229172,0.7988287806510925,0.20117121934890747,0.09047315383676974,2.0794415416798357
box_lam1e2,箱+λ,42,0,32,32,256,100.0,0.2994762659072876,0.31770652532577515,0.29982709884643555,0.3547859489917755,0.04122808575630188,0.02811449021100998,0.012709923088550568,0.1329316943883896,0.12022177129983902,0,0,0,0,0.0,0.0,32,14.239837646484375,19.838429987430573,0.820244550704956,0.17975544929504395,0.0879553979469004,2.0794415416798357
box_lam1e3,箱+λ,42,0,32,32,256,1000.0,0.29921984672546387,0.35951611399650574,0.3072340488433838,0.3866153657436371,0.0048211719840765,0.0034843457397073507,0.0014282988850027323,0.016052648425102234,0.014624349540099502,0,0,0,0,0.0,0.0,32,17.477590560913086,198.38429987430573,0.8347185254096985,0.1652814745903015,0.08620101951669583,2.0794415416798357
nobox_lam1em3,无箱互校,42,0,32,32,256,0.001,0.35393062233924866,0.13239887356758118,0.3217749297618866,0.03317752853035927,-2.21571946144104,5.706162452697754,-13.815510749816895,1.488525152206421,15.304035902023315,6,6,6,0,0.1875,0.1875,32,0.39074718952178955,0.00019838429987430574,0.6039387583732605,0.3960612416267395,0.15950180676665507,2.0794415416798357
nobox_lam1em1,无箱互校,42,0,32,32,256,0.1,0.2943435609340668,0.0997849777340889,0.2621925473213196,0.0568627268075943,0.33695077896118164,0.5333460569381714,-1.372487187385559,0.953386127948761,2.32587331533432,0,0,0,0,0.0,0.0,32,0.6599338054656982,0.019838429987430573,0.7685190439224243,0.23148095607757568,0.10037403712781667,2.0794415416798357
scalar,参照,42,0,32,32,256,0.001,0.2992273271083832,0.09423314034938812,0.2685983180999756,0.10079382359981537,0.526496171951294,0.0,0.526496171951294,0.526496171951294,0.0,0,0,0,0,0.0,0.0,32,0.024527551606297493,0.0,0.836693286895752,0.16330671310424805,0.08596184871130327,2.0794415416798357
nobeta,参照,42,0,32,32,256,0.001,0.29922735691070557,0.36564818024635315,0.30809906125068665,0.3908674716949463,0.0,0.0,0.0,0.0,0.0,0,0,0,0,0.0,0.0,32,0.39074718952178955,0.00019838429987430574,0.8366930484771729,0.16330695152282715,0.08596182845289184,2.0794415416798357
box_lam1em3,箱+λ,42,0,32,64,256,0.001,0.31935572624206543,0.07153131812810898,0.2952190637588501,0.01068127155303955,-0.043026555329561234,1.1752623319625854,-3.0,1.118459939956665,4.118459939956665,6,0,6,0,0.09375,0.0,32,0.03312769532203674,0.00010208117961883546,0.61851966381073,0.38148033618927,0.08244777401789265,1.3862943611198906
box_lam3em3,箱+λ,42,0,32,64,256,0.003,0.3163573145866394,0.07022176682949066,0.29235291481018066,0.011306154541671276,-0.02067965641617775,1.140486240386963,-3.0,1.0922921895980835,4.0922921895980835,6,0,6,0,0.09375,0.0,32,0.035389889031648636,0.00030624353885650633,0.6253483891487122,0.37465161085128784,0.08063302552161405,1.3862943611198906
box_lam1em2,箱+λ,42,0,32,64,256,0.01,0.3085879981517792,0.07120977342128754,0.28532955050468445,0.013769746758043766,0.025873176753520966,1.0654579401016235,-3.0,1.005551815032959,4.005551815032959,5,0,5,0,0.078125,0.0,32,0.0444323867559433,0.0010208117961883546,0.643073558807373,0.35692644119262695,0.07577009514888361,1.3862943611198906
box_lam3em2,箱+λ,42,0,32,64,256,0.03,0.2802540361881256,0.061743106693029404,0.2548007071018219,0.022082027047872543,0.17075496912002563,0.6853522658348083,-3.0,0.8193331360816956,3.8193331360816956,1,0,1,0,0.015625,0.0,32,0.07722388952970505,0.0030624353885650634,0.6845624446868896,0.31543755531311035,0.06701344745246501,1.3862943611198906
box_lam1em1,箱+λ,42,0,32,64,256,0.1,0.2587735056877136,0.0685521736741066,0.23428218066692352,0.03319854289293289,0.22541755437850952,0.3479810655117035,-1.6293730735778809,0.6347759366035461,2.264149010181427,0,0,0,0,0.0,0.0,32,0.16773849725723267,0.010208117961883546,0.7029959559440613,0.2970040440559387,0.06006968447847305,1.3862943611198906
box_lam3em1,箱+λ,42,0,32,64,256,0.3,0.24981626868247986,0.07277284562587738,0.23118934035301208,0.03979690000414848,0.2077968567609787,0.169227734208107,-0.3224099278450012,0.5883610844612122,0.9107710123062134,0,0,0,0,0.0,0.0,32,0.28265824913978577,0.030624353885650633,0.6957689523696899,0.30423104763031006,0.059352212579118255,1.3862943611198906
box_lam1e0,箱+λ,42,0,32,64,256,1.0,0.24390968680381775,0.07830530405044556,0.23072852194309235,0.03977104648947716,0.17044472694396973,0.11214548349380493,-0.13938894867897034,0.5338742136955261,0.6732631623744965,0,0,0,0,0.0,0.0,32,0.4369773268699646,0.10208117961883545,0.6829848885536194,0.3170151114463806,0.05976304809840164,1.3862943611198906
box_lam3e0,箱+λ,42,0,32,64,256,3.0,0.2425946742296219,0.07580593973398209,0.2298947274684906,0.06408599764108658,0.1342340111732483,0.08964260667562485,0.0013681822456419468,0.4448494613170624,0.44348127907142043,0,0,0,0,0.0,0.0,32,0.6986159086227417,0.30624353885650635,0.6741225719451904,0.32587742805480957,0.06020885470042337,1.3862943611198906
box_lam1e1,箱+λ,42,0,32,64,256,10.0,0.25156670808792114,0.0803171694278717,0.235664963722229,0.1046002134680748,0.09294667094945908,0.06965502351522446,0.028979457914829254,0.3776046633720398,0.34862520545721054,0,0,0,0,0.0,0.0,32,1.3351467847824097,1.0208117961883545,0.6743897199630737,0.32561028003692627,0.060060218735730406,1.3862943611198906
box_lam3e1,箱+λ,42,0,32,64,256,30.0,0.256886750459671,0.12389736622571945,0.23932573199272156,0.1508631706237793,0.05703088268637657,0.04905708506703377,0.01505524292588234,0.2680235505104065,0.25296830758452415,0,0,0,0,0.0,0.0,32,2.4765870571136475,3.0624353885650635,0.6871225237846375,0.31287747621536255,0.0587429408552337,1.3862943611198906
box_lam1e2,箱+λ,42,0,32,64,256,100.0,0.25564900040626526,0.1765865534543991,0.23695611953735352,0.19366566836833954,0.026097116991877556,0.02503490075469017,0.006162925623357296,0.13289590179920197,0.12673297617584467,0,0,0,0,0.0,0.0,32,4.220543384552002,10.208117961883545,0.7062056064605713,0.2937943935394287,0.056714177435961015,1.3862943611198906
box_lam1e3,箱+λ,42,0,32,64,256,1000.0,0.252366304397583,0.21361924707889557,0.23880212008953094,0.23195725679397583,0.003358433023095131,0.003451725235208869,0.0007441850611940026,0.017932312563061714,0.01718812750186771,0,0,0,0,0.0,0.0,32,6.048624038696289,102.08117961883545,0.723335325717926,0.276664674282074,0.05493663857688426,1.3862943611198906
nobox_lam1em3,无箱互校,42,0,32,64,256,0.001,0.32066234946250916,0.07384095340967178,0.29816916584968567,0.01092642080038786,-1.0625,4.191153526306152,-13.815510749816895,1.1128695011138916,14.928380250930786,6,6,6,0,0.09375,0.09375,32,0.03281737491488457,0.00010208117961883546,0.6066219210624695,0.3933780789375305,0.08326507430419247,1.3862943611198906
nobox_lam1em1,无箱互校,42,0,32,64,256,0.1,0.2587774395942688,0.06855494529008865,0.23428471386432648,0.03319854289293289,0.22539058327674866,0.34802380204200745,-1.6297483444213867,0.6348151564598083,2.264563500881195,0,0,0,0,0.0,0.0,32,0.1677408665418625,0.010208117961883546,0.7029808759689331,0.2970191240310669,0.06007144189566497,1.3862943611198906
scalar,参照,42,0,32,64,256,0.001,0.25178009271621704,0.048282429575920105,0.23721091449260712,0.05987386032938957,0.2819412052631378,0.0,0.2819412052631378,0.2819412052631378,0.0,0,0,0,0,0.0,0.0,32,0.007749328855425119,0.0,0.7260183691978455,0.27398163080215454,0.0546653885769856,1.3862943611198906
nobeta,参照,42,0,32,64,256,0.001,0.2517801523208618,0.22088277339935303,0.23857343196868896,0.2377123385667801,0.0,0.0,0.0,0.0,0.0,0,0,0,0,0.0,0.0,32,0.03281737491488457,0.00010208117961883546,0.7260187268257141,0.2739812731742859,0.05466542402920561,1.3862943611198906
box_lam1em3,箱+λ,42,1,8,8,256,0.001,0.6949352622032166,0.23368842899799347,0.4982529878616333,0.22449535131454468,0.6330037117004395,1.713555932044983,-3.0,2.482973098754883,5.482973098754883,1,0,1,0,0.125,0.0,8,0.17917370796203613,0.00016098266839981078,0.698920488357544,0.30107951164245605,0.1650014138366418,3.4657359027997265
box_lam3em3,箱+λ,42,1,8,8,256,0.003,0.6993005275726318,0.2564082741737366,0.5020953416824341,0.2323264330625534,0.6699250340461731,1.6800585985183716,-3.0,2.4614319801330566,5.461431980133057,1,0,1,0,0.125,0.0,8,0.184677392244339,0.0004829480051994324,0.7117676734924316,0.28823232650756836,0.15960155445962063,3.4657359027997265
box_lam1em2,箱+λ,42,1,8,8,256,0.01,0.7127355933189392,0.2477252036333084,0.513870894908905,0.25442203879356384,1.1156835556030273,0.7118834257125854,0.3520451784133911,2.403444290161133,2.0513991117477417,0,0,0,0,0.0,0.0,8,0.2167716920375824,0.001609826683998108,0.7897779941558838,0.2102220058441162,0.13983817012805802,3.4657359027997265
box_lam3em2,箱+λ,42,1,8,8,256,0.03,0.7330141663551331,0.2526817321777344,0.5295368432998657,0.28930914402008057,1.1824955940246582,0.5566219687461853,0.5596434473991394,2.2535946369171143,1.6939511895179749,0,0,0,0,0.0,0.0,8,0.3162297010421753,0.0048294800519943235,0.8418874740600586,0.1581125259399414,0.1288760093423036,3.4657359027997265
box_lam1em1,箱+λ,42,1,8,8,256,0.1,0.7761807441711426,0.2882349491119385,0.5614247918128967,0.28025341033935547,1.169900894165039,0.42582231760025024,0.639456570148468,1.9208775758743286,1.2814210057258606,0,0,0,0,0.0,0.0,8,0.702178955078125,0.01609826683998108,0.8869719505310059,0.11302804946899414,0.12249091531232913,3.4657359027997265
box_lam3em1,箱+λ,42,1,8,8,256,0.3,0.8086572289466858,0.390203058719635,0.6394063830375671,0.36616289615631104,1.041133999824524,0.3036329746246338,0.7043991088867188,1.488021731376648,0.7836226224899292,0,0,0,0,0.0,0.0,8,1.645275354385376,0.04829480051994323,0.8986446261405945,0.10135537385940552,0.11764418019305996,3.4657359027997265
box_lam1e0,箱+λ,42,1,8,8,256,1.0,0.8452580571174622,0.49942025542259216,0.691882848739624,0.5409365296363831,0.7571799159049988,0.20050014555454254,0.4925667345523834,0.9563730955123901,0.4638063609600067,0,0,0,0,0.0,0.0,8,3.74597430229187,0.1609826683998108,0.8752205967903137,0.12477940320968628,0.11448111406655496,3.4657359027997265
box_lam3e0,箱+λ,42,1,8,8,256,3.0,0.8739440441131592,0.6194579005241394,0.7773417830467224,0.6348023414611816,0.46012598276138306,0.1627582311630249,0.2528197765350342,0.7202099561691284,0.46739017963409424,0,0,0,0,0.0,0.0,8,6.056527614593506,0.4829480051994324,0.8471152186393738,0.15288478136062622,0.11120723127624031,3.4657359027997265
box_lam1e1,箱+λ,42,1,8,8,256,10.0,0.9077563881874084,0.6974163055419922,0.8646557331085205,0.7206037640571594,0.21671941876411438,0.12556277215480804,0.0985795333981514,0.4964345097541809,0.3978549763560295,0,0,0,0,0.0,0.0,8,8.237834930419922,1.609826683998108,0.8498560190200806,0.15014398097991943,0.10504232788338808,3.4657359027997265
box_lam3e1,箱+λ,42,1,8,8,256,30.0,0.9210814833641052,0.748429536819458,0.9152835607528687,0.7637540698051453,0.09211006760597229,0.07091282308101654,0.037002529948949814,0.25950056314468384,0.22249803319573402,0,0,0,0,0.0,0.0,8,9.726570129394531,4.829480051994324,0.8731080889701843,0.12689191102981567,0.09915110943552269,3.4657359027997265
box_lam1e2,箱+λ,42,1,8,8,256,100.0,0.9379035234451294,0.766787052154541,0.9610253572463989,0.7842221856117249,0.03125946596264839,0.02757919766008854,0.01170717366039753,0.09739246219396591,0.08568528853356838,0,0,0,0,0.0,0.0,8,10.586091041564941,16.09826683998108,0.891051173210144,0.10894882678985596,0.09544338666083117,3.4657359027997265
box_lam1e3,箱+λ,42,1,8,8,256,1000.0,0.9135785698890686,0.7747697830200195,0.9802464842796326,0.7948250770568848,0.0033112335950136185,0.0031051270198076963,0.0011979315895587206,0.0107974112033844,0.009599479613825679,0,0,0,0,0.0,0.0,8,11.005830764770508,160.9826683998108,0.9004886150360107,0.09951138496398926,0.09358443077266748,3.4657359027997265
nobox_lam1em3,无箱互校,42,1,8,8,256,0.001,0.694760799407959,0.23413796722888947,0.49833792448043823,0.22432750463485718,-0.7187182903289795,5.365400791168213,-13.815510749816895,2.4825613498687744,16.29807209968567,1,1,1,0,0.125,0.125,8,0.17884314060211182,0.00016098266839981078,0.6947339177131653,0.3052660822868347,0.16503215298075646,3.4657359027997265
nobox_lam1em1,无箱互校,42,1,8,8,256,0.1,0.7761809229850769,0.2882349491119385,0.5614247918128967,0.28025341033935547,1.1699010133743286,0.42582228779792786,0.6394565105438232,1.9208775758743286,1.2814210653305054,0,0,0,0,0.0,0.0,8,0.7021788954734802,0.01609826683998108,0.8869721293449402,0.11302787065505981,0.12249089072101384,3.4657359027997265
scalar,参照,42,1,8,8,256,0.001,0.9105996489524841,0.22749461233615875,0.654762864112854,0.31233954429626465,1.3186273574829102,0.0,1.3186273574829102,1.3186273574829102,0.0,0,0,0,0,0.0,0.0,8,0.10383830219507217,0.0,0.9016460180282593,0.09835398197174072,0.09335850216197718,3.4657359027997265
nobeta,参照,42,1,8,8,256,0.001,0.9106001853942871,0.7764196395874023,0.9810421466827393,0.7961448431015015,0.0,0.0,0.0,0.0,0.0,0,0,0,0,0.0,0.0,8,0.17884314060211182,0.00016098266839981078,0.9016460180282593,0.09835398197174072,0.09335842019092622,3.4657359027997265
box_lam1em3,箱+λ,42,1,8,16,256,0.001,0.6372064352035522,0.15993593633174896,0.46672558784484863,0.1660129427909851,0.7791869640350342,0.6156535744667053,-0.5950334072113037,1.5663410425186157,2.1613744497299194,0,0,0,0,0.0,0.0,8,1.0750551155069843e-05,8.698027580976486e-05,0.8035815954208374,0.1964184045791626,0.023601156227898212,2.772588722239781
box_lam3em3,箱+λ,42,1,8,16,256,0.003,0.6392513513565063,0.1579509824514389,0.466325044631958,0.1717919409275055,0.8083974719047546,0.5570536255836487,-0.36738672852516174,1.5426530838012695,1.9100398123264313,0,0,0,0,0.0,0.0,8,7.863344217184931e-05,0.0002609408274292946,0.8172664642333984,0.18273353576660156,0.022748220801938175,2.772588722239781
box_lam1em2,箱+λ,42,1,8,16,256,0.01,0.6289258003234863,0.15973681211471558,0.4653438627719879,0.1713351011276245,0.8517231941223145,0.4692398011684418,-0.07105576246976852,1.4972524642944336,1.5683082267642021,0,0,0,0,0.0,0.0,8,0.000730966916307807,0.0008698027580976486,0.8412843346595764,0.15871566534042358,0.021136042861279625,2.772588722239781
box_lam3em2,箱+λ,42,1,8,16,256,0.03,0.6034607887268066,0.1539563685655594,0.4625747799873352,0.16491913795471191,0.8684083223342896,0.4134761393070221,0.11359570175409317,1.463766098022461,1.3501703962683678,0,0,0,0,0.0,0.0,8,0.005353032611310482,0.0026094082742929457,0.8545457124710083,0.1454542875289917,0.02006381438120551,2.772588722239781
box_lam1em1,箱+λ,42,1,8,16,256,0.1,0.6125094294548035,0.16935096681118011,0.45663851499557495,0.1747724413871765,0.8504976034164429,0.36607053875923157,0.20289473235607147,1.4014310836791992,1.1985363513231277,0,0,0,0,0.0,0.0,8,0.04422381892800331,0.008698027580976486,0.856389045715332,0.14361095428466797,0.0195111471120627,2.772588722239781
box_lam3em1,箱+λ,42,1,8,16,256,0.3,0.6222255229949951,0.1959400475025177,0.44981545209884644,0.18850024044513702,0.7870147228240967,0.30700457096099854,0.2176368683576584,1.2514393329620361,1.0338024646043777,0,0,0,0,0.0,0.0,8,0.24925440549850464,0.02609408274292946,0.8504670262336731,0.1495329737663269,0.01905407653184025,2.772588722239781
box_lam1e0,箱+λ,42,1,8,16,256,1.0,0.6088935732841492,0.3158527910709381,0.4814389646053314,0.3095336854457855,0.6290401816368103,0.2238260805606842,0.19040954113006592,0.9519158601760864,0.7615063190460205,0,0,0,0,0.0,0.0,8,1.1125823259353638,0.08698027580976486,0.8327546119689941,0.16724538803100586,0.01832865732204925,2.772588722239781
box_lam3e0,箱+λ,42,1,8,16,256,3.0,0.6020470857620239,0.42317691445350647,0.5527166128158569,0.43115562200546265,0.41876375675201416,0.15149609744548798,0.1411750614643097,0.6479665637016296,0.50679150223732,0,0,0,0,0.0,0.0,8,2.712639808654785,0.2609408274292946,0.8121832609176636,0.18781673908233643,0.01740921673315898,2.772588722239781
box_lam1e1,箱+λ,42,1,8,16,256,10.0,0.6298613548278809,0.5208425521850586,0.6215788125991821,0.5475559830665588,0.21123774349689484,0.09992005676031113,0.08496236801147461,0.4813125431537628,0.3963501751422882,0,0,0,0,0.0,0.0,8,4.581565856933594,0.8698027580976486,0.8078823685646057,0.1921176314353943,0.01620863490755777,2.772588722239781
box_lam3e1,箱+λ,42,1,8,16,256,30.0,0.6244413256645203,0.5832630395889282,0.6872312426567078,0.6066573858261108,0.0943051427602768,0.06112567335367203,0.0427900031208992,0.29773855209350586,0.25494854897260666,0,0,0,0,0.0,0.0,8,5.907602787017822,2.609408274292946,0.8271061778068542,0.17289382219314575,0.015133189063732986,2.772588722239781
box_lam1e2,箱+λ,42,1,8,16,256,100.0,0.6233392357826233,0.6225097179412842,0.7220252156257629,0.6432422399520874,0.03325672820210457,0.026337919756770134,0.01592019572854042,0.12572287023067474,0.10980267450213432,0,0,0,0,0.0,0.0,8,6.793798923492432,8.698027580976486,0.8486036062240601,0.15139639377593994,0.014423935569831892,2.772588722239781
box_lam1e3,箱+λ,42,1,8,16,256,1000.0,0.6214818954467773,0.6423901319503784,0.7352797985076904,0.6572656631469727,0.0036072097718715668,0.0031642732210457325,0.001760838902555406,0.01490774191915989,0.013146903016604483,0,0,0,0,0.0,0.0,8,7.289695739746094,86.98027580976486,0.8622906804084778,0.13770931959152222,0.014062638940927531,2.772588722239781
nobox_lam1em3,无箱互校,42,1,8,16,256,0.001,0.6370983123779297,0.1597396582365036,0.46673819422721863,0.16623413562774658,0.7738167643547058,0.6256811618804932,-0.6370439529418945,1.570929765701294,2.2079737186431885,0,0,0,0,0.0,0.0,8,1.0625797585817054e-05,8.698027580976486e-05,0.801189124584198,0.198810875415802,0.023746199904041435,2.772588722239781
nobox_lam1em1,无箱互校,42,1,8,16,256,0.1,0.6125091314315796,0.16935096681118011,0.45663729310035706,0.17477253079414368,0.8504977822303772,0.36607035994529724,0.20289599895477295,1.4014312028884888,1.1985352039337158,0,0,0,0,0.0,0.0,8,0.044223856180906296,0.008698027580976486,0.8563886880874634,0.14361131191253662,0.019511124570023682,2.772588722239781
scalar,参照,42,1,8,16,256,0.001,0.6206978559494019,0.1821947991847992,0.4516998827457428,0.2257239818572998,0.9216617941856384,0.0,0.9216617941856384,0.9216617941856384,0.0,0,0,0,0,0.0,0.0,8,0.038949791342020035,0.0,0.8640927076339722,0.13590729236602783,0.014018883818556567,2.772588722239781
nobeta,参照,42,1,8,16,256,0.001,0.6206979751586914,0.6452556252479553,0.7367825508117676,0.6586176156997681,0.0,0.0,0.0,0.0,0.0,0,0,0,0,0.0,0.0,8,1.0625797585817054e-05,8.698027580976486e-05,0.8640927076339722,0.13590729236602783,0.01401889406493794,2.772588722239781
box_lam1em3,箱+λ,42,1,8,32,256,0.001,0.5805752873420715,0.13017472624778748,0.4057997465133667,0.15149246156215668,0.33890724182128906,0.45506277680397034,-0.4899931252002716,1.2235811948776245,1.7135743200778961,0,0,0,0,0.0,0.0,8,5.689848876500037e-07,4.5709479600191117e-05,0.6694607138633728,0.3305392861366272,0.019617207405639693,2.0794415416798357
box_lam3em3,箱+λ,42,1,8,32,256,0.003,0.5788407921791077,0.12867343425750732,0.40587881207466125,0.14147929847240448,0.37001994252204895,0.41213956475257874,-0.3645552694797516,1.1878352165222168,1.5523904860019684,0,0,0,0,0.0,0.0,8,4.941610313835554e-06,0.00013712843880057336,0.6853499412536621,0.3146500587463379,0.019074573393135914,2.0794415416798357
box_lam1em2,箱+λ,42,1,8,32,256,0.01,0.5722740292549133,0.12492351233959198,0.4060932993888855,0.1360951066017151,0.4350243806838989,0.3215194344520569,-0.11174746602773666,1.093903660774231,1.2056511268019676,0,0,0,0,0.0,0.0,8,5.2385119488462806e-05,0.00045709479600191115,0.7225605845451355,0.2774394154548645,0.017890108100794028,2.0794415416798357
box_lam3em2,箱+λ,42,1,8,32,256,0.03,0.5658195614814758,0.12461709976196289,0.4065098762512207,0.12660154700279236,0.48830538988113403,0.2423987239599228,0.09543070197105408,0.9814240336418152,0.8859933316707611,0,0,0,0,0.0,0.0,8,0.00043033083784393966,0.0013712843880057334,0.7579385042190552,0.24206149578094482,0.01692688165038868,2.0794415416798357
box_lam1em1,箱+λ,42,1,8,32,256,0.1,0.5633314847946167,0.13250792026519775,0.40699392557144165,0.13665476441383362,0.49155041575431824,0.21831054985523224,0.143031507730484,0.9281923174858093,0.7851608097553253,0,0,0,0,0.0,0.0,8,0.003955527674406767,0.004570947960019112,0.7639251947402954,0.2360748052597046,0.01684055383805703,2.0794415416798357
box_lam3em1,箱+λ,42,1,8,32,256,0.3,0.5624654293060303,0.14713875949382782,0.4076451063156128,0.1646074801683426,0.4700610339641571,0.20125289261341095,0.15397611260414124,0.873525083065033,0.7195489704608917,0,0,0,0,0.0,0.0,8,0.026810297742486,0.013712843880057335,0.7601373195648193,0.23986268043518066,0.016923099711024438,2.0794415416798357
box_lam1e0,箱+λ,42,1,8,32,256,1.0,0.5641387701034546,0.1587333381175995,0.4101787209510803,0.20261479914188385,0.4102613627910614,0.1682170331478119,0.15764744579792023,0.7501472234725952,0.592499777674675,0,0,0,0,0.0,0.0,8,0.17130741477012634,0.045709479600191116,0.7521307468414307,0.24786925315856934,0.01690778546942651,2.0794415416798357
box_lam3e0,箱+λ,42,1,8,32,256,3.0,0.5644866824150085,0.23648643493652344,0.4376080334186554,0.2520747780799866,0.3072880506515503,0.12996195256710052,0.12603789567947388,0.6114909052848816,0.4854530096054077,0,0,0,0,0.0,0.0,8,0.6377902626991272,0.13712843880057335,0.7425681948661804,0.2574318051338196,0.01680728486238172,2.0794415416798357
box_lam1e1,箱+λ,42,1,8,32,256,10.0,0.5646775960922241,0.3359149992465973,0.46804872155189514,0.3653906285762787,0.17340928316116333,0.09007149189710617,0.06785298138856888,0.4663107991218567,0.3984578177332878,0,0,0,0,0.0,0.0,8,1.5789636373519897,0.45709479600191116,0.740709662437439,0.25929033756256104,0.016598047606945686,2.0794415416798357
box_lam3e1,箱+λ,42,1,8,32,256,30.0,0.5631809234619141,0.4052918255329132,0.5020098090171814,0.43301546573638916,0.08321227878332138,0.0587790384888649,0.029620343819260597,0.34509870409965515,0.31547836028039455,0,0,0,0,0.0,0.0,8,2.4866037368774414,1.3712843880057335,0.7565393447875977,0.24346065521240234,0.016197789112875977,2.0794415416798357
box_lam1e2,箱+λ,42,1,8,32,256,100.0,0.5627533793449402,0.4446369707584381,0.5316927433013916,0.46759113669395447,0.031151004135608673,0.02845356985926628,0.010161452926695347,0.1713944971561432,0.16123304422944784,0,0,0,0,0.0,0.0,8,3.2577555179595947,4.570947960019112,0.7805576324462891,0.21944236755371094,0.015731238580608563,2.0794415416798357
box_lam1e3,箱+λ,42,1,8,32,256,1000.0,0.5622901320457458,0.46965882182121277,0.5566517114639282,0.48657217621803284,0.003530265064910054,0.0037704966962337494,0.0010855264263227582,0.022766755893826485,0.021681229467503726,0,0,0,0,0.0,0.0,8,3.806126832962036,45.709479600191116,0.8000720739364624,0.1999279260635376,0.015400784584270726,2.0794415416798357
nobox_lam1em3,无箱互校,42,1,8,32,256,0.001,0.5811814665794373,0.13073836266994476,0.40578535199165344,0.15051694214344025,0.3274582326412201,0.47067758440971375,-0.5366852283477783,1.2351770401000977,1.771862268447876,0,0,0,0,0.0,0.0,8,5.694524247701338e-07,4.5709479600191117e-05,0.6639147996902466,0.3360852003097534,0.019815280203933278,2.0794415416798357
nobox_lam1em1,无箱互校,42,1,8,32,256,0.1,0.5633309483528137,0.1325072944164276,0.40699395537376404,0.13665537536144257,0.4915485978126526,0.21831315755844116,0.1430249959230423,0.9281971454620361,0.7851721495389938,0,0,0,0,0.0,0.0,8,0.003955506719648838,0.004570947960019112,0.7639238834381104,0.23607611656188965,0.0168405364192087,2.0794415416798357
scalar,参照,42,1,8,32,256,0.001,0.5622190237045288,0.1307676136493683,0.41377007961273193,0.13051223754882812,0.5681605935096741,6.055837786789198e-08,0.5681606531143188,0.5681606531143188,0.0,0,0,0,0,0.0,0.0,8,0.006805845070630312,0.0,0.8029371500015259,0.19706284999847412,0.015355558081534807,2.0794415416798357
nobeta,参照,42,1,8,32,256,0.001,0.5622196197509766,0.4741518199443817,0.5605918169021606,0.48987552523612976,0.0,0.0,0.0,0.0,0.0,0,0,0,0,0.0,0.0,8,5.694524247701338e-07,4.5709479600191117e-05,0.8029371500015259,0.19706284999847412,0.01535554988442971,2.0794415416798357
box_lam1em3,箱+λ,42,1,8,64,256,0.001,0.5745847225189209,0.11429958790540695,0.40754225850105286,0.12367955595254898,-0.2110205590724945,0.5756847858428955,-1.6162735223770142,1.031538724899292,2.647812247276306,0,0,0,0,0.0,0.0,8,5.1639062803587876e-08,2.358839102089405e-05,0.47071918845176697,0.529280811548233,0.02369173833777533,1.3862943611198906
box_lam3em3,箱+λ,42,1,8,64,256,0.003,0.5731258392333984,0.1093570813536644,0.4075072407722473,0.12292269617319107,-0.15974727272987366,0.5209448933601379,-1.3332620859146118,0.9965746402740479,2.3298367261886597,0,0,0,0,0.0,0.0,8,4.6281490995170316e-07,7.076517306268215e-05,0.4868190884590149,0.5131809115409851,0.023423842598263404,1.3862943611198906
box_lam1em2,箱+λ,42,1,8,64,256,0.01,0.5675663352012634,0.10371686518192291,0.40738439559936523,0.11325065791606903,-0.03733283281326294,0.39618250727653503,-0.7936629056930542,0.8876973986625671,1.6813603043556213,0,0,0,0,0.0,0.0,8,5.060590865468839e-06,0.00023588391020894052,0.5333651304244995,0.4666348695755005,0.02263238341125644,1.3862943611198906
box_lam3em2,箱+λ,42,1,8,64,256,0.03,0.561966061592102,0.0937936082482338,0.40754517912864685,0.08694372326135635,0.1136917918920517,0.2438318431377411,-0.26864588260650635,0.7329042553901672,1.0015501379966736,0,0,0,0,0.0,0.0,8,4.361075480119325e-05,0.0007076517306268215,0.6093317866325378,0.39066821336746216,0.021505158503808623,1.3862943611198906
box_lam1em1,箱+λ,42,1,8,64,256,0.1,0.5609534978866577,0.09347257018089294,0.404175728559494,0.08461788296699524,0.1961064338684082,0.15593428909778595,-0.011636042967438698,0.6685410737991333,0.680177116766572,0,0,0,0,0.0,0.0,8,0.00042646873043850064,0.0023588391020894052,0.6622999906539917,0.3377000093460083,0.02097460087638936,1.3862943611198906
box_lam3em1,箱+λ,42,1,8,64,256,0.3,0.5599628686904907,0.09947384893894196,0.4051609933376312,0.08201328665018082,0.1968144178390503,0.14173126220703125,0.0057917870581150055,0.6119843125343323,0.6061925254762173,0,0,0,0,0.0,0.0,8,0.0029767551459372044,0.007076517306268215,0.6669133901596069,0.33308660984039307,0.02083991014398396,1.3862943611198906
box_lam1e0,箱+λ,42,1,8,64,256,1.0,0.5587886571884155,0.1121315211057663,0.40914925932884216,0.09534201771020889,0.18310435116291046,0.12317147850990295,0.012900585308670998,0.5357074737548828,0.5228068884462118,0,0,0,0,0.0,0.0,8,0.020221680402755737,0.02358839102089405,0.6690208315849304,0.3309791684150696,0.020707014577594857,1.3862943611198906
box_lam3e0,箱+λ,42,1,8,64,256,3.0,0.5585699677467346,0.11862251907587051,0.4107592701911926,0.12665621936321259,0.15205852687358856,0.0994795486330986,0.01735852099955082,0.4757702946662903,0.45841177366673946,0,0,0,0,0.0,0.0,8,0.09159144759178162,0.07076517306268215,0.6703976392745972,0.32960236072540283,0.0206923643015098,1.3862943611198906
box_lam1e1,箱+λ,42,1,8,64,256,10.0,0.5625245571136475,0.16395048797130585,0.4147437810897827,0.18819932639598846,0.09825435280799866,0.06745045632123947,0.017708761617541313,0.3319220542907715,0.31421329267323017,0,0,0,0,0.0,0.0,8,0.31887078285217285,0.2358839102089405,0.6744659543037415,0.32553404569625854,0.02082985844385846,1.3862943611198906
box_lam3e1,箱+λ,42,1,8,64,256,30.0,0.5632188320159912,0.21688175201416016,0.42128875851631165,0.23714827001094818,0.051807843148708344,0.04127338528633118,0.012901761569082737,0.24866965413093567,0.23576789256185293,0,0,0,0,0.0,0.0,8,0.6273595094680786,0.7076517306268215,0.6851772665977478,0.3148227334022522,0.02093058242201715,1.3862943611198906
box_lam1e2,箱+λ,42,1,8,64,256,100.0,0.5630398392677307,0.25064581632614136,0.4405752718448639,0.27520257234573364,0.02086768113076687,0.020720692351460457,0.004597806371748447,0.14979681372642517,0.14519900735467672,0,0,0,0,0.0,0.0,8,0.9361279010772705,2.358839102089405,0.7025973796844482,0.29740262031555176,0.020849633959905568,1.3862943611198906
box_lam1e3,箱+λ,42,1,8,64,256,1000.0,0.5634955167770386,0.27278080582618713,0.4485330581665039,0.29340118169784546,0.0025187486317008734,0.003027264727279544,0.0005052005290053785,0.023336056619882584,0.022830856090877205,0,0,0,0,0.0,0.0,8,1.2165331840515137,23.58839102089405,0.7209463119506836,0.2790536880493164,0.0206779332979861,1.3862943611198906
nobox_lam1em3,无箱互校,42,1,8,64,256,0.001,0.5754932761192322,0.11735149472951889,0.40754449367523193,0.12396105378866196,-0.2477264702320099,0.6166171431541443,-1.8522979021072388,1.053481101989746,2.905779004096985,0,0,0,0,0.0,0.0,8,5.1582404125838366e-08,2.358839102089405e-05,0.46035194396972656,0.5396480560302734,0.023857201002715794,1.3862943611198906
nobox_lam1em1,无箱互校,42,1,8,64,256,0.1,0.5609508156776428,0.09345396608114243,0.40418869256973267,0.08463113009929657,0.19589176774024963,0.15614446997642517,-0.01227152906358242,0.6686680316925049,0.6809395607560873,0,0,0,0,0.0,0.0,8,0.00042647251393646,0.0023588391020894052,0.6621553897857666,0.3378446102142334,0.020975459523148297,1.3862943611198906
scalar,参照,42,1,8,64,256,0.001,0.5636115670204163,0.09063903242349625,0.40254509449005127,0.07507435232400894,0.29188433289527893,0.0,0.29188433289527893,0.29188433289527893,0.0,0,0,0,0,0.0,0.0,8,0.003192886710166931,0.0,0.7240892052650452,0.27591079473495483,0.02064618386066819,1.3862943611198906
nobeta,参照,42,1,8,64,256,0.001,0.5636113286018372,0.2758502662181854,0.4496479034423828,0.2974201738834381,0.0,0.0,0.0,0.0,0.0,0,0,0,0,0.0,0.0,8,5.1582404125838366e-08,2.358839102089405e-05,0.7240892052650452,0.27591079473495483,0.020646185909944464,1.3862943611198906
box_lam1em3,箱+λ,42,1,16,8,256,0.001,0.6446390748023987,0.2454088032245636,0.4926110506057739,0.22543573379516602,0.742588996887207,1.6371630430221558,-3.0,2.169527530670166,5.169527530670166,1,0,1,0,0.125,0.0,8,0.9168511033058167,0.0004202699661254883,0.8070945739746094,0.19290542602539062,0.25996463814139,3.4657359027997265
box_lam3em3,箱+λ,42,1,16,8,256,0.003,0.6448136568069458,0.24146361649036407,0.4918097257614136,0.23064935207366943,0.7388688325881958,1.631569743156433,-3.0,2.1422643661499023,5.142264366149902,1,0,1,0,0.125,0.0,8,0.9207762479782104,0.001260809898376465,0.8092325329780579,0.19076746702194214,0.25995140660452437,3.4657359027997265
box_lam1em2,箱+λ,42,1,16,8,256,0.01,0.6478723883628845,0.2710078954696655,0.4871387481689453,0.24800078570842743,0.7242497205734253,1.6133214235305786,-3.0,2.060736656188965,5.060736656188965,1,0,1,0,0.125,0.0,8,0.9566385746002197,0.004202699661254883,0.8141677975654602,0.1858322024345398,0.2598651019459446,3.4657359027997265
box_lam3em2,箱+λ,42,1,16,8,256,0.03,0.6514415144920349,0.27705779671669006,0.48993924260139465,0.282884418964386,0.6805334687232971,1.5707765817642212,-3.0,1.8896621465682983,4.889662146568298,1,0,1,0,0.125,0.0,8,1.1506781578063965,0.012608098983764648,0.8192545175552368,0.18074548244476318,0.2592838824850925,3.4657359027997265
box_lam1em1,箱+λ,42,1,16,8,256,0.1,0.6449301242828369,0.38872334361076355,0.5207086205482483,0.39019444584846497,0.8347379565238953,0.70195472240448,-0.6421743035316467,1.5379477739334106,2.1801220774650574,0,0,0,0,0.0,0.0,8,2.0353455543518066,0.04202699661254883,0.8450734615325928,0.15492653846740723,0.23528364957316597,3.4657359027997265
box_lam3em1,箱+λ,42,1,16,8,256,0.3,0.6737646460533142,0.46965086460113525,0.5720946192741394,0.5177748203277588,0.7064213752746582,0.3289315402507782,0.08658317476511002,1.0840044021606445,0.9974212273955345,0,0,0,0,0.0,0.0,8,3.7396810054779053,0.12608098983764648,0.8453965783119202,0.15460342168807983,0.2346007040283629,3.4657359027997265
box_lam1e0,箱+λ,42,1,16,8,256,1.0,0.6839075684547424,0.5762596726417542,0.6860772371292114,0.6170980334281921,0.4668918251991272,0.17208604514598846,0.21539995074272156,0.7017878293991089,0.48638787865638733,0,0,0,0,0.0,0.0,8,5.703251361846924,0.4202699661254883,0.803156852722168,0.19684314727783203,0.24411461701242668,3.4657359027997265
box_lam3e0,箱+λ,42,1,16,8,256,3.0,0.7454686760902405,0.6354637742042542,0.7543278932571411,0.6760778427124023,0.2870299816131592,0.16388294100761414,0.09939645975828171,0.6511799097061157,0.551783449947834,0,0,0,0,0.0,0.0,8,7.188754081726074,1.2608098983764648,0.7791396975517273,0.2208603024482727,0.2501225415504351,3.4657359027997265
box_lam1e1,箱+λ,42,1,16,8,256,10.0,0.7238795161247253,0.6909364461898804,0.7717891931533813,0.7230745553970337,0.14973510801792145,0.12722288072109222,0.0344855859875679,0.4503123462200165,0.4158267602324486,0,0,0,0,0.0,0.0,8,9.397961616516113,4.202699661254883,0.7959368824958801,0.20406311750411987,0.24879897293763245,3.4657359027997265
box_lam3e1,箱+λ,42,1,16,8,256,30.0,0.6703580617904663,0.7244526147842407,0.8216704726219177,0.7521056532859802,0.0686197429895401,0.06982742249965668,0.01246189046651125,0.23575349152088165,0.2232916010543704,0,0,0,0,0.0,0.0,8,11.703250885009766,12.608098983764648,0.8262760043144226,0.1737239956855774,0.24488617236160493,3.4657359027997265
box_lam1e2,箱+λ,42,1,16,8,256,100.0,0.6501908302307129,0.7390970587730408,0.8563979864120483,0.7651379704475403,0.024169668555259705,0.026738794520497322,0.0038910405710339546,0.08849994093179703,0.08460890036076307,0,0,0,0,0.0,0.0,8,13.262833595275879,42.02699661254883,0.84761643409729,0.15238356590270996,0.24217801792679539,3.4657359027997265
box_lam1e3,箱+λ,42,1,16,8,256,1000.0,0.6502247452735901,0.7487007975578308,0.8652763366699219,0.7713606357574463,0.002602294785901904,0.0029891899321228266,0.0003960540343541652,0.009809857234358788,0.009413803200004622,0,0,0,0,0.0,0.0,8,14.071703910827637,420.2699661254883,0.8587124943733215,0.14128750562667847,0.24082697197611158,3.4657359027997265
nobox_lam1em3,无箱互校,42,1,16,8,256,0.001,0.6458500623703003,0.2464873045682907,0.4917653799057007,0.22631289064884186,-0.6073038578033447,5.373367786407471,-13.815510749816895,2.1700172424316406,15.985527992248535,1,1,1,0,0.125,0.125,8,0.9118034839630127,0.0004202699661254883,0.8023696541786194,0.19763034582138062,0.2605713986176551,3.4657359027997265
nobox_lam1em1,无箱互校,42,1,16,8,256,0.1,0.6449301242828369,0.3887232542037964,0.5207086205482483,0.39019450545310974,0.8347377777099609,0.7019550204277039,-0.6421751976013184,1.5379483699798584,2.1801235675811768,0,0,0,0,0.0,0.0,8,2.0353450775146484,0.04202699661254883,0.8450731635093689,0.1549268364906311,0.23528364957316597,3.4657359027997265
scalar,参照,42,1,16,8,256,0.001,0.6502276659011841,0.2409687042236328,0.466812402009964,0.31277546286582947,1.2356456518173218,0.0,1.2356456518173218,1.2356456518173218,0.0,0,0,0,0,0.0,0.0,8,0.13555637001991272,0.0,0.8600737452507019,0.1399262547492981,0.24066487412377907,3.4657359027997265
nobeta,参照,42,1,16,8,256,0.001,0.6502277255058289,0.7503867149353027,0.8654665350914001,0.7720948457717896,0.0,0.0,0.0,0.0,0.0,0,0,0,0,0.0,0.0,8,0.9118034839630127,0.0004202699661254883,0.8600737452507019,0.1399262547492981,0.24066487412377907,3.4657359027997265
box_lam1em3,箱+λ,42,1,16,16,256,0.001,0.6847915053367615,0.136079803109169,0.4673662483692169,0.09576153755187988,0.7569913268089294,1.1271146535873413,-3.0,1.69742751121521,4.69742751121521,1,0,1,0,0.0625,0.0,16,0.07444033771753311,0.00021799445152282716,0.8758556246757507,0.12414437532424927,0.08965358591705402,2.772588722239781
box_lam3em3,箱+λ,42,1,16,16,256,0.003,0.6879922151565552,0.13534389436244965,0.47164368629455566,0.09211558848619461,0.7575128674507141,1.1152119636535645,-3.0,1.6520648002624512,4.652064800262451,1,0,1,0,0.0625,0.0,16,0.07875443994998932,0.0006539833545684815,0.8780090808868408,0.12199091911315918,0.08915298893039603,2.772588722239781
box_lam1em2,箱+λ,42,1,16,16,256,0.01,0.6950129270553589,0.12349988520145416,0.47999659180641174,0.10945414006710052,0.7501926422119141,1.0867891311645508,-3.0,1.5169786214828491,4.516978621482849,1,0,1,0,0.0625,0.0,16,0.09784974902868271,0.0021799445152282716,0.8780597448348999,0.1219402551651001,0.0886467962023197,2.772588722239781
box_lam3em2,箱+λ,42,1,16,16,256,0.03,0.7015472054481506,0.1440107822418213,0.48660221695899963,0.11631384491920471,0.7137733697891235,1.0487091541290283,-3.0,1.3005094528198242,4.300509452819824,1,0,1,0,0.0625,0.0,16,0.15922443568706512,0.006539833545684814,0.8638735413551331,0.13612645864486694,0.08967449935228279,2.772588722239781
box_lam1em1,箱+λ,42,1,16,16,256,0.1,0.6816992163658142,0.17944815754890442,0.478524774312973,0.18746307492256165,0.7494850158691406,0.4995911121368408,-0.8329956531524658,1.2605985403060913,2.093594193458557,0,0,0,0,0.0,0.0,16,0.3978930413722992,0.021799445152282715,0.8536490797996521,0.1463509202003479,0.09115876544134725,2.772588722239781
box_lam3em1,箱+λ,42,1,16,16,256,0.3,0.6461309790611267,0.27640974521636963,0.46804744005203247,0.28983989357948303,0.6412084698677063,0.2634090185165405,-0.03255337104201317,1.0502008199691772,1.0827541910111904,0,0,0,0,0.0,0.0,16,1.076357126235962,0.06539833545684814,0.833350419998169,0.16664958000183105,0.09172467873411791,2.772588722239781
box_lam1e0,箱+λ,42,1,16,16,256,1.0,0.6266942024230957,0.4074821472167969,0.5111933946609497,0.41501593589782715,0.43141552805900574,0.1402370035648346,0.1938333809375763,0.6958246231079102,0.5019912421703339,0,0,0,0,0.0,0.0,16,2.511461019515991,0.21799445152282715,0.7856221199035645,0.21437788009643555,0.09575527802315484,2.772588722239781
box_lam3e0,箱+λ,42,1,16,16,256,3.0,0.6324997544288635,0.4842032790184021,0.5678600668907166,0.5019553303718567,0.25454023480415344,0.11516034603118896,0.13631144165992737,0.5510725378990173,0.41476109623908997,0,0,0,0,0.0,0.0,16,3.8718316555023193,0.6539833545684814,0.7467013597488403,0.25329864025115967,0.10082454143041199,2.772588722239781
box_lam1e1,箱+λ,42,1,16,16,256,10.0,0.6285161375999451,0.5465704202651978,0.6260152459144592,0.5642898678779602,0.12996146082878113,0.10118202120065689,0.05047975853085518,0.46762484312057495,0.4171450845897198,0,0,0,0,0.0,0.0,16,5.2552289962768555,2.1799445152282715,0.7434936761856079,0.2565063238143921,0.10173910802473686,2.772588722239781
box_lam3e1,箱+λ,42,1,16,16,256,30.0,0.6222556829452515,0.5830310583114624,0.6531167030334473,0.6013956069946289,0.06264037638902664,0.06540509313344955,0.018882520496845245,0.29155030846595764,0.2726677879691124,0,0,0,0,0.0,0.0,16,6.835588455200195,6.5398335456848145,0.7693271636962891,0.23067283630371094,0.09861638464435364,2.772588722239781
box_lam1e2,箱+λ,42,1,16,16,256,100.0,0.6045506000518799,0.6047957539558411,0.6705948114395142,0.6185306310653687,0.023429181426763535,0.028356337919831276,0.006058186292648315,0.12432056665420532,0.118262380361557,0,0,0,0,0.0,0.0,16,8.301497459411621,21.799445152282715,0.7964556217193604,0.20354437828063965,0.09560173802458774,2.772588722239781
box_lam1e3,箱+λ,42,1,16,16,256,1000.0,0.6102062463760376,0.622008740901947,0.6798371076583862,0.6324212551116943,0.0026238816790282726,0.0034102709032595158,0.0006267252028919756,0.014842088334262371,0.014215363131370395,0,0,0,0,0.0,0.0,16,9.246880531311035,217.99445152282715,0.8138238787651062,0.1861761212348938,0.0938723312059115,2.772588722239781
nobox_lam1em3,无箱互校,42,1,16,16,256,0.001,0.6854023933410645,0.13774336874485016,0.46802788972854614,0.09542255848646164,0.08253492414951324,3.7412970066070557,-13.815510749816895,1.6901428699493408,15.505653619766235,1,1,1,0,0.0625,0.0625,16,0.07422155141830444,0.00021799445152282716,0.8715823292732239,0.12841767072677612,0.0895466156264185,2.772588722239781
nobox_lam1em1,无箱互校,42,1,16,16,256,0.1,0.6816997528076172,0.17944830656051636,0.4785243272781372,0.18746328353881836,0.7494847178459167,0.4995918869972229,-0.832999587059021,1.2605985403060913,2.0935981273651123,0,0,0,0,0.0,0.0,16,0.3978929817676544,0.021799445152282715,0.8536494970321655,0.14635050296783447,0.09115885764717907,2.772588722239781
scalar,参照,42,1,16,16,256,0.001,0.6112402677536011,0.18052081763744354,0.4386487901210785,0.21850307285785675,0.8585558533668518,6.155941179031288e-08,0.8585559129714966,0.8585559129714966,0.0,0,0,0,0,0.0,0.0,16,0.05698452889919281,0.0,0.8161287307739258,0.18387126922607422,0.09365530749213909,2.772588722239781
nobeta,参照,42,1,16,16,256,0.001,0.6112390756607056,0.6247026324272156,0.6788327097892761,0.6342965960502625,0.0,0.0,0.0,0.0,0.0,0,0,0,0,0.0,0.0,16,0.07422155141830444,0.00021799445152282716,0.8161287307739258,0.18387126922607422,0.09365534783219051,2.772588722239781
box_lam1em3,箱+λ,42,1,16,32,256,0.001,0.5403739809989929,0.10117874294519424,0.36589911580085754,0.08338809013366699,0.4189779758453369,0.5842244029045105,-1.0342891216278076,1.2329506874084473,2.267239809036255,0,0,0,0,0.0,0.0,16,0.011527559719979763,0.00011164455860853195,0.718885600566864,0.281114399433136,0.039696656413677846,2.0794415416798357
box_lam3em3,箱+λ,42,1,16,32,256,0.003,0.5360789895057678,0.10511954873800278,0.3639265298843384,0.08283741027116776,0.4394093453884125,0.5421635508537292,-0.8477438688278198,1.2086561918258667,2.0564000606536865,0,0,0,0,0.0,0.0,16,0.012344901449978352,0.0003349336758255959,0.7263362407684326,0.2736637592315674,0.03876498563755111,2.0794415416798357
box_lam1em2,箱+λ,42,1,16,32,256,0.01,0.5263205170631409,0.11361893266439438,0.36532920598983765,0.08381287753582001,0.4815753698348999,0.4502178430557251,-0.47697359323501587,1.1348111629486084,1.6117847561836243,0,0,0,0,0.0,0.0,16,0.015868596732616425,0.0011164455860853196,0.7437789440155029,0.25622105598449707,0.036387213342435006,2.0794415416798357
box_lam3em2,箱+λ,42,1,16,32,256,0.03,0.5173695087432861,0.10423771291971207,0.3581233024597168,0.08671966195106506,0.5139589309692383,0.3477379083633423,-0.30457016825675964,1.0031863451004028,1.3077565133571625,0,0,0,0,0.0,0.0,16,0.02856248803436756,0.0033493367582559585,0.7596419453620911,0.24035805463790894,0.03354702015646496,2.0794415416798357
box_lam1em1,箱+λ,42,1,16,32,256,0.1,0.5163758993148804,0.11212964355945587,0.3621719479560852,0.0953187495470047,0.4970872402191162,0.26446449756622314,-0.1762761026620865,0.8964884877204895,1.072764590382576,0,0,0,0,0.0,0.0,16,0.0773715227842331,0.011164455860853196,0.7542610764503479,0.2457389235496521,0.032229076099403085,2.0794415416798357
box_lam3em1,箱+λ,42,1,16,32,256,0.3,0.5353928208351135,0.14278234541416168,0.37552034854888916,0.14569702744483948,0.4371897578239441,0.2009468972682953,-0.009862499311566353,0.8497195243835449,0.8595820236951113,0,0,0,0,0.0,0.0,16,0.22467346489429474,0.03349336758255959,0.7366374135017395,0.2633625864982605,0.032456060924443864,2.0794415416798357
box_lam1e0,箱+λ,42,1,16,32,256,1.0,0.5413936972618103,0.227004736661911,0.3969282805919647,0.24026907980442047,0.3210940659046173,0.13769963383674622,0.12939123809337616,0.6843579411506653,0.5549667030572891,0,0,0,0,0.0,0.0,16,0.7147746086120605,0.11164455860853195,0.708051323890686,0.29194867610931396,0.03410946420481354,2.0794415416798357
box_lam3e0,箱+λ,42,1,16,32,256,3.0,0.5327308177947998,0.29810988903045654,0.4274425208568573,0.3379118740558624,0.19819052517414093,0.09653221070766449,0.0892612561583519,0.44830530881881714,0.35904405266046524,0,0,0,0,0.0,0.0,16,1.4871907234191895,0.33493367582559586,0.6799044609069824,0.3200955390930176,0.03724921973119251,2.0794415416798357
box_lam1e1,箱+λ,42,1,16,32,256,10.0,0.526723325252533,0.36460694670677185,0.4645235240459442,0.39949750900268555,0.10034660995006561,0.07601794600486755,0.036357391625642776,0.41999271512031555,0.3836353234946728,0,0,0,0,0.0,0.0,16,2.312811851501465,1.1164455860853195,0.6683666706085205,0.3316333293914795,0.03938069872379913,2.0794415416798357
box_lam3e1,箱+λ,42,1,16,32,256,30.0,0.5227957963943481,0.40512076020240784,0.493239164352417,0.4409809112548828,0.04980332404375076,0.05495922267436981,0.014221156015992165,0.3154732286930084,0.30125207267701626,0,0,0,0,0.0,0.0,16,3.1273841857910156,3.3493367582559586,0.6835949420928955,0.3164050579071045,0.03771620769215358,2.0794415416798357
box_lam1e2,箱+λ,42,1,16,32,256,100.0,0.5171164274215698,0.44143298268318176,0.5068713426589966,0.4698582887649536,0.01997070573270321,0.02757599763572216,0.004726428538560867,0.1590367555618286,0.15431032702326775,0,0,0,0,0.0,0.0,16,4.129033088684082,11.164455860853195,0.7100666165351868,0.28993338346481323,0.034695322771578885,2.0794415416798357
box_lam1e3,箱+λ,42,1,16,32,256,1000.0,0.5146633386611938,0.46061286330223083,0.5159570574760437,0.4808058440685272,0.002380696590989828,0.003706604242324829,0.000501983508002013,0.021393487229943275,0.020891503721941262,0,0,0,0,0.0,0.0,16,5.025038719177246,111.64455860853195,0.7328357696533203,0.2671642303466797,0.03240624384237303,2.0794415416798357
nobox_lam1em3,无箱互校,42,1,16,32,256,0.001,0.5417588353157043,0.10008567571640015,0.36671581864356995,0.08381672948598862,0.41155195236206055,0.5962114334106445,-1.0822049379348755,1.2344220876693726,2.316627025604248,0,0,0,0,0.0,0.0,16,0.01165197417140007,0.00011164455860853195,0.7159975171089172,0.28400248289108276,0.03992171356054722,2.0794415416798357
nobox_lam1em1,无箱互校,42,1,16,32,256,0.1,0.5163752436637878,0.11213017255067825,0.3621722161769867,0.09531780332326889,0.49708443880081177,0.2644682228565216,-0.17629288136959076,0.8964900970458984,1.0727829784154892,0,0,0,0,0.0,0.0,16,0.0773715227842331,0.011164455860853196,0.7542598247528076,0.24574017524719238,0.03222916542380266,2.0794415416798357
scalar,参照,42,1,16,32,256,0.001,0.5147529244422913,0.1105068176984787,0.3536760210990906,0.12141796946525574,0.5565042495727539,0.0,0.5565042495727539,0.5565042495727539,0.0,0,0,0,0,0.0,0.0,16,0.020001448690891266,0.0,0.7362741231918335,0.2637258768081665,0.032088041516776036,2.0794415416798357
nobeta,参照,42,1,16,32,256,0.001,0.5147529244422913,0.46324142813682556,0.5181863307952881,0.4822499752044678,0.0,0.0,0.0,0.0,0.0,0,0,0,0,0.0,0.0,16,0.01165197417140007,0.00011164455860853195,0.7362737655639648,0.26372623443603516,0.03208805016107277,2.0794415416798357
box_lam1em3,箱+λ,42,1,16,64,256,0.001,0.49191606044769287,0.07693683356046677,0.3438419997692108,0.052047740668058395,-0.026163717731833458,0.5182709097862244,-1.1789921522140503,0.9467816948890686,2.125773847103119,0,0,0,0,0.0,0.0,16,0.003715603146702051,5.6851789355278015e-05,0.5336556434631348,0.46634435653686523,0.04224701209306329,1.3862943611198906
box_lam3em3,箱+λ,42,1,16,64,256,0.003,0.4881698489189148,0.07512746751308441,0.3433801531791687,0.0533020906150341,0.001147896982729435,0.48389947414398193,-1.0414882898330688,0.925252377986908,1.9667406678199768,0,0,0,0,0.0,0.0,16,0.003815518692135811,0.00017055536806583405,0.543141782283783,0.45685821771621704,0.041594065139355076,1.3862943611198906
box_lam1em2,箱+λ,42,1,16,64,256,0.01,0.4781933128833771,0.07140030711889267,0.33985838294029236,0.056733403354883194,0.07161396741867065,0.39540594816207886,-0.7178443074226379,0.8574668169021606,1.5753111243247986,0,0,0,0,0.0,0.0,16,0.004236526787281036,0.0005685178935527802,0.5705955028533936,0.42940449714660645,0.039644381469902665,1.3862943611198906
box_lam3em2,箱+λ,42,1,16,64,256,0.03,0.4649680256843567,0.06349915266036987,0.3340013921260834,0.04925374686717987,0.16842225193977356,0.26873457431793213,-0.4288720190525055,0.7178940773010254,1.1467660963535309,0,0,0,0,0.0,0.0,16,0.005812688264995813,0.0017055536806583403,0.6163477897644043,0.3836522102355957,0.03623971858871635,1.3862943611198906
box_lam1em1,箱+λ,42,1,16,64,256,0.1,0.462735652923584,0.06980190426111221,0.3258836269378662,0.044674985110759735,0.22517350316047668,0.16707399487495422,-0.20807844400405884,0.5943172574043274,0.8023957014083862,0,0,0,0,0.0,0.0,16,0.012412562035024166,0.005685178935527802,0.6502600312232971,0.3497399687767029,0.033081743766256985,1.3862943611198906
box_lam3em1,箱+λ,42,1,16,64,256,0.3,0.46793901920318604,0.07529979199171066,0.32711201906204224,0.055495377629995346,0.20991139113903046,0.13461682200431824,-0.093673475086689,0.5477800369262695,0.6414535120129585,0,0,0,0,0.0,0.0,16,0.032513316720724106,0.017055536806583404,0.6475914716720581,0.3524085283279419,0.03228045779918255,1.3862943611198906
box_lam1e0,箱+λ,42,1,16,64,256,1.0,0.4752441644668579,0.11140935122966766,0.33580538630485535,0.08885034173727036,0.1682063490152359,0.10424274951219559,0.006915444042533636,0.487019419670105,0.48010397562757134,0,0,0,0,0.0,0.0,16,0.11287993937730789,0.056851789355278015,0.6372544169425964,0.36274558305740356,0.03254597313619343,1.3862943611198906
box_lam3e0,箱+λ,42,1,16,64,256,3.0,0.47848865389823914,0.15872858464717865,0.3451177775859833,0.14139381051063538,0.11388668417930603,0.07225285470485687,0.022548828274011612,0.3457027077674866,0.32315387949347496,0,0,0,0,0.0,0.0,16,0.3094729781150818,0.17055536806583405,0.6255587935447693,0.3744412064552307,0.03349658932932611,1.3862943611198906
box_lam1e1,箱+λ,42,1,16,64,256,10.0,0.47031161189079285,0.20366919040679932,0.36135122179985046,0.19570176303386688,0.05980099365115166,0.046406399458646774,0.016249123960733414,0.26352283358573914,0.24727370962500572,0,0,0,0,0.0,0.0,16,0.6087478995323181,0.5685178935527802,0.6175612807273865,0.3824387192726135,0.034661843410332946,1.3862943611198906
box_lam3e1,箱+λ,42,1,16,64,256,30.0,0.46715041995048523,0.2355232536792755,0.3653351366519928,0.2280389666557312,0.02991051971912384,0.033346302807331085,0.007598899770528078,0.23998932540416718,0.2323904256336391,0,0,0,0,0.0,0.0,16,0.8663511872291565,1.7055536806583405,0.6226865649223328,0.37731343507766724,0.03464699538997833,1.3862943611198906
box_lam1e2,箱+λ,42,1,16,64,256,100.0,0.4668530523777008,0.25780540704727173,0.3736702501773834,0.2523139715194702,0.012698056176304817,0.019180281087756157,0.003185438457876444,0.14658133685588837,0.14339589839801192,0,0,0,0,0.0,0.0,16,1.1962300539016724,5.6851789355278015,0.6391850709915161,0.3608149290084839,0.033525948242462765,1.3862943611198906
box_lam1e3,箱+λ,42,1,16,64,256,1000.0,0.4677092134952545,0.27334490418434143,0.3822649121284485,0.27227267622947693,0.0016498193144798279,0.0030051094945520163,0.0003927174839191139,0.02338555082678795,0.022992833342868835,0,0,0,0,0.0,0.0,16,1.635824203491211,56.851789355278015,0.6597325801849365,0.3402674198150635,0.03213555057161923,1.3862943611198906
nobox_lam1em3,无箱互校,42,1,16,64,256,0.001,0.4945209324359894,0.07835381478071213,0.3438287079334259,0.0503072626888752,-0.04733189195394516,0.5434765815734863,-1.2912503480911255,0.9595455527305603,2.250795900821686,0,0,0,0,0.0,0.0,16,0.0038125067949295044,5.6851789355278015e-05,0.5267261862754822,0.4732738137245178,0.0425641742216201,1.3862943611198906
nobox_lam1em1,无箱互校,42,1,16,64,256,0.1,0.46274077892303467,0.06980439275503159,0.32589221000671387,0.044679269194602966,0.22492530941963196,0.16732770204544067,-0.20857271552085876,0.5944976806640625,0.8030703961849213,0,0,0,0,0.0,0.0,16,0.012415287084877491,0.005685178935527802,0.6501153707504272,0.34988462924957275,0.03308716085887617,1.3862943611198906
scalar,参照,42,1,16,64,256,0.001,0.46791258454322815,0.06119019538164139,0.3226679861545563,0.06551241129636765,0.29020342230796814,0.0,0.29020342230796814,0.29020342230796814,0.0,0,0,0,0,0.0,0.0,16,0.005519131664186716,0.0,0.6634921431541443,0.3365078568458557,0.03189584710465234,1.3862943611198906
nobeta,参照,42,1,16,64,256,0.001,0.46791204810142517,0.27573782205581665,0.3837360143661499,0.27601003646850586,0.0,0.0,0.0,0.0,0.0,0,0,0,0,0.0,0.0,16,0.0038125067949295044,5.6851789355278015e-05,0.6634921431541443,0.3365078568458557,0.0318958643932458,1.3862943611198906
box_lam1em3,箱+λ,42,1,32,8,256,0.001,0.5593928694725037,0.19955241680145264,0.38164210319519043,0.19086815416812897,1.2710400819778442,0.6819998621940613,0.11330431699752808,2.128694772720337,2.015390455722809,0,0,0,0,0.0,0.0,8,2.6707611083984375,0.00045731964707374574,0.9328977465629578,0.06710225343704224,0.39173240417572797,3.4657359027997265
box_lam3em3,箱+λ,42,1,32,8,256,0.003,0.5593221187591553,0.2067853808403015,0.3813086748123169,0.18960054218769073,1.2728385925292969,0.6672516465187073,0.12098891288042068,2.0929527282714844,1.9719638153910637,0,0,0,0,0.0,0.0,8,2.6756885051727295,0.0013719589412212372,0.9378675818443298,0.062132418155670166,0.39161302487350985,3.4657359027997265
box_lam1em2,箱+λ,42,1,32,8,256,0.01,0.5591477751731873,0.2083529680967331,0.38116779923439026,0.1971677988767624,1.2708783149719238,0.6285017132759094,0.1471378654241562,1.9935857057571411,1.846447840332985,0,0,0,0,0.0,0.0,8,2.7152528762817383,0.0045731964707374576,0.9480170011520386,0.051982998847961426,0.3913963921415484,3.4657359027997265
box_lam3em2,箱+λ,42,1,32,8,256,0.03,0.5589949488639832,0.19460824131965637,0.3812626004219055,0.22294777631759644,1.245932698249817,0.5571897625923157,0.21607622504234314,1.8170524835586548,1.6009762585163116,0,0,0,0,0.0,0.0,8,2.9027175903320312,0.013719589412212371,0.9564401507377625,0.04355984926223755,0.3914245425627684,3.4657359027997265
box_lam1em1,箱+λ,42,1,32,8,256,0.1,0.5638737082481384,0.24845479428768158,0.3904968798160553,0.30315276980400085,1.1515051126480103,0.41400977969169617,0.39363205432891846,1.5215380191802979,1.1279059648513794,0,0,0,0,0.0,0.0,8,3.7653274536132812,0.045731964707374576,0.9538525342941284,0.04614746570587158,0.3929336203026128,3.4657359027997265
box_lam3em1,箱+λ,42,1,32,8,256,0.3,0.570071280002594,0.34223634004592896,0.4481954276561737,0.4053392708301544,0.961585283279419,0.22708013653755188,0.6186761856079102,1.1677221059799194,0.5490459203720093,0,0,0,0,0.0,0.0,8,6.1274895668029785,0.1371958941221237,0.9241765141487122,0.07582348585128784,0.39859088673677406,3.4657359027997265
box_lam1e0,箱+λ,42,1,32,8,256,1.0,0.5796836018562317,0.47311705350875854,0.5455796718597412,0.5388119220733643,0.6584880352020264,0.11235178261995316,0.46734151244163513,0.7922422885894775,0.3249007761478424,0,0,0,0,0.0,0.0,8,10.21768856048584,0.4573196470737457,0.8497535586357117,0.15024644136428833,0.41006844102530793,3.4657359027997265
box_lam3e0,箱+λ,42,1,32,8,256,3.0,0.5849510431289673,0.5633644461631775,0.5961499214172363,0.625985324382782,0.4034477770328522,0.15894773602485657,0.2127441167831421,0.7653973698616028,0.5526532530784607,0,0,0,0,0.0,0.0,8,13.8047456741333,1.3719589412212372,0.7979974746704102,0.20200252532958984,0.4172081409152799,3.4657359027997265
box_lam1e1,箱+λ,42,1,32,8,256,10.0,0.5853285789489746,0.6451951861381531,0.691184937953949,0.6978560090065002,0.2058672457933426,0.1422303020954132,0.07814232259988785,0.5451540350914001,0.4670117124915123,0,0,0,0,0.0,0.0,8,18.386035919189453,4.573196470737457,0.8044267296791077,0.19557327032089233,0.4163044586035058,3.4657359027997265
box_lam3e1,箱+λ,42,1,32,8,256,30.0,0.583006739616394,0.6973391771316528,0.7646773457527161,0.7425289750099182,0.0935230702161789,0.0825401097536087,0.028796587139368057,0.2925361096858978,0.26373952254652977,0,0,0,0,0.0,0.0,8,22.77777671813965,13.719589412212372,0.8386889696121216,0.16131103038787842,0.411578738019065,3.4657359027997265
box_lam1e2,箱+λ,42,1,32,8,256,100.0,0.5806770324707031,0.7248516082763672,0.7967188358306885,0.7582483291625977,0.03292899578809738,0.03257590904831886,0.009057859890162945,0.11182989180088043,0.10277203191071749,0,0,0,0,0.0,0.0,8,25.676166534423828,45.73196470737457,0.8654513955116272,0.1345486044883728,0.4077730162325832,3.4657359027997265
box_lam1e3,箱+λ,42,1,32,8,256,1000.0,0.579239010810852,0.7371354103088379,0.8156375288963318,0.765296220779419,0.0035500754602253437,0.0036987513303756714,0.000924993772059679,0.012526641599833965,0.011601647827774286,0,0,0,0,0.0,0.0,8,27.16583251953125,457.3196470737457,0.8798542022705078,0.12014579772949219,0.4056763656880396,3.4657359027997265
nobox_lam1em3,无箱互校,42,1,32,8,256,0.001,0.5593929290771484,0.19955220818519592,0.38164225220680237,0.1908680647611618,1.2710399627685547,0.6820000410079956,0.11330431699752808,2.1286957263946533,2.0153914093971252,0,0,0,0,0.0,0.0,8,2.6707606315612793,0.00045731964707374574,0.9328975081443787,0.06710249185562134,0.39173240417572797,3.4657359027997265
nobox_lam1em1,无箱互校,42,1,32,8,256,0.1,0.5638737082481384,0.24845479428768158,0.3904968798160553,0.3031526803970337,1.1515052318572998,0.41400980949401855,0.39363187551498413,1.5215380191802979,1.1279061436653137,0,0,0,0,0.0,0.0,8,3.765326976776123,0.045731964707374576,0.9538527727127075,0.04614722728729248,0.392933656163022,3.4657359027997265
scalar,参照,42,1,32,8,256,0.001,0.5790512561798096,0.21553224325180054,0.3910483121871948,0.2511298656463623,1.370147705078125,0.0,1.370147705078125,1.370147705078125,0.0,0,0,0,0,0.0,0.0,8,0.15992337465286255,0.0,0.8816381692886353,0.11836183071136475,0.4054141185155791,3.4657359027997265
nobeta,参照,42,1,32,8,256,0.001,0.5790512561798096,0.7377267479896545,0.8166466951370239,0.7661209106445312,0.0,0.0,0.0,0.0,0.0,0,0,0,0,0.0,0.0,8,2.6707606315612793,0.00045731964707374574,0.8816381692886353,0.11836183071136475,0.4054141185155791,3.4657359027997265
box_lam1em3,箱+λ,42,1,32,16,256,0.001,0.4335363209247589,0.17066898941993713,0.33261069655418396,0.09173054248094559,0.4459908902645111,1.3246110677719116,-3.0,2.4627838134765625,5.4627838134765625,1,0,1,0,0.0625,0.0,16,0.7517377138137817,0.0002493450343608856,0.6914101243019104,0.3085898756980896,0.27554903541591386,2.772588722239781
box_lam3em3,箱+λ,42,1,32,16,256,0.003,0.4282892942428589,0.16631527245044708,0.3273886442184448,0.09814856201410294,0.4991309642791748,1.2525631189346313,-3.0,2.4024462699890137,5.402446269989014,1,0,1,0,0.0625,0.0,16,0.763742983341217,0.0007480351030826569,0.709954023361206,0.29004597663879395,0.26766408450200174,2.772588722239781
box_lam1em2,箱+λ,42,1,32,16,256,0.01,0.42093294858932495,0.15449117124080658,0.3164726197719574,0.10169658809900284,0.6324013471603394,0.9969456791877747,-2.0915474891662598,2.2194786071777344,4.311026096343994,0,0,0,0,0.0,0.0,16,0.824763834476471,0.002493450343608856,0.7569469213485718,0.24305307865142822,0.25495648231758833,2.772588722239781
box_lam3em2,箱+λ,42,1,32,16,256,0.03,0.4099513292312622,0.1556149423122406,0.3137587010860443,0.10105814039707184,0.8141250610351562,0.5852522850036621,-0.331377774477005,1.8620052337646484,2.1933830082416534,0,0,0,0,0.0,0.0,16,1.0108497142791748,0.007480351030826568,0.8322615623474121,0.1677384376525879,0.23517564751165027,2.772588722239781
box_lam1em1,箱+λ,42,1,32,16,256,0.1,0.41775718331336975,0.12377788871526718,0.31555500626564026,0.13110347092151642,0.8320502042770386,0.4120204746723175,-0.08263551443815231,1.397987723350525,1.4806232377886772,0,0,0,0,0.0,0.0,16,1.4050612449645996,0.024934503436088565,0.871059238910675,0.12894076108932495,0.23523456616396157,2.772588722239781
box_lam3em1,箱+λ,42,1,32,16,256,0.3,0.41449013352394104,0.19408148527145386,0.33028146624565125,0.16278281807899475,0.7477577328681946,0.2846237123012543,0.10985035449266434,1.1076003313064575,0.9977499768137932,0,0,0,0,0.0,0.0,16,2.2692766189575195,0.07480351030826568,0.8650767803192139,0.13492321968078613,0.23544883210891596,2.772588722239781
box_lam1e0,箱+λ,42,1,32,16,256,1.0,0.4463811218738556,0.30392885208129883,0.38240525126457214,0.29779109358787537,0.5556148290634155,0.16117888689041138,0.19985564053058624,0.7648620009422302,0.565006360411644,0,0,0,0,0.0,0.0,16,4.581424713134766,0.24934503436088562,0.8236039280891418,0.17639607191085815,0.23852328843104467,2.772588722239781
box_lam3e0,箱+λ,42,1,32,16,256,3.0,0.4660482406616211,0.4103113114833832,0.44206199049949646,0.4349364936351776,0.3501341640949249,0.11983205378055573,0.1738433539867401,0.650135338306427,0.4762919843196869,0,0,0,0,0.0,0.0,16,7.467951774597168,0.7480351030826569,0.7757601141929626,0.22423988580703735,0.2447684862739971,2.772588722239781
box_lam1e1,箱+λ,42,1,32,16,256,10.0,0.47182828187942505,0.4966461956501007,0.4995599091053009,0.5271197557449341,0.18110084533691406,0.11075102537870407,0.06802438944578171,0.5568463206291199,0.48882193118333817,0,0,0,0,0.0,0.0,16,10.572113990783691,2.493450343608856,0.7634224891662598,0.23657751083374023,0.24718323657832608,2.772588722239781
box_lam3e1,箱+λ,42,1,32,16,256,30.0,0.4689158499240875,0.5586332082748413,0.5522879958152771,0.5718673467636108,0.08639230579137802,0.07471930980682373,0.0258550476282835,0.3509656488895416,0.3251106012612581,0,0,0,0,0.0,0.0,16,13.758109092712402,7.480351030826569,0.7902475595474243,0.20975244045257568,0.24410800925739964,2.772588722239781
box_lam1e2,箱+λ,42,1,32,16,256,100.0,0.464788556098938,0.5962775945663452,0.5841139554977417,0.6025499105453491,0.03206256404519081,0.03320976719260216,0.008308134973049164,0.15132015943527222,0.14301202446222305,0,0,0,0,0.0,0.0,16,16.53119468688965,24.934503436088562,0.8213302493095398,0.1786697506904602,0.24071037892758407,2.772588722239781
box_lam1e3,箱+λ,42,1,32,16,256,1000.0,0.4569653868675232,0.6117350459098816,0.6115919351577759,0.6204221248626709,0.0035786775406450033,0.004051117692142725,0.0008587724878452718,0.018214929848909378,0.017356157361064106,0,0,0,0,0.0,0.0,16,18.266651153564453,249.34503436088562,0.8415701985359192,0.1584298014640808,0.23877951105476,2.772588722239781
nobox_lam1em3,无箱互校,42,1,32,16,256,0.001,0.4340131878852844,0.1703370064496994,0.3322770893573761,0.09151370823383331,-0.23467910289764404,3.7484445571899414,-13.815510749816895,2.4650871753692627,16.280597925186157,1,1,1,0,0.0625,0.0625,16,0.7499631643295288,0.0002493450343608856,0.6883437037467957,0.31165629625320435,0.2774457821093866,2.772588722239781
nobox_lam1em1,无箱互校,42,1,32,16,256,0.1,0.4177572727203369,0.12377779185771942,0.3155551254749298,0.13110336661338806,0.832050085067749,0.41202041506767273,-0.08263428509235382,1.3979880809783936,1.4806223660707474,0,0,0,0,0.0,0.0,16,1.40506112575531,0.024934503436088565,0.871059238910675,0.12894076108932495,0.23523458409416617,2.772588722239781
scalar,参照,42,1,32,16,256,0.001,0.4551307260990143,0.14796505868434906,0.33135876059532166,0.1815851479768753,0.9693031907081604,6.155941179031288e-08,0.9693032503128052,0.9693032503128052,0.0,0,0,0,0,0.0,0.0,16,0.08686771988868713,0.0,0.8442599773406982,0.15574002265930176,0.23854426677042515,2.772588722239781
nobeta,参照,42,1,32,16,256,0.001,0.4551304876804352,0.6129263043403625,0.6163292527198792,0.6221339702606201,0.0,0.0,0.0,0.0,0.0,0,0,0,0,0.0,0.0,16,0.7499631643295288,0.0002493450343608856,0.8442599773406982,0.15574002265930176,0.23854428470062974,2.772588722239781
box_lam1em3,箱+λ,42,1,32,32,256,0.001,0.3920542597770691,0.09378386288881302,0.2761945128440857,0.03295857459306717,0.3153703808784485,1.0642725229263306,-3.0,1.6082850694656372,4.608285069465637,2,0,2,0,0.0625,0.0,32,0.08770439773797989,0.00013126261532306671,0.7172040939331055,0.28279590606689453,0.11528771917970018,2.0794415416798357
box_lam3em3,箱+λ,42,1,32,32,256,0.003,0.38860517740249634,0.08954159170389175,0.2755124568939209,0.03383035957813263,0.332544207572937,1.044420599937439,-3.0,1.5727014541625977,4.572701454162598,2,0,2,0,0.0625,0.0,32,0.09099261462688446,0.0003937878459692001,0.7245558500289917,0.2754441499710083,0.11291132158300779,2.0794415416798357
box_lam1em2,箱+λ,42,1,32,32,256,0.01,0.380571186542511,0.07840391993522644,0.2765851318836212,0.03762642666697502,0.40321362018585205,0.8952393531799316,-3.0,1.465347170829773,4.465347170829773,1,0,1,0,0.03125,0.0,32,0.10337503254413605,0.0013126261532306672,0.7486454844474792,0.25135451555252075,0.10681425412534748,2.0794415416798357
box_lam3em2,箱+λ,42,1,32,32,256,0.03,0.36444008350372314,0.06512667238712311,0.26145079731941223,0.04424399510025978,0.537619411945343,0.4791575074195862,-0.7599795460700989,1.2648314237594604,2.0248109698295593,0,0,0,0,0.0,0.0,32,0.14461787045001984,0.003937878459692001,0.7953140735626221,0.20468592643737793,0.09109499616041228,2.0794415416798357
box_lam1em1,箱+λ,42,1,32,32,256,0.1,0.35116273164749146,0.07908309996128082,0.25816529989242554,0.05740470439195633,0.5666415691375732,0.2801818251609802,-0.1258409172296524,1.0024104118347168,1.1282513290643692,0,0,0,0,0.0,0.0,32,0.24563103914260864,0.013126261532306671,0.8225932717323303,0.17740672826766968,0.08015120613257692,2.0794415416798357
box_lam3em1,箱+λ,42,1,32,32,256,0.3,0.3572503924369812,0.10810454189777374,0.26181209087371826,0.08524071425199509,0.5190971493721008,0.20494255423545837,-0.005487090442329645,0.880765438079834,0.8862525285221636,0,0,0,0,0.0,0.0,32,0.4579506516456604,0.03937878459692001,0.8140643239021301,0.18593567609786987,0.08123033549634928,2.0794415416798357
box_lam1e0,箱+λ,42,1,32,32,256,1.0,0.35283592343330383,0.15926599502563477,0.27180516719818115,0.15740182995796204,0.40962928533554077,0.14976711571216583,0.16739149391651154,0.7443408370018005,0.576949343085289,0,0,0,0,0.0,0.0,32,1.1802500486373901,0.1312626153230667,0.7861536741256714,0.2138463258743286,0.08456730794400746,2.0794415416798357
box_lam3e0,箱+λ,42,1,32,32,256,3.0,0.37992045283317566,0.25158560276031494,0.3058737516403198,0.2619567811489105,0.2741045355796814,0.10601326823234558,0.11518429219722748,0.5248186588287354,0.4096343666315079,0,0,0,0,0.0,0.0,32,2.655075788497925,0.39378784596920013,0.7512909173965454,0.2487090826034546,0.08945043779462016,2.0794415416798357
box_lam1e1,箱+λ,42,1,32,32,256,10.0,0.39121031761169434,0.3371177017688751,0.32858026027679443,0.34966742992401123,0.14469826221466064,0.0808853954076767,0.0671084001660347,0.4572887420654297,0.390180341899395,0,0,0,0,0.0,0.0,32,4.576425552368164,1.3126261532306671,0.7287521958351135,0.2712478041648865,0.09352133834201434,2.0794415416798357
box_lam3e1,箱+λ,42,1,32,32,256,30.0,0.39228367805480957,0.39263561367988586,0.3749060034751892,0.41056013107299805,0.07118310034275055,0.05907614529132843,0.027364306151866913,0.35083404183387756,0.32346973568201065,0,0,0,0,0.0,0.0,32,6.318007469177246,3.9378784596920013,0.7407195568084717,0.2592804431915283,0.0918769772084728,2.0794415416798357
box_lam1e2,箱+λ,42,1,32,32,256,100.0,0.3923230767250061,0.43074727058410645,0.40014585852622986,0.4492528438568115,0.027971390634775162,0.029956892132759094,0.00928441621363163,0.17790170013904572,0.16861728392541409,0,0,0,0,0.0,0.0,32,8.161293029785156,13.126261532306671,0.7685742378234863,0.23142576217651367,0.08769589555381962,2.0794415416798357
box_lam1e3,箱+λ,42,1,32,32,256,1000.0,0.3773689866065979,0.4574397802352905,0.42416027188301086,0.4693787693977356,0.003283828729763627,0.004049757029861212,0.0009965697536244988,0.02398115023970604,0.02298458048608154,0,0,0,0,0.0,0.0,32,9.684714317321777,131.2626153230667,0.7930057644844055,0.20699423551559448,0.0842799136595973,2.0794415416798357
nobox_lam1em3,无箱互校,42,1,32,32,256,0.001,0.39262551069259644,0.09568503499031067,0.277079313993454,0.03300982341170311,-0.3621172606945038,3.5830490589141846,-13.815510749816895,1.6124449968338013,15.427955746650696,2,2,2,0,0.0625,0.0625,32,0.08665831387042999,0.00013126261532306671,0.7108239531517029,0.2891760468482971,0.11566582236917512,2.0794415416798357
nobox_lam1em1,无箱互校,42,1,32,32,256,0.1,0.3511626124382019,0.07908294349908829,0.2581656873226166,0.057404905557632446,0.566641092300415,0.28018248081207275,-0.12584057450294495,1.0024137496948242,1.1282543241977692,0,0,0,0,0.0,0.0,32,0.2456311285495758,0.013126261532306671,0.8225932717323303,0.17740672826766968,0.08015119716747462,2.0794415416798357
scalar,参照,42,1,32,32,256,0.001,0.3749839961528778,0.07967453449964523,0.26372361183166504,0.10327024012804031,0.6126041412353516,0.0,0.6126041412353516,0.6126041412353516,0.0,0,0,0,0,0.0,0.0,32,0.026091674342751503,0.0,0.7966724634170532,0.20332753658294678,0.08379117214264613,2.0794415416798357
nobeta,参照,42,1,32,32,256,0.001,0.3749842345714569,0.4610622823238373,0.4273514151573181,0.47225019335746765,0.0,0.0,0.0,0.0,0.0,0,0,0,0,0.0,0.0,32,0.08665831387042999,0.00013126261532306671,0.7966724634170532,0.20332753658294678,0.08379118110774843,2.0794415416798357
box_lam1em3,箱+λ,42,1,32,64,256,0.001,0.33828362822532654,0.08492147922515869,0.23925995826721191,0.014484061859548092,0.05281325802206993,0.7458357214927673,-3.0,1.1713571548461914,4.171357154846191,1,0,1,0,0.015625,0.0,32,0.008496661670506,6.75218477845192e-05,0.6243579387664795,0.3756420612335205,0.05966553498386424,1.3862943611198906
box_lam3em3,箱+λ,42,1,32,64,256,0.003,0.3369767665863037,0.08456064015626907,0.2371465414762497,0.01542727742344141,0.080649733543396,0.6931002140045166,-3.0,1.1477525234222412,4.147752523422241,1,0,1,0,0.015625,0.0,32,0.008947658352553844,0.00020256554335355758,0.6332023739814758,0.36679762601852417,0.05861429157079401,1.3862943611198906
box_lam1em2,箱+λ,42,1,32,64,256,0.01,0.332965224981308,0.0775083675980568,0.23163218796253204,0.015882551670074463,0.1410285234451294,0.5986363291740417,-3.0,1.0743908882141113,4.074390888214111,1,0,1,0,0.015625,0.0,32,0.010641725733876228,0.000675218477845192,0.6578555703163147,0.3421444296836853,0.05553999213795553,1.3862943611198906
box_lam3em2,箱+λ,42,1,32,64,256,0.03,0.31602901220321655,0.06686748564243317,0.22116801142692566,0.018994564190506935,0.24064694344997406,0.3403399884700775,-0.9854559898376465,0.925931990146637,1.9113879799842834,0,0,0,0,0.0,0.0,32,0.017182238399982452,0.002025655433535576,0.700707197189331,0.29929280281066895,0.050225327088163796,1.3862943611198906
box_lam1em1,箱+λ,42,1,32,64,256,0.1,0.3093227744102478,0.06385323405265808,0.21519987285137177,0.02728545293211937,0.2804177403450012,0.19594372808933258,-0.3303345739841461,0.7362926602363586,1.0666272342205048,0,0,0,0,0.0,0.0,32,0.03813653066754341,0.00675218477845192,0.729688823223114,0.270311176776886,0.045403540950034384,1.3862943611198906
box_lam3em1,箱+λ,42,1,32,64,256,0.3,0.30325713753700256,0.06971771270036697,0.2095445841550827,0.042259812355041504,0.2592274844646454,0.14072202146053314,-0.1406356245279312,0.6050465703010559,0.7456821948289871,0,0,0,0,0.0,0.0,32,0.08160579204559326,0.020256554335355757,0.7249886989593506,0.2750113010406494,0.04451335111722077,1.3862943611198906
box_lam1e0,箱+λ,42,1,32,64,256,1.0,0.301076740026474,0.08180063962936401,0.2160724401473999,0.06740463525056839,0.21368563175201416,0.1101977750658989,-0.009069317951798439,0.4683670401573181,0.47743635810911655,0,0,0,0,0.0,0.0,32,0.2044377326965332,0.0675218477845192,0.7105057239532471,0.28949427604675293,0.045003549463295586,1.3862943611198906
box_lam3e0,箱+λ,42,1,32,64,256,3.0,0.2987113296985626,0.10260165482759476,0.22926658391952515,0.12057704478502274,0.15534541010856628,0.08351092785596848,0.04700663313269615,0.3854287266731262,0.33842209354043007,0,0,0,0,0.0,0.0,32,0.5190105438232422,0.2025655433535576,0.6946517825126648,0.3053482174873352,0.04607092109540234,1.3862943611198906
box_lam1e1,箱+λ,42,1,32,64,256,10.0,0.299407035112381,0.15616965293884277,0.24148675799369812,0.17766200006008148,0.0879640206694603,0.05501549690961838,0.021186232566833496,0.2802427411079407,0.2590565085411072,0,0,0,0,0.0,0.0,32,1.1475566625595093,0.675218477845192,0.6809800863265991,0.3190199136734009,0.047423678829004196,1.3862943611198906
box_lam3e1,箱+λ,42,1,32,64,256,30.0,0.29822513461112976,0.20632164180278778,0.26055365800857544,0.22199872136116028,0.044715702533721924,0.03824835643172264,0.008685431443154812,0.26736727356910706,0.25868184212595224,0,0,0,0,0.0,0.0,32,1.7630140781402588,2.025655433535576,0.6831223368644714,0.31687766313552856,0.047334807769910774,1.3862943611198906
box_lam1e2,箱+λ,42,1,32,64,256,100.0,0.29653435945510864,0.23773391544818878,0.2730291485786438,0.2557695806026459,0.018633602187037468,0.021670382469892502,0.0029733041301369667,0.1651172935962677,0.16214398946613073,0,0,0,0,0.0,0.0,32,2.449064016342163,6.7521847784519196,0.699979841709137,0.30002015829086304,0.04565378385051604,1.3862943611198906
box_lam1e3,箱+λ,42,1,32,64,256,1000.0,0.2943315804004669,0.2611960768699646,0.28041189908981323,0.2783534526824951,0.0023603516165167093,0.0033675339072942734,0.0003250309091527015,0.026299750432372093,0.02597471952321939,0,0,0,0,0.0,0.0,32,3.243359088897705,67.5218477845192,0.7217544317245483,0.27824556827545166,0.04362594046611994,1.3862943611198906
nobox_lam1em3,无箱互校,42,1,32,64,256,0.001,0.339741975069046,0.08530931919813156,0.23988665640354156,0.014521680772304535,-0.1344371736049652,1.864375114440918,-13.815510749816895,1.184563398361206,15.0000741481781,1,1,1,0,0.015625,0.015625,32,0.008438506163656712,6.75218477845192e-05,0.6178235411643982,0.3821764588356018,0.06030977171764643,1.3862943611198906
nobox_lam1em1,无箱互校,42,1,32,64,256,0.1,0.3093322515487671,0.06389962136745453,0.21521247923374176,0.027286525815725327,0.28029316663742065,0.19607321918010712,-0.33026042580604553,0.736693263053894,1.0669536888599396,0,0,0,0,0.0,0.0,32,0.03813770413398743,0.00675218477845192,0.729607880115509,0.27039211988449097,0.0454121967563044,1.3862943611198906
scalar,参照,42,1,32,64,256,0.001,0.2943340539932251,0.05450828745961189,0.2182016372680664,0.05968334898352623,0.3161122500896454,0.0,0.3161122500896454,0.3161122500896454,0.0,0,0,0,0,0.0,0.0,32,0.005692458711564541,0.0,0.7256899476051331,0.27431005239486694,0.043284002499320566,1.3862943611198906
nobeta,参照,42,1,32,64,256,0.001,0.2943337559700012,0.26615849137306213,0.2816576063632965,0.2815648913383484,0.0,0.0,0.0,0.0,0.0,0,0,0,0,0.0,0.0,32,0.008438506163656712,6.75218477845192e-05,0.7256903052330017,0.2743096947669983,0.043284011464422865,1.3862943611198906
box_lam1em3,箱+λ,42,2,8,8,256,0.001,0.7436980605125427,0.3775706887245178,0.7035107612609863,0.31974607706069946,0.45697396993637085,2.198676109313965,-3.0,2.26151704788208,5.26151704788208,2,0,2,0,0.25,0.0,8,3.2253475189208984,0.00038208070397377015,0.6572831273078918,0.34271687269210815,0.28638298496835507,3.4657359027997265
box_lam3em3,箱+λ,42,2,8,8,256,0.003,0.7435714602470398,0.3775445222854614,0.7039088606834412,0.3205229640007019,0.45791685581207275,2.1980834007263184,-3.0,2.2553255558013916,5.255325555801392,2,0,2,0,0.25,0.0,8,3.226123571395874,0.0011462421119213106,0.658220648765564,0.34177935123443604,0.286427550572712,3.4657359027997265
box_lam1em2,箱+λ,42,2,8,8,256,0.01,0.7431439161300659,0.37746569514274597,0.7052781581878662,0.32328009605407715,0.4607325792312622,2.1960747241973877,-3.0,2.2345125675201416,5.234512567520142,2,0,2,0,0.25,0.0,8,3.234454870223999,0.0038208070397377017,0.6612859964370728,0.33871400356292725,0.2865739220072054,3.4657359027997265
box_lam3em2,箱+λ,42,2,8,8,256,0.03,0.9809138774871826,0.40314626693725586,0.8758652806282043,0.36360877752304077,1.267608642578125,0.7172134518623352,-0.08046844601631165,1.957061767578125,2.0375302135944366,0,0,0,0,0.0,0.0,8,3.6016077995300293,0.011462421119213103,0.8325207233428955,0.1674792766571045,0.14322059677190943,3.4657359027997265
box_lam1em1,箱+λ,42,2,8,8,256,0.1,1.1715617179870605,0.4093778729438782,0.9882388114929199,0.36904266476631165,1.341324806213379,0.379818856716156,0.5814081430435181,1.8078813552856445,1.2264732122421265,0,0,0,0,0.0,0.0,8,4.309002876281738,0.03820807039737702,0.9174754619598389,0.08252453804016113,0.05318476654249212,3.4657359027997265
box_lam3em1,箱+λ,42,2,8,8,256,0.3,1.2108712196350098,0.4327192008495331,0.9936293363571167,0.39437127113342285,1.290503740310669,0.3073154091835022,0.6321212649345398,1.6616241931915283,1.0295029282569885,0,0,0,0,0.0,0.0,8,5.64365291595459,0.11462421119213104,0.9227808713912964,0.07721912860870361,0.04889249739017235,3.4657359027997265
box_lam1e0,箱+λ,42,2,8,8,256,1.0,1.2710596323013306,0.5000942945480347,0.9732292890548706,0.4684605300426483,1.1377798318862915,0.2430301010608673,0.59786456823349,1.340341329574585,0.742476761341095,0,0,0,0,0.0,0.0,8,11.76047134399414,0.38208070397377014,0.9259532690048218,0.07404673099517822,0.051052116235685285,3.4657359027997265
box_lam3e0,箱+λ,42,2,8,8,256,3.0,1.2638310194015503,0.6289029121398926,1.0138418674468994,0.5850409269332886,0.8674237132072449,0.20809443295001984,0.4240175783634186,1.0738152265548706,0.649797648191452,0,0,0,0,0.0,0.0,8,27.886205673217773,1.1462421119213104,0.9292718172073364,0.07072818279266357,0.05388424855718255,3.4657359027997265
box_lam1e1,箱+λ,42,2,8,8,256,10.0,1.275978684425354,0.7502635717391968,1.0740355253219604,0.7197849154472351,0.4948423206806183,0.15245158970355988,0.2088654488325119,0.7064489722251892,0.4975835233926773,0,0,0,0,0.0,0.0,8,55.27104187011719,3.8208070397377014,0.9385878443717957,0.061412155628204346,0.053611157807065414,3.4657359027997265
box_lam3e1,箱+λ,42,2,8,8,256,30.0,1.29459547996521,0.8103669285774231,1.1469794511795044,0.7930517792701721,0.22866001725196838,0.08389060199260712,0.08607710152864456,0.3591456115245819,0.27306850999593735,0,0,0,0,0.0,0.0,8,74.7808837890625,11.462421119213104,0.9490138292312622,0.05098617076873779,0.05103915648907787,3.4657359027997265
box_lam1e2,箱+λ,42,2,8,8,256,100.0,1.3032945394515991,0.8402189016342163,1.158290982246399,0.825810968875885,0.08017691224813461,0.03239909186959267,0.028223201632499695,0.1331031620502472,0.1048799604177475,0,0,0,0,0.0,0.0,8,84.81108856201172,38.208070397377014,0.955536425113678,0.04446357488632202,0.0491112153055194,3.4657359027997265
box_lam1e3,箱+λ,42,2,8,8,256,1000.0,1.3053876161575317,0.854020893573761,1.1694788932800293,0.8405402302742004,0.008601519279181957,0.003642811207100749,0.002928732428699732,0.01468292623758316,0.011754193808883429,0,0,0,0,0.0,0.0,8,89.3427505493164,382.08070397377014,0.9586560130119324,0.04134398698806763,0.04814228999118914,3.4657359027997265
nobox_lam1em3,无箱互校,42,2,8,8,256,0.001,0.7436155676841736,0.3777928948402405,0.7064586281776428,0.3188769817352295,-2.2445993423461914,7.161439895629883,-13.815510749816895,2.2658352851867676,16.081346035003662,2,2,2,0,0.25,0.25,8,3.2137279510498047,0.00038208070397377015,0.6450552940368652,0.35494470596313477,0.2864253341278792,3.4657359027997265
nobox_lam1em1,无箱互校,42,2,8,8,256,0.1,1.171560287475586,0.40937793254852295,0.9882379770278931,0.36904266476631165,1.341324806213379,0.37981879711151123,0.5814082622528076,1.8078813552856445,1.226473093032837,0,0,0,0,0.0,0.0,8,4.309002876281738,0.03820807039737702,0.917475163936615,0.08252483606338501,0.05318470736556698,3.4657359027997265
scalar,参照,42,2,8,8,256,0.001,1.3056538105010986,0.2981363534927368,1.1076322793960571,0.3080092966556549,1.6165457963943481,0.0,1.6165457963943481,1.6165457963943481,0.0,0,0,0,0,0.0,0.0,8,0.14004455506801605,0.0,0.9590238332748413,0.04097616672515869,0.04802589973886394,3.4657359027997265
nobeta,参照,42,2,8,8,256,0.001,1.3056490421295166,0.8556098341941833,1.1708548069000244,0.84223473072052,0.0,0.0,0.0,0.0,0.0,0,0,0,0,0.0,0.0,8,3.2137279510498047,0.00038208070397377015,0.9590238332748413,0.04097616672515869,0.0480261256871236,3.4657359027997265
box_lam1em3,箱+λ,42,2,8,16,256,0.001,0.9376274347305298,0.426995187997818,0.8469569683074951,0.33894532918930054,-0.5470680594444275,2.328425168991089,-3.0,3.0,6.0,6,0,6,1,0.4375,0.0,8,0.5965795516967773,0.00023984205722808838,0.466076135635376,0.533923864364624,0.1479881803667385,2.772588722239781
box_lam3em3,箱+λ,42,2,8,16,256,0.003,0.9325387477874756,0.4944342374801636,0.8305355906486511,0.31604430079460144,-0.3866293430328369,2.2360544204711914,-3.0,3.0,6.0,6,0,6,1,0.4375,0.0,8,0.6270436644554138,0.0007195261716842652,0.49627742171287537,0.5037225782871246,0.1421879271497538,2.772588722239781
box_lam1em2,箱+λ,42,2,8,16,256,0.01,1.0060503482818604,0.38729676604270935,0.9081587195396423,0.27174147963523865,-0.12846291065216064,2.1079294681549072,-3.0,2.7370047569274902,5.73700475692749,5,0,5,0,0.3125,0.0,8,0.9305233359336853,0.0023984205722808838,0.5878965854644775,0.41210341453552246,0.11717758517513516,2.772588722239781
box_lam3em2,箱+λ,42,2,8,16,256,0.03,1.055556297302246,0.24219240248203278,0.9345972537994385,0.2652190327644348,0.3104385733604431,1.7313741445541382,-3.0,2.2544403076171875,5.2544403076171875,3,0,3,0,0.1875,0.0,8,1.5710766315460205,0.007195261716842651,0.7074695229530334,0.29253047704696655,0.10859641457550859,2.772588722239781
box_lam1em1,箱+λ,42,2,8,16,256,0.1,0.8708822727203369,0.23579703271389008,0.7879651188850403,0.19957855343818665,0.6828493475914001,1.0875179767608643,-3.0,1.6109684705734253,4.610968470573425,1,0,1,0,0.0625,0.0,8,2.529906749725342,0.02398420572280884,0.8277047276496887,0.17229527235031128,0.08321996110416059,2.772588722239781
box_lam3em1,箱+λ,42,2,8,16,256,0.3,0.8442237377166748,0.2310156226158142,0.7613509297370911,0.19895483553409576,0.8363638520240784,0.3880389630794525,-0.18908432126045227,1.3281325101852417,1.517216831445694,0,0,0,0,0.0,0.0,8,3.5209736824035645,0.0719526171684265,0.8769665956497192,0.12303340435028076,0.0557568808346095,2.772588722239781
box_lam1e0,箱+λ,42,2,8,16,256,1.0,0.8435915112495422,0.2790587544441223,0.7776385545730591,0.2739074230194092,0.7848269939422607,0.23586109280586243,0.3160706162452698,1.1226270198822021,0.8065564036369324,0,0,0,0,0.0,0.0,8,5.419958114624023,0.23984205722808838,0.8887642621994019,0.11123573780059814,0.049713700960171775,2.772588722239781
box_lam3e0,箱+λ,42,2,8,16,256,3.0,0.8476058840751648,0.3710918724536896,0.7767638564109802,0.3594512641429901,0.6512643098831177,0.17953957617282867,0.3388230800628662,0.8639893531799316,0.5251662731170654,0,0,0,0,0.0,0.0,8,10.923891067504883,0.7195261716842651,0.8944186568260193,0.10558134317398071,0.0471827092513118,2.772588722239781
box_lam1e1,箱+λ,42,2,8,16,256,10.0,0.8336345553398132,0.5025762915611267,0.7751283049583435,0.500434160232544,0.42190757393836975,0.12958452105522156,0.23879073560237885,0.6395071744918823,0.4007164388895035,0,0,0,0,0.0,0.0,8,25.2080020904541,2.398420572280884,0.9068577289581299,0.09314227104187012,0.044997025660131404,2.772588722239781
box_lam3e1,箱+λ,42,2,8,16,256,30.0,0.8316878080368042,0.6010887622833252,0.8021662831306458,0.5947622060775757,0.21601785719394684,0.07720092684030533,0.10782076418399811,0.37538382411003113,0.267563059926033,0,0,0,0,0.0,0.0,8,41.24983215332031,7.195261716842651,0.9228321313858032,0.07716786861419678,0.04360392283620043,2.772588722239781
box_lam1e2,箱+λ,42,2,8,16,256,100.0,0.828200101852417,0.660031795501709,0.8322785496711731,0.6513394713401794,0.08070801943540573,0.032084494829177856,0.03729301691055298,0.15280312299728394,0.11551010608673096,0,0,0,0,0.0,0.0,8,52.40299987792969,23.984205722808838,0.9352391958236694,0.06476080417633057,0.04285808377023723,2.772588722239781
box_lam1e3,箱+λ,42,2,8,16,256,1000.0,0.8249448537826538,0.6875120997428894,0.8514794707298279,0.6789658069610596,0.00894774217158556,0.0037708263844251633,0.003971666097640991,0.01774694211781025,0.013775276020169258,0,0,0,0,0.0,0.0,8,58.29248809814453,239.84205722808838,0.9421351552009583,0.05786484479904175,0.042515565037620315,2.772588722239781
nobox_lam1em3,无箱互校,42,2,8,16,256,0.001,0.9146280884742737,0.5065845251083374,0.8327065110206604,0.374847412109375,-4.607752799987793,7.460507392883301,-13.815510749816895,3.141542673110962,16.957053422927856,6,6,6,1,0.4375,0.375,8,0.5106602311134338,0.00023984205722808838,0.4246889650821686,0.5753110349178314,0.1532412406960409,2.772588722239781
nobox_lam1em1,无箱互校,42,2,8,16,256,0.1,0.8687502145767212,0.23612919449806213,0.7867459654808044,0.20095930993556976,0.008079871535301208,3.715550422668457,-13.815510749816895,1.6108193397521973,15.426330089569092,1,1,1,0,0.0625,0.0625,8,2.5243935585021973,0.02398420572280884,0.8236302137374878,0.1763697862625122,0.0825880053407845,2.772588722239781
scalar,参照,42,2,8,16,256,0.001,0.824786365032196,0.19283489882946014,0.7642355561256409,0.17873594164848328,1.1117501258850098,0.0,1.1117501258850098,1.1117501258850098,0.0,0,0,0,0,0.0,0.0,8,0.0904802456498146,0.0,0.942999005317688,0.05700099468231201,0.04247560178412377,2.772588722239781
nobeta,参照,42,2,8,16,256,0.001,0.8247866034507751,0.6903051733970642,0.8539718985557556,0.6819924116134644,0.0,0.0,0.0,0.0,0.0,0,0,0,0,0.0,0.0,8,0.5106602311134338,0.00023984205722808838,0.942999005317688,0.05700099468231201,0.04247580083378108,2.772588722239781
box_lam1em3,箱+λ,42,2,8,32,256,0.001,0.7396079301834106,0.14814361929893494,0.6737148761749268,0.13489528000354767,0.3745281994342804,1.181135654449463,-3.0,1.6630827188491821,4.663082718849182,1,0,1,0,0.03125,0.0,8,5.1183644245611504e-05,0.0001317918300628662,0.7654046416282654,0.23459535837173462,0.013990316793657448,2.0794415416798357
box_lam3em3,箱+λ,42,2,8,32,256,0.003,0.7433710098266602,0.14910881221294403,0.6788033843040466,0.13038130104541779,0.42904132604599,1.082680106163025,-3.0,1.649902582168579,4.649902582168579,1,0,1,0,0.03125,0.0,8,0.00045063678408041596,0.00039537549018859864,0.7787935137748718,0.22120648622512817,0.014397152774329559,2.0794415416798357
box_lam1em2,箱+λ,42,2,8,32,256,0.01,0.7548322677612305,0.1518017053604126,0.6904397010803223,0.12051647156476974,0.5105497241020203,0.947123110294342,-3.0,1.6103097200393677,4.610309720039368,1,0,1,0,0.03125,0.0,8,0.00465542683377862,0.0013179183006286621,0.806027889251709,0.19397211074829102,0.015359992279880394,2.0794415416798357
box_lam3em2,箱+λ,42,2,8,32,256,0.03,0.7544074058532715,0.1352626532316208,0.6911020278930664,0.12691859900951385,0.555109977722168,0.8544884324073792,-3.0,1.5225012302398682,4.522501230239868,1,0,1,0,0.03125,0.0,8,0.03459220007061958,0.003953754901885986,0.8260327577590942,0.17396724224090576,0.016044511947019197,2.0794415416798357
box_lam1em1,箱+λ,42,2,8,32,256,0.1,0.727789044380188,0.13954831659793854,0.6638175249099731,0.10101662576198578,0.5556652545928955,0.7689094543457031,-3.0,1.3069207668304443,4.306920766830444,1,0,1,0,0.03125,0.0,8,0.22344768047332764,0.013179183006286621,0.8291135430335999,0.17088645696640015,0.016323622604340025,2.0794415416798357
box_lam3em1,箱+λ,42,2,8,32,256,0.3,0.7181553244590759,0.14191178977489471,0.6438396573066711,0.11027190089225769,0.5885745286941528,0.34881991147994995,-0.5475293397903442,1.0773773193359375,1.6249066591262817,0,0,0,0,0.0,0.0,8,0.7651375532150269,0.03953754901885986,0.8343738913536072,0.16562610864639282,0.018000320082601905,2.0794415416798357
box_lam1e0,箱+λ,42,2,8,32,256,1.0,0.7102165222167969,0.1656482070684433,0.648935079574585,0.11773210763931274,0.5261600017547607,0.20549285411834717,0.10955841094255447,0.9762797355651855,0.8667213246226311,0,0,0,0,0.0,0.0,8,1.7937679290771484,0.1317918300628662,0.8211661577224731,0.17883384227752686,0.021652491264617275,2.0794415416798357
box_lam3e0,箱+λ,42,2,8,32,256,3.0,0.7221758365631104,0.19530807435512543,0.6675702929496765,0.1791468858718872,0.43945273756980896,0.1692991554737091,0.20838628709316254,0.807360827922821,0.5989745408296585,0,0,0,0,0.0,0.0,8,3.6390347480773926,0.39537549018859863,0.8149197101593018,0.18508028984069824,0.024436976746859577,2.0794415416798357
box_lam1e1,箱+λ,42,2,8,32,256,10.0,0.7223687767982483,0.3005841076374054,0.6770696043968201,0.2854425609111786,0.3103462755680084,0.1369817703962326,0.15409965813159943,0.5991238355636597,0.44502417743206024,0,0,0,0,0.0,0.0,8,9.084771156311035,1.317918300628662,0.8260146379470825,0.17398536205291748,0.024816750043717407,2.0794415416798357
box_lam3e1,箱+λ,42,2,8,32,256,30.0,0.7216896414756775,0.39543381333351135,0.6846333742141724,0.3947213888168335,0.17817141115665436,0.09008399397134781,0.07100953906774521,0.38765525817871094,0.31664571911096573,0,0,0,0,0.0,0.0,8,18.193973541259766,3.9537549018859863,0.8492112159729004,0.1507887840270996,0.02346952816579778,2.0794415416798357
box_lam1e2,箱+λ,42,2,8,32,256,100.0,0.7107407450675964,0.467663437128067,0.705106258392334,0.4658699035644531,0.07311701774597168,0.041055019944906235,0.025626404210925102,0.18171951174736023,0.15609310753643513,0,0,0,0,0.0,0.0,8,27.4522762298584,13.179183006286621,0.8726221323013306,0.12737786769866943,0.022055460571203007,2.0794415416798357
box_lam1e3,箱+λ,42,2,8,32,256,1000.0,0.7094555497169495,0.5091707706451416,0.7211098670959473,0.5061724185943604,0.008584864437580109,0.005144882015883923,0.002808200428262353,0.023206079378724098,0.020397878950461745,0,0,0,0,0.0,0.0,8,33.72578048706055,131.7918300628662,0.8883816599845886,0.11161834001541138,0.021205392111032527,2.0794415416798357
nobox_lam1em3,无箱互校,42,2,8,32,256,0.001,0.7378590106964111,0.1500226855278015,0.6704533100128174,0.13302406668663025,-0.027704894542694092,2.794482469558716,-13.815510749816895,1.6611597537994385,15.476670503616333,2,1,2,0,0.0625,0.03125,8,5.0991304306080565e-05,0.0001317918300628662,0.7571969032287598,0.24280309677124023,0.01382990159888236,2.0794415416798357
nobox_lam1em1,无箱互校,42,2,8,32,256,0.1,0.7270735502243042,0.139887735247612,0.6628817319869995,0.10078457742929459,0.2184324860572815,2.593700885772705,-13.815510749816895,1.305572748184204,15.121083498001099,1,1,1,0,0.03125,0.03125,8,0.2226712554693222,0.013179183006286621,0.8253881931304932,0.17461180686950684,0.016272807109729403,2.0794415416798357
scalar,参照,42,2,8,32,256,0.001,0.7094699144363403,0.0960143655538559,0.6565640568733215,0.1109650656580925,0.729216992855072,6.055837786789198e-08,0.7292169332504272,0.7292169332504272,0.0,0,0,0,0,0.0,0.0,8,0.029046490788459778,0.0,0.8905258178710938,0.10947418212890625,0.021098293980885682,2.0794415416798357
nobeta,参照,42,2,8,32,256,0.001,0.7094696164131165,0.5148285031318665,0.7235080599784851,0.5112021565437317,0.0,0.0,0.0,0.0,0.0,0,0,0,0,0.0,0.0,8,5.0991304306080565e-05,0.0001317918300628662,0.8905258178710938,0.10947418212890625,0.021098323569348255,2.0794415416798357
box_lam1em3,箱+λ,42,2,8,64,256,0.001,0.6981921792030334,0.09824356436729431,0.6470468640327454,0.03796255216002464,0.0326896496117115,0.8026852607727051,-2.7442922592163086,1.0514910221099854,3.795783281326294,0,0,0,0,0.0,0.0,8,2.2306983282760484e-06,7.100942730903626e-05,0.6413377523422241,0.3586622476577759,0.018446875884419383,1.3862943611198906
box_lam3em3,箱+λ,42,2,8,64,256,0.003,0.6978853940963745,0.09825057536363602,0.6465582251548767,0.04408682882785797,0.09488413482904434,0.6917889714241028,-2.374696969985962,1.0390372276306152,3.413734197616577,0,0,0,0,0.0,0.0,8,1.995737329707481e-05,0.00021302828192710878,0.6623021960258484,0.3376978039741516,0.018964909342234958,1.3862943611198906
box_lam1em2,箱+λ,42,2,8,64,256,0.01,0.6997342109680176,0.09042835980653763,0.6467857956886292,0.03722427040338516,0.21071067452430725,0.5059032440185547,-1.7167036533355713,1.0042985677719116,2.721002221107483,0,0,0,0,0.0,0.0,8,0.00021675686002708972,0.0007100942730903626,0.7155349254608154,0.28446507453918457,0.020483952767251953,1.3862943611198906
box_lam3em2,箱+λ,42,2,8,64,256,0.03,0.7078897953033447,0.08126017451286316,0.6448875665664673,0.03462568670511246,0.31137555837631226,0.3515591323375702,-1.1149663925170898,0.9488495588302612,2.063815951347351,0,0,0,0,0.0,0.0,8,0.001833389513194561,0.0021302828192710874,0.7787283658981323,0.22127163410186768,0.022734669109309776,1.3862943611198906
box_lam1em1,箱+λ,42,2,8,64,256,0.1,0.7098418474197388,0.08257641643285751,0.6455388069152832,0.03375931829214096,0.3370932936668396,0.2778497338294983,-0.7370976805686951,0.8752074837684631,1.6123051643371582,0,0,0,0,0.0,0.0,8,0.01663888990879059,0.007100942730903626,0.7995572090148926,0.20044279098510742,0.023633690335878834,1.3862943611198906
box_lam3em1,箱+λ,42,2,8,64,256,0.3,0.7014390826225281,0.0901326909661293,0.6469067335128784,0.04509764164686203,0.32109299302101135,0.21928857266902924,-0.4241868853569031,0.7461427450180054,1.1703296303749084,0,0,0,0,0.0,0.0,8,0.09274889528751373,0.021302828192710874,0.7925160527229309,0.2074839472770691,0.02364950133433429,1.3862943611198906
box_lam1e0,箱+λ,42,2,8,64,256,1.0,0.7095997333526611,0.1060551255941391,0.6499706506729126,0.06739869713783264,0.28235092759132385,0.14650844037532806,-0.07006344944238663,0.6185578107833862,0.6886212602257729,0,0,0,0,0.0,0.0,8,0.3537691831588745,0.07100942730903625,0.7762144804000854,0.22378551959991455,0.02427341441561071,1.3862943611198906
box_lam3e0,箱+λ,42,2,8,64,256,3.0,0.7087417840957642,0.13062159717082977,0.650091826915741,0.08823514729738235,0.23426786065101624,0.1142478734254837,0.0726066529750824,0.5707883834838867,0.4981817305088043,0,0,0,0,0.0,0.0,8,0.7986121773719788,0.21302828192710876,0.7633343935012817,0.23666560649871826,0.02544553984159807,1.3862943611198906
box_lam1e1,箱+λ,42,2,8,64,256,10.0,0.7058518528938293,0.1698114424943924,0.6546245813369751,0.14050129055976868,0.17399758100509644,0.09807190299034119,0.0682595744729042,0.46100854873657227,0.39274897426366806,0,0,0,0,0.0,0.0,8,1.938889503479004,0.7100942730903625,0.7650098204612732,0.2349901795387268,0.026340001755070494,1.3862943611198906
box_lam3e1,箱+λ,42,2,8,64,256,30.0,0.7029520869255066,0.23159173130989075,0.6557937860488892,0.21076415479183197,0.11114291846752167,0.07201482355594635,0.04613697528839111,0.34369587898254395,0.29755890369415283,0,0,0,0,0.0,0.0,8,4.521391868591309,2.1302828192710876,0.781999945640564,0.21800005435943604,0.026513226064279895,1.3862943611198906
box_lam1e2,箱+λ,42,2,8,64,256,100.0,0.7056357264518738,0.2971016764640808,0.6719462871551514,0.27867406606674194,0.051307015120983124,0.03713791072368622,0.017777740955352783,0.1775662750005722,0.15978853404521942,0,0,0,0,0.0,0.0,8,8.577007293701172,7.1009427309036255,0.8057072162628174,0.19429278373718262,0.026458118897665927,1.3862943611198906
box_lam1e3,箱+λ,42,2,8,64,256,1000.0,0.7075133323669434,0.34403011202812195,0.6785598397254944,0.3181423246860504,0.0065839034505188465,0.005146868526935577,0.002064717700704932,0.026009652763605118,0.023944935062900186,0,0,0,0,0.0,0.0,8,12.57537841796875,71.00942730903625,0.8262618184089661,0.17373818159103394,0.026480194580606367,1.3862943611198906
nobox_lam1em3,无箱互校,42,2,8,64,256,0.001,0.6990221738815308,0.10119400173425674,0.6474050879478455,0.038620129227638245,-0.02513783797621727,0.9583510160446167,-4.077723503112793,1.0551453828811646,5.1328688859939575,2,0,2,0,0.03125,0.0,8,2.2326476027956232e-06,7.100942730903626e-05,0.6295012831687927,0.3704987168312073,0.018188248512780468,1.3862943611198906
nobox_lam1em1,无箱互校,42,2,8,64,256,0.1,0.7098328471183777,0.08257444947957993,0.6455375552177429,0.03375696390867233,0.3370742201805115,0.2778753340244293,-0.737236499786377,0.8752168416976929,1.6124533414840698,0,0,0,0,0.0,0.0,8,0.016638832166790962,0.007100942730903626,0.7995425462722778,0.20045745372772217,0.02363304207956244,1.3862943611198906
scalar,参照,42,2,8,64,256,0.001,0.7078941464424133,0.06978284567594528,0.6503574252128601,0.05145176872611046,0.3889538645744324,3.003791704259129e-08,0.38895383477211,0.38895383477211,0.0,0,0,0,0,0.0,0.0,8,0.00778193399310112,0.0,0.829426109790802,0.170573890209198,0.02649612393291212,1.3862943611198906
nobeta,参照,42,2,8,64,256,0.001,0.7078940272331238,0.35062557458877563,0.6800705790519714,0.3247455954551697,0.0,0.0,0.0,0.0,0.0,0,0,0,0,0.0,0.0,8,2.2326476027956232e-06,7.100942730903626e-05,0.829426109790802,0.170573890209198,0.026496115863331417,1.3862943611198906
box_lam1em3,箱+λ,42,2,16,8,256,0.001,0.7085198163986206,0.3564058542251587,0.6420163512229919,0.24317112565040588,0.6197656393051147,2.252194404602051,-3.0,2.1820406913757324,5.182040691375732,2,0,2,0,0.25,0.0,8,13.768957138061523,0.0005369524359703065,0.7010607123374939,0.2989392876625061,0.4892469475976449,3.4657359027997265
box_lam3em3,箱+λ,42,2,16,8,256,0.003,0.7085210680961609,0.3572922646999359,0.6420862078666687,0.2445933222770691,0.6192898750305176,2.2516987323760986,-3.0,2.1792173385620117,5.179217338562012,2,0,2,0,0.25,0.0,8,13.769731521606445,0.0016108573079109192,0.7014371752738953,0.29856282472610474,0.48924187615537645,3.4657359027997265
box_lam1em2,箱+λ,42,2,16,8,256,0.01,0.7085291743278503,0.3603575825691223,0.6423231363296509,0.24951814115047455,0.6175868511199951,2.249969244003296,-3.0,2.169637680053711,5.169637680053711,2,0,2,0,0.25,0.0,8,13.778352737426758,0.005369524359703064,0.7026970386505127,0.2973029613494873,0.4892243334305486,3.4657359027997265
box_lam3em2,箱+λ,42,2,16,8,256,0.03,0.7625047564506531,0.3793984651565552,0.7099597454071045,0.2778513729572296,1.1966469287872314,1.1489921808242798,-1.2596104145050049,2.1189193725585938,3.3785297870635986,0,0,0,0,0.0,0.0,8,14.147165298461914,0.016108573079109192,0.7996354699134827,0.20036453008651733,0.42959390059221675,3.4657359027997265
box_lam1em1,箱+λ,42,2,16,8,256,0.1,0.7438523173332214,0.37325072288513184,0.7062216997146606,0.27387872338294983,1.3619929552078247,0.6218317747116089,0.004590805619955063,2.016552686691284,2.011961881071329,0,0,0,0,0.0,0.0,8,15.398903846740723,0.053695243597030644,0.8673267960548401,0.1326732039451599,0.4136552506267387,3.4657359027997265
box_lam3em1,箱+λ,42,2,16,8,256,0.3,0.7422154545783997,0.4036382734775543,0.69729083776474,0.3214225769042969,1.3604731559753418,0.38310739398002625,0.6132323741912842,1.8532440662384033,1.2400116920471191,0,0,0,0,0.0,0.0,8,18.483600616455078,0.16108573079109192,0.8949112892150879,0.10508871078491211,0.41479431569774433,3.4657359027997265
box_lam1e0,箱+λ,42,2,16,8,256,1.0,0.7405441999435425,0.47336751222610474,0.7235420942306519,0.4116886258125305,1.239243745803833,0.22719037532806396,0.8980205059051514,1.5545148849487305,0.6564943790435791,0,0,0,0,0.0,0.0,8,30.052093505859375,0.5369524359703064,0.9191796779632568,0.08082032203674316,0.4175675972219882,3.4657359027997265
box_lam3e0,箱+λ,42,2,16,8,256,3.0,0.7407843470573425,0.5898587107658386,0.7809269428253174,0.5483660697937012,0.981468915939331,0.158180370926857,0.7221804857254028,1.1725728511810303,0.45039236545562744,0,0,0,0,0.0,0.0,8,59.639305114746094,1.6108573079109192,0.9325546026229858,0.06744539737701416,0.4200973538297579,3.4657359027997265
box_lam1e1,箱+λ,42,2,16,8,256,10.0,0.7399692535400391,0.7275367975234985,0.8679778575897217,0.6988086104393005,0.5849512219429016,0.1124090701341629,0.41966065764427185,0.6974247694015503,0.27776411175727844,0,0,0,0,0.0,0.0,8,112.43780517578125,5.369524359703064,0.9444432854652405,0.05555671453475952,0.42147047074583066,3.4657359027997265
box_lam3e1,箱+λ,42,2,16,8,256,30.0,0.7410752773284912,0.801002562046051,0.9340611100196838,0.7823969721794128,0.2782039940357208,0.06369996815919876,0.19280977547168732,0.3531455397605896,0.16033576428890228,0,0,0,0,0.0,0.0,8,151.10882568359375,16.108573079109192,0.9548193216323853,0.045180678367614746,0.4215787253059503,3.4657359027997265
box_lam1e2,箱+λ,42,2,16,8,256,100.0,0.7423242926597595,0.8349795937538147,0.9875785708427429,0.8211833238601685,0.09909364581108093,0.025126678869128227,0.06690104305744171,0.1304481327533722,0.06354708969593048,0,0,0,0,0.0,0.0,8,171.14199829101562,53.69524359703064,0.961555540561676,0.038444459438323975,0.42138801993913966,3.4657359027997265
box_lam1e3,箱+λ,42,2,16,8,256,1000.0,0.7431280612945557,0.8496018052101135,1.0229296684265137,0.8378152847290039,0.010710996575653553,0.002855087397620082,0.0071265073493123055,0.014362647198140621,0.007236139848828316,0,0,0,0,0.0,0.0,8,180.2117919921875,536.9524359703064,0.9649678468704224,0.03503215312957764,0.42123507927450393,3.4657359027997265
nobox_lam1em3,无箱互校,42,2,16,8,256,0.001,0.7122257947921753,0.35559678077697754,0.6416723728179932,0.2407064586877823,-2.081470489501953,7.247984886169434,-13.815510749816895,2.1800122261047363,15.99552297592163,2,2,2,0,0.25,0.25,8,13.755494117736816,0.0005369524359703065,0.6894071698188782,0.3105928301811218,0.4910759520881992,3.4657359027997265
nobox_lam1em1,无箱互校,42,2,16,8,256,0.1,0.7438523769378662,0.3732508420944214,0.706221878528595,0.27387872338294983,1.3619929552078247,0.6218319535255432,0.004590330645442009,2.016552686691284,2.011962356045842,0,0,0,0,0.0,0.0,8,15.398903846740723,0.053695243597030644,0.8673269152641296,0.13267308473587036,0.4136552187308754,3.4657359027997265
scalar,参照,42,2,16,8,256,0.001,0.7432346343994141,0.2597665786743164,0.6859146356582642,0.20882180333137512,1.7520674467086792,0.0,1.7520674467086792,1.7520674467086792,0.0,0,0,0,0,0.0,0.0,8,0.1300075650215149,0.0,0.965381383895874,0.03461861610412598,0.4212140280047105,3.4657359027997265
nobeta,参照,42,2,16,8,256,0.001,0.7432347536087036,0.8514747619628906,1.0273854732513428,0.8397307991981506,0.0,0.0,0.0,0.0,0.0,0,0,0,0,0.0,0.0,8,13.755494117736816,0.0005369524359703065,0.965381383895874,0.03461861610412598,0.4212140917964371,3.4657359027997265
box_lam1em3,箱+λ,42,2,16,16,256,0.001,0.8969634175300598,0.22242090106010437,0.7668092250823975,0.1795002967119217,0.17817693948745728,1.9836596250534058,-3.0,2.1611380577087402,5.16113805770874,4,0,4,0,0.25,0.0,16,4.193661689758301,0.00037283805012702944,0.6503430008888245,0.34965699911117554,0.31126643545984933,2.772588722239781
box_lam3em3,箱+λ,42,2,16,16,256,0.003,0.8901379108428955,0.21681930124759674,0.767596423625946,0.1811513900756836,0.1756943017244339,1.9832161664962769,-3.0,2.139249086380005,5.139249086380005,4,0,4,0,0.25,0.0,16,4.197861671447754,0.0011185141503810884,0.6511205434799194,0.34887945652008057,0.31296903664405296,2.772588722239781
box_lam1em2,箱+λ,42,2,16,16,256,0.01,0.9013427495956421,0.20391182601451874,0.736677885055542,0.16563129425048828,0.33379697799682617,1.7904218435287476,-3.0,2.103323459625244,5.103323459625244,3,0,3,0,0.1875,0.0,16,4.249039649963379,0.0037283805012702943,0.6893758177757263,0.3106241822242737,0.29559424353657504,2.772588722239781
box_lam3em2,箱+λ,42,2,16,16,256,0.03,0.9637116193771362,0.21423020958900452,0.8645033836364746,0.17871949076652527,0.6302052736282349,1.3230024576187134,-3.0,2.0433595180511475,5.0433595180511475,1,0,1,0,0.0625,0.0,16,4.495400428771973,0.011185141503810883,0.7687374949455261,0.23126250505447388,0.23652412532924555,2.772588722239781
box_lam1em1,箱+λ,42,2,16,16,256,0.1,0.7971765398979187,0.17269384860992432,0.7178505659103394,0.19005845487117767,0.9284177422523499,0.5021307468414307,0.017495352774858475,1.7778942584991455,1.760398905724287,0,0,0,0,0.0,0.0,16,5.5601487159729,0.037283805012702946,0.8953587412834167,0.10464125871658325,0.18090013188296727,2.772588722239781
box_lam3em1,箱+λ,42,2,16,16,256,0.3,0.7976445555686951,0.14627107977867126,0.7249616980552673,0.17949768900871277,0.9471882581710815,0.255993127822876,0.44985365867614746,1.4016761779785156,0.9518225193023682,0,0,0,0,0.0,0.0,16,7.34037971496582,0.11185141503810882,0.9422517418861389,0.057748258113861084,0.17043044233051113,2.772588722239781
box_lam1e0,箱+λ,42,2,16,16,256,1.0,0.8188155293464661,0.1849670559167862,0.7238059043884277,0.15882425010204315,0.8747804164886475,0.15829142928123474,0.5394296646118164,1.1055082082748413,0.5660785436630249,0,0,0,0,0.0,0.0,16,10.748189926147461,0.3728380501270294,0.9436500668525696,0.05634993314743042,0.17238050757030945,2.772588722239781
box_lam3e0,箱+λ,42,2,16,16,256,3.0,0.829281747341156,0.28040003776550293,0.7064574956893921,0.259324312210083,0.7335672378540039,0.1410650908946991,0.34955263137817383,0.9115859866142273,0.5620333552360535,0,0,0,0,0.0,0.0,16,20.301481246948242,1.1185141503810883,0.9399687051773071,0.06003129482269287,0.17505427400098428,2.772588722239781
box_lam1e1,箱+λ,42,2,16,16,256,10.0,0.8320235013961792,0.44104963541030884,0.7519286870956421,0.42456695437431335,0.48785048723220825,0.1143290176987648,0.1791074275970459,0.6296475529670715,0.45054012537002563,0,0,0,0,0.0,0.0,16,48.29100799560547,3.728380501270294,0.9439455270767212,0.05605447292327881,0.17671777085675341,2.772588722239781
box_lam3e1,箱+λ,42,2,16,16,256,30.0,0.8290013670921326,0.5603139996528625,0.8193206787109375,0.5473020672798157,0.255092978477478,0.06911709159612656,0.07914717495441437,0.3532986342906952,0.2741514593362808,0,0,0,0,0.0,0.0,16,81.76274871826172,11.185141503810883,0.9531589150428772,0.0468410849571228,0.17701363688494137,2.772588722239781
box_lam1e2,箱+λ,42,2,16,16,256,100.0,0.8249799609184265,0.6265100836753845,0.8427820205688477,0.6101108193397522,0.096465103328228,0.028575243428349495,0.02714366652071476,0.14166787266731262,0.11452420614659786,0,0,0,0,0.0,0.0,16,105.27642822265625,37.28380501270294,0.9609537124633789,0.039046287536621094,0.17691424937482564,2.772588722239781
box_lam1e3,箱+λ,42,2,16,16,256,1000.0,0.8222010135650635,0.6578689217567444,0.8448151350021362,0.6444752216339111,0.010757052339613438,0.00334048829972744,0.0028799984138458967,0.016296859830617905,0.013416861416772008,0,0,0,0,0.0,0.0,16,117.67092895507812,372.8380501270294,0.9653931260108948,0.034606873989105225,0.17680859432756685,2.772588722239781
nobox_lam1em3,无箱互校,42,2,16,16,256,0.001,0.8935879468917847,0.22136445343494415,0.7670928835868835,0.17809124290943146,-2.5258970260620117,6.758260250091553,-13.815510749816895,2.1593847274780273,15.974895477294922,4,4,4,0,0.25,0.25,16,4.17775821685791,0.00037283805012702944,0.6300960183143616,0.3699039816856384,0.3141463767510467,2.772588722239781
nobox_lam1em1,无箱互校,42,2,16,16,256,0.1,0.7971720695495605,0.17269371449947357,0.7178409695625305,0.19005826115608215,0.9284176826477051,0.5021310448646545,0.017493829131126404,1.7778946161270142,1.7604007869958878,0,0,0,0,0.0,0.0,16,5.560148239135742,0.037283805012702946,0.8953589200973511,0.10464107990264893,0.18090030731021553,2.772588722239781
scalar,参照,42,2,16,16,256,0.001,0.8218206167221069,0.17475855350494385,0.7385488748550415,0.16647088527679443,1.13703453540802,1.2311882358062576e-07,1.1370346546173096,1.1370346546173096,0.0,0,0,0,0,0.0,0.0,16,0.07539825141429901,0.0,0.9659534692764282,0.03404653072357178,0.17679376275112146,2.772588722239781
nobeta,参照,42,2,16,16,256,0.001,0.8218207955360413,0.6616025567054749,0.8451285362243652,0.6488822102546692,0.0,0.0,0.0,0.0,0.0,0,0,0,0,0.0,0.0,16,4.17775821685791,0.00037283805012702944,0.9659532308578491,0.03404676914215088,0.17679384249077976,2.772588722239781
box_lam1em3,箱+λ,42,2,16,32,256,0.001,0.8048981428146362,0.15930157899856567,0.6868908405303955,0.058135680854320526,-0.003045756369829178,1.880131721496582,-3.0,2.4146618843078613,5.414661884307861,8,0,8,0,0.25,0.0,16,0.035076435655355453,0.0002208382785320282,0.6642963886260986,0.33570361137390137,0.07324524588965618,2.0794415416798357
box_lam3em3,箱+λ,42,2,16,32,256,0.003,0.8053926229476929,0.160894513130188,0.6716196537017822,0.06811126321554184,0.0622013583779335,1.806459903717041,-3.0,2.3488292694091797,5.34882926940918,7,0,7,0,0.21875,0.0,16,0.0513029620051384,0.0006625148355960846,0.6815668940544128,0.31843310594558716,0.06942020624628868,2.0794415416798357
box_lam1em2,箱+λ,42,2,16,32,256,0.01,0.7771643400192261,0.1532735526561737,0.6399909257888794,0.07616819441318512,0.18786188960075378,1.6478806734085083,-3.0,2.1578876972198486,5.157887697219849,5,0,5,0,0.15625,0.0,16,0.12832330167293549,0.002208382785320282,0.7232951521873474,0.2767048478126526,0.062482429366274995,2.0794415416798357
box_lam3em2,箱+λ,42,2,16,32,256,0.03,0.6671735048294067,0.13672950863838196,0.5893710255622864,0.05852631852030754,0.44069617986679077,1.2039766311645508,-3.0,1.8035016059875488,4.803501605987549,1,0,1,0,0.03125,0.0,16,0.41686224937438965,0.006625148355960846,0.792777955532074,0.20722204446792603,0.05018748707418796,2.0794415416798357
box_lam1em1,箱+λ,42,2,16,32,256,0.1,0.6019065976142883,0.12696044147014618,0.5132108926773071,0.05183333903551102,0.5963989496231079,0.7781599164009094,-3.0,1.2555437088012695,4.2555437088012695,1,0,1,0,0.03125,0.0,16,1.2122632265090942,0.02208382785320282,0.8711308836936951,0.12886911630630493,0.041597404799448734,2.0794415416798357
box_lam3em1,箱+λ,42,2,16,32,256,0.3,0.5629816055297852,0.11400701850652695,0.4868510663509369,0.07851389795541763,0.6231740117073059,0.33874768018722534,-0.7621694803237915,0.9431878328323364,1.705357313156128,0,0,0,0,0.0,0.0,16,2.2657103538513184,0.06625148355960846,0.8811483979225159,0.11885160207748413,0.04111162282706736,2.0794415416798357
box_lam1e0,箱+λ,42,2,16,32,256,1.0,0.5634845495223999,0.09917820245027542,0.4730978012084961,0.10243574529886246,0.561769425868988,0.1681630164384842,0.2559207081794739,0.8557432889938354,0.5998225808143616,0,0,0,0,0.0,0.0,16,3.9159421920776367,0.2208382785320282,0.8681716918945312,0.13182830810546875,0.04302524305603577,2.0794415416798357
box_lam3e0,箱+λ,42,2,16,32,256,3.0,0.5539723634719849,0.13450239598751068,0.4820866286754608,0.13765016198158264,0.47513577342033386,0.15402992069721222,0.26541224122047424,0.7710720896720886,0.5056598484516144,0,0,0,0,0.0,0.0,16,6.951198577880859,0.6625148355960846,0.857068657875061,0.14293134212493896,0.04441414045048784,2.0794415416798357
box_lam1e1,箱+λ,42,2,16,32,256,10.0,0.5490972399711609,0.2375757396221161,0.48931604623794556,0.24250583350658417,0.3436562418937683,0.13337606191635132,0.14346568286418915,0.5848091244697571,0.44134344160556793,0,0,0,0,0.0,0.0,16,16.834508895874023,2.208382785320282,0.8618636131286621,0.1381363868713379,0.04390511038072662,2.0794415416798357
box_lam3e1,箱+λ,42,2,16,32,256,30.0,0.5482518672943115,0.361604779958725,0.5044403672218323,0.3551620841026306,0.2008877992630005,0.08838960528373718,0.07031620293855667,0.36913633346557617,0.2988201305270195,0,0,0,0,0.0,0.0,16,34.9434814453125,6.625148355960846,0.8790656328201294,0.1209343671798706,0.042104871971907105,2.0794415416798357
box_lam1e2,箱+λ,42,2,16,32,256,100.0,0.5490097403526306,0.44299909472465515,0.5217341780662537,0.4393838346004486,0.08311621844768524,0.039787232875823975,0.026289183646440506,0.16203166544437408,0.13574248179793358,0,0,0,0,0.0,0.0,16,53.764305114746094,22.08382785320282,0.8974148631095886,0.10258513689041138,0.040248676257869584,2.0794415416798357
box_lam1e3,箱+λ,42,2,16,32,256,1000.0,0.5485876798629761,0.4915025532245636,0.551702082157135,0.4892582595348358,0.009783443063497543,0.0049201725050807,0.00292932684533298,0.01999344304203987,0.01706411619670689,0,0,0,0,0.0,0.0,16,66.43807983398438,220.8382785320282,0.9098953604698181,0.09010463953018188,0.03901757567324425,2.0794415416798357
nobox_lam1em3,无箱互校,42,2,16,32,256,0.001,0.8132777810096741,0.16850773990154266,0.6751351356506348,0.05746401101350784,-2.335085153579712,6.231569766998291,-13.815510749816895,2.410519599914551,16.226030349731445,7,7,7,0,0.21875,0.21875,16,0.033002667129039764,0.0002208382785320282,0.6466460227966309,0.35335397720336914,0.0704160828128697,2.0794415416798357
nobox_lam1em1,无箱互校,42,2,16,32,256,0.1,0.6012735366821289,0.12810030579566956,0.5129818320274353,0.05079897120594978,0.2592647075653076,2.6020143032073975,-13.815510749816895,1.2581814527511597,15.073692202568054,1,1,1,0,0.03125,0.03125,16,1.208101749420166,0.02208382785320282,0.8660964369773865,0.13390356302261353,0.04140565085613131,2.0794415416798357
scalar,参照,42,2,16,32,256,0.001,0.5489524006843567,0.09633862227201462,0.48340117931365967,0.10497613251209259,0.7309268712997437,6.055837786789198e-08,0.7309268116950989,0.7309268116950989,0.0,0,0,0,0,0.0,0.0,16,0.02985847368836403,0.0,0.911597728729248,0.08840227127075195,0.0388512467199785,2.0794415416798357
nobeta,参照,42,2,16,32,256,0.001,0.5489556789398193,0.4973389506340027,0.5553081035614014,0.4954449534416199,0.0,0.0,0.0,0.0,0.0,0,0,0,0,0.0,0.0,16,0.033002667129039764,0.0002208382785320282,0.911597490310669,0.08840250968933105,0.0388512985507564,2.0794415416798357
box_lam1em3,箱+λ,42,2,16,64,256,0.001,0.6066986322402954,0.09392764419317245,0.5177127718925476,0.04503282159566879,0.24125584959983826,0.669039249420166,-2.5218899250030518,1.1931467056274414,3.715036630630493,0,0,0,0,0.0,0.0,16,1.7545717128086835e-05,0.00012056328356266021,0.7450363636016846,0.25496363639831543,0.04920246307510274,1.3862943611198906
box_lam3em3,箱+λ,42,2,16,64,256,0.003,0.6053518652915955,0.0911637395620346,0.5156164169311523,0.043711911886930466,0.2607499063014984,0.6540390849113464,-2.6786909103393555,1.1729665994644165,3.851657509803772,0,0,0,0,0.0,0.0,16,0.0001549676526337862,0.00036168985068798067,0.7557275295257568,0.24427247047424316,0.049096748223100214,1.3862943611198906
box_lam1em2,箱+λ,42,2,16,64,256,0.01,0.6000747680664062,0.07401774078607559,0.5094360113143921,0.04200393706560135,0.3031889498233795,0.6298046112060547,-3.0,1.1151199340820312,4.115119934082031,1,0,1,0,0.015625,0.0,16,0.0016240274999290705,0.0012056328356266023,0.7824051976203918,0.21759480237960815,0.04873036841507003,1.3862943611198906
box_lam3em2,箱+λ,42,2,16,64,256,0.03,0.5843253135681152,0.06467623263597488,0.4985405504703522,0.042998481541872025,0.3474509119987488,0.5821526050567627,-3.0,1.0180965662002563,4.018096566200256,1,0,1,0,0.015625,0.0,16,0.012408271431922913,0.0036168985068798063,0.8133866786956787,0.1866133213043213,0.047820646562308465,1.3862943611198906
box_lam1em1,箱+λ,42,2,16,64,256,0.1,0.5622551441192627,0.07405997067689896,0.4833166003227234,0.040804050862789154,0.3629671335220337,0.457938015460968,-2.276122570037842,0.8801441192626953,3.156266689300537,0,0,0,0,0.0,0.0,16,0.08713871240615845,0.012056328356266022,0.823728621006012,0.17627137899398804,0.04536412684371229,1.3862943611198906
box_lam3em1,箱+λ,42,2,16,64,256,0.3,0.5410059690475464,0.0833253487944603,0.47096073627471924,0.03445172682404518,0.35154545307159424,0.2815358638763428,-1.0416474342346191,0.7698373794555664,1.8114848136901855,0,0,0,0,0.0,0.0,16,0.34252768754959106,0.036168985068798065,0.8196160197257996,0.18038398027420044,0.041553233015728726,1.3862943611198906
box_lam1e0,箱+λ,42,2,16,64,256,1.0,0.5235698819160461,0.08577144145965576,0.4515909254550934,0.04306976497173309,0.3044534921646118,0.1569250226020813,-0.19427283108234406,0.7034496665000916,0.8977224975824356,0,0,0,0,0.0,0.0,16,0.9557578563690186,0.12056328356266022,0.8004641532897949,0.19953584671020508,0.03806258561646094,1.3862943611198906
box_lam3e0,箱+λ,42,2,16,64,256,3.0,0.5133994221687317,0.08551997691392899,0.44537684321403503,0.06711181253194809,0.2514137029647827,0.11821924895048141,0.03067859821021557,0.5838080048561096,0.553129406645894,0,0,0,0,0.0,0.0,16,1.882387399673462,0.36168985068798065,0.7844005227088928,0.21559947729110718,0.03770722184222608,1.3862943611198906
box_lam1e1,箱+λ,42,2,16,64,256,10.0,0.5128153562545776,0.123589888215065,0.4492558240890503,0.11378096789121628,0.18967314064502716,0.1010882630944252,0.05860719457268715,0.46526944637298584,0.4066622518002987,0,0,0,0,0.0,0.0,16,4.103051662445068,1.2056328356266022,0.7833563685417175,0.21664363145828247,0.03786998643276544,1.3862943611198906
box_lam3e1,箱+λ,42,2,16,64,256,30.0,0.509036123752594,0.19464567303657532,0.45584458112716675,0.1881077140569687,0.12364338338375092,0.07429461181163788,0.05306060239672661,0.32371756434440613,0.2706569619476795,0,0,0,0,0.0,0.0,16,9.162928581237793,3.6168985068798065,0.797758936882019,0.20224106311798096,0.037588385829448887,1.3862943611198906
box_lam1e2,箱+λ,42,2,16,64,256,100.0,0.5040088295936584,0.2704150378704071,0.4585183560848236,0.26299238204956055,0.05777027830481529,0.03790035843849182,0.022853564471006393,0.16388535499572754,0.14103179052472115,0,0,0,0,0.0,0.0,16,17.344377517700195,12.056328356266022,0.8190198540687561,0.1809801459312439,0.0370716887915413,1.3862943611198906
box_lam1e3,箱+λ,42,2,16,64,256,1000.0,0.500429630279541,0.3214714229106903,0.46100810170173645,0.3135453462600708,0.007439984939992428,0.005168090108782053,0.0027453135699033737,0.022268367931246758,0.019523054361343384,0,0,0,0,0.0,0.0,16,25.386852264404297,120.56328356266022,0.8375656604766846,0.16243433952331543,0.03666549895910059,1.3862943611198906
nobox_lam1em3,无箱互校,42,2,16,64,256,0.001,0.6093263626098633,0.09533896297216415,0.519853949546814,0.04491370916366577,0.21871449053287506,0.7377594709396362,-3.3536782264709473,1.1989474296569824,4.55262565612793,1,0,1,0,0.015625,0.0,16,1.754470395098906e-05,0.00012056328356266021,0.7373706698417664,0.26262933015823364,0.04902642581843793,1.3862943611198906
nobox_lam1em1,无箱互校,42,2,16,64,256,0.1,0.5622602105140686,0.0740591287612915,0.4833211302757263,0.040803905576467514,0.3629447817802429,0.45803457498550415,-2.277172327041626,0.8801525831222534,3.1573249101638794,0,0,0,0,0.0,0.0,16,0.08713893592357635,0.012056328356266022,0.8237168192863464,0.17628318071365356,0.04536398729931025,1.3862943611198906
scalar,参照,42,2,16,64,256,0.001,0.4999213218688965,0.05239512771368027,0.44520673155784607,0.059521500021219254,0.399539589881897,0.0,0.399539589881897,0.399539589881897,0.0,0,0,0,0,0.0,0.0,16,0.008930236101150513,0.0,0.8404152989387512,0.15958470106124878,0.03660984067760124,1.3862943611198906
nobeta,参照,42,2,16,64,256,0.001,0.4999217987060547,0.32988351583480835,0.46166521310806274,0.3207399249076843,0.0,0.0,0.0,0.0,0.0,0,0,0,0,0.0,0.0,16,1.754470395098906e-05,0.00012056328356266021,0.8404154777526855,0.15958452224731445,0.036609824729669574,1.3862943611198906
box_lam1em3,箱+λ,42,2,32,8,256,0.001,0.607933759689331,0.24834242463111877,0.5054057836532593,0.28187015652656555,1.2096269130706787,0.6725108623504639,-0.20202109217643738,1.9088481664657593,2.1108692586421967,0,0,0,0,0.0,0.0,8,18.155548095703125,0.0005503280758857727,0.8686657547950745,0.13133424520492554,0.505201444541435,3.4657359027997265
box_lam3em3,箱+λ,42,2,32,8,256,0.003,0.6079556941986084,0.24925833940505981,0.5053834915161133,0.2825107276439667,1.2098617553710938,0.6697618961334229,-0.19626577198505402,1.9058213233947754,2.1020870953798294,0,0,0,0,0.0,0.0,8,18.156009674072266,0.0016509842276573182,0.8691493272781372,0.1308506727218628,0.5052085517784097,3.4657359027997265
box_lam1em2,箱+λ,42,2,32,8,256,0.01,0.6080291271209717,0.2512977421283722,0.5061566233634949,0.2846962511539459,1.2105648517608643,0.6604071259498596,-0.17673034965991974,1.895392894744873,2.072123244404793,0,0,0,0,0.0,0.0,8,18.161067962646484,0.005503280758857727,0.8707759976387024,0.1292240023612976,0.5052345239036509,3.4657359027997265
box_lam3em2,箱+λ,42,2,32,8,256,0.03,0.6082156300544739,0.25608083605766296,0.5087963342666626,0.2796728312969208,1.2117191553115845,0.6356896758079529,-0.12551602721214294,1.866928219795227,1.99244424700737,0,0,0,0,0.0,0.0,8,18.20157241821289,0.01650984227657318,0.8749375939369202,0.12506240606307983,0.5053167397190255,3.4657359027997265
box_lam1em1,箱+λ,42,2,32,8,256,0.1,0.6087270975112915,0.2715402841567993,0.5177429914474487,0.2915888726711273,1.2095682621002197,0.5658456087112427,0.015752170234918594,1.7800647020339966,1.764312531799078,0,0,0,0,0.0,0.0,8,18.55587387084961,0.05503280758857727,0.8858454823493958,0.11415451765060425,0.5056388467182149,3.4657359027997265
box_lam3em1,箱+λ,42,2,32,8,256,0.3,0.6098368167877197,0.3081684112548828,0.521196186542511,0.3244219124317169,1.1840369701385498,0.4388701617717743,0.2589040994644165,1.6002947092056274,1.341390609741211,0,0,0,0,0.0,0.0,8,20.39340591430664,0.1650984227657318,0.9037173986434937,0.09628260135650635,0.5064731134979186,3.4657359027997265
box_lam1e0,箱+λ,42,2,32,8,256,1.0,0.612119197845459,0.39460238814353943,0.533760666847229,0.39088892936706543,1.0703204870224,0.25687211751937866,0.5634613037109375,1.3359609842300415,0.772499680519104,0,0,0,0,0.0,0.0,8,28.57489776611328,0.5503280758857727,0.9275594353675842,0.07244056463241577,0.5081364701810112,3.4657359027997265
box_lam3e0,箱+λ,42,2,32,8,256,3.0,0.6141159534454346,0.5210942625999451,0.5884237885475159,0.5237168669700623,0.8360344767570496,0.14354383945465088,0.6576004028320312,1.0643031597137451,0.40670275688171387,0,0,0,0,0.0,0.0,8,48.32481384277344,1.6509842276573181,0.9440754055976868,0.05592459440231323,0.5097121270695819,3.4657359027997265
box_lam1e1,箱+λ,42,2,32,8,256,10.0,0.6111721992492676,0.6651232838630676,0.6852174401283264,0.6661518216133118,0.4875197410583496,0.09308262914419174,0.3601154685020447,0.650761604309082,0.29064613580703735,0,0,0,0,0.0,0.0,8,81.59564208984375,5.503280758857727,0.9570327401161194,0.042967259883880615,0.5104060917267839,3.4657359027997265
box_lam3e1,箱+λ,42,2,32,8,256,30.0,0.6095060110092163,0.7492820620536804,0.7681117653846741,0.7473396062850952,0.2275749295949936,0.0522628054022789,0.15470777451992035,0.31717413663864136,0.162466362118721,0,0,0,0,0.0,0.0,8,106.16146850585938,16.50984227657318,0.9667084813117981,0.033291518688201904,0.5101925236428757,3.4657359027997265
box_lam1e2,箱+λ,42,2,32,8,256,100.0,0.6089043021202087,0.7906727194786072,0.82876056432724,0.7852529883384705,0.0800526961684227,0.020408792421221733,0.05197632685303688,0.11470035463571548,0.0627240277826786,0,0,0,0,0.0,0.0,8,119.1474838256836,55.03280758857727,0.9725433588027954,0.02745664119720459,0.5098734438001756,3.4657359027997265
box_lam1e3,箱+λ,42,2,32,8,256,1000.0,0.6084548234939575,0.8062127828598022,0.8550912737846375,0.8017164468765259,0.008594563230872154,0.0023022647947072983,0.0054565537720918655,0.012492501176893711,0.0070359474048018456,0,0,0,0,0.0,0.0,8,125.09722137451172,550.3280758857727,0.9753842353820801,0.024615764617919922,0.5096767225002076,3.4657359027997265
nobox_lam1em3,无箱互校,42,2,32,8,256,0.001,0.6079337000846863,0.24834242463111877,0.505405843257904,0.28187015652656555,1.2096269130706787,0.6725109219551086,-0.202021524310112,1.9088481664657593,2.1108696907758713,0,0,0,0,0.0,0.0,8,18.155548095703125,0.0005503280758857727,0.8686659336090088,0.1313340663909912,0.505201444541435,3.4657359027997265
nobox_lam1em1,无箱互校,42,2,32,8,256,0.1,0.6087270975112915,0.2715403437614441,0.517742931842804,0.2915888726711273,1.2095682621002197,0.5658455491065979,0.015752170234918594,1.7800647020339966,1.764312531799078,0,0,0,0,0.0,0.0,8,18.555875778198242,0.05503280758857727,0.885845422744751,0.11415457725524902,0.5056388905900481,3.4657359027997265
scalar,参照,42,2,32,8,256,0.001,0.6083940863609314,0.2144259810447693,0.5100142955780029,0.30894559621810913,1.6302220821380615,1.2744008870413381e-07,1.630221962928772,1.630221962928772,0.0,0,0,0,0,0.0,0.0,8,0.17475531995296478,0.0,0.9757238030433655,0.02427619695663452,0.509651364580631,3.4657359027997265
nobeta,参照,42,2,32,8,256,0.001,0.6083941459655762,0.8078173398971558,0.8582408428192139,0.803617537021637,0.0,0.0,0.0,0.0,0.0,0,0,0,0,0.0,0.0,8,18.155548095703125,0.0005503280758857727,0.9757238030433655,0.02427619695663452,0.509651364580631,3.4657359027997265
box_lam1em3,箱+λ,42,2,32,16,256,0.001,0.559695839881897,0.1556912511587143,0.45134469866752625,0.10714896023273468,0.699690043926239,0.8600878119468689,-1.414005994796753,1.8645247220993042,3.278530716896057,0,0,0,0,0.0,0.0,16,4.016862869262695,0.0003640963435173035,0.8160861134529114,0.18391388654708862,0.2933055355548203,2.772588722239781
box_lam3em3,箱+λ,42,2,32,16,256,0.003,0.547997772693634,0.15316417813301086,0.44879013299942017,0.10410773009061813,0.7337369918823242,0.7860768437385559,-1.1089860200881958,1.8283618688583374,2.937347888946533,0,0,0,0,0.0,0.0,16,4.020076751708984,0.0010922890305519104,0.8306376338005066,0.1693623661994934,0.28901261087065006,2.772588722239781
box_lam1em2,箱+λ,42,2,32,16,256,0.01,0.5505072474479675,0.15500013530254364,0.44424277544021606,0.10808000713586807,0.8002235293388367,0.6418738961219788,-0.5549209117889404,1.7253382205963135,2.280259132385254,0,0,0,0,0.0,0.0,16,4.045480728149414,0.003640963435173035,0.8669515252113342,0.13304847478866577,0.28337852424624294,2.772588722239781
box_lam3em2,箱+λ,42,2,32,16,256,0.03,0.5504173040390015,0.1410702019929886,0.4393571615219116,0.10392582416534424,0.8650152683258057,0.4821223020553589,-0.021909810602664948,1.5463759899139404,1.5682858005166054,0,0,0,0,0.0,0.0,16,4.149147033691406,0.010922890305519104,0.9154458045959473,0.08455419540405273,0.28131492482907183,2.772588722239781
box_lam1em1,箱+λ,42,2,32,16,256,0.1,0.5471196174621582,0.131795272231102,0.4349111020565033,0.12752726674079895,0.8967273235321045,0.3300055265426636,0.34303441643714905,1.3571721315383911,1.014137715101242,0,0,0,0,0.0,0.0,16,4.4699811935424805,0.03640963435173035,0.9539077877998352,0.046092212200164795,0.2811456014889232,2.772588722239781
box_lam3em1,箱+λ,42,2,32,16,256,0.3,0.5323086380958557,0.1391034871339798,0.43365415930747986,0.11952735483646393,0.8771450519561768,0.22213341295719147,0.40883883833885193,1.135169267654419,0.726330429315567,0,0,0,0,0.0,0.0,16,5.222162246704102,0.10922890305519103,0.9619176387786865,0.03808236122131348,0.2820860819767497,2.772588722239781
box_lam1e0,箱+λ,42,2,32,16,256,1.0,0.5108726620674133,0.1868952363729477,0.4347824454307556,0.1907290667295456,0.797109842300415,0.13164211809635162,0.4994351863861084,0.9878743886947632,0.4884392023086548,0,0,0,0,0.0,0.0,16,7.8087568283081055,0.36409634351730347,0.9537872672080994,0.046212732791900635,0.2843219660828089,2.772588722239781
box_lam3e0,箱+λ,42,2,32,16,256,3.0,0.511292040348053,0.2699897587299347,0.4578195810317993,0.269278347492218,0.6521783471107483,0.09616608172655106,0.47211045026779175,0.8542588353157043,0.3821483850479126,0,0,0,0,0.0,0.0,16,15.258553504943848,1.0922890305519104,0.9459089040756226,0.05409109592437744,0.2865736440488121,2.772588722239781
box_lam1e1,箱+λ,42,2,32,16,256,10.0,0.5119438171386719,0.42023980617523193,0.47767648100852966,0.4223943054676056,0.41733622550964355,0.08490771055221558,0.308789998292923,0.6169050335884094,0.30811503529548645,0,0,0,0,0.0,0.0,16,34.62112808227539,3.6409634351730347,0.9474906921386719,0.052509307861328125,0.28755238077516937,2.772588722239781
box_lam3e1,箱+λ,42,2,32,16,256,30.0,0.5136865973472595,0.532527506351471,0.5581716895103455,0.5326113104820251,0.21122950315475464,0.0550411157310009,0.1431870013475418,0.3390679657459259,0.1958809643983841,0,0,0,0,0.0,0.0,16,56.384239196777344,10.922890305519104,0.9565099477767944,0.043490052223205566,0.2869611858871857,2.772588722239781
box_lam1e2,箱+λ,42,2,32,16,256,100.0,0.5154430270195007,0.5939720869064331,0.5952170491218567,0.5942429304122925,0.07818372547626495,0.023331845179200172,0.050306446850299835,0.13226433098316193,0.08195788413286209,0,0,0,0,0.0,0.0,16,71.32565307617188,36.40963435173035,0.9645020961761475,0.03549790382385254,0.2861279939673948,2.772588722239781
box_lam1e3,箱+λ,42,2,32,16,256,1000.0,0.5165658593177795,0.6229062080383301,0.627747118473053,0.6230886578559875,0.008617972955107689,0.0027484502643346786,0.00539964297786355,0.014998523518443108,0.009598880540579557,0,0,0,0,0.0,0.0,16,79.13343811035156,364.09634351730347,0.9690483808517456,0.030951619148254395,0.28558762459814724,2.772588722239781
nobox_lam1em3,无箱互校,42,2,32,16,256,0.001,0.5596959590911865,0.15569132566452026,0.45134469866752625,0.10714901983737946,0.6996898651123047,0.8600879907608032,-1.414005994796753,1.8645250797271729,3.278531074523926,0,0,0,0,0.0,0.0,16,4.016862869262695,0.0003640963435173035,0.8160862922668457,0.1839137077331543,0.2933055136189037,2.772588722239781
nobox_lam1em1,无箱互校,42,2,32,16,256,0.1,0.5471196174621582,0.13179515302181244,0.43491095304489136,0.12752726674079895,0.8967272639274597,0.3300054669380188,0.3430352509021759,1.3571722507476807,1.0141369998455048,0,0,0,0,0.0,0.0,16,4.469982147216797,0.03640963435173035,0.9539080262184143,0.04609197378158569,0.2811456234248398,2.772588722239781
scalar,参照,42,2,32,16,256,0.001,0.5167154669761658,0.1593969166278839,0.43306857347488403,0.15955360233783722,1.047223448753357,0.0,1.047223448753357,1.047223448753357,0.0,0,0,0,0,0.0,0.0,16,0.06088387221097946,0.0,0.9696205854415894,0.030379414558410645,0.2855164864206499,2.772588722239781
nobeta,参照,42,2,32,16,256,0.001,0.5167163610458374,0.6263443827629089,0.6309303641319275,0.6262887716293335,0.0,0.0,0.0,0.0,0.0,0,0,0,0,0.0,0.0,16,4.016862869262695,0.0003640963435173035,0.9696205854415894,0.030379414558410645,0.28551646448473333,2.772588722239781
box_lam1em3,箱+λ,42,2,32,32,256,0.001,0.6309722065925598,0.15484121441841125,0.555088996887207,0.0565861277282238,-0.3936249315738678,1.9860353469848633,-3.0,2.2121028900146484,5.212102890014648,10,0,10,0,0.3125,0.0,32,1.3151869773864746,0.00020572857558727266,0.5674705505371094,0.4325294494628906,0.2790742806291128,2.0794415416798357
box_lam3em3,箱+λ,42,2,32,32,256,0.003,0.6049404740333557,0.16008645296096802,0.5446149110794067,0.055813562124967575,-0.2639303505420685,1.8683310747146606,-3.0,2.1287410259246826,5.128741025924683,8,0,8,0,0.25,0.0,32,1.3329328298568726,0.000617185726761818,0.5811958909034729,0.4188041090965271,0.272674257605176,2.0794415416798357
box_lam1em2,箱+λ,42,2,32,32,256,0.01,0.6129189133644104,0.14001737534999847,0.5252566337585449,0.0586506612598896,-0.13136476278305054,1.8031070232391357,-3.0,1.8767621517181396,4.87676215171814,8,0,8,0,0.25,0.0,32,1.3991018533706665,0.0020572857558727267,0.612015426158905,0.38798457384109497,0.25335680944369887,2.0794415416798357
box_lam3em2,箱+λ,42,2,32,32,256,0.03,0.5287200212478638,0.10112693905830383,0.4469578266143799,0.054234571754932404,0.27920860052108765,1.236793875694275,-3.0,1.603677749633789,4.603677749633789,2,0,2,0,0.0625,0.0,32,1.659894347190857,0.006171857267618179,0.7167401909828186,0.2832598090171814,0.17591495146806832,2.0794415416798357
box_lam1em1,箱+λ,42,2,32,32,256,0.1,0.4572789967060089,0.09803441166877747,0.3803265690803528,0.0670965313911438,0.47474345564842224,0.7805254459381104,-3.0,1.2147645950317383,4.214764595031738,1,0,1,0,0.03125,0.0,32,2.298086643218994,0.020572857558727266,0.818004310131073,0.181995689868927,0.11934981241279373,2.0794415416798357
box_lam3em1,箱+λ,42,2,32,32,256,0.3,0.4555220901966095,0.09416847676038742,0.3782336115837097,0.08707284927368164,0.5182714462280273,0.3754754960536957,-1.0821235179901123,0.9653849601745605,2.047508478164673,0,0,0,0,0.0,0.0,32,2.9309465885162354,0.06171857267618179,0.8284024000167847,0.17159759998321533,0.1183999652885838,2.0794415416798357
box_lam1e0,箱+λ,42,2,32,32,256,1.0,0.45357367396354675,0.10085096955299377,0.3551674783229828,0.10522866994142532,0.48500198125839233,0.1998865157365799,-0.06617452204227448,0.7944914102554321,0.8606659322977066,0,0,0,0,0.0,0.0,32,3.94457745552063,0.20572857558727264,0.820777416229248,0.17922258377075195,0.11751598075393162,2.0794415416798357
box_lam3e0,箱+λ,42,2,32,32,256,3.0,0.4447754919528961,0.16181878745555878,0.3647701144218445,0.160857692360878,0.4122336506843567,0.16803768277168274,0.1367836892604828,0.6910811066627502,0.5542974174022675,0,0,0,0,0.0,0.0,32,6.0694169998168945,0.6171857267618179,0.813062846660614,0.186937153339386,0.1186326066519659,2.0794415416798357
box_lam1e1,箱+λ,42,2,32,32,256,10.0,0.45743778347969055,0.2642952501773834,0.38179805874824524,0.25380992889404297,0.2923368215560913,0.1355057656764984,0.08107206970453262,0.5575999617576599,0.4765278920531273,0,0,0,0,0.0,0.0,32,13.1303129196167,2.0572857558727264,0.8189675211906433,0.1810324788093567,0.11743663854363007,2.0794415416798357
box_lam3e1,箱+λ,42,2,32,32,256,30.0,0.46689334511756897,0.36842080950737,0.41504335403442383,0.36598822474479675,0.16662222146987915,0.08710927516222,0.039927888661623,0.3627762794494629,0.3228483907878399,0,0,0,0,0.0,0.0,32,25.593639373779297,6.171857267618179,0.8379723429679871,0.16202765703201294,0.11403699922274561,2.0794415416798357
box_lam1e2,箱+λ,42,2,32,32,256,100.0,0.46993112564086914,0.44584429264068604,0.44500893354415894,0.44426780939102173,0.06761147081851959,0.03849968686699867,0.014861702919006348,0.16040770709514618,0.14554600417613983,0,0,0,0,0.0,0.0,32,38.14884948730469,20.572857558727264,0.8581032156944275,0.1418967843055725,0.11064601362095543,2.0794415416798357
box_lam1e3,箱+λ,42,2,32,32,256,1000.0,0.4667160212993622,0.4890212416648865,0.4472957253456116,0.4837908446788788,0.00786710623651743,0.004710009321570396,0.0016363576287403703,0.019623544067144394,0.017987186438404024,0,0,0,0,0.0,0.0,32,46.45384979248047,205.72857558727264,0.8716504573822021,0.12834954261779785,0.10844722314984781,2.0794415416798357
nobox_lam1em3,无箱互校,42,2,32,32,256,0.001,0.6444349884986877,0.15896466374397278,0.5609057545661926,0.05788964778184891,-3.8423590660095215,6.921144485473633,-13.815510749816895,2.2069456577301025,16.022456407546997,11,10,11,0,0.34375,0.3125,32,1.2854468822479248,0.00020572857558727266,0.5378470420837402,0.46215295791625977,0.2866702059536358,2.0794415416798357
nobox_lam1em1,无箱互校,42,2,32,32,256,0.1,0.457471638917923,0.09685290604829788,0.3803666830062866,0.06709212064743042,0.1371675729751587,2.5864007472991943,-13.815510749816895,1.2199807167053223,15.035491466522217,1,1,1,0,0.03125,0.03125,32,2.2919507026672363,0.020572857558727266,0.8163179159164429,0.18368208408355713,0.11933932704466431,2.0794415416798357
scalar,参照,42,2,32,32,256,0.001,0.46619224548339844,0.08331502228975296,0.3651410937309265,0.1250171959400177,0.7090677618980408,6.055837786789198e-08,0.709067702293396,0.709067702293396,0.0,0,0,0,0,0.0,0.0,32,0.03393518179655075,0.0,0.8734886646270752,0.1265113353729248,0.10815305154043423,2.0794415416798357
nobeta,参照,42,2,32,32,256,0.001,0.4661921560764313,0.4946291148662567,0.45098814368247986,0.48943567276000977,0.0,0.0,0.0,0.0,0.0,0,0,0,0,0.0,0.0,32,1.2854468822479248,0.00020572857558727266,0.8734889030456543,0.1265110969543457,0.1081530954122674,2.0794415416798357
box_lam1em3,箱+λ,42,2,32,64,256,0.001,0.44218820333480835,0.04227832332253456,0.39928942918777466,0.005645001772791147,0.22050869464874268,1.0672296285629272,-3.0,1.5831420421600342,4.583142042160034,5,0,5,0,0.078125,0.0,32,0.016540396958589554,0.0001092531830072403,0.759834885597229,0.240165114402771,0.06902736650370228,1.3862943611198906
box_lam3em3,箱+λ,42,2,32,64,256,0.003,0.4413626194000244,0.04238723963499069,0.39453890919685364,0.007774496916681528,0.23409107327461243,1.0434160232543945,-3.0,1.553165316581726,4.553165316581726,4,0,4,0,0.0625,0.0,32,0.019651008769869804,0.0003277595490217209,0.7661451697349548,0.23385483026504517,0.06796502103126688,1.3862943611198906
box_lam1em2,箱+λ,42,2,32,64,256,0.01,0.43487346172332764,0.04333603009581566,0.37213343381881714,0.009058522060513496,0.29551032185554504,0.9091593623161316,-3.0,1.457048773765564,4.457048773765564,3,0,3,0,0.046875,0.0,32,0.0329386405646801,0.001092531830072403,0.7892208099365234,0.21077919006347656,0.06500614556637954,1.3862943611198906
box_lam3em2,箱+λ,42,2,32,64,256,0.03,0.4146724045276642,0.0507587194442749,0.3384121358394623,0.016524143517017365,0.33156847953796387,0.8178116083145142,-3.0,1.254450798034668,4.254450798034668,2,0,2,0,0.03125,0.0,32,0.07636071741580963,0.0032775954902172087,0.8110297918319702,0.18897020816802979,0.06045939490738158,1.3862943611198906
box_lam1em1,箱+λ,42,2,32,64,256,0.1,0.38408970832824707,0.05709829553961754,0.31161201000213623,0.02666163444519043,0.36431562900543213,0.5376222133636475,-3.0,0.9278011918067932,3.927801191806793,1,0,1,0,0.015625,0.0,32,0.2369517832994461,0.01092531830072403,0.8197610378265381,0.18023896217346191,0.05744573449081381,1.3862943611198906
box_lam3em1,箱+λ,42,2,32,64,256,0.3,0.3651537001132965,0.059032365679740906,0.30459147691726685,0.0300943274050951,0.34707725048065186,0.22873450815677643,-0.8239966630935669,0.7038363218307495,1.5278329849243164,0,0,0,0,0.0,0.0,32,0.5638636350631714,0.03277595490217209,0.7988554239273071,0.20114457607269287,0.05608909127744445,1.3862943611198906
box_lam1e0,箱+λ,42,2,32,64,256,1.0,0.3593355119228363,0.06621721386909485,0.29750463366508484,0.04482297971844673,0.2826666831970215,0.12411440163850784,-0.17948731780052185,0.5635141134262085,0.7430014312267303,0,0,0,0,0.0,0.0,32,1.063450574874878,0.1092531830072403,0.7645003795623779,0.23549962043762207,0.05714555792423406,1.3862943611198906
box_lam3e0,箱+λ,42,2,32,64,256,3.0,0.3596036434173584,0.08255210518836975,0.3009989857673645,0.06778403371572495,0.22691833972930908,0.10991944372653961,0.030295979231595993,0.48458313941955566,0.45428716018795967,0,0,0,0,0.0,0.0,32,1.6648039817810059,0.3277595490217209,0.7443014979362488,0.2556985020637512,0.058613098163917896,1.3862943611198906
box_lam1e1,箱+λ,42,2,32,64,256,10.0,0.3626878559589386,0.13129715621471405,0.30641353130340576,0.11933352798223495,0.1671665906906128,0.10163690894842148,0.07356691360473633,0.4274275004863739,0.3538605868816376,0,0,0,0,0.0,0.0,32,3.2056615352630615,1.092531830072403,0.7418755888938904,0.2581244111061096,0.058570805716734765,1.3862943611198906
box_lam3e1,箱+λ,42,2,32,64,256,30.0,0.3608016073703766,0.20029902458190918,0.3053448498249054,0.18991194665431976,0.1065269485116005,0.07514967024326324,0.039794549345970154,0.3305312693119049,0.29073671996593475,0,0,0,0,0.0,0.0,32,6.980446815490723,3.277595490217209,0.7575175762176514,0.24248242378234863,0.05659610708551878,1.3862943611198906
box_lam1e2,箱+λ,42,2,32,64,256,100.0,0.3570517301559448,0.26675090193748474,0.3251331150531769,0.26171019673347473,0.04884013161063194,0.03805973008275032,0.016660017892718315,0.17190977931022644,0.15524976141750813,0,0,0,0,0.0,0.0,32,13.046218872070312,10.92531830072403,0.7812777757644653,0.21872222423553467,0.05394944552143927,1.3862943611198906
box_lam1e3,箱+λ,42,2,32,64,256,1000.0,0.3539155423641205,0.3174881637096405,0.33921581506729126,0.3072880208492279,0.00621221587061882,0.005156282801181078,0.0019710890483111143,0.02365405671298504,0.021682967664673924,0,0,0,0,0.0,0.0,32,18.88897705078125,109.2531830072403,0.801927387714386,0.198072612285614,0.05188359767281783,1.3862943611198906
nobox_lam1em3,无箱互校,42,2,32,64,256,0.001,0.441864550113678,0.04804006591439247,0.3990495502948761,0.005344170145690441,-0.5605802536010742,3.7177491188049316,-13.815510749816895,1.5766377449035645,15.392148494720459,5,4,5,0,0.078125,0.0625,32,0.01573224551975727,0.0001092531830072403,0.7483187317848206,0.25168126821517944,0.068864651358426,1.3862943611198906
nobox_lam1em1,无箱互校,42,2,32,64,256,0.1,0.3841513693332672,0.05670911446213722,0.3112989068031311,0.02696317620575428,0.19537989795207977,1.80875825881958,-13.815510749816895,0.9263666868209839,14.741877436637878,1,1,1,0,0.015625,0.015625,32,0.23576295375823975,0.01092531830072403,0.8178641200065613,0.18213587999343872,0.05748910728188894,1.3862943611198906
scalar,参照,42,2,32,64,256,0.001,0.3534567654132843,0.047939516603946686,0.2984315752983093,0.06112788990139961,0.3939507305622101,3.003791704259129e-08,0.39395076036453247,0.39395076036453247,0.0,0,0,0,0,0.0,0.0,32,0.008293651044368744,0.0,0.8050852417945862,0.19491475820541382,0.051585548890147194,1.3862943611198906
nobeta,参照,42,2,32,64,256,0.001,0.35345718264579773,0.32427409291267395,0.3409295678138733,0.3136829733848572,0.0,0.0,0.0,0.0,0.0,0,0,0,0,0.0,0.0,32,0.01573224551975727,0.0001092531830072403,0.8050848245620728,0.19491517543792725,0.05158554340616805,1.3862943611198906
box_lam1em3,箱+λ,43,0,8,8,256,0.001,0.8599863648414612,0.30127841234207153,0.6348101496696472,0.2594027519226074,0.3152281641960144,2.115219831466675,-3.0,2.1579034328460693,5.157903432846069,2,0,2,0,0.25,0.0,8,0.0857258141040802,0.0003926779329776764,0.734868049621582,0.26513195037841797,0.14895293281527935,3.4657359027997265
box_lam3em3,箱+λ,43,0,8,8,256,0.003,0.8600425720214844,0.29331251978874207,0.6358417868614197,0.2631542980670929,0.31255391240119934,2.1096770763397217,-3.0,2.1302990913391113,5.130299091339111,2,0,2,0,0.25,0.0,8,0.09026294946670532,0.001178033798933029,0.7352414131164551,0.2647585868835449,0.14857877064717837,3.4657359027997265
box_lam1em2,箱+λ,43,0,8,8,256,0.01,0.8304820656776428,0.2520025372505188,0.6232434511184692,0.27652570605278015,0.7218998670578003,1.579483985900879,-3.0,1.7663663625717163,4.766366362571716,1,0,1,0,0.125,0.0,8,0.18338528275489807,0.003926779329776764,0.7995936274528503,0.20040637254714966,0.1142670914012991,3.4657359027997265
box_lam3em2,箱+λ,43,0,8,8,256,0.03,0.768820583820343,0.25587138533592224,0.6100382804870605,0.27183714509010315,1.001004934310913,0.6619291305541992,-0.4457891583442688,1.5273362398147583,1.973125398159027,0,0,0,0,0.0,0.0,8,0.3718375861644745,0.011780337989330291,0.8604293465614319,0.13957065343856812,0.04816917114059286,3.4657359027997265
box_lam1em1,箱+λ,43,0,8,8,256,0.1,0.837942361831665,0.271969735622406,0.6128531694412231,0.32622772455215454,0.9505490064620972,0.34452494978904724,0.26119565963745117,1.4205819368362427,1.1593862771987915,0,0,0,0,0.0,0.0,8,0.8537889122962952,0.03926779329776764,0.8622211217880249,0.1377788782119751,0.034564974923574035,3.4657359027997265
box_lam3em1,箱+λ,43,0,8,8,256,0.3,0.8957985639572144,0.36508384346961975,0.6228049397468567,0.3862466812133789,0.7987688779830933,0.1698317527770996,0.5810092687606812,1.1618351936340332,0.580825924873352,0,0,0,0,0.0,0.0,8,1.8522077798843384,0.11780337989330292,0.8374569416046143,0.16254305839538574,0.04509197069644307,3.4657359027997265
box_lam1e0,箱+λ,43,0,8,8,256,1.0,0.954915463924408,0.48134297132492065,0.6557807326316833,0.4547753632068634,0.5837530493736267,0.17814292013645172,0.3769592344760895,0.8710111379623413,0.49405190348625183,0,0,0,0,0.0,0.0,8,3.444734811782837,0.3926779329776764,0.803737461566925,0.19626253843307495,0.06032865586183208,3.4657359027997265
box_lam3e0,箱+λ,43,0,8,8,256,3.0,0.9738878011703491,0.571509063243866,0.6889608502388,0.5697097182273865,0.3923840820789337,0.19533377885818481,0.1760675311088562,0.7380242347717285,0.5619567036628723,0,0,0,0,0.0,0.0,8,5.790048599243164,1.1780337989330292,0.7953877449035645,0.20461225509643555,0.06410733030740857,3.4657359027997265
box_lam1e1,箱+λ,43,0,8,8,256,10.0,0.9808522462844849,0.6553121209144592,0.7301117181777954,0.6540827751159668,0.20550288259983063,0.13499073684215546,0.06737277656793594,0.4578302502632141,0.39045747369527817,0,0,0,0,0.0,0.0,8,10.061134338378906,3.926779329776764,0.8150123953819275,0.1849876046180725,0.05555757432090539,3.4657359027997265
box_lam3e1,箱+λ,43,0,8,8,256,30.0,0.954417884349823,0.7064138650894165,0.7711209654808044,0.6998021602630615,0.09015277773141861,0.06697969138622284,0.025181053206324577,0.21988660097122192,0.19470554776489735,0,0,0,0,0.0,0.0,8,13.5206298828125,11.780337989330292,0.8375654816627502,0.16243451833724976,0.0463847695813951,3.4657359027997265
box_lam1e2,箱+λ,43,0,8,8,256,100.0,0.9102134108543396,0.7228212952613831,0.7943638563156128,0.7191199660301208,0.030657678842544556,0.024116577580571175,0.007940630428493023,0.07825267314910889,0.07031204272061586,0,0,0,0,0.0,0.0,8,15.419803619384766,39.26779329776764,0.8515070080757141,0.1484929919242859,0.041128844237347154,3.4657359027997265
box_lam1e3,箱+λ,43,0,8,8,256,1000.0,0.905712902545929,0.7299802899360657,0.8023487329483032,0.7341631650924683,0.0032380600459873676,0.002612870652228594,0.0008110094931907952,0.00843970850110054,0.007628699007909745,0,0,0,0,0.0,0.0,8,16.303009033203125,392.6779329776764,0.8583691120147705,0.1416308879852295,0.0386678927122247,3.4657359027997265
nobox_lam1em3,无箱互校,43,0,8,8,256,0.001,0.863124430179596,0.3069795072078705,0.6342824697494507,0.2587583661079407,-2.3872690200805664,7.074428558349609,-13.815510749816895,2.169006824493408,15.984517574310303,2,2,2,0,0.25,0.25,8,0.08060016483068466,0.0003926779329776764,0.7192931771278381,0.28070682287216187,0.15006609468415766,3.4657359027997265
nobox_lam1em1,无箱互校,43,0,8,8,256,0.1,0.8379427194595337,0.27196964621543884,0.6128526926040649,0.32622772455215454,0.9505490064620972,0.34452494978904724,0.26119574904441833,1.4205820560455322,1.159386307001114,0,0,0,0,0.0,0.0,8,0.8537887930870056,0.03926779329776764,0.8622211217880249,0.1377788782119751,0.03456492651292686,3.4657359027997265
scalar,参照,43,0,8,8,256,0.001,0.9054952263832092,0.2378338724374771,0.6544731855392456,0.3261658847332001,1.0900534391403198,0.0,1.0900534391403198,1.0900534391403198,0.0,0,0,0,0,0.0,0.0,8,0.07082036137580872,0.0,0.8591960072517395,0.1408039927482605,0.03837682555804749,3.4657359027997265
nobeta,参照,43,0,8,8,256,0.001,0.905495285987854,0.7314172387123108,0.8022070527076721,0.7359094023704529,0.0,0.0,0.0,0.0,0.0,0,0,0,0,0.0,0.0,8,0.08060016483068466,0.0003926779329776764,0.85919588804245,0.14080411195755005,0.038377119745826464,3.4657359027997265
box_lam1em3,箱+λ,43,0,8,16,256,0.001,0.6358879804611206,0.17810215055942535,0.5112298727035522,0.19681067764759064,0.30898037552833557,1.1771669387817383,-3.0,1.6939871311187744,4.693987131118774,1,0,1,0,0.0625,0.0,8,0.0006727570435032248,0.00020452706515789032,0.6587502360343933,0.3412497639656067,0.0451306954902852,2.772588722239781
box_lam3em3,箱+λ,43,0,8,16,256,0.003,0.6447867751121521,0.1784956008195877,0.5117130279541016,0.1886771023273468,0.3891923129558563,1.1074233055114746,-3.0,1.6515154838562012,4.651515483856201,1,0,1,0,0.0625,0.0,8,0.002672808477655053,0.000613581195473671,0.6799724102020264,0.32002758979797363,0.03972669314822413,2.772588722239781
box_lam1em2,箱+λ,43,0,8,16,256,0.01,0.6649858355522156,0.15531298518180847,0.5233436822891235,0.17228905856609344,0.4703628718852997,1.0490927696228027,-3.0,1.5373445749282837,4.537344574928284,1,0,1,0,0.0625,0.0,8,0.013597456738352776,0.0020452706515789033,0.7082603573799133,0.29173964262008667,0.03182522648138466,2.772588722239781
box_lam3em2,箱+λ,43,0,8,16,256,0.03,0.659808874130249,0.1723370999097824,0.5216176509857178,0.16155306994915009,0.600938081741333,0.6373183727264404,-1.1843822002410889,1.3667492866516113,2.5511314868927,0,0,0,0,0.0,0.0,8,0.05048615112900734,0.0061358119547367095,0.7256022095680237,0.2743977904319763,0.02868141671062133,2.772588722239781
box_lam1em1,箱+λ,43,0,8,16,256,0.1,0.6455226540565491,0.20441022515296936,0.5218144655227661,0.1669337898492813,0.6348833441734314,0.3953729271888733,-0.13009046018123627,1.1348135471343994,1.2649040073156357,0,0,0,0,0.0,0.0,8,0.1887529045343399,0.020452706515789034,0.7324402928352356,0.2675597071647644,0.028776417019853624,2.772588722239781
box_lam3em1,箱+λ,43,0,8,16,256,0.3,0.6767918467521667,0.25536516308784485,0.5089269876480103,0.247877836227417,0.567643940448761,0.2687384784221649,0.11984328180551529,1.018826961517334,0.8989836797118187,0,0,0,0,0.0,0.0,8,0.5732057690620422,0.06135811954736709,0.7164640426635742,0.2835359573364258,0.03243247846782977,2.772588722239781
box_lam1e0,箱+λ,43,0,8,16,256,1.0,0.6812146306037903,0.3298249840736389,0.5342073440551758,0.3585071563720703,0.4284941852092743,0.1871715784072876,0.14960786700248718,0.7859764695167542,0.636368602514267,0,0,0,0,0.0,0.0,8,1.445548176765442,0.20452706515789032,0.6871746182441711,0.31282538175582886,0.039522556620785146,2.772588722239781
box_lam3e0,箱+λ,43,0,8,16,256,3.0,0.6944889426231384,0.41159361600875854,0.5572114586830139,0.43334144353866577,0.2942751944065094,0.16928552091121674,0.1070985198020935,0.744213879108429,0.6371153593063354,0,0,0,0,0.0,0.0,8,2.607769012451172,0.613581195473671,0.673498272895813,0.326501727104187,0.04339377360427594,2.772588722239781
box_lam1e1,箱+λ,43,0,8,16,256,10.0,0.6906307935714722,0.4990541934967041,0.5662870407104492,0.5081790685653687,0.1679590344429016,0.1312781274318695,0.058193501085042953,0.5478491187095642,0.48965561762452126,0,0,0,0,0.0,0.0,8,4.882421970367432,2.045270651578903,0.6910770535469055,0.3089229464530945,0.03974434441496244,2.772588722239781
box_lam3e1,箱+λ,43,0,8,16,256,30.0,0.6670354008674622,0.5645914673805237,0.6004005074501038,0.5590370297431946,0.08126679807901382,0.07496785372495651,0.026586396619677544,0.3068641126155853,0.2802777159959078,0,0,0,0,0.0,0.0,8,7.644495010375977,6.13581195473671,0.7238530516624451,0.27614694833755493,0.033063932053965225,2.772588722239781
box_lam1e2,箱+λ,43,0,8,16,256,100.0,0.6619284749031067,0.5980019569396973,0.6497131586074829,0.5974087119102478,0.02952921763062477,0.02973683550953865,0.00926823541522026,0.12112875282764435,0.11186051741242409,0,0,0,0,0.0,0.0,8,9.705089569091797,20.452706515789032,0.7506565451622009,0.24934345483779907,0.02826165729872768,2.772588722239781
box_lam1e3,箱+λ,43,0,8,16,256,1000.0,0.6570541262626648,0.6207720041275024,0.6567180752754211,0.615524411201477,0.0032302828039973974,0.0033961732406169176,0.000990615226328373,0.013819136656820774,0.012828521430492401,0,0,0,0,0.0,0.0,8,10.832260131835938,204.52706515789032,0.7661771178245544,0.23382288217544556,0.025756119567559275,2.772588722239781
nobox_lam1em3,无箱互校,43,0,8,16,256,0.001,0.6374321579933167,0.1766514927148819,0.5120357871055603,0.1958909034729004,-0.37397366762161255,3.6706578731536865,-13.815510749816895,1.6907110214233398,15.506221771240234,1,1,1,0,0.0625,0.0625,8,0.0006615989841520786,0.00020452706515789032,0.6548721194267273,0.3451278805732727,0.044567847238985166,2.772588722239781
nobox_lam1em1,无箱互校,43,0,8,16,256,0.1,0.6455225944519043,0.20441022515296936,0.5218129754066467,0.16693343222141266,0.6348835229873657,0.39537280797958374,-0.1300899237394333,1.134813666343689,1.2649035900831223,0,0,0,0,0.0,0.0,8,0.1887528896331787,0.020452706515789034,0.7324402928352356,0.2675597071647644,0.02877649335972032,2.772588722239781
scalar,参照,43,0,8,16,256,0.001,0.6550212502479553,0.17365261912345886,0.48725631833076477,0.22741888463497162,0.7824631929397583,6.155941179031288e-08,0.7824632525444031,0.7824632525444031,0.0,0,0,0,0,0.0,0.0,8,0.028006307780742645,0.0,0.7681666016578674,0.23183339834213257,0.025449225855652572,2.772588722239781
nobeta,参照,43,0,8,16,256,0.001,0.655021607875824,0.6221292614936829,0.6578428149223328,0.6167579889297485,0.0,0.0,0.0,0.0,0.0,0,0,0,0,0.0,0.0,8,0.0006615989841520786,0.00020452706515789032,0.7681666016578674,0.23183339834213257,0.02544919047864118,2.772588722239781
box_lam1em3,箱+λ,43,0,8,32,256,0.001,0.6316346526145935,0.14394482970237732,0.5162811875343323,0.13223282992839813,-0.01039038971066475,0.8960995674133301,-2.3550753593444824,1.1521364450454712,3.5072118043899536,0,0,0,0,0.0,0.0,8,3.7310021525627235e-06,0.00010495349019765854,0.4942285418510437,0.5057714581489563,0.024691744459343124,2.0794415416798357
box_lam3em3,箱+λ,43,0,8,32,256,0.003,0.6260837912559509,0.13986662030220032,0.5011217594146729,0.12936799228191376,0.12563456594944,0.6983921527862549,-1.6274864673614502,1.1194593906402588,2.746945858001709,0,0,0,0,0.0,0.0,8,3.305854625068605e-05,0.00031486047059297564,0.5227048397064209,0.4772951602935791,0.023955898898423887,2.0794415416798357
box_lam1em2,箱+λ,43,0,8,32,256,0.01,0.6178854703903198,0.12813813984394073,0.4800198972225189,0.1182095855474472,0.30856040120124817,0.4622519314289093,-0.7460785508155823,1.0733766555786133,1.8194552063941956,0,0,0,0,0.0,0.0,8,0.0003488922375254333,0.0010495349019765854,0.5812320709228516,0.41876792907714844,0.02152020655943771,2.0794415416798357
box_lam3em2,箱+λ,43,0,8,32,256,0.03,0.6075838804244995,0.12576057016849518,0.47800689935684204,0.1149694100022316,0.39810383319854736,0.3449561297893524,-0.3022417724132538,1.0235111713409424,1.3257529437541962,0,0,0,0,0.0,0.0,8,0.002763359108939767,0.003148604705929756,0.6210590600967407,0.3789409399032593,0.019442311727860213,2.0794415416798357
box_lam1em1,箱+λ,43,0,8,32,256,0.1,0.5970497131347656,0.1364036351442337,0.47830528020858765,0.12622034549713135,0.3938171863555908,0.3024608790874481,-0.16920125484466553,0.9853633642196655,1.154564619064331,0,0,0,0,0.0,0.0,8,0.022307612001895905,0.010495349019765855,0.6213712692260742,0.3786287307739258,0.019409331043499907,2.0794415416798357
box_lam3em1,箱+λ,43,0,8,32,256,0.3,0.5863852500915527,0.14254344999790192,0.47230467200279236,0.1492958813905716,0.3585395812988281,0.2537306547164917,-0.0739843100309372,0.9497905373573303,1.0237748473882675,0,0,0,0,0.0,0.0,8,0.1171988770365715,0.03148604705929756,0.6119229197502136,0.3880770802497864,0.020279337403318123,2.0794415416798357
box_lam1e0,箱+λ,43,0,8,32,256,1.0,0.5760231614112854,0.2091686725616455,0.47005483508110046,0.19022752344608307,0.283378928899765,0.18855346739292145,-3.910141094820574e-05,0.7993538975715637,0.7993929989825119,0,0,0,0,0.0,0.0,8,0.4774874746799469,0.10495349019765854,0.5951080918312073,0.4048919081687927,0.022487589074095617,2.0794415416798357
box_lam3e0,箱+λ,43,0,8,32,256,3.0,0.575900137424469,0.2753791809082031,0.48597419261932373,0.26777932047843933,0.1994078904390335,0.1430061310529709,0.03155359625816345,0.5750895142555237,0.5435359179973602,0,0,0,0,0.0,0.0,8,1.0849920511245728,0.3148604705929756,0.5831171274185181,0.41688287258148193,0.024565729682804918,2.0794415416798357
box_lam1e1,箱+λ,43,0,8,32,256,10.0,0.5745398998260498,0.352405846118927,0.5043440461158752,0.3431713879108429,0.12013204395771027,0.108646921813488,0.03215866908431053,0.5030918121337891,0.47093314304947853,0,0,0,0,0.0,0.0,8,2.0616648197174072,1.0495349019765854,0.5918961763381958,0.4081038236618042,0.024221608183222495,2.0794415416798357
box_lam3e1,箱+λ,43,0,8,32,256,30.0,0.5716640949249268,0.4077300429344177,0.5269217491149902,0.4031633734703064,0.06420016288757324,0.06941217929124832,0.012832680717110634,0.3337958753108978,0.3209631945937872,0,0,0,0,0.0,0.0,8,3.5131256580352783,3.148604705929756,0.6217312216758728,0.3782687783241272,0.02149160890059449,2.0794415416798357
box_lam1e2,箱+λ,43,0,8,32,256,100.0,0.5699520111083984,0.4504430294036865,0.5538356900215149,0.4414159655570984,0.025534726679325104,0.030780939385294914,0.004292916506528854,0.15113580226898193,0.14684288576245308,0,0,0,0,0.0,0.0,8,5.082740783691406,10.495349019765854,0.6549506783485413,0.34504932165145874,0.018754133896874258,2.0794415416798357
box_lam1e3,箱+λ,43,0,8,32,256,1000.0,0.5690003037452698,0.4712611436843872,0.5608475208282471,0.4626736640930176,0.002955646952614188,0.003782725427299738,0.0004543225804809481,0.018803205341100693,0.018348882760619745,0,0,0,0,0.0,0.0,8,6.197695255279541,104.95349019765854,0.6786267161369324,0.3213732838630676,0.017057111693875047,2.0794415416798357
nobox_lam1em3,无箱互校,43,0,8,32,256,0.001,0.6335160732269287,0.14543774724006653,0.5200400352478027,0.13422244787216187,-0.06781011819839478,1.0016286373138428,-3.0142383575439453,1.1601847410202026,4.174423098564148,1,0,1,0,0.03125,0.0,8,3.728703632077668e-06,0.00010495349019765854,0.4864583909511566,0.5135416090488434,0.024846150218500087,2.0794415416798357
nobox_lam1em1,无箱互校,43,0,8,32,256,0.1,0.5970495343208313,0.13640354573726654,0.47830554842948914,0.12622034549713135,0.39381733536720276,0.30246081948280334,-0.16920119524002075,0.9853633642196655,1.1545645594596863,0,0,0,0,0.0,0.0,8,0.02230759896337986,0.010495349019765855,0.6213712692260742,0.3786287307739258,0.019409344077135682,2.0794415416798357
scalar,参照,43,0,8,32,256,0.001,0.5688880085945129,0.10799501836299896,0.453608900308609,0.15901871025562286,0.5396997928619385,0.0,0.5396997928619385,0.5396997928619385,0.0,0,0,0,0,0.0,0.0,8,0.014855718240141869,0.0,0.6819391250610352,0.31806087493896484,0.01683622322056638,2.0794415416798357
nobeta,参照,43,0,8,32,256,0.001,0.5688868165016174,0.473911851644516,0.5614653825759888,0.46538016200065613,0.0,0.0,0.0,0.0,0.0,0,0,0,0,0.0,0.0,8,3.728703632077668e-06,0.00010495349019765854,0.6819391250610352,0.31806087493896484,0.016836236254202157,2.0794415416798357
box_lam1em3,箱+λ,43,0,8,64,256,0.001,0.6296730041503906,0.13582466542720795,0.5193098783493042,0.12138450890779495,-0.39802253246307373,0.6914060115814209,-2.360111713409424,1.0437506437301636,3.4038623571395874,0,0,0,0,0.0,0.0,8,2.456597485434031e-07,5.344156175851822e-05,0.3430612087249756,0.6569387912750244,0.027970612487926098,1.3862943611198906
box_lam3em3,箱+λ,43,0,8,64,256,0.003,0.6239591836929321,0.12933333218097687,0.5094494223594666,0.11474216729402542,-0.2897510528564453,0.5825620889663696,-1.648921251296997,1.007171869277954,2.656093120574951,0,0,0,0,0.0,0.0,8,2.2046456251700874e-06,0.00016032468527555466,0.3666831851005554,0.6333168148994446,0.027625148523858622,1.3862943611198906
box_lam1em2,箱+λ,43,0,8,64,256,0.01,0.6138282418251038,0.11183393001556396,0.4830031991004944,0.09707306325435638,-0.07729634642601013,0.3970972001552582,-0.7850841879844666,0.9013088941574097,1.6863930821418762,0,0,0,0,0.0,0.0,8,2.4116327040246688e-05,0.0005344156175851822,0.4320194721221924,0.5679805278778076,0.025786270091007955,1.3862943611198906
box_lam3em2,箱+λ,43,0,8,64,256,0.03,0.600092351436615,0.08859149366617203,0.46612662076950073,0.08461207896471024,0.12180131673812866,0.23105347156524658,-0.27867287397384644,0.7382602691650391,1.0169331431388855,0,0,0,0,0.0,0.0,8,0.00020765526278410107,0.0016032468527555465,0.523785412311554,0.47621458768844604,0.02240337689139094,1.3862943611198906
box_lam1em1,箱+λ,43,0,8,64,256,0.1,0.591882586479187,0.08171143382787704,0.4648909568786621,0.07819122076034546,0.18639396131038666,0.16875047981739044,-0.14181357622146606,0.6626206636428833,0.8044342398643494,0,0,0,0,0.0,0.0,8,0.002009986899793148,0.005344156175851822,0.5634899735450745,0.43651002645492554,0.02117891335881895,1.3862943611198906
box_lam3em1,箱+λ,43,0,8,64,256,0.3,0.5871877670288086,0.08605437725782394,0.4624026417732239,0.0842781588435173,0.17550654709339142,0.15259046852588654,-0.08025497198104858,0.6621421575546265,0.742397129535675,0,0,0,0,0.0,0.0,8,0.013362977653741837,0.016032468527555466,0.5608772039413452,0.4391227960586548,0.02159238497242407,1.3862943611198906
box_lam1e0,箱+λ,43,0,8,64,256,1.0,0.5731901526451111,0.11533549427986145,0.4587956964969635,0.09841541945934296,0.1468353569507599,0.12329660356044769,-0.023999037221074104,0.6125944256782532,0.6365934628993273,0,0,0,0,0.0,0.0,8,0.07635638117790222,0.05344156175851822,0.5541285872459412,0.44587141275405884,0.022645020498700867,1.3862943611198906
box_lam3e0,箱+λ,43,0,8,64,256,3.0,0.5639912486076355,0.15289537608623505,0.4573436379432678,0.1344195008277893,0.10755380988121033,0.0913563147187233,0.005104722920805216,0.47898945212364197,0.47388472920283675,0,0,0,0,0.0,0.0,8,0.23959004878997803,0.16032468527555466,0.5476483702659607,0.4523516297340393,0.024029043662405727,1.3862943611198906
box_lam1e1,箱+λ,43,0,8,64,256,10.0,0.5617406964302063,0.198343887925148,0.4595814347267151,0.17498764395713806,0.06613492220640182,0.06588952243328094,0.01965218409895897,0.36347636580467224,0.34382418170571327,0,0,0,0,0.0,0.0,8,0.5217767357826233,0.5344156175851822,0.549483597278595,0.45051640272140503,0.02487531763342157,1.3862943611198906
box_lam3e1,箱+λ,43,0,8,64,256,30.0,0.5623470544815063,0.23288480937480927,0.4713503122329712,0.2178984433412552,0.0378115214407444,0.046086911112070084,0.008848504163324833,0.2852221727371216,0.27637366857379675,0,0,0,0,0.0,0.0,8,0.911980926990509,1.6032468527555466,0.5663257241249084,0.43367427587509155,0.024192783366727158,1.3862943611198906
box_lam1e2,箱+λ,43,0,8,64,256,100.0,0.561322808265686,0.2653924524784088,0.4773300290107727,0.2594560980796814,0.016687769442796707,0.023481786251068115,0.0033117469865828753,0.15231770277023315,0.14900595578365028,0,0,0,0,0.0,0.0,8,1.5034996271133423,5.344156175851822,0.5926247835159302,0.4073752164840698,0.022723605874645718,1.3862943611198906
box_lam1e3,箱+λ,43,0,8,64,256,1000.0,0.5609331727027893,0.2938099801540375,0.4792574644088745,0.2827226221561432,0.0021079538855701685,0.0032345009967684746,0.00038068200228735805,0.021528366953134537,0.02114768495084718,0,0,0,0,0.0,0.0,8,2.1227240562438965,53.44156175851822,0.6172609925270081,0.38273900747299194,0.02141963902578057,1.3862943611198906
nobox_lam1em3,无箱互校,43,0,8,64,256,0.001,0.6345727443695068,0.1386617124080658,0.523688554763794,0.12262966483831406,-0.46258774399757385,0.7713860273361206,-3.0660500526428223,1.0606334209442139,4.126683473587036,1,0,1,0,0.015625,0.0,8,2.4588058522567735e-07,5.344156175851822e-05,0.3319304883480072,0.6680695116519928,0.028061129226451022,1.3862943611198906
nobox_lam1em1,无箱互校,43,0,8,64,256,0.1,0.5918830633163452,0.0817207470536232,0.46488919854164124,0.0782049223780632,0.1863373965024948,0.16879455745220184,-0.14179009199142456,0.6626937389373779,0.8044838309288025,0,0,0,0,0.0,0.0,8,0.002009995048865676,0.005344156175851822,0.5634542107582092,0.43654578924179077,0.02118002680370392,1.3862943611198906
scalar,参照,43,0,8,64,256,0.001,0.5608874559402466,0.06877969950437546,0.45637616515159607,0.07853380590677261,0.28744909167289734,3.003791704259129e-08,0.28744906187057495,0.28744906187057495,0.0,0,0,0,0,0.0,0.0,8,0.00409329030662775,0.0,0.6212013959884644,0.37879860401153564,0.02122352190824052,1.3862943611198906
nobeta,参照,43,0,8,64,256,0.001,0.5608875751495361,0.2995623052120209,0.4805547595024109,0.28574806451797485,0.0,0.0,0.0,0.0,0.0,0,0,0,0,0.0,0.0,8,2.4588058522567735e-07,5.344156175851822e-05,0.6212013959884644,0.37879860401153564,0.021223507012656777,1.3862943611198906
box_lam1em3,箱+λ,43,0,16,8,256,0.001,0.6240684986114502,0.20675411820411682,0.5363636016845703,0.1702086329460144,0.7891682386398315,1.567330002784729,-2.401543378829956,2.6343369483947754,5.0358803272247314,0,0,0,0,0.0,0.0,8,1.7485215663909912,0.000522013783454895,0.6920947432518005,0.30790525674819946,0.2713767461620827,3.4657359027997265
box_lam3em3,箱+λ,43,0,16,8,256,0.003,0.6302904486656189,0.20738595724105835,0.5066021084785461,0.1746716946363449,1.0145442485809326,1.0788806676864624,-0.4678603410720825,2.56843900680542,3.0362993478775024,0,0,0,0,0.0,0.0,8,1.7747175693511963,0.0015660413503646852,0.7280004620552063,0.2719995379447937,0.2523218121899642,3.4657359027997265
box_lam1em2,箱+λ,43,0,16,8,256,0.01,0.6382438540458679,0.18630243837833405,0.5275455713272095,0.19122567772865295,1.1037958860397339,0.9153770804405212,-0.6427928805351257,2.390580415725708,3.0333732962608337,0,0,0,0,0.0,0.0,8,1.9431746006011963,0.0052201378345489505,0.7786051034927368,0.22139489650726318,0.2504670566878853,3.4657359027997265
box_lam3em2,箱+λ,43,0,16,8,256,0.03,0.6418973803520203,0.18677693605422974,0.5211970210075378,0.22823387384414673,1.1243306398391724,0.738226592540741,-0.4069470167160034,2.0852136611938477,2.492160677909851,0,0,0,0,0.0,0.0,8,2.5002458095550537,0.01566041350364685,0.8129115104675293,0.1870884895324707,0.25430823829350385,3.4657359027997265
box_lam1em1,箱+λ,43,0,16,8,256,0.1,0.6346761584281921,0.21753324568271637,0.5267421007156372,0.28107714653015137,1.0489107370376587,0.43007752299308777,0.18060988187789917,1.599729299545288,1.419119417667389,0,0,0,0,0.0,0.0,8,3.989943027496338,0.052201378345489505,0.811750590801239,0.188249409198761,0.26270970092814383,3.4657359027997265
box_lam3em1,箱+λ,43,0,16,8,256,0.3,0.660654604434967,0.328539103269577,0.5615277290344238,0.3258872926235199,0.8641321659088135,0.21240805089473724,0.5525611042976379,1.1649080514907837,0.6123469471931458,0,0,0,0,0.0,0.0,8,6.260569095611572,0.1566041350364685,0.777166485786438,0.222833514213562,0.2734900856176297,3.4657359027997265
box_lam1e0,箱+λ,43,0,16,8,256,1.0,0.6782101392745972,0.46495163440704346,0.5862743258476257,0.4725876748561859,0.6143990159034729,0.20083923637866974,0.32544997334480286,0.9934210777282715,0.6679711043834686,0,0,0,0,0.0,0.0,8,9.133432388305664,0.522013783454895,0.7352943420410156,0.2647056579589844,0.28544704330536996,3.4657359027997265
box_lam3e0,箱+λ,43,0,16,8,256,3.0,0.6922866702079773,0.5672528743743896,0.6304076313972473,0.5690606832504272,0.4035234749317169,0.21934452652931213,0.17566530406475067,0.8679386377334595,0.6922733336687088,0,0,0,0,0.0,0.0,8,12.824583053588867,1.566041350364685,0.7224751114845276,0.2775248885154724,0.29000961147355175,3.4657359027997265
box_lam1e1,箱+λ,43,0,16,8,256,10.0,0.6867063045501709,0.6515481472015381,0.6768628358840942,0.6549745202064514,0.21061371266841888,0.16242805123329163,0.08078347146511078,0.5776271820068359,0.49684371054172516,0,0,0,0,0.0,0.0,8,19.51375961303711,5.22013783454895,0.7442180514335632,0.25578194856643677,0.2862905173563123,3.4657359027997265
box_lam3e1,箱+λ,43,0,16,8,256,30.0,0.6722471117973328,0.6947672367095947,0.7447912693023682,0.7011294960975647,0.09402550011873245,0.08692017197608948,0.03346087038516998,0.29643675684928894,0.26297588646411896,0,0,0,0,0.0,0.0,8,25.420000076293945,15.66041350364685,0.7764862775802612,0.22351372241973877,0.2800275755793747,3.4657359027997265
box_lam1e2,箱+λ,43,0,16,8,256,100.0,0.6727088093757629,0.7192089557647705,0.7602309584617615,0.7190966010093689,0.03253908082842827,0.03295289725065231,0.011066370643675327,0.1102653220295906,0.09919895138591528,0,0,0,0,0.0,0.0,8,28.906314849853516,52.2013783454895,0.7996854186058044,0.20031458139419556,0.27567444074410535,3.4657359027997265
box_lam1e3,箱+λ,43,0,16,8,256,1000.0,0.6701444983482361,0.7348880767822266,0.7660893797874451,0.7363806962966919,0.0034734313376247883,0.0036699220072478056,0.0011537569807842374,0.012175993993878365,0.011022237013094127,0,0,0,0,0.0,0.0,8,30.591415405273438,522.013783454895,0.8121029138565063,0.18789708614349365,0.2734316263406914,3.4657359027997265
nobox_lam1em3,无箱互校,43,0,16,8,256,0.001,0.6240693926811218,0.20675444602966309,0.5363638401031494,0.1702081263065338,0.789175271987915,1.5673131942749023,-2.4014811515808105,2.634335517883301,5.035816669464111,0,0,0,0,0.0,0.0,8,1.7485216856002808,0.000522013783454895,0.6920954585075378,0.30790454149246216,0.27137654031955827,3.4657359027997265
nobox_lam1em1,无箱互校,43,0,16,8,256,0.1,0.6346760392189026,0.21753324568271637,0.5267420411109924,0.28107714653015137,1.0489107370376587,0.43007758259773254,0.1806097775697708,1.599729299545288,1.4191195219755173,0,0,0,0,0.0,0.0,8,3.989943027496338,0.052201378345489505,0.8117504119873047,0.1882495880126953,0.26270970092814383,3.4657359027997265
scalar,参照,43,0,16,8,256,0.001,0.6698564887046814,0.2060336470603943,0.555941104888916,0.3027424216270447,1.3297332525253296,0.0,1.3297332525253296,1.3297332525253296,0.0,0,0,0,0,0.0,0.0,8,0.15756389498710632,0.0,0.8136463761329651,0.1863536238670349,0.27315769568345727,3.4657359027997265
nobeta,参照,43,0,16,8,256,0.001,0.6698564291000366,0.736506998538971,0.7680749893188477,0.7388008832931519,0.0,0.0,0.0,0.0,0.0,0,0,0,0,0.0,0.0,8,1.7485216856002808,0.000522013783454895,0.8136463761329651,0.1863536238670349,0.2731576728120657,3.4657359027997265
box_lam1em3,箱+λ,43,0,16,16,256,0.001,0.7149543166160583,0.15805038809776306,0.5352397561073303,0.09167943149805069,0.8931885957717896,0.7786258459091187,-0.7740031480789185,1.7307802438735962,2.5047833919525146,0,0,0,0,0.0,0.0,16,0.3307779133319855,0.00027774065732955933,0.8079557418823242,0.19204425811767578,0.10671763876482923,2.772588722239781
box_lam3em3,箱+λ,43,0,16,16,256,0.003,0.7194152474403381,0.13958518207073212,0.5396483540534973,0.09736640006303787,0.9147604703903198,0.7138887047767639,-0.7183036804199219,1.6710948944091797,2.3893985748291016,0,0,0,0,0.0,0.0,16,0.33945155143737793,0.000833221971988678,0.8219653367996216,0.17803466320037842,0.1028784355345844,2.772588722239781
box_lam1em2,箱+λ,43,0,16,16,256,0.01,0.6993804574012756,0.1242789626121521,0.5465408563613892,0.09819379448890686,0.9384810924530029,0.5985284447669983,-0.5940431356430054,1.6666004657745361,2.2606436014175415,0,0,0,0,0.0,0.0,16,0.37488943338394165,0.0027774065732955933,0.8423723578453064,0.1576276421546936,0.09780249611047238,2.772588722239781
box_lam3em2,箱+λ,43,0,16,16,256,0.03,0.7057297825813293,0.1380510777235031,0.551770806312561,0.11498764902353287,0.9248824119567871,0.4901290535926819,-0.43231046199798584,1.6279215812683105,2.0602320432662964,0,0,0,0,0.0,0.0,16,0.4809681177139282,0.008332219719886779,0.8425571918487549,0.15744280815124512,0.09654906380073469,2.772588722239781
box_lam1em1,箱+λ,43,0,16,16,256,0.1,0.7067188024520874,0.1575895994901657,0.542640745639801,0.1418047398328781,0.8512845635414124,0.3703646957874298,-0.1548086553812027,1.4289205074310303,1.583729162812233,0,0,0,0,0.0,0.0,16,0.890105128288269,0.027774065732955933,0.8126062750816345,0.18739372491836548,0.10044920785390682,2.772588722239781
box_lam3em1,箱+λ,43,0,16,16,256,0.3,0.746289849281311,0.2136872112751007,0.5546293258666992,0.2167941778898239,0.7177813649177551,0.24496981501579285,0.19184917211532593,1.0851826667785645,0.8933334946632385,0,0,0,0,0.0,0.0,16,1.9792882204055786,0.0833221971988678,0.7633824348449707,0.2366175651550293,0.11054249019684292,2.772588722239781
box_lam1e0,箱+λ,43,0,16,16,256,1.0,0.7183949947357178,0.30090096592903137,0.5449684262275696,0.3172542154788971,0.5155909061431885,0.16537566483020782,0.21954593062400818,0.8391467332839966,0.6196008026599884,0,0,0,0,0.0,0.0,16,4.088906764984131,0.2777406573295593,0.7048302888870239,0.2951697111129761,0.12428553203337278,2.772588722239781
box_lam3e0,箱+λ,43,0,16,16,256,3.0,0.7296182513237,0.3924345374107361,0.5740512609481812,0.41694900393486023,0.338998019695282,0.16282418370246887,0.14563193917274475,0.8219599723815918,0.676328033208847,0,0,0,0,0.0,0.0,16,6.4462127685546875,0.833221971988678,0.6753478646278381,0.32465213537216187,0.13139683090336,2.772588722239781
box_lam1e1,箱+λ,43,0,16,16,256,10.0,0.7320167422294617,0.4830915331840515,0.6231743693351746,0.48640477657318115,0.18656927347183228,0.13784071803092957,0.08196592330932617,0.6423915028572083,0.5604255795478821,0,0,0,0,0.0,0.0,16,10.33670425415039,2.7774065732955933,0.6864498257637024,0.3135501742362976,0.12875797548294132,2.772588722239781
box_lam3e1,箱+λ,43,0,16,16,256,30.0,0.728462815284729,0.5460741519927979,0.6631827354431152,0.5591729879379272,0.08980944007635117,0.085197314620018,0.03899598866701126,0.3846811354160309,0.3456851467490196,0,0,0,0,0.0,0.0,16,15.045524597167969,8.33221971988678,0.7240400314331055,0.27595996856689453,0.11991184725274777,2.772588722239781
box_lam1e2,箱+λ,43,0,16,16,256,100.0,0.7286768555641174,0.5922291874885559,0.7170093655586243,0.5954424142837524,0.03295322507619858,0.03604462370276451,0.013961507007479668,0.16039998829364777,0.1464384812861681,0,0,0,0,0.0,0.0,16,18.798545837402344,27.774065732955933,0.7602431178092957,0.23975688219070435,0.11194847468857537,2.772588722239781
box_lam1e3,箱+λ,43,0,16,16,256,1000.0,0.7394866347312927,0.6208590269088745,0.7302950620651245,0.6182893514633179,0.003640359966084361,0.004285644739866257,0.001513170194812119,0.018937967717647552,0.017424797522835433,0,0,0,0,0.0,0.0,16,20.960113525390625,277.7406573295593,0.7832347750663757,0.21676522493362427,0.10723202779768581,2.772588722239781
nobox_lam1em3,无箱互校,43,0,16,16,256,0.001,0.7137495875358582,0.1581321656703949,0.535311758518219,0.09200436621904373,0.8932589292526245,0.7778823375701904,-0.772469162940979,1.7310502529144287,2.5035194158554077,0,0,0,0,0.0,0.0,16,0.33087748289108276,0.00027774065732955933,0.8078875541687012,0.19211244583129883,0.1066624958396734,2.772588722239781
nobox_lam1em1,无箱互校,43,0,16,16,256,0.1,0.7067201733589172,0.1575895994901657,0.5426408052444458,0.14180462062358856,0.8512846827507019,0.3703646659851074,-0.15480878949165344,1.4289203882217407,1.5837291777133942,0,0,0,0,0.0,0.0,16,0.890105128288269,0.027774065732955933,0.8126062750816345,0.18739372491836548,0.10044921928960263,2.772588722239781
scalar,参照,43,0,16,16,256,0.001,0.7407878637313843,0.13571181893348694,0.5628894567489624,0.18871846795082092,0.942596435546875,0.0,0.942596435546875,0.942596435546875,0.0,0,0,0,0,0.0,0.0,16,0.0628751590847969,0.0,0.786290168762207,0.21370983123779297,0.10662664493333505,2.772588722239781
nobeta,参照,43,0,16,16,256,0.001,0.7407891154289246,0.6239483952522278,0.7320582270622253,0.6198209524154663,0.0,0.0,0.0,0.0,0.0,0,0,0,0,0.0,0.0,16,0.33087748289108276,0.00027774065732955933,0.786290168762207,0.21370983123779297,0.10662661062624765,2.772588722239781
box_lam1em3,箱+λ,43,0,16,32,256,0.001,0.6394087672233582,0.12738816440105438,0.5374969840049744,0.0584939606487751,0.44260647892951965,0.7568459510803223,-2.1521575450897217,1.5702577829360962,3.722415328025818,0,0,0,0,0.0,0.0,16,0.001800145604647696,0.00014549167454242708,0.7145066261291504,0.2854933738708496,0.03975290583316698,2.0794415416798357
box_lam3em3,箱+λ,43,0,16,32,256,0.003,0.6308268308639526,0.12392264604568481,0.529360294342041,0.06128833070397377,0.46733900904655457,0.7095281481742859,-1.970404028892517,1.5401674509048462,3.5105714797973633,0,0,0,0,0.0,0.0,16,0.003306103404611349,0.0004364750236272812,0.7242765426635742,0.2757234573364258,0.03862310483074154,2.0794415416798357
box_lam1em2,箱+λ,43,0,16,32,256,0.01,0.6090075373649597,0.11725044250488281,0.5056426525115967,0.06721556931734085,0.5163304209709167,0.6033301949501038,-1.5584285259246826,1.4482569694519043,3.006685495376587,0,0,0,0,0.0,0.0,16,0.011617232114076614,0.0014549167454242706,0.7457223534584045,0.25427764654159546,0.03582404674783676,2.0794415416798357
box_lam3em2,箱+λ,43,0,16,32,256,0.03,0.5788471698760986,0.1090555191040039,0.47123295068740845,0.06901491433382034,0.5511725544929504,0.47268131375312805,-1.0453572273254395,1.2646466493606567,2.310003876686096,0,0,0,0,0.0,0.0,16,0.043532513082027435,0.004364750236272812,0.7617114782333374,0.2382885217666626,0.032694640002460175,2.0794415416798357
box_lam1em1,箱+λ,43,0,16,32,256,0.1,0.5584803223609924,0.08789539337158203,0.4577026069164276,0.10234139859676361,0.5372982025146484,0.3448445200920105,-0.5519660115242004,0.9738900661468506,1.525856077671051,0,0,0,0,0.0,0.0,16,0.14620810747146606,0.014549167454242708,0.7517130374908447,0.24828696250915527,0.03180029711766794,2.0794415416798357
box_lam3em1,箱+λ,43,0,16,32,256,0.3,0.5392580032348633,0.1152019053697586,0.4500099718570709,0.10511182248592377,0.4801015853881836,0.24958094954490662,-0.1771623194217682,0.8737025260925293,1.0508648455142975,0,0,0,0,0.0,0.0,16,0.41384726762771606,0.043647502362728116,0.724213182926178,0.275786817073822,0.033845942971916766,2.0794415416798357
box_lam1e0,箱+λ,43,0,16,32,256,1.0,0.5358390808105469,0.1410427689552307,0.44105398654937744,0.1587555855512619,0.36715638637542725,0.16534988582134247,0.06048986315727234,0.7485230565071106,0.6880331933498383,0,0,0,0,0.0,0.0,16,1.2276382446289062,0.14549167454242706,0.6820653080940247,0.31793469190597534,0.03872770999916371,2.0794415416798357
box_lam3e0,箱+λ,43,0,16,32,256,3.0,0.5549980401992798,0.23335348069667816,0.4586338400840759,0.2302969992160797,0.24718300998210907,0.12443982064723969,0.05792072415351868,0.6232603192329407,0.565339595079422,0,0,0,0,0.0,0.0,16,2.479802131652832,0.4364750236272812,0.6504765152931213,0.34952348470687866,0.043227167421139835,2.0794415416798357
box_lam1e1,箱+λ,43,0,16,32,256,10.0,0.5536697506904602,0.3224104046821594,0.4820072650909424,0.3268752098083496,0.1408235877752304,0.10157711803913116,0.04685751721262932,0.5721551775932312,0.5252976603806019,0,0,0,0,0.0,0.0,16,4.229931831359863,1.4549167454242706,0.6468968987464905,0.3531031012535095,0.04377289311941704,2.0794415416798357
box_lam3e1,箱+λ,43,0,16,32,256,30.0,0.5499464869499207,0.3869825601577759,0.4894697666168213,0.38740837574005127,0.07299704104661942,0.06971590220928192,0.029360033571720123,0.4029848575592041,0.373624823987484,0,0,0,0,0.0,0.0,16,6.550715446472168,4.364750236272812,0.6741243004798889,0.3258756995201111,0.0395768532962997,2.0794415416798357
box_lam1e2,箱+λ,43,0,16,32,256,100.0,0.5389711260795593,0.4282713830471039,0.512866735458374,0.4267614781856537,0.028911465778946877,0.03318363428115845,0.010802363976836205,0.1938319057226181,0.1830295417457819,0,0,0,0,0.0,0.0,16,9.130064964294434,14.549167454242706,0.7115494608879089,0.28845053911209106,0.034578965354958274,2.0794415416798357
box_lam1e3,箱+λ,43,0,16,32,256,1000.0,0.5260594487190247,0.46057865023612976,0.5392544269561768,0.4567753076553345,0.0033670091070234776,0.004306194372475147,0.0011991222854703665,0.02524952031672001,0.024050398031249642,0,0,0,0,0.0,0.0,16,11.082013130187988,145.49167454242706,0.7412959933280945,0.2587040066719055,0.031225027299287028,2.0794415416798357
nobox_lam1em3,无箱互校,43,0,16,32,256,0.001,0.6410006880760193,0.12763233482837677,0.5374334454536438,0.05766633525490761,0.4374454617500305,0.760881781578064,-2.137226104736328,1.5709336996078491,3.7081598043441772,0,0,0,0,0.0,0.0,16,0.001819367054849863,0.00014549167454242708,0.712304949760437,0.287695050239563,0.039967559561212916,2.0794415416798357
nobox_lam1em1,无箱互校,43,0,16,32,256,0.1,0.558480441570282,0.08789531886577606,0.45770299434661865,0.10234139859676361,0.5372980237007141,0.3448446989059448,-0.5519663095474243,0.9738901853561401,1.5258564949035645,0,0,0,0,0.0,0.0,16,0.14620816707611084,0.014549167454242708,0.7517128586769104,0.2482871413230896,0.03180029997659189,2.0794415416798357
scalar,参照,43,0,16,32,256,0.001,0.5243831276893616,0.07137109339237213,0.4521205425262451,0.13094182312488556,0.6057773232460022,6.055837786789198e-08,0.605777382850647,0.605777382850647,0.0,0,0,0,0,0.0,0.0,16,0.020941080525517464,0.0,0.7456514239311218,0.2543485760688782,0.030776968161004302,2.0794415416798357
nobeta,参照,43,0,16,32,256,0.001,0.524383544921875,0.4650029242038727,0.5427097678184509,0.45904847979545593,0.0,0.0,0.0,0.0,0.0,0,0,0,0,0.0,0.0,16,0.001819367054849863,0.00014549167454242708,0.7456516027450562,0.25434839725494385,0.03077697101992825,2.0794415416798357
box_lam1em3,箱+λ,43,0,16,64,256,0.001,0.5822939872741699,0.09360317885875702,0.4720994532108307,0.05705873668193817,-0.023067552596330643,0.772335946559906,-3.0,1.0746426582336426,4.074642658233643,1,0,1,0,0.015625,0.0,16,0.00017791193386074156,7.469521462917328e-05,0.5526837110519409,0.4473162889480591,0.03560873546728223,1.3862943611198906
box_lam3em3,箱+λ,43,0,16,64,256,0.003,0.5799914002418518,0.09215160459280014,0.46835023164749146,0.05723942071199417,0.016328424215316772,0.7117152810096741,-2.874250650405884,1.0456377267837524,3.9198883771896362,0,0,0,0,0.0,0.0,16,0.00030577348661608994,0.00022408564388751983,0.5644950866699219,0.4355049133300781,0.035013641870229054,1.3862943611198906
box_lam1em2,箱+λ,43,0,16,64,256,0.01,0.5662308931350708,0.08264052867889404,0.4606008231639862,0.05823477357625961,0.1290978640317917,0.4989897608757019,-1.4326667785644531,0.9581032991409302,2.3907700777053833,0,0,0,0,0.0,0.0,16,0.0010290454374626279,0.0007469521462917328,0.5997301340103149,0.40026986598968506,0.033378466022162746,1.3862943611198906
box_lam3em2,箱+λ,43,0,16,64,256,0.03,0.5313237309455872,0.061795394867658615,0.4470589756965637,0.05648098886013031,0.24200080335140228,0.3234367072582245,-1.0384212732315063,0.837272584438324,1.8756938576698303,0,0,0,0,0.0,0.0,16,0.004405572544783354,0.002240856438875198,0.6518679857254028,0.34813201427459717,0.0308382835029691,1.3862943611198906
box_lam1em1,箱+λ,43,0,16,64,256,0.1,0.5033873915672302,0.06672853976488113,0.42010384798049927,0.058912407606840134,0.28098902106285095,0.2239304631948471,-0.6755949258804321,0.7300675511360168,1.405662477016449,0,0,0,0,0.0,0.0,16,0.019531961530447006,0.007469521462917328,0.6738442182540894,0.32615578174591064,0.029332328158538125,1.3862943611198906
box_lam3em1,箱+λ,43,0,16,64,256,0.3,0.48156267404556274,0.05857032164931297,0.41325169801712036,0.05894845724105835,0.25730130076408386,0.18161322176456451,-0.3965120017528534,0.6492047309875488,1.0457167327404022,0,0,0,0,0.0,0.0,16,0.06519732624292374,0.022408564388751984,0.6603266000747681,0.33967339992523193,0.029768228293259688,1.3862943611198906
box_lam1e0,箱+λ,43,0,16,64,256,1.0,0.4825439155101776,0.07557808607816696,0.4055106043815613,0.07083288580179214,0.20774900913238525,0.1373412013053894,-0.11384633183479309,0.6088923215866089,0.722738653421402,0,0,0,0,0.0,0.0,16,0.24706882238388062,0.07469521462917328,0.6380595564842224,0.3619404435157776,0.031257370305938205,1.3862943611198906
box_lam3e0,箱+λ,43,0,16,64,256,3.0,0.48907655477523804,0.12185850739479065,0.3971318006515503,0.10853179544210434,0.14622455835342407,0.096022829413414,0.0024749382864683867,0.482883095741272,0.4804081574548036,0,0,0,0,0.0,0.0,16,0.6702637672424316,0.22408564388751984,0.617149293422699,0.382850706577301,0.03307522567658888,1.3862943611198906
box_lam1e1,箱+λ,43,0,16,64,256,10.0,0.4873323142528534,0.17518968880176544,0.41148126125335693,0.17548644542694092,0.08463732153177261,0.06619804352521896,0.011937134899199009,0.39229828119277954,0.38036114629358053,0,0,0,0,0.0,0.0,16,1.3270409107208252,0.7469521462917328,0.607500433921814,0.39249956607818604,0.03417794695135587,1.3862943611198906
box_lam3e1,箱+λ,43,0,16,64,256,30.0,0.48316261172294617,0.22278304398059845,0.43281039595603943,0.2093343585729599,0.04588118940591812,0.04683424159884453,0.0119515061378479,0.32881683111190796,0.31686532497406006,0,0,0,0,0.0,0.0,16,2.059816598892212,2.2408564388751984,0.6194396615028381,0.38056033849716187,0.03325706753445577,1.3862943611198906
box_lam1e2,箱+λ,43,0,16,64,256,100.0,0.4801851511001587,0.2616192400455475,0.43377530574798584,0.2453213930130005,0.019750341773033142,0.025062453001737595,0.004218133166432381,0.18810753524303436,0.18388940207660198,0,0,0,0,0.0,0.0,16,3.0649189949035645,7.469521462917328,0.6461899876594543,0.35381001234054565,0.031077000793905782,1.3862943611198906
box_lam1e3,箱+λ,43,0,16,64,256,1000.0,0.4780965745449066,0.28386443853378296,0.4377996027469635,0.2793547213077545,0.002493199659511447,0.003663219977170229,0.00047052756417542696,0.028307335451245308,0.02783680788706988,0,0,0,0,0.0,0.0,16,4.16324520111084,74.69521462917328,0.6750801801681519,0.32491981983184814,0.028999743817537085,1.3862943611198906
nobox_lam1em3,无箱互校,43,0,16,64,256,0.001,0.5835523009300232,0.09476085752248764,0.47379276156425476,0.05779937282204628,-0.25067487359046936,1.9464133977890015,-13.815510749816895,1.0862534046173096,14.901764154434204,2,1,2,0,0.03125,0.015625,16,0.00017943227430805564,7.469521462917328e-05,0.5447002649307251,0.4552997350692749,0.035918511313006767,1.3862943611198906
nobox_lam1em1,无箱互校,43,0,16,64,256,0.1,0.5033907294273376,0.06674771010875702,0.42010727524757385,0.05892731249332428,0.28091052174568176,0.22400352358818054,-0.6756227612495422,0.7301508784294128,1.405773639678955,0,0,0,0,0.0,0.0,16,0.019532114267349243,0.007469521462917328,0.6737937927246094,0.3262062072753906,0.02933424363758491,1.3862943611198906
scalar,参照,43,0,16,64,256,0.001,0.4777917265892029,0.05624494329094887,0.3936024308204651,0.07760822027921677,0.33652159571647644,0.0,0.33652159571647644,0.33652159571647644,0.0,0,0,0,0,0.0,0.0,16,0.00859250407665968,0.0,0.6800023913383484,0.3199976086616516,0.02867769747021732,1.3862943611198906
nobeta,参照,43,0,16,64,256,0.001,0.4777917265892029,0.2875918447971344,0.4402751624584198,0.2829326093196869,0.0,0.0,0.0,0.0,0.0,0,0,0,0,0.0,0.0,16,0.00017943227430805564,7.469521462917328e-05,0.6800019145011902,0.3199980854988098,0.02867770890591312,1.3862943611198906
box_lam1em3,箱+λ,43,0,32,8,256,0.001,0.5247161388397217,0.23711669445037842,0.4444850981235504,0.26929494738578796,1.1376564502716064,0.7061839699745178,0.0681377574801445,2.3172736167907715,2.249135859310627,0,0,0,0,0.0,0.0,8,1.4373399019241333,0.00022030609846115113,0.8243787288665771,0.17562127113342285,0.3421323407787403,3.4657359027997265
box_lam3em3,箱+λ,43,0,32,8,256,0.003,0.5248082876205444,0.22336365282535553,0.4430898129940033,0.26237815618515015,1.1375917196273804,0.6812576055526733,0.08074334263801575,2.2696454524993896,2.188902109861374,0,0,0,0,0.0,0.0,8,1.4418317079544067,0.0006609182953834534,0.8307857513427734,0.16921424865722656,0.34154011233795234,3.4657359027997265
box_lam1em2,箱+λ,43,0,32,8,256,0.01,0.5262706875801086,0.22178736329078674,0.4403626024723053,0.27905192971229553,1.128875970840454,0.6128666996955872,0.14087554812431335,2.1319706439971924,1.991095095872879,0,0,0,0,0.0,0.0,8,1.4748870134353638,0.0022030609846115114,0.842883288860321,0.15711671113967896,0.3406859223904923,3.4657359027997265
box_lam3em2,箱+λ,43,0,32,8,256,0.03,0.5276271104812622,0.24050943553447723,0.44113314151763916,0.2401348054409027,1.0900923013687134,0.4869583249092102,0.30736392736434937,1.8729904890060425,1.5656265616416931,0,0,0,0,0.0,0.0,8,1.6004492044448853,0.006609182953834534,0.8500610589981079,0.1499389410018921,0.34167950588671014,3.4657359027997265
box_lam1em1,箱+λ,43,0,32,8,256,0.1,0.5263986587524414,0.2747766971588135,0.4721096158027649,0.2991848886013031,0.9747116565704346,0.3077380657196045,0.5778721570968628,1.447152853012085,0.8692806959152222,0,0,0,0,0.0,0.0,8,1.9559365510940552,0.022030609846115115,0.8374436497688293,0.16255635023117065,0.34850247711520776,3.4657359027997265
box_lam3em1,箱+λ,43,0,32,8,256,0.3,0.5625761151313782,0.3678615391254425,0.49671098589897156,0.4045175015926361,0.7913086414337158,0.19892123341560364,0.5173745155334473,1.1311752796173096,0.6138007640838623,0,0,0,0,0.0,0.0,8,2.5840227603912354,0.06609182953834533,0.8064706325531006,0.19352936744689941,0.3616512233627756,3.4657359027997265
box_lam1e0,箱+λ,43,0,32,8,256,1.0,0.5819749236106873,0.5079881548881531,0.5451998114585876,0.48959290981292725,0.5393617153167725,0.17398187518119812,0.2407284677028656,0.7396782636642456,0.49894979596138,0,0,0,0,0.0,0.0,8,3.639472723007202,0.22030609846115112,0.7649526596069336,0.2350473403930664,0.38009786281339947,3.4657359027997265
box_lam3e0,箱+λ,43,0,32,8,256,3.0,0.576922595500946,0.6016111969947815,0.6067046523094177,0.609495222568512,0.3242328464984894,0.16924653947353363,0.10799691826105118,0.6643519997596741,0.5563550814986229,0,0,0,0,0.0,0.0,8,4.812926292419434,0.6609182953834534,0.7438023090362549,0.2561976909637451,0.39070306507900265,3.4657359027997265
box_lam1e1,箱+λ,43,0,32,8,256,10.0,0.5771880745887756,0.6697258353233337,0.6703583598136902,0.6770796179771423,0.15638577938079834,0.12711912393569946,0.04157194867730141,0.45131996273994446,0.40974801406264305,0,0,0,0,0.0,0.0,8,6.301948547363281,2.2030609846115112,0.7568129301071167,0.2431870698928833,0.38891376056350613,3.4657359027997265
box_lam3e1,箱+λ,43,0,32,8,256,30.0,0.5799927711486816,0.7044919729232788,0.7295731902122498,0.7062848806381226,0.06794152408838272,0.06916981935501099,0.015899663791060448,0.2335493117570877,0.21764964796602726,0,0,0,0,0.0,0.0,8,7.577992916107178,6.609182953834534,0.7838736176490784,0.21612638235092163,0.3812062809671246,3.4657359027997265
box_lam1e2,箱+λ,43,0,32,8,256,100.0,0.582746684551239,0.7213523983955383,0.7544646263122559,0.7205889821052551,0.02332271821796894,0.026362063363194466,0.0050953528843820095,0.08704058080911636,0.08194522792473435,0,0,0,0,0.0,0.0,8,8.37800407409668,22.030609846115112,0.8038206100463867,0.19617938995361328,0.3751787395457565,3.4657359027997265
box_lam1e3,箱+λ,43,0,32,8,256,1000.0,0.582340657711029,0.7310310006141663,0.7614679932594299,0.725530743598938,0.002482938813045621,0.0029392559081315994,0.0005246216314844787,0.009611520916223526,0.009086899284739047,0,0,0,0,0.0,0.0,8,8.780592918395996,220.30609846115112,0.8144586086273193,0.18554139137268066,0.3719056120592905,3.4657359027997265
nobox_lam1em3,无箱互校,43,0,32,8,256,0.001,0.5247156023979187,0.23710860311985016,0.4444848597049713,0.2692931592464447,1.1376556158065796,0.7061822414398193,0.06812773644924164,2.3172714710235596,2.249143734574318,0,0,0,0,0.0,0.0,8,1.437340259552002,0.00022030609846115113,0.8243783116340637,0.17562168836593628,0.3421323407787403,3.4657359027997265
nobox_lam1em1,无箱互校,43,0,32,8,256,0.1,0.5263987183570862,0.27477678656578064,0.4721096158027649,0.2991848886013031,0.9747116565704346,0.3077380657196045,0.5778721570968628,1.447152853012085,0.8692806959152222,0,0,0,0,0.0,0.0,8,1.9559366703033447,0.022030609846115115,0.8374436497688293,0.16255635023117065,0.34850247711520776,3.4657359027997265
scalar,参照,43,0,32,8,256,0.001,0.5818758010864258,0.19165335595607758,0.4731055200099945,0.36321109533309937,1.354630708694458,1.2744008870413381e-07,1.3546308279037476,1.3546308279037476,0.0,0,0,0,0,0.0,0.0,8,0.18067330121994019,0.0,0.8157764077186584,0.18422359228134155,0.37149797976419974,3.4657359027997265
nobeta,参照,43,0,32,8,256,0.001,0.581875741481781,0.7324249148368835,0.7623041868209839,0.7261085510253906,0.0,0.0,0.0,0.0,0.0,0,0,0,0,0.0,0.0,8,1.437340259552002,0.00022030609846115113,0.8157764077186584,0.18422359228134155,0.37149797976419974,3.4657359027997265
box_lam1em3,箱+λ,43,0,32,16,256,0.001,0.4504961371421814,0.16348432004451752,0.35095497965812683,0.1096244677901268,0.6526340842247009,1.2415729761123657,-3.0,2.285342216491699,5.285342216491699,1,0,1,0,0.0625,0.0,16,0.24046994745731354,0.00011599739640951157,0.7609714269638062,0.23902857303619385,0.20734440923147465,2.772588722239781
box_lam3em3,箱+λ,43,0,32,16,256,0.003,0.4503060281276703,0.1614268720149994,0.3508240580558777,0.11925986409187317,0.6613832116127014,1.2265496253967285,-3.0,2.2360565662384033,5.236056566238403,1,0,1,0,0.0625,0.0,16,0.2445470690727234,0.0003479921892285347,0.7696342468261719,0.23036575317382812,0.20703590231628627,2.772588722239781
box_lam1em2,箱+λ,43,0,32,16,256,0.01,0.4492611289024353,0.16610105335712433,0.34554561972618103,0.13358832895755768,0.740058183670044,0.9804379343986511,-1.9461669921875,2.084155321121216,4.030322313308716,0,0,0,0,0.0,0.0,16,0.26785916090011597,0.0011599739640951157,0.7933104038238525,0.20668959617614746,0.2060320940379404,2.772588722239781
box_lam3em2,箱+λ,43,0,32,16,256,0.03,0.4457361102104187,0.15826795995235443,0.36063528060913086,0.16221608221530914,0.8351869583129883,0.6097091436386108,-0.27821460366249084,1.7814736366271973,2.059688240289688,0,0,0,0,0.0,0.0,16,0.34996527433395386,0.0034799218922853467,0.8321570158004761,0.16784298419952393,0.20252724257296256,2.772588722239781
box_lam1em1,箱+λ,43,0,32,16,256,0.1,0.45812705159187317,0.1933288425207138,0.38911643624305725,0.17855095863342285,0.7968658208847046,0.38021522760391235,0.14192421734333038,1.305791974067688,1.1638677567243576,0,0,0,0,0.0,0.0,16,0.5775184631347656,0.011599739640951158,0.8386790752410889,0.16132092475891113,0.2060344560920396,2.772588722239781
box_lam3em1,箱+λ,43,0,32,16,256,0.3,0.5052886605262756,0.257066547870636,0.4103812575340271,0.26868024468421936,0.668005108833313,0.23092900216579437,0.34220090508461,1.1320720911026,0.7898711860179901,0,0,0,0,0.0,0.0,16,1.000797152519226,0.03479921892285347,0.8083954453468323,0.19160455465316772,0.21352802418636957,2.772588722239781
box_lam1e0,箱+λ,43,0,32,16,256,1.0,0.5177380442619324,0.36499476432800293,0.4567206799983978,0.3665332496166229,0.46612170338630676,0.1556244045495987,0.23076073825359344,0.8302932381629944,0.5995324999094009,0,0,0,0,0.0,0.0,16,1.774959683418274,0.11599739640951157,0.7600513696670532,0.23994863033294678,0.22729006322018533,2.772588722239781
box_lam3e0,箱+λ,43,0,32,16,256,3.0,0.5375668406486511,0.44736990332603455,0.4975941777229309,0.4647318422794342,0.2856491804122925,0.1280667930841446,0.13529279828071594,0.53919517993927,0.4039023816585541,0,0,0,0,0.0,0.0,16,2.6807708740234375,0.3479921892285347,0.7290655374526978,0.27093446254730225,0.23973457759868644,2.772588722239781
box_lam1e1,箱+λ,43,0,32,16,256,10.0,0.5521715879440308,0.5343782901763916,0.5529407262802124,0.5303807854652405,0.14176839590072632,0.09708952903747559,0.05981782451272011,0.44457048177719116,0.38475265726447105,0,0,0,0,0.0,0.0,16,3.707228183746338,1.1599739640951157,0.72886723279953,0.27113276720046997,0.2445994706927644,2.772588722239781
box_lam3e1,箱+λ,43,0,32,16,256,30.0,0.5496886968612671,0.575812041759491,0.5961993932723999,0.5883230566978455,0.06455174833536148,0.05967063829302788,0.023805977776646614,0.2717222571372986,0.24791627936065197,0,0,0,0,0.0,0.0,16,4.62078332901001,3.479921892285347,0.753002941608429,0.24699705839157104,0.2413259549234328,2.772588722239781
box_lam1e2,箱+λ,43,0,32,16,256,100.0,0.536273717880249,0.610686719417572,0.6162214279174805,0.6078718304634094,0.02318389154970646,0.025356004014611244,0.00790136493742466,0.11397157609462738,0.10607021115720272,0,0,0,0,0.0,0.0,16,5.340268611907959,11.599739640951157,0.7779892086982727,0.2220107913017273,0.23688573003517474,2.772588722239781
box_lam1e3,箱+λ,43,0,32,16,256,1000.0,0.5238140821456909,0.6283461451530457,0.6362079381942749,0.6216627955436707,0.0025406263303011656,0.003018137300387025,0.0008304246584884822,0.013461649417877197,0.012631224759388715,0,0,0,0,0.0,0.0,16,5.773160457611084,115.99739640951157,0.7939834594726562,0.20601654052734375,0.2340137634627059,2.772588722239781
nobox_lam1em3,无箱互校,43,0,32,16,256,0.001,0.4505029022693634,0.16483783721923828,0.3523082733154297,0.10911514610052109,-0.021060749888420105,3.757575273513794,-13.815510749816895,2.2867658138275146,16.10227656364441,1,1,1,0,0.0625,0.0625,16,0.2400568425655365,0.00011599739640951157,0.7576156854629517,0.24238431453704834,0.2073307060820088,2.772588722239781
nobox_lam1em1,无箱互校,43,0,32,16,256,0.1,0.45812711119651794,0.19332890212535858,0.38911670446395874,0.1785511076450348,0.7968658804893494,0.38021525740623474,0.14192421734333038,1.305792212486267,1.1638679951429367,0,0,0,0,0.0,0.0,16,0.5775186419487,0.011599739640951158,0.8386794924736023,0.1613205075263977,0.2060345046273978,2.772588722239781
scalar,参照,43,0,32,16,256,0.001,0.5235854983329773,0.13103744387626648,0.4537760615348816,0.21006058156490326,0.951261043548584,0.0,0.951261043548584,0.951261043548584,0.0,0,0,0,0,0.0,0.0,16,0.06551029533147812,0.0,0.7961080074310303,0.20389199256896973,0.23363623926815344,2.772588722239781
nobeta,参照,43,0,32,16,256,0.001,0.523585319519043,0.6298004984855652,0.637977659702301,0.623796820640564,0.0,0.0,0.0,0.0,0.0,0,0,0,0,0.0,0.0,16,0.2400568425655365,0.00011599739640951157,0.7961080074310303,0.20389199256896973,0.23363625544660618,2.772588722239781
box_lam1em3,箱+λ,43,0,32,32,256,0.001,0.42071840167045593,0.09743703156709671,0.36613959074020386,0.0274625476449728,0.46772342920303345,0.9766308069229126,-3.0,1.5753246545791626,4.575324654579163,1,0,1,0,0.03125,0.0,32,0.016971096396446228,5.9872645884752276e-05,0.7843002676963806,0.21569973230361938,0.09776315418219442,2.0794415416798357
box_lam3em3,箱+λ,43,0,32,32,256,0.003,0.41520336270332336,0.09025831520557404,0.35999172925949097,0.029113108292222023,0.49806228280067444,0.8746426105499268,-2.2363505363464355,1.5497218370437622,3.7860723733901978,0,0,0,0,0.0,0.0,32,0.018153060227632523,0.00017961793765425684,0.7895908355712891,0.21040916442871094,0.09378543890070153,2.0794415416798357
box_lam1em2,箱+λ,43,0,32,32,256,0.01,0.4018092453479767,0.0950368195772171,0.3458496034145355,0.03253120183944702,0.5512818694114685,0.7004979848861694,-1.5346301794052124,1.4677780866622925,3.002408266067505,0,0,0,0,0.0,0.0,32,0.024134473875164986,0.0005987264588475227,0.8037887215614319,0.19621127843856812,0.0835732921442756,2.0794415416798357
box_lam3em2,箱+λ,43,0,32,32,256,0.03,0.3877834677696228,0.06315096467733383,0.32860851287841797,0.04790591076016426,0.5799691081047058,0.5337792634963989,-1.1430250406265259,1.292359471321106,2.435384511947632,0,0,0,0,0.0,0.0,32,0.04685165360569954,0.0017961793765425681,0.8165144920349121,0.1834855079650879,0.07121469343901944,2.0794415416798357
box_lam1em1,箱+λ,43,0,32,32,256,0.1,0.3758026957511902,0.06314174830913544,0.3199750483036041,0.0790032222867012,0.5580319762229919,0.33909958600997925,-0.5573381781578064,0.9952771663665771,1.5526153445243835,0,0,0,0,0.0,0.0,32,0.12003116309642792,0.005987264588475228,0.8087698221206665,0.1912301778793335,0.06579000565727243,2.0794415416798357
box_lam3em1,箱+λ,43,0,32,32,256,0.3,0.4013233184814453,0.09418998658657074,0.3244880139827728,0.11216390877962112,0.4809829592704773,0.20254570245742798,-0.04863627627491951,0.8724376559257507,0.9210739322006702,0,0,0,0,0.0,0.0,32,0.2690300941467285,0.01796179376542568,0.7790745496749878,0.2209254503250122,0.06967274937660241,2.0794415416798357
box_lam1e0,箱+λ,43,0,32,32,256,1.0,0.404361367225647,0.18772447109222412,0.3372132182121277,0.18480369448661804,0.35011401772499084,0.12430275976657867,0.17478656768798828,0.731661319732666,0.5568747520446777,0,0,0,0,0.0,0.0,32,0.5891972780227661,0.059872645884752274,0.7343251705169678,0.2656748294830322,0.08036270246685367,2.0794415416798357
box_lam3e0,箱+λ,43,0,32,32,256,3.0,0.41411375999450684,0.2695710062980652,0.35510528087615967,0.2545323073863983,0.22277280688285828,0.09772279858589172,0.10609736293554306,0.507938027381897,0.4018406644463539,0,0,0,0,0.0,0.0,32,1.0406869649887085,0.17961793765425682,0.701653242111206,0.29834675788879395,0.09171312471152573,2.0794415416798357
box_lam1e1,箱+λ,43,0,32,32,256,10.0,0.41559267044067383,0.35021692514419556,0.3841906189918518,0.33652612566947937,0.11408518999814987,0.07428386807441711,0.03998538479208946,0.39026254415512085,0.3502771593630314,0,0,0,0,0.0,0.0,32,1.6200414896011353,0.5987264588475227,0.6912174224853516,0.30878257751464844,0.0981082163113357,2.0794415416798357
box_lam3e1,箱+λ,43,0,32,32,256,30.0,0.4107520282268524,0.4019542932510376,0.4094151258468628,0.38432592153549194,0.05405225604772568,0.04988337680697441,0.015137908980250359,0.28771519660949707,0.2725772876292467,0,0,0,0,0.0,0.0,32,2.1511788368225098,1.7961793765425682,0.7063773274421692,0.2936226725578308,0.09555971363360798,2.0794415416798357
box_lam1e2,箱+λ,43,0,32,32,256,100.0,0.4082333743572235,0.43629831075668335,0.4163970351219177,0.42184877395629883,0.02050933986902237,0.024100087583065033,0.004917076323181391,0.14205123484134674,0.13713415851816535,0,0,0,0,0.0,0.0,32,2.6649422645568848,5.987264588475227,0.7313284277915955,0.26867157220840454,0.08951660854070953,2.0794415416798357
box_lam1e3,箱+λ,43,0,32,32,256,1000.0,0.40745803713798523,0.45324569940567017,0.4285721480846405,0.4459262788295746,0.0023542207200080156,0.003171694464981556,0.0005143749876879156,0.01876506581902504,0.018250690831337124,0,0,0,0,0.0,0.0,32,3.068087100982666,59.872645884752274,0.7521698474884033,0.24783015251159668,0.08455908571550196,2.0794415416798357
nobox_lam1em3,无箱互校,43,0,32,32,256,0.001,0.42063477635383606,0.09699351340532303,0.3664628863334656,0.02770249918103218,0.12961149215698242,2.6509757041931152,-13.815510749816895,1.5743826627731323,15.389893412590027,1,1,1,0,0.03125,0.03125,32,0.017028044909238815,5.9872645884752276e-05,0.7822154760360718,0.21778452396392822,0.09791363806030154,2.0794415416798357
nobox_lam1em1,无箱互校,43,0,32,32,256,0.1,0.37580278515815735,0.06314191222190857,0.3199755847454071,0.0790032222867012,0.5580313801765442,0.3391000032424927,-0.5573383569717407,0.9952762126922607,1.5526145696640015,0,0,0,0,0.0,0.0,32,0.12003123015165329,0.005987264588475228,0.8087696433067322,0.19123035669326782,0.06579002183572516,2.0794415416798357
scalar,参照,43,0,32,32,256,0.001,0.40740516781806946,0.07624842971563339,0.33551204204559326,0.1328684538602829,0.604846715927124,0.0,0.604846715927124,0.604846715927124,0.0,0,0,0,0,0.0,0.0,32,0.028338568285107613,0.0,0.7552734613418579,0.2447265386581421,0.0838455269684339,2.0794415416798357
nobeta,参照,43,0,32,32,256,0.001,0.40740445256233215,0.45527002215385437,0.4305953085422516,0.4492059350013733,0.0,0.0,0.0,0.0,0.0,0,0,0,0,0.0,0.0,32,0.017028044909238815,5.9872645884752276e-05,0.7552732825279236,0.24472671747207642,0.08384554314688664,2.0794415416798357
box_lam1em3,箱+λ,43,0,32,64,256,0.001,0.35993725061416626,0.06565401703119278,0.302655428647995,0.010708793997764587,0.18894751369953156,0.5306186079978943,-1.5224733352661133,1.1478370428085327,2.670310378074646,0,0,0,0,0.0,0.0,32,0.004925803281366825,3.048745170235634e-05,0.6593366265296936,0.3406633734703064,0.05265805264364263,1.3862943611198906
box_lam3em3,箱+λ,43,0,32,64,256,0.003,0.35881802439689636,0.06530960649251938,0.2997797131538391,0.010678770951926708,0.20254546403884888,0.5088253617286682,-1.4903162717819214,1.1291067600250244,2.619423031806946,0,0,0,0,0.0,0.0,32,0.005017641931772232,9.146235510706902e-05,0.6652489304542542,0.33475106954574585,0.051818204894531456,1.3862943611198906
box_lam1em2,箱+λ,43,0,32,64,256,0.01,0.35570091009140015,0.06384241580963135,0.29240772128105164,0.01512278150767088,0.23792892694473267,0.4500633180141449,-1.3765110969543457,1.0694297552108765,2.445940852165222,0,0,0,0,0.0,0.0,32,0.005547365639358759,0.0003048745170235634,0.6819049715995789,0.31809502840042114,0.049422661398179184,1.3862943611198906
box_lam3em2,箱+λ,43,0,32,64,256,0.03,0.34615397453308105,0.05496125668287277,0.28625181317329407,0.019910940900444984,0.28536257147789,0.353385329246521,-1.0811938047409058,0.940146803855896,2.0213406085968018,0,0,0,0,0.0,0.0,32,0.008240627124905586,0.0009146235510706901,0.707507312297821,0.29249268770217896,0.04543920276596566,1.3862943611198906
box_lam1em1,箱+λ,43,0,32,64,256,0.1,0.3183973729610443,0.04833381995558739,0.2742401659488678,0.035185374319553375,0.3001820147037506,0.23294395208358765,-0.5192172527313232,0.7289329767227173,1.2481502294540405,0,0,0,0,0.0,0.0,32,0.021414518356323242,0.003048745170235634,0.7190995216369629,0.2809004783630371,0.041585394209350784,1.3862943611198906
box_lam3em1,箱+λ,43,0,32,64,256,0.3,0.3211582601070404,0.0639161691069603,0.26863470673561096,0.0623837411403656,0.2631029188632965,0.153079092502594,-0.27790841460227966,0.5974550247192383,0.8753634393215179,0,0,0,0,0.0,0.0,32,0.05419555678963661,0.009146235510706901,0.7031659483909607,0.2968340516090393,0.0411899806906875,1.3862943611198906
box_lam1e0,箱+λ,43,0,32,64,256,1.0,0.3175324499607086,0.08481407165527344,0.2689746022224426,0.07460421323776245,0.19908644258975983,0.09989739954471588,0.018938200548291206,0.5694410800933838,0.5505028795450926,0,0,0,0,0.0,0.0,32,0.13135820627212524,0.03048745170235634,0.6772674918174744,0.32273250818252563,0.04352883893327234,1.3862943611198906
box_lam3e0,箱+λ,43,0,32,64,256,3.0,0.3163493275642395,0.13695946335792542,0.27623751759529114,0.1282724291086197,0.13305728137493134,0.07264413684606552,0.04895665869116783,0.44792449474334717,0.39896783605217934,0,0,0,0,0.0,0.0,32,0.2637498378753662,0.09146235510706902,0.6564929485321045,0.3435070514678955,0.046718129677669695,1.3862943611198906
box_lam1e1,箱+λ,43,0,32,64,256,10.0,0.3168984651565552,0.19035257399082184,0.2818090319633484,0.1779100000858307,0.07140179723501205,0.05003620684146881,0.024579305201768875,0.25626498460769653,0.23168567940592766,0,0,0,0,0.0,0.0,32,0.47097349166870117,0.3048745170235634,0.6465188264846802,0.3534811735153198,0.04942613167629067,1.3862943611198906
box_lam3e1,箱+λ,43,0,32,64,256,30.0,0.31933826208114624,0.2265799343585968,0.28798389434814453,0.21584317088127136,0.03498202934861183,0.03286757692694664,0.011113646440207958,0.21633243560791016,0.2052187891677022,0,0,0,0,0.0,0.0,32,0.6711368560791016,0.9146235510706902,0.6521919965744019,0.34780800342559814,0.049376330354161634,1.3862943611198906
box_lam1e2,箱+λ,43,0,32,64,256,100.0,0.31649765372276306,0.2560955286026001,0.30147865414619446,0.2478492110967636,0.013965990394353867,0.01741974428296089,0.003835465759038925,0.1304619461297989,0.12662648037075996,0,0,0,0,0.0,0.0,32,0.8748076558113098,3.048745170235634,0.6684539914131165,0.33154600858688354,0.04712208946398982,1.3862943611198906
box_lam1e3,箱+λ,43,0,32,64,256,1000.0,0.3133716881275177,0.27821648120880127,0.3030737638473511,0.2697858214378357,0.0017080912366509438,0.002608856186270714,0.0004204819560982287,0.020388081669807434,0.019967599713709205,0,0,0,0,0.0,0.0,32,1.0870001316070557,30.48745170235634,0.6875396966934204,0.3124603033065796,0.044428648072829625,1.3862943611198906
nobox_lam1em3,无箱互校,43,0,32,64,256,0.001,0.36082175374031067,0.06506418436765671,0.3030717074871063,0.010810851119458675,0.17957760393619537,0.5399072170257568,-1.489784836769104,1.1544697284698486,2.6442545652389526,0,0,0,0,0.0,0.0,32,0.005017438903450966,3.048745170235634e-05,0.6554139852523804,0.34458601474761963,0.053054113300415276,1.3862943611198906
nobox_lam1em1,无箱互校,43,0,32,64,256,0.1,0.31839272379875183,0.048327427357435226,0.274248868227005,0.03518495708703995,0.30007404088974,0.2330188751220703,-0.5193326473236084,0.7291293144226074,1.2484619617462158,0,0,0,0,0.0,0.0,32,0.02141682058572769,0.003048745170235634,0.7190377712249756,0.2809622287750244,0.0415898392392395,1.3862943611198906
scalar,参照,43,0,32,64,256,0.001,0.31319788098335266,0.05661993846297264,0.27437883615493774,0.0707726776599884,0.32449111342430115,0.0,0.32449111342430115,0.32449111342430115,0.0,0,0,0,0,0.0,0.0,32,0.009463295340538025,0.0,0.6909276247024536,0.3090723752975464,0.04397703060936775,1.3862943611198906
nobeta,参照,43,0,32,64,256,0.001,0.31319791078567505,0.28114384412765503,0.302964985370636,0.2745533585548401,0.0,0.0,0.0,0.0,0.0,0,0,0,0,0.0,0.0,32,0.005017438903450966,3.048745170235634e-05,0.6909276247024536,0.3090723752975464,0.04397703465398093,1.3862943611198906
box_lam1em3,箱+λ,43,1,8,8,256,0.001,0.7795554399490356,0.4192805290222168,0.668691873550415,0.24915271997451782,-0.010918974876403809,2.482003927230835,-3.0,2.002249240875244,5.002249240875244,3,0,3,0,0.375,0.0,8,0.7536383867263794,0.0003826775550842285,0.6250882148742676,0.3749117851257324,0.31354925327650207,3.4657359027997265
box_lam3em3,箱+λ,43,1,8,8,256,0.003,0.7795189023017883,0.41962188482284546,0.668758749961853,0.24957217276096344,-0.011418759822845459,2.4815189838409424,-3.0,1.998551368713379,4.998551368713379,3,0,3,0,0.375,0.0,8,0.7539627552032471,0.0011480326652526856,0.6251140236854553,0.3748859763145447,0.31353156477267413,3.4657359027997265
box_lam1em2,箱+λ,43,1,8,8,256,0.01,0.7785843014717102,0.4172900319099426,0.6719778180122375,0.2544794976711273,0.35301825404167175,2.1332943439483643,-3.0,1.988285779953003,4.988285779953003,1,0,1,0,0.125,0.0,8,0.7934426665306091,0.003826775550842285,0.6649219393730164,0.33507806062698364,0.2819150904077603,3.4657359027997265
box_lam3em2,箱+λ,43,1,8,8,256,0.03,0.8384848237037659,0.3721437454223633,0.6927615404129028,0.3081893026828766,1.0791264772415161,0.7991592288017273,-0.43027350306510925,1.8846324682235718,2.314905971288681,0,0,0,0,0.0,0.0,8,1.0529671907424927,0.011480326652526854,0.7964027523994446,0.20359724760055542,0.11087981083611681,3.4657359027997265
box_lam1em1,箱+λ,43,1,8,8,256,0.1,0.8651075959205627,0.31654393672943115,0.7305800914764404,0.3525419533252716,1.1901280879974365,0.4173427224159241,0.3836041986942291,1.678213357925415,1.294609159231186,0,0,0,0,0.0,0.0,8,1.5614378452301025,0.03826775550842285,0.8704281449317932,0.1295718550682068,0.0688141991459318,3.4657359027997265
box_lam3em1,箱+λ,43,1,8,8,256,0.3,0.8915095925331116,0.32204586267471313,0.7458216547966003,0.3965033292770386,1.1766993999481201,0.2559376657009125,0.815100908279419,1.484602928161621,0.6695020198822021,0,0,0,0,0.0,0.0,8,2.5877809524536133,0.11480326652526855,0.8989105224609375,0.1010894775390625,0.066724259795763,3.4657359027997265
box_lam1e0,箱+λ,43,1,8,8,256,1.0,0.915145218372345,0.3501216471195221,0.7438609004020691,0.4122728109359741,1.0702028274536133,0.15536941587924957,0.8126893639564514,1.303516149520874,0.4908267855644226,0,0,0,0,0.0,0.0,8,6.349839687347412,0.3826775550842285,0.9129531979560852,0.0870468020439148,0.06521616033641799,3.4657359027997265
box_lam3e0,箱+λ,43,1,8,8,256,3.0,0.9127021431922913,0.492565393447876,0.7407706379890442,0.5300119519233704,0.8535609841346741,0.12114575505256653,0.6880874633789062,1.1090810298919678,0.4209935665130615,0,0,0,0,0.0,0.0,8,17.5799560546875,1.1480326652526855,0.9186445474624634,0.08135545253753662,0.06338264035740275,3.4657359027997265
box_lam1e1,箱+λ,43,1,8,8,256,10.0,0.9127013683319092,0.6485134959220886,0.7702094912528992,0.6705119609832764,0.5123755931854248,0.09507334232330322,0.42068660259246826,0.7287413477897644,0.30805474519729614,0,0,0,0,0.0,0.0,8,41.31865692138672,3.826775550842285,0.9261036515235901,0.07389634847640991,0.06039667173109814,3.4657359027997265
box_lam3e1,箱+λ,43,1,8,8,256,30.0,0.9178256392478943,0.7343868017196655,0.8239874839782715,0.7496097683906555,0.24390679597854614,0.05628203973174095,0.19841988384723663,0.3738270699977875,0.17540718615055084,0,0,0,0,0.0,0.0,8,60.7441291809082,11.480326652526855,0.9348813891410828,0.06511861085891724,0.0572766274424955,3.4657359027997265
box_lam1e2,箱+λ,43,1,8,8,256,100.0,0.9146099090576172,0.7810529470443726,0.8634790778160095,0.790942370891571,0.08676887303590775,0.02275860495865345,0.06977804005146027,0.13964062929153442,0.06986258924007416,0,0,0,0,0.0,0.0,8,71.37196350097656,38.26775550842285,0.9414089918136597,0.05859100818634033,0.055176671710641015,3.4657359027997265
box_lam1e3,箱+λ,43,1,8,8,256,1000.0,0.9110848307609558,0.8024661540985107,0.8914716243743896,0.8065486550331116,0.009368965402245522,0.0026205049362033606,0.0074797580018639565,0.015476133674383163,0.007996375672519207,0,0,0,0,0.0,0.0,8,76.30231475830078,382.6775550842285,0.9449959993362427,0.055004000663757324,0.05409589347103029,3.4657359027997265
nobox_lam1em3,无箱互校,43,1,8,8,256,0.001,0.7805795073509216,0.4214721620082855,0.6708526015281677,0.24832794070243835,-4.063226699829102,8.077788352966309,-13.815510749816895,2.0098373889923096,15.825348138809204,3,3,3,0,0.375,0.375,8,0.7429518103599548,0.0003826775550842285,0.6086480021476746,0.39135199785232544,0.3187081586965391,3.4657359027997265
nobox_lam1em1,无箱互校,43,1,8,8,256,0.1,0.8651075959205627,0.3165437877178192,0.7305802702903748,0.3525419533252716,1.190127968788147,0.4173426926136017,0.38360437750816345,1.6782134771347046,1.2946090996265411,0,0,0,0,0.0,0.0,8,1.561437726020813,0.03826775550842285,0.8704281449317932,0.1295718550682068,0.06881399135929045,3.4657359027997265
scalar,参照,43,1,8,8,256,0.001,0.9109259247779846,0.3317886292934418,0.7446246147155762,0.302412211894989,1.3648014068603516,0.0,1.3648014068603516,1.3648014068603516,0.0,0,0,0,0,0.0,0.0,8,0.04122615233063698,0.0,0.9454460144042969,0.054553985595703125,0.05396410346178713,3.4657359027997265
nobeta,参照,43,1,8,8,256,0.001,0.9109275341033936,0.8049497604370117,0.8952807784080505,0.808352530002594,0.0,0.0,0.0,0.0,0.0,0,0,0,0,0.0,0.0,8,0.7429518103599548,0.0003826775550842285,0.9454460144042969,0.054553985595703125,0.05396407682247414,3.4657359027997265
box_lam1em3,箱+λ,43,1,8,16,256,0.001,0.8253722786903381,0.21681419014930725,0.6847111582756042,0.15360523760318756,-0.23598702251911163,1.9620506763458252,-3.0,1.880234718322754,4.880234718322754,4,0,4,0,0.25,0.0,8,0.000470357364974916,0.00023890937864780426,0.5951893925666809,0.4048106074333191,0.03732854511926812,2.772588722239781
box_lam3em3,箱+λ,43,1,8,16,256,0.003,0.8317349553108215,0.2314450442790985,0.6838858127593994,0.15719948709011078,-0.13980160653591156,1.8896262645721436,-3.0,1.8509517908096313,4.850951790809631,4,0,4,0,0.25,0.0,8,0.003677518805488944,0.0007167281359434128,0.6130264401435852,0.3869735598564148,0.03612573751469518,2.772588722239781
box_lam1em2,箱+λ,43,1,8,16,256,0.01,0.8395408391952515,0.20860181748867035,0.6885536909103394,0.173517107963562,-0.0438724011182785,1.8477132320404053,-3.0,1.757080078125,4.757080078125,4,0,4,0,0.25,0.0,8,0.028153911232948303,0.0023890937864780425,0.6468861103057861,0.35311388969421387,0.031915210284758154,2.772588722239781
box_lam3em2,箱+λ,43,1,8,16,256,0.03,0.8061167001724243,0.1788819432258606,0.6887142062187195,0.21578621864318848,0.17401184141635895,1.5714836120605469,-3.0,1.5845094919204712,4.584509491920471,2,0,2,0,0.125,0.0,8,0.1226416826248169,0.007167281359434128,0.6907863020896912,0.30921369791030884,0.027327233292942624,2.772588722239781
box_lam1em1,箱+λ,43,1,8,16,256,0.1,0.7890173196792603,0.15204641222953796,0.6478098630905151,0.23587441444396973,0.5329694151878357,0.9231466054916382,-2.069054126739502,1.3634653091430664,3.4325194358825684,0,0,0,0,0.0,0.0,8,0.4165259301662445,0.02389093786478043,0.7624367475509644,0.23756325244903564,0.026235077402752226,2.772588722239781
box_lam3em1,箱+λ,43,1,8,16,256,0.3,0.7270050048828125,0.19971776008605957,0.6062145233154297,0.265108197927475,0.711595356464386,0.3780001997947693,-0.03381149843335152,1.1799269914627075,1.213738489896059,0,0,0,0,0.0,0.0,8,0.9672127962112427,0.07167281359434127,0.8236445784568787,0.17635542154312134,0.02460469284104026,2.772588722239781
box_lam1e0,箱+λ,43,1,8,16,256,1.0,0.6853561401367188,0.24500277638435364,0.567939817905426,0.31992512941360474,0.6969080567359924,0.22015853226184845,0.3645276725292206,1.1002649068832397,0.7357372343540192,0,0,0,0,0.0,0.0,8,2.1716859340667725,0.23890937864780426,0.8477171063423157,0.15228289365768433,0.02330071978144189,2.772588722239781
box_lam3e0,箱+λ,43,1,8,16,256,3.0,0.658035397529602,0.3225384056568146,0.5655198097229004,0.34172648191452026,0.5980857610702515,0.16900281608104706,0.39289963245391846,0.9946193695068359,0.6017197370529175,0,0,0,0,0.0,0.0,8,5.656001567840576,0.7167281359434128,0.8591411113739014,0.14085888862609863,0.022556142991469998,2.772588722239781
box_lam1e1,箱+λ,43,1,8,16,256,10.0,0.642703652381897,0.44891199469566345,0.5851448178291321,0.47704970836639404,0.4041692018508911,0.12933075428009033,0.23104944825172424,0.7356792688369751,0.5046298205852509,0,0,0,0,0.0,0.0,8,16.69870376586914,2.3890937864780426,0.8766691088676453,0.12333089113235474,0.021316738298706114,2.772588722239781
box_lam3e1,箱+λ,43,1,8,16,256,30.0,0.6363471150398254,0.5558455586433411,0.6200895309448242,0.5804594159126282,0.2134920358657837,0.07864353805780411,0.11000585556030273,0.4249531924724579,0.31494733691215515,0,0,0,0,0.0,0.0,8,31.304264068603516,7.167281359434128,0.8981231451034546,0.10187685489654541,0.019925958373785996,2.772588722239781
box_lam1e2,箱+λ,43,1,8,16,256,100.0,0.6342397928237915,0.6230084300041199,0.6511618494987488,0.6348358392715454,0.08122922480106354,0.033017322421073914,0.03919660672545433,0.1731429100036621,0.13394630327820778,0,0,0,0,0.0,0.0,8,42.3038444519043,23.890937864780426,0.915628969669342,0.08437103033065796,0.01891403343450481,2.772588722239781
box_lam1e3,箱+λ,43,1,8,16,256,1000.0,0.6338059902191162,0.6531508564949036,0.6726149320602417,0.6637023091316223,0.009088324382901192,0.003905313089489937,0.0042341588996350765,0.02018388919532299,0.015949730295687914,0,0,0,0,0.0,0.0,8,48.32363510131836,238.90937864780426,0.9259519577026367,0.07404804229736328,0.01836337352757467,2.772588722239781
nobox_lam1em3,无箱互校,43,1,8,16,256,0.001,0.8261821269989014,0.2214594930410385,0.6849271655082703,0.1555606871843338,-2.901045322418213,6.5803704261779785,-13.815510749816895,1.8686848878860474,15.684195637702942,4,4,4,0,0.25,0.25,8,0.00045421620598062873,0.00023890937864780426,0.5882558226585388,0.4117441773414612,0.03604898166216601,2.772588722239781
nobox_lam1em1,无箱互校,43,1,8,16,256,0.1,0.789016842842102,0.15204641222953796,0.6478098034858704,0.23587441444396973,0.5329686999320984,0.9231487512588501,-2.069066286087036,1.3634650707244873,3.4325313568115234,0,0,0,0,0.0,0.0,8,0.4165256917476654,0.02389093786478043,0.76243656873703,0.23756343126296997,0.026235045435576632,2.772588722239781
scalar,参照,43,1,8,16,256,0.001,0.6337870955467224,0.19260697066783905,0.5348848700523376,0.24364323914051056,0.9063539505004883,0.0,0.9063539505004883,0.9063539505004883,0.0,0,0,0,0,0.0,0.0,8,0.01952732726931572,0.0,0.9272837042808533,0.07271629571914673,0.018294526887073375,2.772588722239781
nobeta,参照,43,1,8,16,256,0.001,0.6337880492210388,0.6567767262458801,0.6772300004959106,0.6676990985870361,0.0,0.0,0.0,0.0,0.0,0,0,0,0,0.0,0.0,8,0.00045421620598062873,0.00023890937864780426,0.9272837042808533,0.07271629571914673,0.018294516231348177,2.772588722239781
box_lam1em3,箱+λ,43,1,8,32,256,0.001,0.6737576127052307,0.13993345201015472,0.5696315765380859,0.15956604480743408,0.09224682301282883,0.9182407855987549,-2.323397636413574,1.1181769371032715,3.4415745735168457,0,0,0,0,0.0,0.0,8,5.844357474416029e-06,0.00013834120333194733,0.6212247610092163,0.3787752389907837,0.028614031987453863,2.0794415416798357
box_lam3em3,箱+λ,43,1,8,32,256,0.003,0.6740046143531799,0.14436712861061096,0.5682231187820435,0.15265978872776031,0.18305331468582153,0.7469801306724548,-1.675856351852417,1.1124746799468994,2.7883310317993164,0,0,0,0,0.0,0.0,8,5.2001330914208665e-05,0.00041502360999584197,0.6447246670722961,0.35527533292770386,0.028808067415438437,2.0794415416798357
box_lam1em2,箱+λ,43,1,8,32,256,0.01,0.6624469757080078,0.14556381106376648,0.5652487277984619,0.13913263380527496,0.29976266622543335,0.5687534213066101,-0.9211121201515198,1.0982767343521118,2.0193888545036316,0,0,0,0,0.0,0.0,8,0.0005548725021071732,0.0013834120333194734,0.6921033263206482,0.3078966736793518,0.028854830065467834,2.0794415416798357
box_lam3em2,箱+λ,43,1,8,32,256,0.03,0.6515735387802124,0.14699381589889526,0.5630285143852234,0.12674956023693085,0.3609858751296997,0.4822833836078644,-0.6290905475616455,1.0684373378753662,1.6975278854370117,0,0,0,0,0.0,0.0,8,0.004472216125577688,0.00415023609995842,0.7258020639419556,0.27419793605804443,0.028452882791360188,2.0794415416798357
box_lam1em1,箱+λ,43,1,8,32,256,0.1,0.6439239978790283,0.14413772523403168,0.5621517896652222,0.14344680309295654,0.37972521781921387,0.4097486436367035,-0.49909669160842896,0.9866646528244019,1.4857613444328308,0,0,0,0,0.0,0.0,8,0.035491034388542175,0.013834120333194734,0.7377469539642334,0.2622530460357666,0.027887045135851805,2.0794415416798357
box_lam3em1,箱+λ,43,1,8,32,256,0.3,0.6326025724411011,0.13654620945453644,0.5547748804092407,0.14626848697662354,0.38954418897628784,0.3153597116470337,-0.31483206152915955,0.8908371329307556,1.2056691944599152,0,0,0,0,0.0,0.0,8,0.1603558510541916,0.041502360999584195,0.7489986419677734,0.25100135803222656,0.027073693631523697,2.0794415416798357
box_lam1e0,箱+λ,43,1,8,32,256,1.0,0.6194524168968201,0.16213573515415192,0.5240886211395264,0.15136614441871643,0.37814074754714966,0.22145497798919678,-0.10953900218009949,0.8553897142410278,0.9649287164211273,0,0,0,0,0.0,0.0,8,0.5370120406150818,0.13834120333194733,0.7596175074577332,0.24038249254226685,0.026249113656768682,2.0794415416798357
box_lam3e0,箱+λ,43,1,8,32,256,3.0,0.6184914112091064,0.19728371500968933,0.5124480128288269,0.1996757984161377,0.3386803865432739,0.1686246395111084,0.03942205011844635,0.7987664937973022,0.7593444436788559,0,0,0,0,0.0,0.0,8,1.4609452486038208,0.415023609995842,0.7709554433822632,0.22904455661773682,0.02549915306164073,2.0794415416798357
box_lam1e1,箱+λ,43,1,8,32,256,10.0,0.611467719078064,0.27503982186317444,0.5234279036521912,0.25254783034324646,0.25457751750946045,0.12574979662895203,0.09613099694252014,0.6458187699317932,0.5496877729892731,0,0,0,0,0.0,0.0,8,4.661707401275635,1.3834120333194733,0.7925538420677185,0.2074461579322815,0.02452015298125429,2.0794415416798357
box_lam3e1,箱+λ,43,1,8,32,256,30.0,0.605160653591156,0.35733938217163086,0.532496452331543,0.3490715026855469,0.1523863673210144,0.08082444220781326,0.04810164496302605,0.420594185590744,0.37249254062771797,0,0,0,0,0.0,0.0,8,10.932720184326172,4.15023609995842,0.820324718952179,0.17967528104782104,0.0235547789094642,2.0794415416798357
box_lam1e2,箱+λ,43,1,8,32,256,100.0,0.6029764413833618,0.4188466966152191,0.5485018491744995,0.4169422388076782,0.06404557079076767,0.03652629628777504,0.018210364505648613,0.1910092681646347,0.1727989036589861,0,0,0,0,0.0,0.0,8,18.00722312927246,13.834120333194733,0.8464257717132568,0.15357422828674316,0.02277797387863235,2.0794415416798357
box_lam1e3,箱+λ,43,1,8,32,256,1000.0,0.6025590300559998,0.4671253263950348,0.5627468228340149,0.45621293783187866,0.007606856990605593,0.004558310378342867,0.002044136868789792,0.02394716627895832,0.02190302941016853,0,0,0,0,0.0,0.0,8,23.072227478027344,138.34120333194733,0.8640333414077759,0.13596665859222412,0.022308967461925296,2.0794415416798357
nobox_lam1em3,无箱互校,43,1,8,32,256,0.001,0.67478346824646,0.13892149925231934,0.5699546337127686,0.1615791618824005,0.04107527807354927,1.039608359336853,-2.9356651306152344,1.1182198524475098,4.053884983062744,0,0,0,0,0.0,0.0,8,5.843921371706529e-06,0.00013834120333194733,0.6138541102409363,0.3861458897590637,0.028558105413754583,2.0794415416798357
nobox_lam1em1,无箱互校,43,1,8,32,256,0.1,0.6439236402511597,0.14413784444332123,0.5621516704559326,0.14344654977321625,0.3797256350517273,0.4097481071949005,-0.4990990459918976,0.9866647124290466,1.4857637584209442,0,0,0,0,0.0,0.0,8,0.03549114242196083,0.013834120333194734,0.737747311592102,0.26225268840789795,0.0278870611194396,2.0794415416798357
scalar,参照,43,1,8,32,256,0.001,0.6025529503822327,0.13150207698345184,0.5064698457717896,0.1078929603099823,0.5491309762001038,6.055837786789198e-08,0.5491310358047485,0.5491310358047485,0.0,0,0,0,0,0.0,0.0,8,0.010916829109191895,0.0,0.8664500117301941,0.1335499882698059,0.022247914152440353,2.0794415416798357
nobeta,参照,43,1,8,32,256,0.001,0.6025529503822327,0.47401243448257446,0.564858078956604,0.46128496527671814,0.0,0.0,0.0,0.0,0.0,0,0,0,0,0.0,0.0,8,5.843921371706529e-06,0.00013834120333194733,0.8664498329162598,0.13355016708374023,0.0222479181483373,2.0794415416798357
box_lam1em3,箱+λ,43,1,8,64,256,0.001,0.6523608565330505,0.11789792776107788,0.5368749499320984,0.1364506632089615,-0.29799264669418335,0.7123194336891174,-2.324296236038208,0.9920152425765991,3.316311478614807,0,0,0,0,0.0,0.0,8,1.518508270237362e-07,7.353172451257706e-05,0.465088427066803,0.534911572933197,0.03267528849096117,1.3862943611198906
box_lam3em3,箱+λ,43,1,8,64,256,0.003,0.6409974694252014,0.1098911315202713,0.5339281558990479,0.12775243818759918,-0.20295220613479614,0.5833988189697266,-1.6622813940048218,0.9617741703987122,2.624055564403534,0,0,0,0,0.0,0.0,8,1.366468723063008e-06,0.00022059517353773117,0.490526020526886,0.509473979473114,0.03283106187369268,1.3862943611198906
box_lam1em2,箱+λ,43,1,8,64,256,0.01,0.6251053214073181,0.09306806325912476,0.5266507863998413,0.10420647263526917,-0.027187908068299294,0.38017597794532776,-0.8009679913520813,0.8751894235610962,1.6761574149131775,0,0,0,0,0.0,0.0,8,1.5002027794253081e-05,0.0007353172451257706,0.5583004355430603,0.4416995644569397,0.03299737376864456,1.3862943611198906
box_lam3em2,箱+λ,43,1,8,64,256,0.03,0.6157878041267395,0.07595010101795197,0.5204971432685852,0.09399021416902542,0.13150165975093842,0.21498824656009674,-0.265796959400177,0.7447538375854492,1.0105507969856262,0,0,0,0,0.0,0.0,8,0.00013058313925284892,0.002205951735377312,0.6473267674446106,0.3526732325553894,0.03276380027231452,1.3862943611198906
box_lam1em1,箱+λ,43,1,8,64,256,0.1,0.6102951765060425,0.07661384344100952,0.5149374604225159,0.07767406851053238,0.18298031389713287,0.16199329495429993,-0.16132478415966034,0.6769810318946838,0.8383058160543442,0,0,0,0,0.0,0.0,8,0.001299081020988524,0.007353172451257706,0.6840449571609497,0.3159550428390503,0.032482736872710354,1.3862943611198906
box_lam3em1,箱+λ,43,1,8,64,256,0.3,0.6093394160270691,0.07944998890161514,0.5135583877563477,0.08828002214431763,0.18000711500644684,0.15092168748378754,-0.12934495508670807,0.6558835506439209,0.785228505730629,0,0,0,0,0.0,0.0,8,0.008932411670684814,0.022059517353773116,0.6847960352897644,0.3152039647102356,0.03222728450861846,1.3862943611198906
box_lam1e0,箱+λ,43,1,8,64,256,1.0,0.6068091988563538,0.07978424429893494,0.5104795098304749,0.10121113061904907,0.17048031091690063,0.13199478387832642,-0.05452350527048111,0.6025847792625427,0.6571082845330238,0,0,0,0,0.0,0.0,8,0.05302110314369202,0.07353172451257706,0.6856805682182312,0.3143194317817688,0.03171465088902139,1.3862943611198906
box_lam3e0,箱+λ,43,1,8,64,256,3.0,0.6056120991706848,0.08451128005981445,0.5071840882301331,0.08389192074537277,0.1542397439479828,0.11283470690250397,0.005820113234221935,0.5289523601531982,0.5231322469189763,0,0,0,0,0.0,0.0,8,0.20109617710113525,0.22059517353773117,0.6889743804931641,0.31102561950683594,0.03114064295621779,1.3862943611198906
box_lam1e1,箱+λ,43,1,8,64,256,10.0,0.6033228039741516,0.10635633021593094,0.50583416223526,0.10373101383447647,0.12418434023857117,0.09134240448474884,0.03294401988387108,0.46927374601364136,0.4363297261297703,0,0,0,0,0.0,0.0,8,0.755388081073761,0.7353172451257706,0.699862003326416,0.300137996673584,0.03059588498908143,1.3862943611198906
box_lam3e1,箱+λ,43,1,8,64,256,30.0,0.6011494994163513,0.15525899827480316,0.505068302154541,0.14784198999404907,0.084105484187603,0.06527044624090195,0.024229368194937706,0.34868374466896057,0.32445437647402287,0,0,0,0,0.0,0.0,8,2.2262134552001953,2.2059517353773117,0.7192816138267517,0.2807183861732483,0.030201444673375454,1.3862943611198906
box_lam1e2,箱+λ,43,1,8,64,256,100.0,0.6008607149124146,0.20940130949020386,0.5095336437225342,0.20391568541526794,0.04048490896821022,0.033350832760334015,0.011015555821359158,0.18293513357639313,0.17191957775503397,0,0,0,0,0.0,0.0,8,4.859997749328613,7.353172451257706,0.7435441613197327,0.25645583868026733,0.0298856622571464,1.3862943611198906
box_lam1e3,箱+λ,43,1,8,64,256,1000.0,0.6018864512443542,0.25312381982803345,0.5129081606864929,0.24756048619747162,0.005326785612851381,0.004596345592290163,0.0013625870924443007,0.02575734630227089,0.02439475920982659,0,0,0,0,0.0,0.0,8,7.690885543823242,73.53172451257706,0.7646217942237854,0.2353782057762146,0.029675917626289357,1.3862943611198906
nobox_lam1em3,无箱互校,43,1,8,64,256,0.001,0.6543643474578857,0.12163928151130676,0.538241982460022,0.13878574967384338,-0.35756105184555054,0.8094698786735535,-2.982820510864258,1.0056928396224976,3.9885133504867554,0,0,0,0,0.0,0.0,8,1.5226527239065035e-07,7.353172451257706e-05,0.4531473219394684,0.5468526780605316,0.03258485867907226,1.3862943611198906
nobox_lam1em1,无箱互校,43,1,8,64,256,0.1,0.6103029251098633,0.07661787420511246,0.5149375200271606,0.077692911028862,0.18294048309326172,0.162027046084404,-0.1613309532403946,0.6770310997962952,0.8383620530366898,0,0,0,0,0.0,0.0,8,0.0012990860268473625,0.007353172451257706,0.6840155720710754,0.31598442792892456,0.03248286207748142,1.3862943611198906
scalar,参照,43,1,8,64,256,0.001,0.6019093990325928,0.059495631605386734,0.5054497718811035,0.06503264605998993,0.2805183231830597,3.003791704259129e-08,0.2805183529853821,0.2805183529853821,0.0,0,0,0,0,0.0,0.0,8,0.0022537275217473507,0.0,0.7679052948951721,0.23209470510482788,0.029647826470737344,1.3862943611198906
nobeta,参照,43,1,8,64,256,0.001,0.6019093990325928,0.26054710149765015,0.5135514736175537,0.25400489568710327,0.0,0.0,0.0,0.0,0.0,0,0,0,0,0.0,0.0,8,1.5226527239065035e-07,7.353172451257706e-05,0.7679051160812378,0.2320948839187622,0.029647834462531244,1.3862943611198906
box_lam1em3,箱+λ,43,1,16,8,256,0.001,0.6771041750907898,0.2570125460624695,0.5989186763763428,0.2914256155490875,0.81955885887146,1.5737031698226929,-3.0,1.7574918270111084,4.757491827011108,1,0,1,0,0.125,0.0,8,10.85951042175293,0.0008883044719696045,0.8079450130462646,0.19205498695373535,0.4033737229469485,3.4657359027997265
box_lam3em3,箱+λ,43,1,16,8,256,0.003,0.6767796277999878,0.2575220763683319,0.5988051891326904,0.2911950349807739,0.8205073475837708,1.5725433826446533,-3.0,1.7516992092132568,4.751699209213257,1,0,1,0,0.125,0.0,8,10.860434532165527,0.0026649134159088136,0.8089104890823364,0.19108951091766357,0.40332356800935193,3.4657359027997265
box_lam1em2,箱+λ,43,1,16,8,256,0.01,0.6757933497428894,0.2591227889060974,0.5984439253807068,0.2904905676841736,0.8228611350059509,1.5690455436706543,-3.0,1.7321367263793945,4.7321367263793945,1,0,1,0,0.125,0.0,8,10.86982250213623,0.008883044719696045,0.8117114305496216,0.18828856945037842,0.4031577670667075,3.4657359027997265
box_lam3em2,箱+λ,43,1,16,8,256,0.03,0.6737948656082153,0.262658029794693,0.5976232886314392,0.29626521468162537,0.8246582746505737,1.5618878602981567,-3.0,1.6815927028656006,4.681592702865601,1,0,1,0,0.125,0.0,8,10.932666778564453,0.026649134159088133,0.8165852427482605,0.1834147572517395,0.40275235052857883,3.4657359027997265
box_lam1em1,箱+λ,43,1,16,8,256,0.1,0.6678401827812195,0.2755173444747925,0.5753417611122131,0.3319627642631531,1.0873141288757324,0.7494437098503113,-0.7331252098083496,1.5400029420852661,2.2731281518936157,0,0,0,0,0.0,0.0,8,11.506731033325195,0.08883044719696045,0.8533765077590942,0.14662349224090576,0.36284639911625344,3.4657359027997265
box_lam3em1,箱+λ,43,1,16,8,256,0.3,0.6609663963317871,0.30248594284057617,0.592252254486084,0.3605627715587616,1.15791654586792,0.3327270448207855,0.36694157123565674,1.4175337553024292,1.0505921840667725,0,0,0,0,0.0,0.0,8,13.606965065002441,0.26649134159088134,0.8940997123718262,0.10590028762817383,0.3542026758283333,3.4657359027997265
box_lam1e0,箱+λ,43,1,16,8,256,1.0,0.6578409075737,0.33757829666137695,0.5954517126083374,0.41768941283226013,1.0699470043182373,0.18732883036136627,0.7156620025634766,1.3207546472549438,0.6050926446914673,0,0,0,0,0.0,0.0,8,21.441303253173828,0.8883044719696045,0.9069256782531738,0.09307432174682617,0.3533429683660776,3.4657359027997265
box_lam3e0,箱+λ,43,1,16,8,256,3.0,0.6577694416046143,0.44440847635269165,0.6164475083351135,0.4904232621192932,0.8650320768356323,0.1635364443063736,0.6862024068832397,1.1182020902633667,0.43199968338012695,0,0,0,0,0.0,0.0,8,46.965850830078125,2.6649134159088135,0.9102243185043335,0.0897756814956665,0.353050301347239,3.4657359027997265
box_lam1e1,箱+λ,43,1,16,8,256,10.0,0.6572211384773254,0.6120565533638,0.6607958674430847,0.6426841616630554,0.5325332880020142,0.12772442400455475,0.38142871856689453,0.7356312870979309,0.3542025685310364,0,0,0,0,0.0,0.0,8,106.15199279785156,8.883044719696045,0.9210003614425659,0.07899963855743408,0.35320570543047897,3.4657359027997265
box_lam3e1,箱+λ,43,1,16,8,256,30.0,0.6563052535057068,0.7152220010757446,0.7274764776229858,0.7360848188400269,0.25932201743125916,0.07351847738027573,0.17115212976932526,0.3788487911224365,0.20769666135311127,0,0,0,0,0.0,0.0,8,157.86495971679688,26.649134159088135,0.9352396726608276,0.06476032733917236,0.3537631722262332,3.4657359027997265
box_lam1e2,箱+λ,43,1,16,8,256,100.0,0.6578266024589539,0.7665438055992126,0.7884814143180847,0.781265377998352,0.09362128376960754,0.02922268770635128,0.05882864445447922,0.14199216663837433,0.08316352218389511,0,0,0,0,0.0,0.0,8,187.14527893066406,88.83044719696045,0.9457612037658691,0.05423879623413086,0.35436759258058853,3.4657359027997265
box_lam1e3,箱+λ,43,1,16,8,256,1000.0,0.658768355846405,0.7908023595809937,0.8233597278594971,0.8011871576309204,0.010187453590333462,0.003336099674925208,0.006241827737540007,0.015768129378557205,0.009526301641017199,0,0,0,0,0.0,0.0,8,200.94384765625,888.3044719696045,0.9514732956886292,0.04852670431137085,0.3547791374727943,3.4657359027997265
nobox_lam1em3,无箱互校,43,1,16,8,256,0.001,0.6764373779296875,0.2564240097999573,0.5995794534683228,0.29104533791542053,-0.5312039852142334,5.376467704772949,-13.815510749816895,1.758650779724121,15.574161529541016,1,1,1,0,0.125,0.125,8,10.841350555419922,0.0008883044719696045,0.8016469478607178,0.19835305213928223,0.40479635479391274,3.4657359027997265
nobox_lam1em1,无箱互校,43,1,16,8,256,0.1,0.6678401827812195,0.27551740407943726,0.5753417015075684,0.33196282386779785,1.087314248085022,0.749443531036377,-0.7331247329711914,1.5400031805038452,2.2731279134750366,0,0,0,0,0.0,0.0,8,11.506730079650879,0.08883044719696045,0.8533763885498047,0.1466236114501953,0.36284636862692965,3.4657359027997265
scalar,参照,43,1,16,8,256,0.001,0.6588917970657349,0.2953471839427948,0.584617018699646,0.2870907187461853,1.4669846296310425,1.2744008870413381e-07,1.466984510421753,1.466984510421753,0.0,0,0,0,0,0.0,0.0,8,0.09019097685813904,0.0,0.9521856307983398,0.047814369201660156,0.35483532929649675,3.4657359027997265
nobeta,参照,43,1,16,8,256,0.001,0.6588917374610901,0.7936808466911316,0.8276103138923645,0.8034993410110474,0.0,0.0,0.0,0.0,0.0,0,0,0,0,0.0,0.0,8,10.841350555419922,0.0008883044719696045,0.9521852135658264,0.047814786434173584,0.354835298807173,3.4657359027997265
box_lam1em3,箱+λ,43,1,16,16,256,0.001,0.803046464920044,0.19052113592624664,0.6549713015556335,0.203771710395813,-0.1644926816225052,2.015256404876709,-3.0,1.7603182792663574,4.760318279266357,5,0,5,0,0.3125,0.0,16,7.4366021156311035,0.0006254516839981079,0.625160813331604,0.374839186668396,0.29475581192055506,2.772588722239781
box_lam3em3,箱+λ,43,1,16,16,256,0.003,0.804050624370575,0.19046488404273987,0.6547684073448181,0.20779463648796082,-0.1629284918308258,2.0136516094207764,-3.0,1.7499122619628906,4.749912261962891,5,0,5,0,0.3125,0.0,16,7.438154220581055,0.0018763550519943237,0.6259230971336365,0.3740769028663635,0.29468172286380145,2.772588722239781
box_lam1em2,箱+λ,43,1,16,16,256,0.01,0.8070202469825745,0.18693602085113525,0.6539354920387268,0.217991903424263,-0.15975603461265564,2.009138584136963,-3.0,1.715857744216919,4.715857744216919,5,0,5,0,0.3125,0.0,16,7.453330993652344,0.006254516839981079,0.627626359462738,0.37237364053726196,0.2945118973304197,2.772588722239781
box_lam3em2,箱+λ,43,1,16,16,256,0.03,0.784392774105072,0.1923142820596695,0.6395431756973267,0.19909635186195374,0.21867527067661285,1.535513162612915,-3.0,1.509580135345459,4.509580135345459,2,0,2,0,0.125,0.0,16,7.738089084625244,0.018763550519943238,0.6843066215515137,0.31569337844848633,0.22130857067690943,2.772588722239781
box_lam1em1,箱+λ,43,1,16,16,256,0.1,0.8504564166069031,0.21538366377353668,0.6815754771232605,0.2226981520652771,0.3865060806274414,1.3535617589950562,-3.0,1.2237941026687622,4.223794102668762,2,0,2,0,0.125,0.0,16,8.454079627990723,0.0625451683998108,0.753437340259552,0.246562659740448,0.17759188064425252,2.772588722239781
box_lam3em1,箱+λ,43,1,16,16,256,0.3,0.8034903407096863,0.23969268798828125,0.6340880393981934,0.2380601465702057,0.6685900688171387,0.4889572560787201,-0.9248082041740417,1.1938923597335815,2.1187005639076233,0,0,0,0,0.0,0.0,16,9.690455436706543,0.18763550519943237,0.8059123754501343,0.19408762454986572,0.15623828638288534,2.772588722239781
box_lam1e0,箱+λ,43,1,16,16,256,1.0,0.755603551864624,0.25962066650390625,0.6149505376815796,0.26528191566467285,0.6705708503723145,0.2223644107580185,0.19028083980083466,1.1029253005981445,0.9126444607973099,0,0,0,0,0.0,0.0,16,12.503935813903809,0.6254516839981079,0.8339260220527649,0.1660739779472351,0.13219338426795077,2.772588722239781
box_lam3e0,箱+λ,43,1,16,16,256,3.0,0.7373913526535034,0.3259086012840271,0.6155492067337036,0.3111549913883209,0.5754210352897644,0.16375422477722168,0.3853299021720886,0.9464278817176819,0.5610979795455933,0,0,0,0,0.0,0.0,16,20.894283294677734,1.8763550519943237,0.849824070930481,0.15017592906951904,0.12874708453460518,2.772588722239781
box_lam1e1,箱+λ,43,1,16,16,256,10.0,0.7438284754753113,0.45173752307891846,0.644747793674469,0.44174912571907043,0.39004582166671753,0.12087036669254303,0.23430520296096802,0.6701134443283081,0.4358082413673401,0,0,0,0,0.0,0.0,16,47.039527893066406,6.254516839981079,0.8712461590766907,0.12875384092330933,0.12543358105092636,2.772588722239781
box_lam3e1,箱+λ,43,1,16,16,256,30.0,0.753431499004364,0.5574820041656494,0.6754034757614136,0.5455070734024048,0.20682771503925323,0.0729062408208847,0.11502757668495178,0.3766009211540222,0.26157334446907043,0,0,0,0,0.0,0.0,16,81.5136947631836,18.763550519943237,0.8935418128967285,0.10645818710327148,0.12216742748705758,2.772588722239781
box_lam1e2,箱+λ,43,1,16,16,256,100.0,0.778187096118927,0.6100670099258423,0.7098856568336487,0.602410614490509,0.0789036974310875,0.030437501147389412,0.0417337492108345,0.15058651566505432,0.10885276645421982,0,0,0,0,0.0,0.0,16,107.85128784179688,62.54516839981079,0.9107100963592529,0.08928990364074707,0.11974833593841215,2.772588722239781
box_lam1e3,箱+λ,43,1,16,16,256,1000.0,0.7930774092674255,0.6412155628204346,0.7518236041069031,0.6303521394729614,0.008839485235512257,0.003581881057471037,0.004548441618680954,0.017354656010866165,0.012806214392185211,0,0,0,0,0.0,0.0,16,122.43531799316406,625.4516839981079,0.920602023601532,0.07939797639846802,0.11838347373765531,2.772588722239781
nobox_lam1em3,无箱互校,43,1,16,16,256,0.001,0.8039031624794006,0.19376757740974426,0.6548717021942139,0.20197118818759918,-3.5388431549072266,7.166845321655273,-13.815510749816895,1.7628586292266846,15.578369379043579,5,5,5,0,0.3125,0.3125,16,7.382232666015625,0.0006254516839981079,0.6076350212097168,0.3923649787902832,0.297233435348502,2.772588722239781
nobox_lam1em1,无箱互校,43,1,16,16,256,0.1,0.8514829277992249,0.21353577077388763,0.6824881434440613,0.2228035032749176,-0.38997921347618103,3.8464901447296143,-13.815510749816895,1.2245230674743652,15.04003381729126,2,1,2,0,0.125,0.0625,16,8.42053508758545,0.0625451683998108,0.747285008430481,0.25271499156951904,0.17770316667600175,2.772588722239781
scalar,参照,43,1,16,16,256,0.001,0.7950124740600586,0.15642903745174408,0.6762778759002686,0.2162753790616989,1.021563172340393,0.0,1.021563172340393,1.021563172340393,0.0,0,0,0,0,0.0,0.0,16,0.07368886470794678,0.0,0.9218689203262329,0.07813107967376709,0.11820973032616955,2.772588722239781
nobeta,参照,43,1,16,16,256,0.001,0.7950108647346497,0.6460770964622498,0.753559410572052,0.6337230801582336,0.0,0.0,0.0,0.0,0.0,0,0,0,0,0.0,0.0,16,7.382232666015625,0.0006254516839981079,0.9218689203262329,0.07813107967376709,0.11820982941647179,2.772588722239781
box_lam1em3,箱+λ,43,1,16,32,256,0.001,0.6401280760765076,0.08112874627113342,0.5576002597808838,0.09458038210868835,0.02543121576309204,1.5739715099334717,-3.0,1.8636305332183838,4.863630533218384,6,0,6,0,0.1875,0.0,16,0.01848110742866993,0.00036845874786376956,0.7135716676712036,0.2864283323287964,0.04627737400087589,2.0794415416798357
box_lam3em3,箱+λ,43,1,16,32,256,0.003,0.6359556317329407,0.08334902673959732,0.5533992648124695,0.0822393074631691,0.05318683385848999,1.53351628780365,-3.0,1.8369247913360596,4.83692479133606,5,0,5,0,0.15625,0.0,16,0.030016032978892326,0.0011053762435913085,0.7210896611213684,0.2789103388786316,0.0451877617927558,2.0794415416798357
box_lam1em2,箱+λ,43,1,16,32,256,0.01,0.6325756311416626,0.08539833873510361,0.5419213771820068,0.0843239426612854,0.10746274888515472,1.464231252670288,-3.0,1.766648769378662,4.766648769378662,5,0,5,0,0.15625,0.0,16,0.08220022171735764,0.0036845874786376955,0.7395753264427185,0.2604246735572815,0.04331229488687444,2.0794415416798357
box_lam3em2,箱+λ,43,1,16,32,256,0.03,0.628424882888794,0.08929692208766937,0.5346694588661194,0.06512606889009476,0.1552920639514923,1.3615012168884277,-3.0,1.638197422027588,4.638197422027588,4,0,4,0,0.125,0.0,16,0.24998798966407776,0.011053762435913085,0.7506495714187622,0.2493504285812378,0.043086841582279996,2.0794415416798357
box_lam1em1,箱+λ,43,1,16,32,256,0.1,0.5897184014320374,0.10540828853845596,0.4819549024105072,0.09174463897943497,0.37616562843322754,0.815304696559906,-3.0,1.3923156261444092,4.392315626144409,1,0,1,0,0.03125,0.0,16,0.870179295539856,0.03684587478637696,0.7996879816055298,0.20031201839447021,0.04267849044673878,2.0794415416798357
box_lam3em1,箱+λ,43,1,16,32,256,0.3,0.5390830636024475,0.12468253821134567,0.4636502265930176,0.10206126421689987,0.3841598927974701,0.675428569316864,-3.0,1.0293023586273193,4.029302358627319,1,0,1,0,0.03125,0.0,16,2.1139659881591797,0.11053762435913085,0.8113572597503662,0.1886427402496338,0.041146241858501575,2.0794415416798357
box_lam1e0,箱+λ,43,1,16,32,256,1.0,0.5129064917564392,0.156561017036438,0.4437691569328308,0.15818887948989868,0.39955052733421326,0.20424078404903412,-0.3263062834739685,0.8411216735839844,1.1674279570579529,0,0,0,0,0.0,0.0,16,4.220274448394775,0.36845874786376953,0.8180437088012695,0.18195629119873047,0.04152560908063687,2.0794415416798357
box_lam3e0,箱+λ,43,1,16,32,256,3.0,0.5209936499595642,0.2071736752986908,0.4484523832798004,0.1932378113269806,0.33854207396507263,0.13618001341819763,0.10738947242498398,0.7590535283088684,0.6516640558838844,0,0,0,0,0.0,0.0,16,6.999554634094238,1.1053762435913086,0.819166898727417,0.180833101272583,0.04122838771906058,2.0794415416798357
box_lam1e1,箱+λ,43,1,16,32,256,10.0,0.527901291847229,0.2776569128036499,0.46375685930252075,0.26110804080963135,0.24550484120845795,0.10872844606637955,0.10426562279462814,0.5816309452056885,0.47736532241106033,0,0,0,0,0.0,0.0,16,14.562393188476562,3.6845874786376953,0.8336107730865479,0.16638922691345215,0.03974757843118363,2.0794415416798357
box_lam3e1,箱+λ,43,1,16,32,256,30.0,0.5298291444778442,0.3618304431438446,0.4747884273529053,0.34525179862976074,0.14507916569709778,0.07268799841403961,0.05418943613767624,0.36508339643478394,0.3108939602971077,0,0,0,0,0.0,0.0,16,28.865432739257812,11.053762435913086,0.8562859892845154,0.14371401071548462,0.03756536225004883,2.0794415416798357
box_lam1e2,箱+λ,43,1,16,32,256,100.0,0.5264853239059448,0.4193037748336792,0.48819613456726074,0.40880799293518066,0.06074562668800354,0.033239711076021194,0.020827049389481544,0.1617266833782196,0.14089963398873806,0,0,0,0,0.0,0.0,16,45.112728118896484,36.84587478637695,0.8780291676521301,0.12197083234786987,0.03565927262960907,2.0794415416798357
box_lam1e3,箱+λ,43,1,16,32,256,1000.0,0.523065984249115,0.45826542377471924,0.49749755859375,0.4459129571914673,0.007207800634205341,0.0041533648036420345,0.0023539948742836714,0.01995277777314186,0.01759878289885819,0,0,0,0,0.0,0.0,16,56.89691925048828,368.45874786376953,0.8925896286964417,0.10741037130355835,0.034475772360114246,2.0794415416798357
nobox_lam1em3,无箱互校,43,1,16,32,256,0.001,0.637273371219635,0.0797819122672081,0.5541272163391113,0.0937720239162445,-1.669660210609436,5.384208679199219,-13.815510749816895,1.8595492839813232,15.675060033798218,6,5,6,0,0.1875,0.15625,16,0.01765575259923935,0.00036845874786376956,0.6983340978622437,0.30166590213775635,0.04543952738376109,2.0794415416798357
nobox_lam1em1,无箱互校,43,1,16,32,256,0.1,0.5886016488075256,0.10667495429515839,0.48087936639785767,0.08988791704177856,0.04049390181899071,2.5831961631774902,-13.815510749816895,1.3906577825546265,15.206168532371521,1,1,1,0,0.03125,0.03125,16,0.8652065396308899,0.03684587478637696,0.7970564365386963,0.2029435634613037,0.0425726124587927,2.0794415416798357
scalar,参照,43,1,16,32,256,0.001,0.5225518941879272,0.09302264451980591,0.4353453814983368,0.10978475958108902,0.5993018746376038,0.0,0.5993018746376038,0.5993018746376038,0.0,0,0,0,0,0.0,0.0,16,0.02435772307217121,0.0,0.8945766687393188,0.10542333126068115,0.034319628910772934,2.0794415416798357
nobeta,参照,43,1,16,32,256,0.001,0.5225518941879272,0.4641393721103668,0.4988219141960144,0.4507146179676056,0.0,0.0,0.0,0.0,0.0,0,0,0,0,0.0,0.0,16,0.01765575259923935,0.00036845874786376956,0.8945766687393188,0.10542333126068115,0.034319621288441994,2.0794415416798357
box_lam1em3,箱+λ,43,1,16,64,256,0.001,0.5294360518455505,0.0739329606294632,0.4513637125492096,0.04940846189856529,-0.053330495953559875,0.8838586211204529,-3.0,1.0181270837783813,4.018127083778381,1,0,1,0,0.015625,0.0,16,2.8576789190992713e-05,0.00020019496977329254,0.6444242000579834,0.3555757999420166,0.04131653235407073,1.3862943611198906
box_lam3em3,箱+λ,43,1,16,64,256,0.003,0.527910053730011,0.07705168426036835,0.4508852958679199,0.04667089134454727,-0.0037279054522514343,0.8004490733146667,-3.0,0.9976539015769958,3.997653901576996,1,0,1,0,0.015625,0.0,16,0.0001618412643438205,0.0006005849093198777,0.6598280668258667,0.3401719331741333,0.04106916865918429,1.3862943611198906
box_lam1em2,箱+λ,43,1,16,64,256,0.01,0.5265622735023499,0.07157309353351593,0.4441242218017578,0.0380394272506237,0.09625397622585297,0.6482060551643372,-3.0,0.9401172995567322,3.940117299556732,1,0,1,0,0.015625,0.0,16,0.0014073130441829562,0.0020019496977329255,0.7005887627601624,0.29941123723983765,0.040406551808088886,1.3862943611198906
box_lam3em2,箱+λ,43,1,16,64,256,0.03,0.5239477157592773,0.058781467378139496,0.43294990062713623,0.040234796702861786,0.18506351113319397,0.5401777625083923,-3.0,0.8420600295066833,3.8420600295066833,1,0,1,0,0.015625,0.0,16,0.009553520008921623,0.006005849093198776,0.7512239217758179,0.24877607822418213,0.039541512525339474,1.3862943611198906
box_lam1em1,箱+λ,43,1,16,64,256,0.1,0.5152990818023682,0.06833124905824661,0.4296559989452362,0.0395844429731369,0.21291254460811615,0.4829019606113434,-3.0,0.7246731519699097,3.7246731519699097,1,0,1,0,0.015625,0.0,16,0.058379001915454865,0.020019496977329257,0.7712885737419128,0.22871142625808716,0.03949620157905637,1.3862943611198906
box_lam3em1,箱+λ,43,1,16,64,256,0.3,0.5083498358726501,0.05768907442688942,0.4263526201248169,0.0437639057636261,0.21953998506069183,0.28757575154304504,-1.4567571878433228,0.6010169982910156,2.0577741861343384,0,0,0,0,0.0,0.0,16,0.22858566045761108,0.06005849093198776,0.7709084153175354,0.2290915846824646,0.0401870553551254,1.3862943611198906
box_lam1e0,箱+λ,43,1,16,64,256,1.0,0.50822913646698,0.06896191090345383,0.4292086064815521,0.056964825838804245,0.192851260304451,0.16321340203285217,-0.5615605711936951,0.5342921614646912,1.0958527326583862,0,0,0,0,0.0,0.0,16,0.7328078150749207,0.20019496977329254,0.7627964019775391,0.23720359802246094,0.04097314634514586,1.3862943611198906
box_lam3e0,箱+λ,43,1,16,64,256,3.0,0.5081967711448669,0.08483245968818665,0.43243804574012756,0.0851956456899643,0.15572984516620636,0.10795506089925766,-0.17290125787258148,0.5010284185409546,0.6739296764135361,0,0,0,0,0.0,0.0,16,1.562920331954956,0.6005849093198776,0.7565901875495911,0.24340981245040894,0.041405778415901956,1.3862943611198906
box_lam1e1,箱+λ,43,1,16,64,256,10.0,0.5081326365470886,0.10919295251369476,0.43536376953125,0.11216899007558823,0.11416590958833694,0.07745357602834702,0.0022539705969393253,0.40993601083755493,0.4076820402406156,0,0,0,0,0.0,0.0,16,3.2548623085021973,2.0019496977329254,0.762055516242981,0.23794448375701904,0.04112007439637862,1.3862943611198906
box_lam3e1,箱+λ,43,1,16,64,256,30.0,0.5062287449836731,0.15646621584892273,0.43905314803123474,0.1635531783103943,0.07369430363178253,0.05283230543136597,0.021732287481427193,0.28113049268722534,0.25939820520579815,0,0,0,0,0.0,0.0,16,6.4804253578186035,6.005849093198776,0.7773139476776123,0.2226860523223877,0.040278652906052155,1.3862943611198906
box_lam1e2,箱+λ,43,1,16,64,256,100.0,0.5067006945610046,0.1995859444141388,0.44190242886543274,0.21136151254177094,0.034605152904987335,0.026455581188201904,0.00883113406598568,0.1395242065191269,0.1306930724531412,0,0,0,0,0.0,0.0,16,11.508511543273926,20.019496977329254,0.7960073947906494,0.20399260520935059,0.03934201706876708,1.3862943611198906
box_lam1e3,箱+λ,43,1,16,64,256,1000.0,0.5085689425468445,0.23225343227386475,0.4430367648601532,0.2446129322052002,0.004498614463955164,0.00360708381049335,0.001061114715412259,0.018954694271087646,0.017893579555675387,0,0,0,0,0.0,0.0,16,16.701187133789062,200.19496977329254,0.8116896152496338,0.1883103847503662,0.038630594432651794,1.3862943611198906
nobox_lam1em3,无箱互校,43,1,16,64,256,0.001,0.5295642018318176,0.07310422509908676,0.4540582299232483,0.0505061000585556,-0.25630423426628113,1.9370858669281006,-13.815510749816895,1.0213825702667236,14.836893320083618,2,1,2,0,0.03125,0.015625,16,2.7312562451697886e-05,0.00020019496977329254,0.6344147324562073,0.3655852675437927,0.04142850439560472,1.3862943611198906
nobox_lam1em1,无箱互校,43,1,16,64,256,0.1,0.5151796340942383,0.0678645521402359,0.4296402931213379,0.03977520391345024,0.04470641911029816,1.7784987688064575,-13.815510749816895,0.7212912440299988,14.536801993846893,1,1,1,0,0.015625,0.015625,16,0.057725127786397934,0.020019496977329257,0.7685322761535645,0.23146772384643555,0.03945249132227102,1.3862943611198906
scalar,参照,43,1,16,64,256,0.001,0.5089510083198547,0.040837086737155914,0.4271903336048126,0.05359259620308876,0.28878602385520935,0.0,0.28878602385520935,0.28878602385520935,0.0,0,0,0,0,0.0,0.0,16,0.005268065258860588,0.0,0.8140936493873596,0.18590635061264038,0.03852708317846312,1.3862943611198906
nobeta,参照,43,1,16,64,256,0.001,0.50895094871521,0.23707714676856995,0.44324326515197754,0.24932467937469482,0.0,0.0,0.0,0.0,0.0,0,0,0,0,0.0,0.0,16,2.7312562451697886e-05,0.00020019496977329254,0.8140936493873596,0.18590635061264038,0.03852710604545595,1.3862943611198906
box_lam1em3,箱+λ,43,1,32,8,256,0.001,0.5705757737159729,0.3051278293132782,0.49471762776374817,0.2849661111831665,1.251452922821045,0.5304694175720215,0.5825088620185852,1.9879531860351562,1.405444324016571,0,0,0,0,0.0,0.0,8,4.090130805969238,0.0003237091600894928,0.9510834217071533,0.04891657829284668,0.4369684584598598,3.4657359027997265
box_lam3em3,箱+λ,43,1,32,8,256,0.003,0.5701850652694702,0.3064481019973755,0.49502259492874146,0.2856331169605255,1.2508498430252075,0.5215533375740051,0.6061457395553589,1.977895975112915,1.3717502355575562,0,0,0,0,0.0,0.0,8,4.0912041664123535,0.0009711274802684784,0.9520090222358704,0.04799097776412964,0.4370532940131099,3.4657359027997265
box_lam1em2,箱+λ,43,1,32,8,256,0.01,0.5689494609832764,0.30815187096595764,0.4960167407989502,0.2877926826477051,1.2478394508361816,0.49432775378227234,0.6759061217308044,1.9439791440963745,1.26807302236557,0,0,0,0,0.0,0.0,8,4.1020731925964355,0.003237091600894928,0.9545329809188843,0.04546701908111572,0.4373409383161953,3.4657359027997265
box_lam3em2,箱+λ,43,1,32,8,256,0.03,0.5662557482719421,0.31550896167755127,0.49835529923439026,0.2902660369873047,1.2354259490966797,0.43818697333335876,0.7360294461250305,1.8568567037582397,1.1208272576332092,0,0,0,0,0.0,0.0,8,4.173646926879883,0.009711274802684784,0.958096444606781,0.041903555393218994,0.4380710816787212,3.4657359027997265
box_lam1em1,箱+λ,43,1,32,8,256,0.1,0.5699484944343567,0.3201550245285034,0.49647057056427,0.31482890248298645,1.1874773502349854,0.33465078473091125,0.7841902375221252,1.6307706832885742,0.846580445766449,0,0,0,0,0.0,0.0,8,4.591495990753174,0.03237091600894928,0.9581741094589233,0.04182589054107666,0.4398171009197431,3.4657359027997265
box_lam3em1,箱+λ,43,1,32,8,256,0.3,0.5682507157325745,0.3429279923439026,0.49935266375541687,0.35719624161720276,1.084065556526184,0.2143375426530838,0.8285144567489624,1.391223430633545,0.5627089738845825,0,0,0,0,0.0,0.0,8,5.87546968460083,0.09711274802684784,0.9480493068695068,0.051950693130493164,0.44226179869368165,3.4657359027997265
box_lam1e0,箱+λ,43,1,32,8,256,1.0,0.571955680847168,0.4097493588924408,0.512625515460968,0.4625627100467682,0.8812954425811768,0.13587725162506104,0.6748335361480713,1.0574984550476074,0.38266491889953613,0,0,0,0,0.0,0.0,8,9.201058387756348,0.3237091600894928,0.9237744808197021,0.07622551918029785,0.44539720922088905,3.4657359027997265
box_lam3e0,箱+λ,43,1,32,8,256,3.0,0.5739709734916687,0.528023898601532,0.56369549036026,0.5811158418655396,0.6258606910705566,0.1575876772403717,0.45685410499572754,0.8899047374725342,0.43305063247680664,0,0,0,0,0.0,0.0,8,14.875590324401855,0.9711274802684784,0.9034811854362488,0.09651881456375122,0.44744552979954844,3.4657359027997265
box_lam1e1,箱+λ,43,1,32,8,256,10.0,0.5744709372520447,0.6444902420043945,0.6455347537994385,0.6886073350906372,0.34011098742485046,0.13731253147125244,0.2288883477449417,0.6173256039619446,0.38843725621700287,0,0,0,0,0.0,0.0,8,23.89750862121582,3.237091600894928,0.9079682230949402,0.09203177690505981,0.4473862245700699,3.4657359027997265
box_lam3e1,箱+λ,43,1,32,8,256,30.0,0.572934091091156,0.7141627669334412,0.7079737186431885,0.7439602613449097,0.1540299355983734,0.07904184609651566,0.09400476515293121,0.3227006793022156,0.22869591414928436,0,0,0,0,0.0,0.0,8,31.08658790588379,9.711274802684784,0.9268082976341248,0.07319170236587524,0.4461972921287235,3.4657359027997265
box_lam1e2,箱+λ,43,1,32,8,256,100.0,0.5711446404457092,0.7506921887397766,0.7230902910232544,0.7690356373786926,0.053556330502033234,0.030974430963397026,0.030455105006694794,0.12124089896678925,0.09078579396009445,0,0,0,0,0.0,0.0,8,35.13814926147461,32.37091600894928,0.9408310055732727,0.059168994426727295,0.44529998688028655,3.4657359027997265
box_lam1e3,箱+λ,43,1,32,8,256,1000.0,0.5673730373382568,0.7645172476768494,0.753566324710846,0.7799797058105469,0.005725625902414322,0.0035017351619899273,0.0031463427003473043,0.013457768596708775,0.01031142589636147,0,0,0,0,0.0,0.0,8,37.056617736816406,323.7091600894928,0.9480459094047546,0.05195409059524536,0.44484279095739565,3.4657359027997265
nobox_lam1em3,无箱互校,43,1,32,8,256,0.001,0.5705757737159729,0.3051278293132782,0.49471762776374817,0.2849661111831665,1.251452922821045,0.5304694175720215,0.5825088620185852,1.9879531860351562,1.405444324016571,0,0,0,0,0.0,0.0,8,4.090130805969238,0.0003237091600894928,0.9510834217071533,0.04891657829284668,0.4369684584598598,3.4657359027997265
nobox_lam1em1,无箱互校,43,1,32,8,256,0.1,0.5699484944343567,0.3201550245285034,0.4964706301689148,0.31482890248298645,1.1874773502349854,0.3346507251262665,0.7841903567314148,1.6307706832885742,0.8465803265571594,0,0,0,0,0.0,0.0,8,4.591496467590332,0.03237091600894928,0.9581738710403442,0.04182612895965576,0.4398171009197431,3.4657359027997265
scalar,参照,43,1,32,8,256,0.001,0.5669229626655579,0.19509613513946533,0.49842360615730286,0.2720312774181366,1.4882296323776245,1.2744008870413381e-07,1.488229513168335,1.488229513168335,0.0,0,0,0,0,0.0,0.0,8,0.13321276009082794,0.0,0.948921263217926,0.051078736782073975,0.44478774742002875,3.4657359027997265
nobeta,参照,43,1,32,8,256,0.001,0.5669230818748474,0.765977680683136,0.7548217177391052,0.7812464833259583,0.0,0.0,0.0,0.0,0.0,0,0,0,0,0.0,0.0,8,4.090130805969238,0.0003237091600894928,0.9489210247993469,0.051078975200653076,0.44478770759113045,3.4657359027997265
box_lam1em3,箱+λ,43,1,32,16,256,0.001,0.5250414609909058,0.20622040331363678,0.4578879475593567,0.13687188923358917,0.319671630859375,1.6034634113311768,-3.0,1.711249828338623,4.711249828338623,2,0,2,0,0.125,0.0,16,1.5828793048858643,0.00019180257618427277,0.7551152110099792,0.24488478899002075,0.34566190411282566,2.772588722239781
box_lam3em3,箱+λ,43,1,32,16,256,0.003,0.511426568031311,0.20397847890853882,0.4508412778377533,0.13673847913742065,0.3394271731376648,1.5702639818191528,-3.0,1.6945834159851074,4.694583415985107,2,0,2,0,0.125,0.0,16,1.583504319190979,0.0005754077285528183,0.7594525218009949,0.24054747819900513,0.3407924230140682,2.772588722239781
box_lam1em2,箱+λ,43,1,32,16,256,0.01,0.4708709120750427,0.19376209378242493,0.4224144220352173,0.13187581300735474,0.5069769620895386,1.2600377798080444,-3.0,1.6453213691711426,4.645321369171143,1,0,1,0,0.0625,0.0,16,1.5918419361114502,0.0019180257618427276,0.7862605452537537,0.21373945474624634,0.32592580879940775,2.772588722239781
box_lam3em2,箱+λ,43,1,32,16,256,0.03,0.4918087422847748,0.19663172960281372,0.41051995754241943,0.1263180524110794,0.5874219536781311,1.1262820959091187,-3.0,1.5247734785079956,4.524773478507996,1,0,1,0,0.0625,0.0,16,1.6355966329574585,0.0057540772855281825,0.8181792497634888,0.18182075023651123,0.31991039055495346,2.772588722239781
box_lam1em1,箱+λ,43,1,32,16,256,0.1,0.490791916847229,0.22096435725688934,0.42229369282722473,0.14268064498901367,0.7600635290145874,0.48971885442733765,-0.34453803300857544,1.355299472808838,1.6998375058174133,0,0,0,0,0.0,0.0,16,1.8739900588989258,0.019180257618427277,0.8755683302879333,0.12443166971206665,0.2981887051776034,2.772588722239781
box_lam3em1,箱+λ,43,1,32,16,256,0.3,0.5006428360939026,0.21890674531459808,0.4334365129470825,0.20847824215888977,0.7426543235778809,0.2755303382873535,0.3569786548614502,1.2641600370407104,0.9071813821792603,0,0,0,0,0.0,0.0,16,2.4403977394104004,0.05754077285528183,0.8952524065971375,0.10474759340286255,0.2990761527737261,2.772588722239781
box_lam1e0,箱+λ,43,1,32,16,256,1.0,0.5052465200424194,0.27430659532546997,0.4429614245891571,0.274557888507843,0.6313303112983704,0.1682465523481369,0.32145875692367554,1.0336238145828247,0.7121650576591492,0,0,0,0,0.0,0.0,16,3.8591718673706055,0.19180257618427277,0.8850648403167725,0.11493515968322754,0.300188494243758,2.772588722239781
box_lam3e0,箱+λ,43,1,32,16,256,3.0,0.4976303279399872,0.3654508590698242,0.45866259932518005,0.3825242221355438,0.47540250420570374,0.13814778625965118,0.22926700115203857,0.716813325881958,0.48754632472991943,0,0,0,0,0.0,0.0,16,6.488208770751953,0.5754077285528183,0.8693593740463257,0.13064062595367432,0.3007400448265781,2.772588722239781
box_lam1e1,箱+λ,43,1,32,16,256,10.0,0.48910051584243774,0.4732256829738617,0.49364736676216125,0.4948157072067261,0.28342798352241516,0.11667578667402267,0.12344620376825333,0.5839088559150696,0.46046265214681625,0,0,0,0,0.0,0.0,16,11.430781364440918,1.9180257618427277,0.8694829344749451,0.13051706552505493,0.300838979809805,2.772588722239781
box_lam3e1,箱+λ,43,1,32,16,256,30.0,0.4868184030056,0.561113715171814,0.5200067162513733,0.5668736100196838,0.13972947001457214,0.07338962703943253,0.055880580097436905,0.35462984442710876,0.29874926432967186,0,0,0,0,0.0,0.0,16,16.85879898071289,5.754077285528183,0.8882312774658203,0.11176872253417969,0.30043842058021064,2.772588722239781
box_lam1e2,箱+λ,43,1,32,16,256,100.0,0.48729103803634644,0.6077725887298584,0.5486965179443359,0.6091938018798828,0.05141133442521095,0.03107975795865059,0.019438954070210457,0.14727728068828583,0.12783832661807537,0,0,0,0,0.0,0.0,16,20.873249053955078,19.180257618427277,0.9065665006637573,0.09343349933624268,0.3001424719518423,2.772588722239781
box_lam1e3,箱+λ,43,1,32,16,256,1000.0,0.4880611300468445,0.6287978291511536,0.5661594271659851,0.63557368516922,0.005665811710059643,0.003682706505060196,0.0020776845049113035,0.017289981245994568,0.015212296741083264,0,0,0,0,0.0,0.0,16,23.092317581176758,191.80257618427277,0.9174820184707642,0.08251798152923584,0.3000415455237035,2.772588722239781
nobox_lam1em3,无箱互校,43,1,32,16,256,0.001,0.5274837613105774,0.2061629444360733,0.4582623541355133,0.13840258121490479,-1.0320693254470825,5.079618453979492,-13.815510749816895,1.7110307216644287,15.526541471481323,2,2,2,0,0.125,0.125,16,1.5800650119781494,0.00019180257618427277,0.7465475797653198,0.2534524202346802,0.3469048445401847,2.772588722239781
nobox_lam1em1,无箱互校,43,1,32,16,256,0.1,0.4907921254634857,0.22096431255340576,0.4222935736179352,0.14268073439598083,0.7600635886192322,0.4897187054157257,-0.3445371091365814,1.3552993535995483,1.6998364627361298,0,0,0,0,0.0,0.0,16,1.8739900588989258,0.019180257618427277,0.8755683302879333,0.12443166971206665,0.2981886852631543,2.772588722239781
scalar,参照,43,1,32,16,256,0.001,0.4881800413131714,0.15685498714447021,0.42952507734298706,0.18120697140693665,1.0173271894454956,0.0,1.0173271894454956,1.0173271894454956,0.0,0,0,0,0,0.0,0.0,16,0.08319257199764252,0.0,0.9188793301582336,0.08112066984176636,0.3000337988029959,2.772588722239781
nobeta,参照,43,1,32,16,256,0.001,0.4881800413131714,0.6313791275024414,0.5677794218063354,0.637413501739502,0.0,0.0,0.0,0.0,0.0,0,0,0,0,0.0,0.0,16,1.5800650119781494,0.00019180257618427277,0.9188795685768127,0.08112043142318726,0.3000337988029959,2.772588722239781
box_lam1em3,箱+λ,43,1,32,32,256,0.001,0.5114264488220215,0.12043654173612595,0.42702415585517883,0.055312640964984894,0.08487579226493835,1.4954651594161987,-3.0,1.9700863361358643,4.970086336135864,5,0,5,0,0.15625,0.0,32,0.16110043227672577,0.00010843935608863831,0.734085738658905,0.26591426134109497,0.15762384059070314,2.0794415416798357
box_lam3em3,箱+λ,43,1,32,32,256,0.003,0.5070773959159851,0.11843042820692062,0.42215779423713684,0.054415490478277206,0.10235950350761414,1.4847053289413452,-3.0,1.9241398572921753,4.924139857292175,5,0,5,0,0.15625,0.0,32,0.1665944755077362,0.0003253180682659149,0.7466618418693542,0.25333815813064575,0.154434671008097,2.0794415416798357
box_lam1em2,箱+λ,43,1,32,32,256,0.01,0.4986041188240051,0.11821860820055008,0.4300413727760315,0.05220244452357292,0.1368562877178192,1.4609076976776123,-3.0,1.7853832244873047,4.785383224487305,5,0,5,0,0.15625,0.0,32,0.18950137495994568,0.001084393560886383,0.7754577398300171,0.2245422601699829,0.14911009496083086,2.0794415416798357
box_lam3em2,箱+λ,43,1,32,32,256,0.03,0.4940429627895355,0.11157885193824768,0.43323126435279846,0.05193976312875748,0.24537034332752228,1.2535337209701538,-3.0,1.5099271535873413,4.509927153587341,3,0,3,0,0.09375,0.0,32,0.2627147138118744,0.003253180682659149,0.8166875839233398,0.18331241607666016,0.14284948006158985,2.0794415416798357
box_lam1em1,箱+λ,43,1,32,32,256,0.1,0.42699235677719116,0.1391581892967224,0.35785120725631714,0.07545585185289383,0.4298602044582367,0.6481519341468811,-1.7633320093154907,1.0845599174499512,2.847891926765442,0,0,0,0,0.0,0.0,32,0.4764782190322876,0.010843935608863832,0.8760452270507812,0.12395477294921875,0.1059429575298705,2.0794415416798357
box_lam3em1,箱+λ,43,1,32,32,256,0.3,0.4093256890773773,0.12947532534599304,0.35853660106658936,0.11127223074436188,0.45547547936439514,0.26753583550453186,-0.3225419223308563,0.8410199880599976,1.1635619103908539,0,0,0,0,0.0,0.0,32,0.8067405223846436,0.03253180682659149,0.8943043947219849,0.10569560527801514,0.08223723043700726,2.0794415416798357
box_lam1e0,箱+λ,43,1,32,32,256,1.0,0.4154305160045624,0.1515718251466751,0.3666827380657196,0.17526298761367798,0.38431522250175476,0.1267896443605423,0.08615727722644806,0.7178627848625183,0.6317055076360703,0,0,0,0,0.0,0.0,32,1.2925316095352173,0.1084393560886383,0.875947892665863,0.12405210733413696,0.0807423523138344,2.0794415416798357
box_lam3e0,箱+λ,43,1,32,32,256,3.0,0.4101436734199524,0.20366662740707397,0.3712928891181946,0.2330874800682068,0.2953517436981201,0.09614649415016174,0.15584151446819305,0.5734208822250366,0.41757936775684357,0,0,0,0,0.0,0.0,32,2.0525319576263428,0.3253180682659149,0.8574684262275696,0.14253157377243042,0.08243150584539483,2.0794415416798357
box_lam1e1,箱+λ,43,1,32,32,256,10.0,0.4042949080467224,0.28470295667648315,0.38294345140457153,0.3092724680900574,0.18828877806663513,0.0826556608080864,0.08959155529737473,0.423640638589859,0.3340490832924843,0,0,0,0,0.0,0.0,32,3.6709272861480713,1.084393560886383,0.851765513420105,0.14823448657989502,0.0828498685925022,2.0794415416798357
box_lam3e1,箱+λ,43,1,32,32,256,30.0,0.40222591161727905,0.3523634672164917,0.39431020617485046,0.3762548565864563,0.10137423127889633,0.05722272768616676,0.039550166577100754,0.3112289309501648,0.27167876437306404,0,0,0,0,0.0,0.0,32,5.969418048858643,3.253180682659149,0.8640927076339722,0.13590729236602783,0.08125444241572381,2.0794415416798357
box_lam1e2,箱+λ,43,1,32,32,256,100.0,0.4030296802520752,0.4048064351081848,0.40544047951698303,0.4186502695083618,0.04026256501674652,0.026686713099479675,0.013894498348236084,0.14845964312553406,0.13456514477729797,0,0,0,0,0.0,0.0,32,8.320093154907227,10.84393560886383,0.8815857172012329,0.11841428279876709,0.07921319644511421,2.0794415416798357
box_lam1e3,箱+λ,43,1,32,32,256,1000.0,0.4048526883125305,0.431380033493042,0.42119094729423523,0.441810667514801,0.004654942080378532,0.0033753514289855957,0.0015042430022731423,0.01896791160106659,0.017463668598793447,0,0,0,0,0.0,0.0,32,9.978935241699219,108.4393560886383,0.8943265676498413,0.10567343235015869,0.07781478889208963,2.0794415416798357
nobox_lam1em3,无箱互校,43,1,32,32,256,0.001,0.5196554064750671,0.12575791776180267,0.43032220005989075,0.055124104022979736,-1.5982199907302856,5.37924861907959,-13.815510749816895,1.9677231311798096,15.783233880996704,5,5,5,0,0.15625,0.15625,32,0.1562858372926712,0.00010843935608863831,0.7184085845947266,0.28159141540527344,0.15804579789587664,2.0794415416798357
nobox_lam1em1,无箱互校,43,1,32,32,256,0.1,0.4269935190677643,0.13915826380252838,0.3578508198261261,0.0754559114575386,0.42985999584198,0.6481527090072632,-1.7633421421051025,1.0845601558685303,2.847902297973633,0,0,0,0,0.0,0.0,32,0.4764781892299652,0.010843935608863832,0.8760454654693604,0.12395453453063965,0.10594297744431962,2.0794415416798357
scalar,参照,43,1,32,32,256,0.001,0.4051438271999359,0.09191666543483734,0.36471644043922424,0.10988413542509079,0.5799008011817932,0.0,0.5799008011817932,0.5799008011817932,0.0,0,0,0,0,0.0,0.0,32,0.03022201731801033,0.0,0.8960931301116943,0.10390686988830566,0.07762640318202924,2.0794415416798357
nobeta,参照,43,1,32,32,256,0.001,0.40514492988586426,0.4348127841949463,0.4233238995075226,0.44478583335876465,0.0,0.0,0.0,0.0,0.0,0,0,0,0,0.0,0.0,32,0.1562858372926712,0.00010843935608863831,0.8960931301116943,0.10390686988830566,0.07762638326758012,2.0794415416798357
box_lam1em3,箱+λ,43,1,32,64,256,0.001,0.4454326629638672,0.08979058265686035,0.3739432096481323,0.005473708733916283,0.10133308917284012,0.8108885884284973,-3.0,1.1152254343032837,4.115225434303284,2,0,2,0,0.03125,0.0,32,0.0031217364594340324,5.6910157203674315e-05,0.7307488918304443,0.26925110816955566,0.07184453661823892,1.3862943611198906
box_lam3em3,箱+λ,43,1,32,64,256,0.003,0.43812358379364014,0.08923224359750748,0.36971405148506165,0.005745060741901398,0.12867328524589539,0.7517879009246826,-3.0,1.0968635082244873,4.096863508224487,1,0,1,0,0.015625,0.0,32,0.0034620012156665325,0.00017073047161102295,0.7407962083816528,0.25920379161834717,0.07082702277630294,1.3862943611198906
box_lam1em2,箱+λ,43,1,32,64,256,0.01,0.4069911539554596,0.09092443436384201,0.35027918219566345,0.007686718367040157,0.18476738035678864,0.6402520537376404,-3.0,1.0400633811950684,4.040063381195068,1,0,1,0,0.015625,0.0,32,0.004979411605745554,0.0005691015720367432,0.7670683264732361,0.23293167352676392,0.06657110087631227,1.3862943611198906
box_lam3em2,箱+λ,43,1,32,64,256,0.03,0.36841830611228943,0.07342348992824554,0.3201645016670227,0.017766693606972694,0.26183903217315674,0.4010874629020691,-1.2716343402862549,0.9246880412101746,2.1963223814964294,0,0,0,0,0.0,0.0,32,0.01120589766651392,0.0017073047161102295,0.807757556438446,0.19224244356155396,0.05735444489308528,1.3862943611198906
box_lam1em1,箱+λ,43,1,32,64,256,0.1,0.34945178031921387,0.06607205420732498,0.29411834478378296,0.025489764288067818,0.2782273590564728,0.2573898136615753,-0.6004711985588074,0.7393985390663147,1.339869737625122,0,0,0,0,0.0,0.0,32,0.035037506371736526,0.005691015720367432,0.8263067603111267,0.1736932396888733,0.04977485122113375,1.3862943611198906
box_lam3em1,箱+λ,43,1,32,64,256,0.3,0.3335297107696533,0.057544007897377014,0.2844817638397217,0.045261796563863754,0.24960829317569733,0.16969873011112213,-0.27147629857063293,0.62456214427948,0.8960384428501129,0,0,0,0,0.0,0.0,32,0.09497009962797165,0.017073047161102296,0.8172779679298401,0.1827220320701599,0.048370773028722336,1.3862943611198906
box_lam1e0,箱+λ,43,1,32,64,256,1.0,0.336631178855896,0.06952624768018723,0.2871174216270447,0.07283339649438858,0.19755865633487701,0.10028254985809326,-0.04483013227581978,0.4470030963420868,0.49183322861790657,0,0,0,0,0.0,0.0,32,0.232367143034935,0.056910157203674316,0.796119213104248,0.20388078689575195,0.04950037534752874,1.3862943611198906
box_lam3e0,箱+λ,43,1,32,64,256,3.0,0.33524540066719055,0.08369873464107513,0.29206639528274536,0.09518823772668839,0.146834596991539,0.07198593765497208,0.02332732267677784,0.357310950756073,0.33398362807929516,0,0,0,0,0.0,0.0,32,0.4330499768257141,0.17073047161102295,0.7791235446929932,0.22087645530700684,0.05094651783509332,1.3862943611198906
box_lam1e1,箱+λ,43,1,32,64,256,10.0,0.3394456207752228,0.12416345626115799,0.2950837016105652,0.13979071378707886,0.09553999453783035,0.056613776832818985,0.02944904938340187,0.2684546709060669,0.23900562152266502,0,0,0,0,0.0,0.0,32,0.8080210089683533,0.5691015720367432,0.7720900177955627,0.22790998220443726,0.051588987835369624,1.3862943611198906
box_lam3e1,箱+λ,43,1,32,64,256,30.0,0.34012073278427124,0.1675010323524475,0.2983190417289734,0.1775449812412262,0.05531257763504982,0.04026595503091812,0.01677771843969822,0.20992523431777954,0.19314751587808132,0,0,0,0,0.0,0.0,32,1.3856446743011475,1.7073047161102295,0.7779775261878967,0.22202247381210327,0.05099732955202232,1.3862943611198906
box_lam1e2,箱+λ,43,1,32,64,256,100.0,0.3375397324562073,0.20468878746032715,0.30002638697624207,0.21524913609027863,0.024171598255634308,0.0206620991230011,0.006258413195610046,0.12350078672170639,0.11724237352609634,0,0,0,0,0.0,0.0,32,2.169088840484619,5.691015720367432,0.7910462617874146,0.20895373821258545,0.0497223169043559,1.3862943611198906
box_lam1e3,箱+λ,43,1,32,64,256,1000.0,0.33419638872146606,0.22833743691444397,0.300914466381073,0.24007785320281982,0.003026045626029372,0.0028662721160799265,0.0007114263135008514,0.018243961036205292,0.01753253472270444,0,0,0,0,0.0,0.0,32,2.944098472595215,56.910157203674316,0.8037316203117371,0.19626837968826294,0.04852408939388289,1.3862943611198906
nobox_lam1em3,无箱互校,43,1,32,64,256,0.001,0.4469977021217346,0.09112776815891266,0.37360480427742004,0.005032501649111509,-0.07691287249326706,1.890768051147461,-13.815510749816895,1.119063377380371,14.934574127197266,2,1,2,0,0.03125,0.015625,32,0.003107466036453843,5.6910157203674315e-05,0.724356472492218,0.275643527507782,0.072276570634667,1.3862943611198906
nobox_lam1em1,无箱互校,43,1,32,64,256,0.1,0.3494589626789093,0.0660749152302742,0.29412028193473816,0.025490840896964073,0.2782124876976013,0.2574039697647095,-0.6004936695098877,0.7394188046455383,1.339912474155426,0,0,0,0,0.0,0.0,32,0.035037726163864136,0.005691015720367432,0.8262965083122253,0.17370349168777466,0.0497758320077529,1.3862943611198906
scalar,参照,43,1,32,64,256,0.001,0.33362945914268494,0.05551118403673172,0.2855181097984314,0.050195205956697464,0.27676060795783997,3.003791704259129e-08,0.27676063776016235,0.27676063776016235,0.0,0,0,0,0,0.0,0.0,32,0.005633429158478975,0.0,0.8057475090026855,0.19425249099731445,0.04833754079175378,1.3862943611198906
nobeta,参照,43,1,32,64,256,0.001,0.3336295187473297,0.2316027581691742,0.30114567279815674,0.2441074550151825,0.0,0.0,0.0,0.0,0.0,0,0,0,0,0.0,0.0,32,0.003107466036453843,5.6910157203674315e-05,0.8057475090026855,0.19425249099731445,0.0483375358131415,1.3862943611198906
box_lam1em3,箱+λ,43,2,8,8,256,0.001,0.6155418157577515,0.29008689522743225,0.5256611108779907,0.18102827668190002,0.017910994589328766,2.021066904067993,-3.0,1.7948014736175537,4.794801473617554,2,0,2,0,0.25,0.0,8,2.419512987136841,0.0008155404329299927,0.5788940787315369,0.42110592126846313,0.282004152523709,3.4657359027997265
box_lam3em3,箱+λ,43,2,8,8,256,0.003,0.6190656423568726,0.27475839853286743,0.5429013967514038,0.17558574676513672,0.07312824577093124,1.9997576475143433,-3.0,1.7893850803375244,4.789385080337524,2,0,2,0,0.25,0.0,8,2.4238598346710205,0.002446621298789978,0.5932594537734985,0.40674054622650146,0.2646880762257739,3.4657359027997265
box_lam1em2,箱+λ,43,2,8,8,256,0.01,0.6706730723381042,0.2623458802700043,0.5794568657875061,0.17482703924179077,0.13176608085632324,1.9892996549606323,-3.0,1.7775243520736694,4.777524352073669,2,0,2,0,0.25,0.0,8,2.4482481479644775,0.008155404329299927,0.6161386966705322,0.3838613033294678,0.23984755614113362,3.4657359027997265
box_lam3em2,箱+λ,43,2,8,8,256,0.03,0.6744445562362671,0.2338535487651825,0.600282609462738,0.15979842841625214,0.2503318190574646,1.82870614528656,-3.0,1.7639068365097046,4.763906836509705,1,0,1,0,0.125,0.0,8,2.5353128910064697,0.02446621298789978,0.6370769143104553,0.3629230856895447,0.22814201674464427,3.4657359027997265
box_lam1em1,箱+λ,43,2,8,8,256,0.1,0.6881928443908691,0.22370073199272156,0.6320738792419434,0.16509488224983215,0.5248768329620361,1.4868212938308716,-3.0,1.7341670989990234,4.734167098999023,1,0,1,0,0.125,0.0,8,3.143866539001465,0.08155404329299927,0.6915795803070068,0.30842041969299316,0.14856467179809021,3.4657359027997265
box_lam3em1,箱+λ,43,2,8,8,256,0.3,0.6168436408042908,0.20938444137573242,0.5664536952972412,0.13720963895320892,0.8250043392181396,0.5739918351173401,-0.3579883277416229,1.656028151512146,2.014016479253769,0,0,0,0,0.0,0.0,8,4.713255882263184,0.2446621298789978,0.7499187588691711,0.25008124113082886,0.11578445330432151,3.4657359027997265
box_lam1e0,箱+λ,43,2,8,8,256,1.0,0.6274071335792542,0.18908412754535675,0.5525990724563599,0.17526769638061523,0.8353558778762817,0.2878967225551605,0.5038096904754639,1.4475122690200806,0.9437025785446167,0,0,0,0,0.0,0.0,8,10.093502044677734,0.8155404329299927,0.8103762865066528,0.18962371349334717,0.09510155513922564,3.4657359027997265
box_lam3e0,箱+λ,43,2,8,8,256,3.0,0.6551024317741394,0.26659902930259705,0.5670615434646606,0.2533547878265381,0.7026622891426086,0.2003321498632431,0.5309849381446838,1.1329305171966553,0.6019455790519714,0,0,0,0,0.0,0.0,8,24.522329330444336,2.446621298789978,0.8513807654380798,0.14861923456192017,0.08947031769232984,3.4657359027997265
box_lam1e1,箱+λ,43,2,8,8,256,10.0,0.6898378729820251,0.44614243507385254,0.5756909847259521,0.40920490026474,0.44199782609939575,0.12851284444332123,0.31180110573768616,0.7004098892211914,0.38860878348350525,0,0,0,0,0.0,0.0,8,57.87092590332031,8.155404329299927,0.8862357139587402,0.11376428604125977,0.08274549760052076,3.4657359027997265
box_lam3e1,箱+λ,43,2,8,8,256,30.0,0.7016924619674683,0.5670444965362549,0.6093624830245972,0.5380738973617554,0.21619385480880737,0.06844998896121979,0.14367376267910004,0.34949615597724915,0.2058223932981491,0,0,0,0,0.0,0.0,8,88.75477600097656,24.46621298789978,0.9106066823005676,0.08939331769943237,0.07675152161051145,3.4657359027997265
box_lam1e2,箱+λ,43,2,8,8,256,100.0,0.7021338939666748,0.6283570528030396,0.6766089200973511,0.6075146794319153,0.0779702439904213,0.026317711919546127,0.04994770884513855,0.12874330580234528,0.07879559695720673,0,0,0,0,0.0,0.0,8,107.00146484375,81.55404329299927,0.9256564378738403,0.07434356212615967,0.07281873730681272,3.4657359027997265
box_lam1e3,箱+λ,43,2,8,8,256,1000.0,0.7023438811302185,0.656866192817688,0.6925625205039978,0.6386343836784363,0.008471628651022911,0.002960216486826539,0.005324824247509241,0.014169560745358467,0.008844736497849226,0,0,0,0,0.0,0.0,8,115.78718566894531,815.5404329299927,0.9333696365356445,0.06663036346435547,0.07077301360588448,3.4657359027997265
nobox_lam1em3,无箱互校,43,2,8,8,256,0.001,0.6180033683776855,0.2878522574901581,0.5346725583076477,0.18029041588306427,-2.655458927154541,6.924808025360107,-13.815510749816895,1.7992199659347534,15.614730715751648,2,2,2,0,0.25,0.25,8,2.3762197494506836,0.0008155404329299927,0.5745329260826111,0.4254670739173889,0.27597223206973925,3.4657359027997265
nobox_lam1em1,无箱互校,43,2,8,8,256,0.1,0.6889010667800903,0.22415950894355774,0.6329459547996521,0.16279439628124237,-0.8236931562423706,5.266546249389648,-13.815510749816895,1.7336753606796265,15.549186110496521,1,1,1,0,0.125,0.125,8,3.108130931854248,0.08155404329299927,0.6856135129928589,0.3143864870071411,0.14845259193008611,3.4657359027997265
scalar,参照,43,2,8,8,256,0.001,0.7023687958717346,0.2326941192150116,0.6101690530776978,0.21281524002552032,1.1610959768295288,0.0,1.1610959768295288,1.1610959768295288,0.0,0,0,0,0,0.0,0.0,8,0.05702292174100876,0.0,0.9343158602714539,0.06568413972854614,0.07052118404741943,3.4657359027997265
nobeta,参照,43,2,8,8,256,0.001,0.7023687362670898,0.6597171425819397,0.694567084312439,0.6422662734985352,0.0,0.0,0.0,0.0,0.0,0,0,0,0,0.0,0.0,8,2.3762197494506836,0.0008155404329299927,0.9343158602714539,0.06568413972854614,0.07052126247979731,3.4657359027997265
box_lam1em3,箱+λ,43,2,8,16,256,0.001,0.652371346950531,0.19993025064468384,0.5915331840515137,0.1479804664850235,0.2737995386123657,1.3673758506774902,-3.0,1.6965900659561157,4.696590065956116,2,0,2,0,0.125,0.0,8,0.00020179487182758749,0.0004654720425605774,0.6785273551940918,0.3214726448059082,0.05209765377831008,2.772588722239781
box_lam3em3,箱+λ,43,2,8,16,256,0.003,0.6324242353439331,0.19279302656650543,0.5897790789604187,0.143792986869812,0.2938939929008484,1.362139105796814,-3.0,1.66818368434906,4.66818368434906,2,0,2,0,0.125,0.0,8,0.0015298607759177685,0.0013964161276817323,0.6881246566772461,0.3118753433227539,0.050003862234360985,2.772588722239781
box_lam1em2,箱+λ,43,2,8,16,256,0.01,0.5963656902313232,0.17829959094524384,0.5686876773834229,0.13372276723384857,0.3179183006286621,1.3539119958877563,-3.0,1.5976669788360596,4.59766697883606,2,0,2,0,0.125,0.0,8,0.012042236514389515,0.004654720425605774,0.6989889144897461,0.3010110855102539,0.04714803291146295,2.772588722239781
box_lam3em2,箱+λ,43,2,8,16,256,0.03,0.5920497179031372,0.1784777045249939,0.5439951419830322,0.1303180307149887,0.3145970404148102,1.3436850309371948,-3.0,1.487159252166748,4.487159252166748,2,0,2,0,0.125,0.0,8,0.05659098923206329,0.013964161276817322,0.6924205422401428,0.3075794577598572,0.047092334718535994,2.772588722239781
box_lam1em1,箱+λ,43,2,8,16,256,0.1,0.5858036875724792,0.15092219412326813,0.5158581137657166,0.10521238297224045,0.5666927695274353,0.5926657319068909,-0.8209461569786072,1.3241206407546997,2.145066797733307,0,0,0,0,0.0,0.0,8,0.2913426160812378,0.04654720425605774,0.7085525393486023,0.2914474606513977,0.04416323274775105,2.772588722239781
box_lam3em1,箱+λ,43,2,8,16,256,0.3,0.5506444573402405,0.13626591861248016,0.4857434332370758,0.1269896924495697,0.6039255857467651,0.3540300130844116,-0.0638495683670044,1.3213446140289307,1.385194182395935,0,0,0,0,0.0,0.0,8,0.9083954095840454,0.13964161276817322,0.7153615951538086,0.2846384048461914,0.03223312744758228,2.772588722239781
box_lam1e0,箱+λ,43,2,8,16,256,1.0,0.5651574730873108,0.13738670945167542,0.48167675733566284,0.1453729271888733,0.5716260671615601,0.25951045751571655,0.17371511459350586,1.2572838068008423,1.0835686922073364,0,0,0,0,0.0,0.0,8,2.512746572494507,0.4654720425605774,0.721259355545044,0.27874064445495605,0.026396568041153538,2.772588722239781
box_lam3e0,箱+λ,43,2,8,16,256,3.0,0.5633714199066162,0.17016343772411346,0.4642825722694397,0.13938260078430176,0.49520695209503174,0.2222106158733368,0.20781460404396057,1.0744845867156982,0.8666699826717377,0,0,0,0,0.0,0.0,8,7.278449058532715,1.3964161276817322,0.7390590310096741,0.2609409689903259,0.024803656867032196,2.772588722239781
box_lam1e1,箱+λ,43,2,8,16,256,10.0,0.5649186372756958,0.29813605546951294,0.4547363519668579,0.26014992594718933,0.34590938687324524,0.17009972035884857,0.14925050735473633,0.7539622783660889,0.6047117710113525,0,0,0,0,0.0,0.0,8,23.31247901916504,4.654720425605774,0.7722577452659607,0.2277422547340393,0.023023909964730836,2.772588722239781
box_lam3e1,箱+λ,43,2,8,16,256,30.0,0.5613221526145935,0.4116894006729126,0.4896518290042877,0.3967006206512451,0.18898698687553406,0.10229223221540451,0.0756436139345169,0.4270431399345398,0.3513995260000229,0,0,0,0,0.0,0.0,8,46.877288818359375,13.964161276817322,0.8094480633735657,0.19055193662643433,0.020825849577268542,2.772588722239781
box_lam1e2,箱+λ,43,2,8,16,256,100.0,0.5571516752243042,0.49250128865242004,0.5324395298957825,0.48411720991134644,0.07367300987243652,0.04273764789104462,0.02749316394329071,0.17314180731773376,0.14564864337444305,0,0,0,0,0.0,0.0,8,66.239501953125,46.54720425605774,0.8396261930465698,0.16037380695343018,0.019180838295555926,2.772588722239781
box_lam1e3,箱+λ,43,2,8,16,256,1000.0,0.554544985294342,0.5324103236198425,0.5488220453262329,0.5336975455284119,0.008357299491763115,0.005044751334935427,0.002987685613334179,0.02016800083220005,0.01718031521886587,0,0,0,0,0.0,0.0,8,77.3888931274414,465.4720425605774,0.8576931357383728,0.1423068642616272,0.018307364914564122,2.772588722239781
nobox_lam1em3,无箱互校,43,2,8,16,256,0.001,0.6382333040237427,0.19410550594329834,0.5922163724899292,0.1452544629573822,-1.0801070928573608,4.995527744293213,-13.815510749816895,1.6891263723373413,15.504637122154236,2,2,2,0,0.125,0.125,8,0.00018724342226050794,0.0004654720425605774,0.6697773337364197,0.3302226662635803,0.05217924586056598,2.772588722239781
nobox_lam1em1,无箱互校,43,2,8,16,256,0.1,0.5858032703399658,0.15092229843139648,0.5158575177192688,0.10521267354488373,0.5666924118995667,0.5926661491394043,-0.8209458589553833,1.3241207599639893,2.1450666189193726,0,0,0,0,0.0,0.0,8,0.29134228825569153,0.04654720425605774,0.7085525393486023,0.2914474606513977,0.04416331118012894,2.772588722239781
scalar,参照,43,2,8,16,256,0.001,0.5542012453079224,0.161102294921875,0.4652632176876068,0.14830267429351807,0.8153629302978516,0.0,0.8153629302978516,0.8153629302978516,0.0,0,0,0,0,0.0,0.0,8,0.017893830314278603,0.0,0.8600443005561829,0.13995569944381714,0.018200849543655653,2.772588722239781
nobeta,参照,43,2,8,16,256,0.001,0.5542014241218567,0.5381543636322021,0.5480679869651794,0.5397513508796692,0.0,0.0,0.0,0.0,0.0,0,0,0,0,0.0,0.0,8,0.00018724342226050794,0.0004654720425605774,0.8600443005561829,0.13995569944381714,0.018200869151750128,2.772588722239781
box_lam1em3,箱+λ,43,2,8,32,256,0.001,0.5347829461097717,0.14584201574325562,0.47146719694137573,0.08692111074924469,0.02195131592452526,0.7910601496696472,-2.1016716957092285,1.258951187133789,3.3606228828430176,0,0,0,0,0.0,0.0,8,2.555334276621579e-06,0.00025371164083480834,0.495269775390625,0.504730224609375,0.05097870386146226,2.0794415416798357
box_lam3em3,箱+λ,43,2,8,32,256,0.003,0.5286296606063843,0.13364394009113312,0.46837273240089417,0.08275676518678665,0.1262160837650299,0.6184322237968445,-1.33231782913208,1.220717191696167,2.553035020828247,0,0,0,0,0.0,0.0,8,2.280631997564342e-05,0.0007611349225044251,0.523679256439209,0.476320743560791,0.04752544391155451,2.0794415416798357
box_lam1em2,箱+λ,43,2,8,32,256,0.01,0.5152413845062256,0.11860653758049011,0.46098026633262634,0.073665551841259,0.27402180433273315,0.41792696714401245,-0.8647758364677429,1.1289863586425781,1.993762195110321,0,0,0,0,0.0,0.0,8,0.0002458327799104154,0.0025371164083480835,0.5848685503005981,0.41513144969940186,0.03946485319653482,2.0794415416798357
box_lam3em2,箱+λ,43,2,8,32,256,0.03,0.5110623836517334,0.10550251603126526,0.4544505476951599,0.06824298948049545,0.35991349816322327,0.30909982323646545,-0.5893903374671936,1.0478184223175049,1.6372087597846985,0,0,0,0,0.0,0.0,8,0.00203542597591877,0.0076113492250442505,0.6329970955848694,0.3670029044151306,0.03346480710070813,2.0794415416798357
box_lam1em1,箱+λ,43,2,8,32,256,0.1,0.5159279704093933,0.10561557114124298,0.45203205943107605,0.07020232081413269,0.3681454062461853,0.2685282230377197,-0.374866783618927,1.0428779125213623,1.4177446961402893,0,0,0,0,0.0,0.0,8,0.01751769334077835,0.025371164083480835,0.6386310458183289,0.36136895418167114,0.03167577296451774,2.0794415416798357
box_lam3em1,箱+λ,43,2,8,32,256,0.3,0.5195677876472473,0.09486512094736099,0.44900816679000854,0.061298668384552,0.35826897621154785,0.23105928301811218,-0.11842233687639236,1.0505481958389282,1.1689705327153206,0,0,0,0,0.0,0.0,8,0.0933857411146164,0.0761134922504425,0.6358695030212402,0.36413049697875977,0.029801222326020626,2.0794415416798357
box_lam1e0,箱+λ,43,2,8,32,256,1.0,0.5247902274131775,0.11114615947008133,0.4436960518360138,0.06473379582166672,0.33276045322418213,0.2006632685661316,0.11549615859985352,1.0291874408721924,0.9136912822723389,0,0,0,0,0.0,0.0,8,0.4224467873573303,0.25371164083480835,0.6337787508964539,0.36622124910354614,0.027754582646964895,2.0794415416798357
box_lam3e0,箱+λ,43,2,8,32,256,3.0,0.5251771807670593,0.09726075083017349,0.4364681541919708,0.07908222079277039,0.29447975754737854,0.18218418955802917,0.1382586508989334,0.9357517957687378,0.7974931448698044,0,0,0,0,0.0,0.0,8,1.5596977472305298,0.761134922504425,0.641105055809021,0.358894944190979,0.026478538279517124,2.0794415416798357
box_lam1e1,箱+λ,43,2,8,32,256,10.0,0.5268349051475525,0.08422763645648956,0.42460957169532776,0.12170018255710602,0.22573837637901306,0.15118518471717834,0.0889919176697731,0.727000892162323,0.6380089744925499,0,0,0,0,0.0,0.0,8,6.3652238845825195,2.5371164083480835,0.6659138202667236,0.33408617973327637,0.025130434164883374,2.0794415416798357
box_lam3e1,箱+λ,43,2,8,32,256,30.0,0.5244255661964417,0.18393445014953613,0.417206734418869,0.21060843765735626,0.14017240703105927,0.10228456556797028,0.05019024387001991,0.466736376285553,0.41654613241553307,0,0,0,0,0.0,0.0,8,17.249326705932617,7.6113492250442505,0.7033267617225647,0.2966732382774353,0.023589097881537086,2.0794415416798357
box_lam1e2,箱+λ,43,2,8,32,256,100.0,0.5186173915863037,0.2817895710468292,0.4379349648952484,0.30706456303596497,0.06107821688055992,0.04793178290128708,0.02046213299036026,0.2133127897977829,0.19285065680742264,0,0,0,0,0.0,0.0,8,31.011314392089844,25.371164083480835,0.7427737712860107,0.25722622871398926,0.02226209767886832,2.0794415416798357
box_lam1e3,箱+λ,43,2,8,32,256,1000.0,0.5173829793930054,0.3437100648880005,0.4629005789756775,0.3662448227405548,0.007439873181283474,0.006131613161414862,0.0023664822801947594,0.027046438306570053,0.024679956026375294,0,0,0,0,0.0,0.0,8,41.65251541137695,253.71164083480835,0.7718496322631836,0.2281503677368164,0.021503228007754838,2.0794415416798357
nobox_lam1em3,无箱互校,43,2,8,32,256,0.001,0.5364336967468262,0.14681638777256012,0.4723016023635864,0.08813126385211945,-0.020221631973981857,0.8734225034713745,-2.4830780029296875,1.2695125341415405,3.752590537071228,0,0,0,0,0.0,0.0,8,2.554583716118941e-06,0.00025371164083480834,0.487082302570343,0.512917697429657,0.051867348305262975,2.0794415416798357
nobox_lam1em1,无箱互校,43,2,8,32,256,0.1,0.5159277319908142,0.10561548173427582,0.45203229784965515,0.07020232081413269,0.3681451976299286,0.26852840185165405,-0.37486591935157776,1.0428780317306519,1.4177439510822296,0,0,0,0,0.0,0.0,8,0.01751786656677723,0.025371164083480835,0.638630747795105,0.361369252204895,0.03167576736220504,2.0794415416798357
scalar,参照,43,2,8,32,256,0.001,0.5172217488288879,0.12177405506372452,0.43729957938194275,0.08081508427858353,0.5311312675476074,0.0,0.5311312675476074,0.5311312675476074,0.0,0,0,0,0,0.0,0.0,8,0.005495680961757898,0.0,0.776005744934082,0.22399425506591797,0.021411547560892898,2.0794415416798357
nobeta,参照,43,2,8,32,256,0.001,0.5172214508056641,0.3545331656932831,0.4637675881385803,0.37434688210487366,0.0,0.0,0.0,0.0,0.0,0,0,0,0,0.0,0.0,8,2.554583716118941e-06,0.00025371164083480834,0.776005744934082,0.22399425506591797,0.02141150974528213,2.0794415416798357
box_lam1em3,箱+λ,43,2,8,64,256,0.001,0.5207057595252991,0.11302799731492996,0.47371169924736023,0.07476326823234558,-0.47143372893333435,0.7245891094207764,-2.3743011951446533,1.1649314165115356,3.539232611656189,0,0,0,0,0.0,0.0,8,9.882455742626917e-08,0.0001337120532989502,0.3417344093322754,0.6582655906677246,0.046945430874748964,1.3862943611198906
box_lam3em3,箱+λ,43,2,8,64,256,0.003,0.5163768529891968,0.11140149086713791,0.4714415967464447,0.07166723906993866,-0.360563188791275,0.6011732220649719,-1.7434877157211304,1.1249792575836182,2.8684669733047485,0,0,0,0,0.0,0.0,8,8.948900358518586e-07,0.0004011361598968506,0.36565783619880676,0.6343421638011932,0.044992587916180014,1.3862943611198906
box_lam1em2,箱+λ,43,2,8,64,256,0.01,0.5070471167564392,0.10067424178123474,0.46458128094673157,0.0594935342669487,-0.1449897140264511,0.3936660885810852,-0.8934766054153442,1.0042212009429932,1.8976978063583374,0,0,0,0,0.0,0.0,8,9.857016266323626e-06,0.001337120532989502,0.433950811624527,0.566049188375473,0.03990234900040244,1.3862943611198906
box_lam3em2,箱+λ,43,2,8,64,256,0.03,0.5011138319969177,0.0955183282494545,0.4538790285587311,0.048775698989629745,0.0657263994216919,0.20511813461780548,-0.26169446110725403,0.7943277359008789,1.056022197008133,0,0,0,0,0.0,0.0,8,8.644539047963917e-05,0.004011361598968506,0.5385996699333191,0.4614003300666809,0.0343258517509608,1.3862943611198906
box_lam1em1,箱+λ,43,2,8,64,256,0.1,0.4980345368385315,0.0785202607512474,0.44820907711982727,0.04458877816796303,0.14959363639354706,0.13011614978313446,-0.020802807062864304,0.6626630425453186,0.6834658496081829,0,0,0,0,0.0,0.0,8,0.0008805043762549758,0.01337120532989502,0.5948261022567749,0.4051738977432251,0.032370101192097225,1.3862943611198906
box_lam3em1,箱+λ,43,2,8,64,256,0.3,0.5006722211837769,0.07644879072904587,0.4469670057296753,0.043004270642995834,0.1485062688589096,0.12460640072822571,-0.0002306965907337144,0.6619561314582825,0.6621868280490162,0,0,0,0,0.0,0.0,8,0.006423891056329012,0.040113615989685054,0.595559298992157,0.404440701007843,0.03220425312789353,1.3862943611198906
box_lam1e0,箱+λ,43,2,8,64,256,1.0,0.5070245265960693,0.08188872784376144,0.4443393051624298,0.037974707782268524,0.1407904475927353,0.116963692009449,0.03094087727367878,0.6598629951477051,0.6289221178740263,0,0,0,0,0.0,0.0,8,0.04350924864411354,0.1337120532989502,0.5948144793510437,0.4051855206489563,0.031974603125433085,1.3862943611198906
box_lam3e0,箱+λ,43,2,8,64,256,3.0,0.5148530006408691,0.06953231245279312,0.4403287172317505,0.03702407330274582,0.1283823698759079,0.10777191817760468,0.03532446548342705,0.6292884349822998,0.5939639694988728,0,0,0,0,0.0,0.0,8,0.19214440882205963,0.4011361598968506,0.5971906185150146,0.40280938148498535,0.03171404796492781,1.3862943611198906
box_lam1e1,箱+λ,43,2,8,64,256,10.0,0.5202152132987976,0.04140809550881386,0.4338810443878174,0.06302717328071594,0.10613846778869629,0.09364218264818192,0.03575945645570755,0.5321017503738403,0.4963422939181328,0,0,0,0,0.0,0.0,8,0.8748248219490051,1.337120532989502,0.6090526580810547,0.3909473419189453,0.03132508779719203,1.3862943611198906
box_lam3e1,箱+λ,43,2,8,64,256,30.0,0.519253134727478,0.07930529862642288,0.42581212520599365,0.09425932168960571,0.07490398734807968,0.07043224573135376,0.025512762367725372,0.3823398947715759,0.35682713240385056,0,0,0,0,0.0,0.0,8,3.0718324184417725,4.011361598968506,0.6321740746498108,0.3678259253501892,0.030837213196312177,1.3862943611198906
box_lam1e2,箱+λ,43,2,8,64,256,100.0,0.5145341753959656,0.1415686309337616,0.4172324240207672,0.15469226241111755,0.03776512295007706,0.03776362165808678,0.011712946929037571,0.19959409534931183,0.18788114842027426,0,0,0,0,0.0,0.0,8,7.6508073806762695,13.37120532989502,0.6639026403427124,0.3360973596572876,0.030392958202164297,1.3862943611198906
box_lam1e3,箱+λ,43,2,8,64,256,1000.0,0.5092447996139526,0.19666250050067902,0.4113600552082062,0.21202565729618073,0.005165200214833021,0.005426706280559301,0.00151078961789608,0.02842819318175316,0.02691740356385708,0,0,0,0,0.0,0.0,8,13.193345069885254,133.7120532989502,0.6943118572235107,0.30568814277648926,0.030203445969088798,1.3862943611198906
nobox_lam1em3,无箱互校,43,2,8,64,256,0.001,0.5233322381973267,0.11386147886514664,0.4748730957508087,0.07631469517946243,-0.5487629175186157,0.828418493270874,-3.0867536067962646,1.1856770515441895,4.272430658340454,1,0,1,0,0.015625,0.0,8,9.928771760314703e-08,0.0001337120532989502,0.3290606737136841,0.6709393262863159,0.04797745530764439,1.3862943611198906
nobox_lam1em1,无箱互校,43,2,8,64,256,0.1,0.4980398714542389,0.07852326333522797,0.4482157826423645,0.04459739476442337,0.1494842916727066,0.13020627200603485,-0.02109697461128235,0.6628619432449341,0.6839589178562164,0,0,0,0,0.0,0.0,8,0.0008805046672932804,0.01337120532989502,0.5947474241256714,0.4052525758743286,0.03237221886630024,1.3862943611198906
scalar,参照,43,2,8,64,256,0.001,0.5083535313606262,0.06085904687643051,0.4372289478778839,0.03605629876255989,0.27144503593444824,0.0,0.27144503593444824,0.27144503593444824,0.0,0,0,0,0,0.0,0.0,8,0.0010374574922025204,0.0,0.6993082761764526,0.30069172382354736,0.030196681176495828,1.3862943611198906
nobeta,参照,43,2,8,64,256,0.001,0.5083538889884949,0.20597444474697113,0.41327884793281555,0.22125273942947388,0.0,0.0,0.0,0.0,0.0,0,0,0,0,0.0,0.0,8,9.928771760314703e-08,0.0001337120532989502,0.6993085741996765,0.3006914258003235,0.030196686778808535,1.3862943611198906
box_lam1em3,箱+λ,43,2,16,8,256,0.001,0.5181676149368286,0.2451746016740799,0.4490928053855896,0.16196179389953613,0.5460449457168579,1.5627055168151855,-3.0,1.7595018148422241,4.759501814842224,1,0,1,0,0.125,0.0,8,1.3223187923431396,0.0002557088136672974,0.781013548374176,0.21898645162582397,0.3106401689729501,3.4657359027997265
box_lam3em3,箱+λ,43,2,16,8,256,0.003,0.5180225372314453,0.24399547278881073,0.4487967789173126,0.16336770355701447,0.5440558195114136,1.560523271560669,-3.0,1.7495529651641846,4.749552965164185,1,0,1,0,0.125,0.0,8,1.322880506515503,0.0007671264410018921,0.7804919481277466,0.21950805187225342,0.31074739251104283,3.4657359027997265
box_lam1em2,箱+λ,43,2,16,8,256,0.01,0.5174996852874756,0.25148189067840576,0.44774243235588074,0.17062655091285706,0.5399109721183777,1.5515295267105103,-3.0,1.7179659605026245,4.7179659605026245,1,0,1,0,0.125,0.0,8,1.3282525539398193,0.0025570881366729736,0.7793586850166321,0.22064131498336792,0.3110730745215892,3.4657359027997265
box_lam3em2,箱+λ,43,2,16,8,256,0.03,0.5160622596740723,0.243326336145401,0.4448884129524231,0.16323964297771454,0.5353156924247742,1.5255275964736938,-3.0,1.644370436668396,4.644370436668396,1,0,1,0,0.125,0.0,8,1.3619365692138672,0.00767126441001892,0.7782942056655884,0.22170579433441162,0.31193937349138656,3.4657359027997265
box_lam1em1,箱+λ,43,2,16,8,256,0.1,0.521091878414154,0.2266596257686615,0.4366595447063446,0.17881985008716583,0.7909447550773621,0.7022151947021484,-0.6807934641838074,1.4482487440109253,2.1290422081947327,0,0,0,0,0.0,0.0,8,1.6091281175613403,0.025570881366729737,0.8020416498184204,0.1979583501815796,0.29252269772680534,3.4657359027997265
box_lam3em1,箱+λ,43,2,16,8,256,0.3,0.5372473001480103,0.18672895431518555,0.4468245208263397,0.17574794590473175,0.8150772452354431,0.30804911255836487,0.35763221979141235,1.228417158126831,0.8707849383354187,0,0,0,0,0.0,0.0,8,2.180485486984253,0.0767126441001892,0.8156113028526306,0.18438869714736938,0.29106837685131515,3.4657359027997265
box_lam1e0,箱+λ,43,2,16,8,256,1.0,0.5487965941429138,0.21139901876449585,0.4606372117996216,0.26836827397346497,0.6702356338500977,0.22849412262439728,0.4129112660884857,1.115776777267456,0.7028655111789703,0,0,0,0,0.0,0.0,8,3.3682515621185303,0.25570881366729736,0.7990903854370117,0.20090961456298828,0.2972567145081011,3.4657359027997265
box_lam3e0,箱+λ,43,2,16,8,256,3.0,0.5588704943656921,0.34573447704315186,0.5040737986564636,0.38037243485450745,0.4840598702430725,0.2025149017572403,0.28891274333000183,0.8432496786117554,0.5543369352817535,0,0,0,0,0.0,0.0,8,5.814680576324463,0.7671264410018921,0.7991997599601746,0.20080024003982544,0.30196251599537394,3.4657359027997265
box_lam1e1,箱+λ,43,2,16,8,256,10.0,0.5621927380561829,0.5167546272277832,0.5528720617294312,0.5208596587181091,0.26887181401252747,0.14372508227825165,0.12132041156291962,0.5073080062866211,0.3859875947237015,0,0,0,0,0.0,0.0,8,10.161430358886719,2.5570881366729736,0.8238840699195862,0.17611593008041382,0.3036102512206693,3.4657359027997265
box_lam3e1,箱+λ,43,2,16,8,256,30.0,0.5625355839729309,0.5911028385162354,0.6070393323898315,0.5991533994674683,0.12326370924711227,0.07659000158309937,0.04745817556977272,0.2653920650482178,0.21793388947844505,0,0,0,0,0.0,0.0,8,13.846969604492188,7.671264410018921,0.8529673218727112,0.14703267812728882,0.3024464584303196,3.4657359027997265
box_lam1e2,箱+λ,43,2,16,8,256,100.0,0.5620692372322083,0.6347082257270813,0.6179447174072266,0.6327717304229736,0.043074801564216614,0.02899070456624031,0.01528901420533657,0.09934227913618088,0.08405326493084431,0,0,0,0,0.0,0.0,8,16.012849807739258,25.570881366729736,0.8722490072250366,0.12775099277496338,0.3011169516076395,3.4657359027997265
box_lam1e3,箱+λ,43,2,16,8,256,1000.0,0.5614965558052063,0.6539469361305237,0.6387458443641663,0.6462317705154419,0.004613318480551243,0.0032252976670861244,0.001576372655108571,0.010992682538926601,0.00941630988381803,0,0,0,0,0.0,0.0,8,17.061580657958984,255.70881366729736,0.8820490837097168,0.1179509162902832,0.30032857672075836,3.4657359027997265
nobox_lam1em3,无箱互校,43,2,16,8,256,0.001,0.5186128616333008,0.24597133696079254,0.449603796005249,0.1615729033946991,-0.806840181350708,5.294070243835449,-13.815510749816895,1.7615759372711182,15.577086687088013,1,1,1,0,0.125,0.125,8,1.3149049282073975,0.0002557088136672974,0.7749491930007935,0.22505080699920654,0.3111125379875809,3.4657359027997265
nobox_lam1em1,无箱互校,43,2,16,8,256,0.1,0.5210919976234436,0.22665973007678986,0.43665963411331177,0.17881953716278076,0.7909449934959412,0.7022143602371216,-0.6807905435562134,1.4482489824295044,2.1290395259857178,0,0,0,0,0.0,0.0,8,1.6091281175613403,0.025570881366729737,0.8020416498184204,0.1979583501815796,0.2925226706227765,3.4657359027997265
scalar,参照,43,2,16,8,256,0.001,0.561412513256073,0.20107455551624298,0.4737226068973541,0.22390294075012207,1.138380527496338,0.0,1.138380527496338,1.138380527496338,0.0,0,0,0,0,0.0,0.0,8,0.06787080317735672,0.0,0.8832409977912903,0.11675900220870972,0.3002279936697316,3.4657359027997265
nobeta,参照,43,2,16,8,256,0.001,0.561412513256073,0.6561516523361206,0.6415801048278809,0.6478006839752197,0.0,0.0,0.0,0.0,0.0,0,0,0,0,0.0,0.0,8,1.3149049282073975,0.0002557088136672974,0.8832409977912903,0.11675900220870972,0.3002279936697316,3.4657359027997265
box_lam1em3,箱+λ,43,2,16,16,256,0.001,0.489962100982666,0.19621124863624573,0.43443962931632996,0.10198096930980682,0.5243771076202393,1.2283835411071777,-3.0,1.8792212009429932,4.879221200942993,1,0,1,0,0.0625,0.0,16,0.05592454597353935,0.00013939259946346282,0.7648148536682129,0.2351851463317871,0.11352823334528027,2.772588722239781
box_lam3em3,箱+λ,43,2,16,16,256,0.003,0.4824264347553253,0.1966954618692398,0.4326678216457367,0.09537453204393387,0.5275365114212036,1.2104511260986328,-3.0,1.8354761600494385,4.8354761600494385,1,0,1,0,0.0625,0.0,16,0.06001827493309975,0.0004181777983903885,0.7678579092025757,0.23214209079742432,0.1134963251273279,2.772588722239781
box_lam1em2,箱+λ,43,2,16,16,256,0.01,0.5020571351051331,0.19000357389450073,0.43043291568756104,0.09523269534111023,0.5049570798873901,1.2013143301010132,-3.0,1.7287070751190186,4.7287070751190186,1,0,1,0,0.0625,0.0,16,0.0790640339255333,0.0013939259946346284,0.7638390064239502,0.2361609935760498,0.12174152654874802,2.772588722239781
box_lam3em2,箱+λ,43,2,16,16,256,0.03,0.4784780442714691,0.18796232342720032,0.4218854010105133,0.12833893299102783,0.5803893208503723,0.8569204211235046,-1.138126015663147,1.578486442565918,2.716612458229065,0,0,0,0,0.0,0.0,16,0.14128029346466064,0.004181777983903885,0.7674627304077148,0.23253726959228516,0.12570715766443244,2.772588722239781
box_lam1em1,箱+λ,43,2,16,16,256,0.1,0.4686664938926697,0.1731196641921997,0.4011339247226715,0.13541977107524872,0.6328250169754028,0.5145890712738037,-0.5450907945632935,1.272674798965454,1.8177655935287476,0,0,0,0,0.0,0.0,16,0.32533714175224304,0.013939259946346283,0.7794488668441772,0.22055113315582275,0.11295124955533273,2.772588722239781
box_lam3em1,箱+λ,43,2,16,16,256,0.3,0.49243077635765076,0.1381930410861969,0.40389683842658997,0.10875799506902695,0.5954595804214478,0.30064335465431213,-0.05555268004536629,1.0203132629394531,1.0758659429848194,0,0,0,0,0.0,0.0,16,0.6472741365432739,0.041817779839038845,0.7661173939704895,0.2338826060295105,0.11060569400351203,2.772588722239781
box_lam1e0,箱+λ,43,2,16,16,256,1.0,0.49752357602119446,0.10696332901716232,0.4138675928115845,0.14968137443065643,0.48763176798820496,0.20219279825687408,0.17051270604133606,0.9653538465499878,0.7948411405086517,0,0,0,0,0.0,0.0,16,1.2451281547546387,0.13939259946346283,0.737028956413269,0.26297104358673096,0.11729454143287227,2.772588722239781
box_lam3e0,箱+λ,43,2,16,16,256,3.0,0.4981265366077423,0.19990184903144836,0.4259664714336395,0.238507479429245,0.36233770847320557,0.17133860290050507,0.18608331680297852,0.8274557590484619,0.6413724422454834,0,0,0,0,0.0,0.0,16,2.335498094558716,0.4181777983903885,0.7255429029464722,0.27445709705352783,0.12424377049129515,2.772588722239781
box_lam1e1,箱+λ,43,2,16,16,256,10.0,0.5011379718780518,0.3392481803894043,0.44511592388153076,0.3354281485080719,0.2183566838502884,0.129537895321846,0.07842583954334259,0.536662220954895,0.45823638141155243,0,0,0,0,0.0,0.0,16,4.62445592880249,1.3939259946346283,0.743398129940033,0.25660187005996704,0.12660824465524645,2.772588722239781
box_lam3e1,箱+λ,43,2,16,16,256,30.0,0.5005387663841248,0.4396328032016754,0.4581993520259857,0.42892277240753174,0.10955497622489929,0.07686673104763031,0.03172580152750015,0.30393746495246887,0.2722116634249687,0,0,0,0,0.0,0.0,16,7.2780914306640625,4.181777983903885,0.7763997316360474,0.22360026836395264,0.12295386265475096,2.772588722239781
box_lam1e2,箱+λ,43,2,16,16,256,100.0,0.4982343018054962,0.49156346917152405,0.4829239547252655,0.4783336818218231,0.040869537740945816,0.031805239617824554,0.010526608675718307,0.12808898091316223,0.11756237223744392,0,0,0,0,0.0,0.0,16,9.349053382873535,13.939259946346283,0.8045662045478821,0.19543379545211792,0.11843024089732893,2.772588722239781
box_lam1e3,箱+λ,43,2,16,16,256,1000.0,0.4964196979999542,0.5154553055763245,0.5070075988769531,0.4981482923030853,0.004539752844721079,0.0037325313314795494,0.0011033882619813085,0.015142488293349743,0.014039100031368434,0,0,0,0,0.0,0.0,16,10.541036605834961,139.39259946346283,0.8212383985519409,0.17876160144805908,0.11548012998222278,2.772588722239781
nobox_lam1em3,无箱互校,43,2,16,16,256,0.001,0.4905998408794403,0.1969970017671585,0.43539634346961975,0.10075031220912933,-0.15320473909378052,3.7287023067474365,-13.815510749816895,1.8774924278259277,15.693003177642822,1,1,1,0,0.0625,0.0625,16,0.055744364857673645,0.00013939259946346282,0.758657693862915,0.24134230613708496,0.11422524055094038,2.772588722239781
nobox_lam1em1,无箱互校,43,2,16,16,256,0.1,0.4686664044857025,0.17311953008174896,0.4011335074901581,0.13541950285434723,0.6328251361846924,0.5145890712738037,-0.5450912714004517,1.272674798965454,1.8177660703659058,0,0,0,0,0.0,0.0,16,0.32533714175224304,0.013939259946346283,0.7794488668441772,0.22055113315582275,0.11295118179526062,2.772588722239781
scalar,参照,43,2,16,16,256,0.001,0.4961608350276947,0.12355446815490723,0.42055800557136536,0.13449300825595856,0.7896610498428345,6.155941179031288e-08,0.7896611094474792,0.7896611094474792,0.0,0,0,0,0,0.0,0.0,16,0.027361031621694565,0.0,0.8233879208564758,0.17661207914352417,0.11508918147022862,2.772588722239781
nobeta,参照,43,2,16,16,256,0.001,0.4961610436439514,0.5187480449676514,0.51085364818573,0.502588152885437,0.0,0.0,0.0,0.0,0.0,0,0,0,0,0.0,0.0,16,0.055744364857673645,0.00013939259946346282,0.8233879208564758,0.17661207914352417,0.1150891679182142,2.772588722239781
box_lam1em3,箱+λ,43,2,16,32,256,0.001,0.4628961980342865,0.14947929978370667,0.41144368052482605,0.04268576577305794,0.26145610213279724,0.9801930785179138,-3.0,1.2705447673797607,4.270544767379761,1,0,1,0,0.03125,0.0,16,0.0008417129283770919,7.282879948616029e-05,0.6685861349105835,0.3314138650894165,0.045757153620529505,2.0794415416798357
box_lam3em3,箱+λ,43,2,16,32,256,0.003,0.46168413758277893,0.14363402128219604,0.4017335772514343,0.04225495457649231,0.3052963614463806,0.8902085423469543,-3.0,1.2525053024291992,4.252505302429199,1,0,1,0,0.03125,0.0,16,0.001040005125105381,0.00021848639845848083,0.6809591054916382,0.3190408945083618,0.044705466481467324,2.0794415416798357
box_lam1em2,箱+λ,43,2,16,32,256,0.01,0.4568220376968384,0.14893563091754913,0.3855234384536743,0.05193953961133957,0.4248713254928589,0.5614314675331116,-0.9148175716400146,1.208587884902954,2.1234054565429688,0,0,0,0,0.0,0.0,16,0.0026053707115352154,0.0007282879948616028,0.7135905027389526,0.28640949726104736,0.04284264045930163,2.0794415416798357
box_lam3em2,箱+λ,43,2,16,32,256,0.03,0.4591596722602844,0.14270561933517456,0.38284167647361755,0.060042690485715866,0.46436330676078796,0.4327271580696106,-0.7158402800559998,1.1435004472732544,1.8593407273292542,0,0,0,0,0.0,0.0,16,0.010435989126563072,0.002184863984584808,0.7325913310050964,0.26740866899490356,0.04119614863132933,2.0794415416798357
box_lam1em1,箱+λ,43,2,16,32,256,0.1,0.45404112339019775,0.12964926660060883,0.37970754504203796,0.06891679763793945,0.44123438000679016,0.33857303857803345,-0.5161656141281128,1.0243033170700073,1.5404689311981201,0,0,0,0,0.0,0.0,16,0.048858508467674255,0.0072828799486160285,0.7218866348266602,0.27811336517333984,0.04204934619118594,2.0794415416798357
box_lam3em1,箱+λ,43,2,16,32,256,0.3,0.4435026943683624,0.1213458999991417,0.3639097809791565,0.07187990099191666,0.3932149112224579,0.23541387915611267,-0.17702116072177887,0.8972204327583313,1.0742415934801102,0,0,0,0,0.0,0.0,16,0.15546414256095886,0.021848639845848082,0.703030526638031,0.296969473361969,0.04314763193183201,2.0794415416798357
box_lam1e0,箱+λ,43,2,16,32,256,1.0,0.43591126799583435,0.10411674529314041,0.3599964678287506,0.07768803089857101,0.31437256932258606,0.16284909844398499,0.09217876940965652,0.7474848628044128,0.6553060933947563,0,0,0,0,0.0,0.0,16,0.3937518000602722,0.07282879948616028,0.6752021908760071,0.3247978091239929,0.04607016110958943,2.0794415416798357
box_lam3e0,箱+λ,43,2,16,32,256,3.0,0.4373800456523895,0.11006921529769897,0.36167025566101074,0.11897769570350647,0.23416191339492798,0.13613452017307281,0.12032590061426163,0.7228361368179321,0.6025102362036705,0,0,0,0,0.0,0.0,16,0.7874671220779419,0.21848639845848083,0.6585699319839478,0.34143006801605225,0.048829320753511256,2.0794415416798357
box_lam1e1,箱+λ,43,2,16,32,256,10.0,0.4414632022380829,0.1647624373435974,0.3697386384010315,0.19138558208942413,0.1492668241262436,0.10671128332614899,0.06337179988622665,0.5436521768569946,0.480280376970768,0,0,0,0,0.0,0.0,16,1.6577425003051758,0.7282879948616028,0.6667302250862122,0.33326977491378784,0.0492226815240722,2.0794415416798357
box_lam3e1,箱+λ,43,2,16,32,256,30.0,0.4418993294239044,0.2546330690383911,0.38362494111061096,0.2640916109085083,0.08218683302402496,0.06946917623281479,0.029827596619725227,0.318710595369339,0.28888299874961376,0,0,0,0,0.0,0.0,16,2.9491281509399414,2.1848639845848083,0.6950351595878601,0.3049648404121399,0.04637497301792874,2.0794415416798357
box_lam1e2,箱+λ,43,2,16,32,256,100.0,0.4392872750759125,0.32639217376708984,0.3985873758792877,0.3297283947467804,0.03354336693882942,0.031967271119356155,0.010906960815191269,0.14862436056137085,0.13771739974617958,0,0,0,0,0.0,0.0,16,4.34121036529541,7.282879948616028,0.7269686460494995,0.2730313539505005,0.042578958914727655,2.0794415416798357
box_lam1e3,箱+λ,43,2,16,32,256,1000.0,0.4364800751209259,0.36247390508651733,0.40610530972480774,0.3701716363430023,0.003959279507398605,0.004059764090925455,0.001207456924021244,0.019604608416557312,0.018397151492536068,0,0,0,0,0.0,0.0,16,5.388278961181641,72.82879948616028,0.7503200173377991,0.24967998266220093,0.03984464011323808,2.0794415416798357
nobox_lam1em3,无箱互校,43,2,16,32,256,0.001,0.4631103277206421,0.1504610925912857,0.4116758406162262,0.04266570508480072,-0.09594219923019409,2.6385059356689453,-13.815510749816895,1.2751927375793457,15.09070348739624,1,1,1,0,0.03125,0.03125,16,0.0008619976579211652,7.282879948616029e-05,0.661653995513916,0.338346004486084,0.04605445432487641,2.0794415416798357
nobox_lam1em1,无箱互校,43,2,16,32,256,0.1,0.45404183864593506,0.12964920699596405,0.3797076642513275,0.06891679763793945,0.44123375415802,0.3385738730430603,-0.5161669850349426,1.0243040323257446,1.5404710173606873,0,0,0,0,0.0,0.0,16,0.04885851591825485,0.0072828799486160285,0.7218862771987915,0.2781137228012085,0.042049386847229205,2.0794415416798357
scalar,参照,43,2,16,32,256,0.001,0.4360452890396118,0.11101170629262924,0.36096328496932983,0.07498742640018463,0.5000366568565369,6.055837786789198e-08,0.5000365972518921,0.5000365972518921,0.0,0,0,0,0,0.0,0.0,16,0.011374810710549355,0.0,0.753628134727478,0.24637186527252197,0.03946780941226618,2.0794415416798357
nobeta,参照,43,2,16,32,256,0.001,0.4360448718070984,0.36750346422195435,0.4071851968765259,0.3766675591468811,0.0,0.0,0.0,0.0,0.0,0,0,0,0,0.0,0.0,16,0.0008619976579211652,7.282879948616029e-05,0.753628134727478,0.24637186527252197,0.03946782974028781,2.0794415416798357
box_lam1em3,箱+λ,43,2,16,64,256,0.001,0.4248722493648529,0.12695060670375824,0.3709985315799713,0.04562625288963318,-0.18287885189056396,0.7427082657814026,-3.0,1.0531184673309326,4.053118467330933,1,0,1,0,0.015625,0.0,16,3.470565570751205e-05,3.745866939425469e-05,0.4728353023529053,0.5271646976470947,0.04836357528592838,1.3862943611198906
box_lam3em3,箱+λ,43,2,16,64,256,0.003,0.42311081290245056,0.11962994933128357,0.36820483207702637,0.04482945427298546,-0.12062001973390579,0.6373488903045654,-2.301448345184326,1.0421736240386963,3.3436219692230225,0,0,0,0,0.0,0.0,16,5.4537846153834835e-05,0.00011237600818276406,0.48793938755989075,0.5120606124401093,0.04755640714305,1.3862943611198906
box_lam1em2,箱+λ,43,2,16,64,256,0.01,0.4183812141418457,0.10594893991947174,0.36147910356521606,0.03414073586463928,0.007496794685721397,0.44908082485198975,-1.1215038299560547,1.0076019763946533,2.129105806350708,0,0,0,0,0.0,0.0,16,0.00022095986059866846,0.00037458669394254687,0.5299106240272522,0.4700893759727478,0.04520772107589824,1.3862943611198906
box_lam3em2,箱+λ,43,2,16,64,256,0.03,0.4099741280078888,0.08167624473571777,0.35631775856018066,0.023674651980400085,0.1378469169139862,0.28666001558303833,-0.415674090385437,0.9333415627479553,1.3490156531333923,0,0,0,0,0.0,0.0,16,0.001238351222127676,0.0011237600818276405,0.5914884805679321,0.40851151943206787,0.042026046890394,1.3862943611198906
box_lam1em1,箱+λ,43,2,16,64,256,0.1,0.4028843939304352,0.07889789342880249,0.35527098178863525,0.026647653430700302,0.19322384893894196,0.19847913086414337,-0.3847235143184662,0.7925089001655579,1.177232414484024,0,0,0,0,0.0,0.0,16,0.007077712565660477,0.0037458669394254684,0.6255277395248413,0.3744722604751587,0.04044881940812338,1.3862943611198906
box_lam3em1,箱+λ,43,2,16,64,256,0.3,0.3972613215446472,0.07927419245243073,0.35085591673851013,0.029673388227820396,0.17966198921203613,0.15391212701797485,-0.29422688484191895,0.6512323021888733,0.9454591870307922,0,0,0,0,0.0,0.0,16,0.02517535910010338,0.011237600818276405,0.6211806535720825,0.3788193464279175,0.040577607589162214,1.3862943611198906
box_lam1e0,箱+λ,43,2,16,64,256,1.0,0.3927713930606842,0.0703759416937828,0.34396013617515564,0.030293026939034462,0.14857521653175354,0.11164646595716476,-0.12170957028865814,0.5588304996490479,0.680540069937706,0,0,0,0,0.0,0.0,16,0.07364360988140106,0.037458669394254684,0.6097461581230164,0.39025384187698364,0.041201725285263245,1.3862943611198906
box_lam3e0,箱+λ,43,2,16,64,256,3.0,0.39919668436050415,0.056566547602415085,0.34114038944244385,0.03597318008542061,0.11357361823320389,0.08699411898851395,0.004649898037314415,0.44495320320129395,0.44030330516397953,0,0,0,0,0.0,0.0,16,0.16152028739452362,0.11237600818276405,0.5996413230895996,0.4003586769104004,0.04211957272991146,1.3862943611198906
box_lam1e1,箱+λ,43,2,16,64,256,10.0,0.40523773431777954,0.06055356189608574,0.3428151309490204,0.07361055910587311,0.07596635073423386,0.06724704056978226,0.019096452742815018,0.39392995834350586,0.37483350560069084,0,0,0,0,0.0,0.0,16,0.34776049852371216,0.37458669394254684,0.5998668074607849,0.4001331925392151,0.04247660732581904,1.3862943611198906
box_lam3e1,箱+λ,43,2,16,64,256,30.0,0.40829694271087646,0.10578569769859314,0.34756484627723694,0.11956670135259628,0.04561559483408928,0.04736393317580223,0.014026043936610222,0.26717713475227356,0.25315109081566334,0,0,0,0,0.0,0.0,16,0.6703510880470276,1.1237600818276405,0.6147926449775696,0.3852073550224304,0.04154718984885957,1.3862943611198906
box_lam1e2,箱+λ,43,2,16,64,256,100.0,0.4094826579093933,0.1553499847650528,0.3548401892185211,0.16643130779266357,0.020802712067961693,0.024760009720921516,0.005688194651156664,0.1428855061531067,0.13719731150195003,0,0,0,0,0.0,0.0,16,1.163205862045288,3.7458669394254684,0.6381930112838745,0.3618069887161255,0.03979357273489913,1.3862943611198906
box_lam1e3,箱+λ,43,2,16,64,256,1000.0,0.4098421335220337,0.19022205471992493,0.36024758219718933,0.20215782523155212,0.002708305837586522,0.003553571878001094,0.0006871246150694788,0.022162970155477524,0.021475845540408045,0,0,0,0,0.0,0.0,16,1.7136809825897217,37.458669394254684,0.6609252691268921,0.3390747308731079,0.03811425453999748,1.3862943611198906
nobox_lam1em3,无箱互校,43,2,16,64,256,0.001,0.42609256505966187,0.12964914739131927,0.3721807897090912,0.045878686010837555,-0.3875921666622162,1.8461112976074219,-13.815510749816895,1.0562350749969482,14.871745824813843,1,1,1,0,0.015625,0.015625,16,3.663646202767268e-05,3.745866939425469e-05,0.4634898900985718,0.5365101099014282,0.048921440571532616,1.3862943611198906
nobox_lam1em1,无箱互校,43,2,16,64,256,0.1,0.40285784006118774,0.07889166474342346,0.35526904463768005,0.026628026738762856,0.19310905039310455,0.1985660344362259,-0.3847752809524536,0.7925482988357544,1.177323579788208,0,0,0,0,0.0,0.0,16,0.007077737711369991,0.0037458669394254684,0.6254549622535706,0.37454503774642944,0.040452176919695985,1.3862943611198906
scalar,参照,43,2,16,64,256,0.001,0.4098726511001587,0.060288362205028534,0.3492796719074249,0.04862174764275551,0.2578493058681488,0.0,0.2578493058681488,0.2578493058681488,0.0,0,0,0,0,0.0,0.0,16,0.003404957940801978,0.0,0.6646645665168762,0.3353354334831238,0.03784881123354887,1.3862943611198906
nobeta,参照,43,2,16,64,256,0.001,0.4098728895187378,0.19607235491275787,0.36072853207588196,0.20816469192504883,0.0,0.0,0.0,0.0,0.0,0,0,0,0,0.0,0.0,16,3.663646202767268e-05,3.745866939425469e-05,0.6646645665168762,0.3353354334831238,0.037848821397559684,1.3862943611198906
box_lam1em3,箱+λ,43,2,32,8,256,0.001,0.45115023851394653,0.20253705978393555,0.4044102430343628,0.18921509385108948,0.8776025772094727,0.47653892636299133,0.25786709785461426,1.6824935674667358,1.4246264696121216,0,0,0,0,0.0,0.0,8,3.196941614151001,0.0004714121222496033,0.8492241501808167,0.15077584981918335,0.37096744510803464,3.4657359027997265
box_lam3em3,箱+λ,43,2,32,8,256,0.003,0.4503835141658783,0.2041020393371582,0.40418267250061035,0.19045746326446533,0.8815770745277405,0.46400535106658936,0.28987348079681396,1.6746114492416382,1.3847379684448242,0,0,0,0,0.0,0.0,8,3.1976370811462402,0.0014142363667488098,0.8521313071250916,0.14786869287490845,0.37116363377810835,3.4657359027997265
box_lam1em2,箱+λ,43,2,32,8,256,0.01,0.44799062609672546,0.2008913904428482,0.40337008237838745,0.19276243448257446,0.8911271095275879,0.4284239113330841,0.3792062997817993,1.648901343345642,1.2696950435638428,0,0,0,0,0.0,0.0,8,3.2041003704071045,0.004714121222496033,0.859941303730011,0.140058696269989,0.37178123082206316,3.4657359027997265
box_lam3em2,箱+λ,43,2,32,8,256,0.03,0.44274070858955383,0.19169598817825317,0.401213675737381,0.18610313534736633,0.8997011780738831,0.3650851845741272,0.5268278121948242,1.5868266820907593,1.059998869895935,0,0,0,0,0.0,0.0,8,3.2413671016693115,0.014142363667488098,0.8713650703430176,0.12863492965698242,0.3731666053336031,3.4657359027997265
box_lam1em1,箱+λ,43,2,32,8,256,0.1,0.43334925174713135,0.20978805422782898,0.39995118975639343,0.17308492958545685,0.8798274397850037,0.2708611786365509,0.6411845088005066,1.4339781999588013,0.7927936911582947,0,0,0,0,0.0,0.0,8,3.4458818435668945,0.04714121222496033,0.8769698143005371,0.12303018569946289,0.37637787907207515,3.4657359027997265
box_lam3em1,箱+λ,43,2,32,8,256,0.3,0.4361010193824768,0.22875449061393738,0.3927478790283203,0.21711008250713348,0.799471914768219,0.1848653107881546,0.5717278718948364,1.183654546737671,0.6119266748428345,0,0,0,0,0.0,0.0,8,4.130415916442871,0.14142363667488098,0.8595758676528931,0.14042413234710693,0.38185795356265106,3.4657359027997265
box_lam1e0,箱+λ,43,2,32,8,256,1.0,0.44055455923080444,0.32269981503486633,0.3962595760822296,0.300590842962265,0.6325823664665222,0.15717408061027527,0.45211654901504517,0.8462783098220825,0.39416176080703735,0,0,0,0,0.0,0.0,8,5.958014011383057,0.47141212224960327,0.8194794654846191,0.18052053451538086,0.3897227492137128,3.4657359027997265
box_lam3e0,箱+λ,43,2,32,8,256,3.0,0.4423239231109619,0.41720888018608093,0.41299551725387573,0.41276809573173523,0.4408178925514221,0.17042922973632812,0.30378520488739014,0.7650165557861328,0.4612313508987427,0,0,0,0,0.0,0.0,8,9.210925102233887,1.4142363667488098,0.7976370453834534,0.20236295461654663,0.39425736272848344,3.4657359027997265
box_lam1e1,箱+λ,43,2,32,8,256,10.0,0.43954795598983765,0.5322726368904114,0.4616791605949402,0.5381531715393066,0.23751966655254364,0.13123813271522522,0.1417805254459381,0.5127989649772644,0.3710184395313263,0,0,0,0,0.0,0.0,8,15.185698509216309,4.714121222496033,0.8126550912857056,0.18734490871429443,0.39373932005985857,3.4657359027997265
box_lam3e1,箱+λ,43,2,32,8,256,30.0,0.43539345264434814,0.6011807322502136,0.5264695286750793,0.601199746131897,0.10687366873025894,0.0706801563501358,0.05588396266102791,0.2608117461204529,0.20492778345942497,0,0,0,0,0.0,0.0,8,20.418062210083008,14.142363667488098,0.8412593007087708,0.15874069929122925,0.39091254623483657,3.4657359027997265
box_lam1e2,箱+λ,43,2,32,8,256,100.0,0.43353310227394104,0.6378948092460632,0.5680006742477417,0.6314728856086731,0.03695877268910408,0.026698224246501923,0.018047289922833443,0.09610533714294434,0.0780580472201109,0,0,0,0,0.0,0.0,8,23.48767852783203,47.14121222496033,0.8614580631256104,0.13854193687438965,0.38874740834353844,3.4657359027997265
box_lam1e3,箱+λ,43,2,32,8,256,1000.0,0.4348747730255127,0.6568726301193237,0.5834267735481262,0.6448421478271484,0.003938032314181328,0.002962683793157339,0.001862221397459507,0.010551262646913528,0.008689041249454021,0,0,0,0,0.0,0.0,8,24.96600341796875,471.41212224960327,0.8719156980514526,0.12808430194854736,0.38759560632445905,3.4657359027997265
nobox_lam1em3,无箱互校,43,2,32,8,256,0.001,0.45115023851394653,0.20253723859786987,0.4044102430343628,0.18921491503715515,0.8776026964187622,0.4765384793281555,0.2578675448894501,1.6824934482574463,1.4246259033679962,0,0,0,0,0.0,0.0,8,3.19694185256958,0.0004714121222496033,0.849224328994751,0.15077567100524902,0.3709674111536092,3.4657359027997265
nobox_lam1em1,无箱互校,43,2,32,8,256,0.1,0.43334925174713135,0.20978805422782898,0.39995118975639343,0.17308492958545685,0.8798274397850037,0.2708611786365509,0.6411845088005066,1.4339781999588013,0.7927936911582947,0,0,0,0,0.0,0.0,8,3.4458818435668945,0.04714121222496033,0.8769698143005371,0.12303018569946289,0.37637787907207515,3.4657359027997265
scalar,参照,43,2,32,8,256,0.001,0.43504798412323,0.20923125743865967,0.40183964371681213,0.2014099657535553,1.1238394975662231,0.0,1.1238394975662231,1.1238394975662231,0.0,0,0,0,0,0.0,0.0,8,0.0974026620388031,0.0,0.8731949925422668,0.12680500745773315,0.38745347309965317,3.4657359027997265
nobeta,参照,43,2,32,8,256,0.001,0.4350482225418091,0.6590822339057922,0.5846866369247437,0.6463955640792847,0.0,0.0,0.0,0.0,0.0,0,0,0,0,0.0,0.0,8,3.19694185256958,0.0004714121222496033,0.8731948733329773,0.1268051266670227,0.38745347309965317,3.4657359027997265
box_lam1em3,箱+λ,43,2,32,16,256,0.001,0.4057861268520355,0.20088043808937073,0.36064109206199646,0.11557213217020035,0.38273733854293823,1.2965518236160278,-3.0,1.922969937324524,4.922969937324524,1,0,1,0,0.0625,0.0,16,1.1557766199111938,0.00025536733865737915,0.7582148909568787,0.24178510904312134,0.24750957871314772,2.772588722239781
box_lam3em3,箱+λ,43,2,32,16,256,0.003,0.40034011006355286,0.20254148542881012,0.35659846663475037,0.11584392189979553,0.4074733853340149,1.2478736639022827,-3.0,1.8779816627502441,4.877981662750244,1,0,1,0,0.0625,0.0,16,1.1598745584487915,0.0007661020159721375,0.7674459218978882,0.23255407810211182,0.24425496215062764,2.772588722239781
box_lam1em2,箱+λ,43,2,32,16,256,0.01,0.384315550327301,0.19150984287261963,0.34058964252471924,0.11485603451728821,0.5512272715568542,0.8497949838638306,-1.2110241651535034,1.7454887628555298,2.956512928009033,0,0,0,0,0.0,0.0,16,1.1897952556610107,0.0025536733865737914,0.7944638729095459,0.2055361270904541,0.2398160831383272,2.772588722239781
box_lam3em2,箱+λ,43,2,32,16,256,0.03,0.37262576818466187,0.14558064937591553,0.3299520015716553,0.10534921288490295,0.6223822832107544,0.5710874199867249,-0.27867618203163147,1.5015949010849,1.7802710831165314,0,0,0,0,0.0,0.0,16,1.2950273752212524,0.007661020159721374,0.8172191381454468,0.18278086185455322,0.23555431040901473,2.772588722239781
box_lam1em1,箱+λ,43,2,32,16,256,0.1,0.37656110525131226,0.11379198729991913,0.3281036913394928,0.10155877470970154,0.6143710017204285,0.3538569509983063,0.08062523603439331,1.2026673555374146,1.1220421195030212,0,0,0,0,0.0,0.0,16,1.567959189414978,0.025536733865737918,0.8135803937911987,0.18641960620880127,0.23827789673518693,2.772588722239781
box_lam3em1,箱+λ,43,2,32,16,256,0.3,0.37470439076423645,0.1371505707502365,0.3260217010974884,0.10319770872592926,0.5546875,0.23351728916168213,0.21485620737075806,1.0511194467544556,0.8362632393836975,0,0,0,0,0.0,0.0,16,2.007993698120117,0.07661020159721374,0.7899013161659241,0.21009868383407593,0.2437499240269384,2.772588722239781
box_lam1e0,箱+λ,43,2,32,16,256,1.0,0.38035914301872253,0.17796526849269867,0.3340931236743927,0.15566155314445496,0.4453893005847931,0.1800348311662674,0.10886242985725403,0.7994986176490784,0.6906361877918243,0,0,0,0,0.0,0.0,16,2.8751401901245117,0.25536733865737915,0.7515944242477417,0.2484055757522583,0.25187929256086866,2.772588722239781
box_lam3e0,箱+λ,43,2,32,16,256,3.0,0.3775104284286499,0.24316567182540894,0.35713669657707214,0.24362371861934662,0.3226131498813629,0.15712565183639526,0.09512682259082794,0.6349444389343262,0.5398176163434982,0,0,0,0,0.0,0.0,16,4.374792575836182,0.7661020159721375,0.7254664301872253,0.27453356981277466,0.25850891110123353,2.772588722239781
box_lam1e1,箱+λ,43,2,32,16,256,10.0,0.37652480602264404,0.3407977223396301,0.38814789056777954,0.3423987030982971,0.18939441442489624,0.12071306258440018,0.07427637279033661,0.5137500166893005,0.43947364389896393,0,0,0,0,0.0,0.0,16,7.4185943603515625,2.5536733865737915,0.7318029999732971,0.2681970000267029,0.26031009150646034,2.772588722239781
box_lam3e1,箱+λ,43,2,32,16,256,30.0,0.3798387050628662,0.4286589026451111,0.42281925678253174,0.4221091568470001,0.09337472170591354,0.07139448076486588,0.04032229632139206,0.30623161792755127,0.2659093216061592,0,0,0,0,0.0,0.0,16,11.103082656860352,7.6610201597213745,0.7623649835586548,0.23763501644134521,0.257587387995349,2.772588722239781
box_lam1e2,箱+λ,43,2,32,16,256,100.0,0.37870192527770996,0.4824274480342865,0.44776028394699097,0.47299516201019287,0.034422460943460464,0.029277339577674866,0.014330684207379818,0.12568345665931702,0.1113527724519372,0,0,0,0,0.0,0.0,16,13.995925903320312,25.536733865737915,0.7907562255859375,0.2092437744140625,0.25451651580598644,2.772588722239781
box_lam1e3,箱+λ,43,2,32,16,256,1000.0,0.37794050574302673,0.5088480114936829,0.4629630446434021,0.4982256293296814,0.003797914134338498,0.0034126106183975935,0.0015309053706005216,0.014647802338004112,0.01311689696740359,0,0,0,0,0.0,0.0,16,15.646794319152832,255.36733865737915,0.8078497648239136,0.19215023517608643,0.25260038269350205,2.772588722239781
nobox_lam1em3,无箱互校,43,2,32,16,256,0.001,0.40586698055267334,0.20300745964050293,0.36037692427635193,0.11553966253995895,-0.29190343618392944,3.7243590354919434,-13.815510749816895,1.9230966567993164,15.738607406616211,1,1,1,0,0.0625,0.0625,16,1.155360460281372,0.00025536733865737915,0.7550723552703857,0.24492764472961426,0.24754787930502087,2.772588722239781
nobox_lam1em1,无箱互校,43,2,32,16,256,0.1,0.37656134366989136,0.11379207670688629,0.3281039595603943,0.10155858099460602,0.6143709421157837,0.35385704040527344,0.0806247889995575,1.2026679515838623,1.1220431625843048,0,0,0,0,0.0,0.0,16,1.567958950996399,0.025536733865737918,0.8135803937911987,0.18641960620880127,0.23827787975797424,2.772588722239781
scalar,参照,43,2,32,16,256,0.001,0.37784332036972046,0.153953418135643,0.3337036371231079,0.13369575142860413,0.7863153219223022,6.155941179031288e-08,0.7863152623176575,0.7863152623176575,0.0,0,0,0,0,0.0,0.0,16,0.05155618116259575,0.0,0.8100622296333313,0.1899377703666687,0.2523504950996274,2.772588722239781
nobeta,参照,43,2,32,16,256,0.001,0.37784332036972046,0.5129514932632446,0.4628710448741913,0.50128573179245,0.0,0.0,0.0,0.0,0.0,0,0,0,0,0.0,0.0,16,1.155360460281372,0.00025536733865737915,0.8100622296333313,0.1899377703666687,0.25235047812241473,2.772588722239781
box_lam1em3,箱+λ,43,2,32,32,256,0.001,0.33581995964050293,0.10684795677661896,0.30593106150627136,0.03882768005132675,0.3131008744239807,1.118312120437622,-3.0,1.8457674980163574,4.845767498016357,1,0,1,0,0.03125,0.0,32,0.12217000871896744,0.00013480618596076966,0.7865204215049744,0.21347957849502563,0.09891050604927239,2.0794415416798357
box_lam3em3,箱+λ,43,2,32,32,256,0.003,0.33164238929748535,0.11068908870220184,0.2936372458934784,0.04108605906367302,0.35026389360427856,1.0461525917053223,-3.0,1.8036587238311768,4.803658723831177,1,0,1,0,0.03125,0.0,32,0.1302127093076706,0.00040441855788230896,0.7995356917381287,0.20046430826187134,0.0936103560589943,2.0794415416798357
box_lam1em2,箱+λ,43,2,32,32,256,0.01,0.31782910227775574,0.09732093662023544,0.2799784541130066,0.05130626633763313,0.4078787863254547,0.9177871942520142,-3.0,1.6708474159240723,4.670847415924072,1,0,1,0,0.03125,0.0,32,0.1614477038383484,0.0013480618596076967,0.8249699473381042,0.17503005266189575,0.0831070723604679,2.0794415416798357
box_lam3em2,箱+λ,43,2,32,32,256,0.03,0.2930784821510315,0.08906034380197525,0.2701702117919922,0.053992755711078644,0.4290393888950348,0.7911961078643799,-3.0,1.3891831636428833,4.389183163642883,1,0,1,0,0.03125,0.0,32,0.2472231537103653,0.00404418557882309,0.835411787033081,0.16458821296691895,0.075809043978508,2.0794415416798357
box_lam1em1,箱+λ,43,2,32,32,256,0.1,0.28986668586730957,0.09155784547328949,0.2586365044116974,0.0520232729613781,0.44274601340293884,0.38446030020713806,-0.9016006588935852,0.9255354404449463,1.8271360993385315,0,0,0,0,0.0,0.0,32,0.4466392993927002,0.013480618596076965,0.8114758133888245,0.18852418661117554,0.07631966760517875,2.0794415416798357
box_lam3em1,箱+λ,43,2,32,32,256,0.3,0.29899924993515015,0.09560752660036087,0.2546233534812927,0.058820780366659164,0.3816552758216858,0.1819266527891159,-0.03568687289953232,0.7670323848724365,0.8027192577719688,0,0,0,0,0.0,0.0,32,0.7215531468391418,0.040441855788230896,0.7686632871627808,0.23133671283721924,0.08159992030216104,2.0794415416798357
box_lam1e0,箱+λ,43,2,32,32,256,1.0,0.2869897484779358,0.08957858383655548,0.2604338526725769,0.08153823018074036,0.28670835494995117,0.11459677666425705,0.0732959732413292,0.6673031449317932,0.594007171690464,0,0,0,0,0.0,0.0,32,1.102494716644287,0.13480618596076965,0.7195567488670349,0.2804432511329651,0.09040125540374905,2.0794415416798357
box_lam3e0,箱+λ,43,2,32,32,256,3.0,0.28987905383110046,0.1222720667719841,0.2653054893016815,0.12862242758274078,0.20393025875091553,0.10386226326227188,0.05551459267735481,0.4882800579071045,0.4327654652297497,0,0,0,0,0.0,0.0,32,1.6255295276641846,0.40441855788230896,0.6889589428901672,0.31104105710983276,0.09693210052056865,2.0794415416798357
box_lam1e1,箱+λ,43,2,32,32,256,10.0,0.2927408516407013,0.1819145530462265,0.27562662959098816,0.19516293704509735,0.12460561096668243,0.08634878695011139,0.04487352818250656,0.4059149920940399,0.36104146391153336,0,0,0,0,0.0,0.0,32,2.6286442279815674,1.3480618596076965,0.6827273368835449,0.3172726631164551,0.09900251405355281,2.0794415416798357
box_lam3e1,箱+λ,43,2,32,32,256,30.0,0.2920841872692108,0.25112783908843994,0.29023563861846924,0.25992444157600403,0.06694135069847107,0.0573594868183136,0.018399981781840324,0.29183340072631836,0.27343341894447803,0,0,0,0,0.0,0.0,32,4.131325721740723,4.04418557882309,0.7029063105583191,0.2970936894416809,0.09590002180551835,2.0794415416798357
box_lam1e2,箱+λ,43,2,32,32,256,100.0,0.29059404134750366,0.2992875874042511,0.29698193073272705,0.31286510825157166,0.026849135756492615,0.02630692534148693,0.006294307764619589,0.13873369991779327,0.13243939215317369,0,0,0,0,0.0,0.0,32,5.807007312774658,13.480618596076965,0.7303951382637024,0.2696048617362976,0.09141605131626084,2.0794415416798357
box_lam1e3,箱+λ,43,2,32,32,256,1000.0,0.28939807415008545,0.3268371522426605,0.302286833524704,0.3410308361053467,0.0031315216328948736,0.003310039872303605,0.0006754500791430473,0.01774623990058899,0.017070789821445942,0,0,0,0,0.0,0.0,32,7.064294815063477,134.80618596076965,0.7510160207748413,0.2489839792251587,0.08809325426749848,2.0794415416798357
nobox_lam1em3,无箱互校,43,2,32,32,256,0.001,0.3371232748031616,0.1065022423863411,0.30397829413414,0.03934260085225105,-0.025199688971042633,2.686577081680298,-13.815510749816895,1.844031810760498,15.659542560577393,1,1,1,0,0.03125,0.03125,32,0.12206874042749405,0.00013480618596076966,0.7844306230545044,0.2155693769454956,0.09905099248444546,2.0794415416798357
nobox_lam1em1,无箱互校,43,2,32,32,256,0.1,0.28986668586730957,0.09155784547328949,0.25863632559776306,0.05202336981892586,0.4427458345890045,0.38446077704429626,-0.901604413986206,0.9255354404449463,1.8271398544311523,0,0,0,0,0.0,0.0,32,0.44663912057876587,0.013480618596076965,0.8114754557609558,0.1885245442390442,0.07631974400263594,2.0794415416798357
scalar,参照,43,2,32,32,256,0.001,0.2892248034477234,0.12336943298578262,0.26078954339027405,0.0931345522403717,0.4777772128582001,3.027918893394599e-08,0.4777771830558777,0.4777771830558777,0.0,0,0,0,0,0.0,0.0,32,0.021506614983081818,0.0,0.7539377808570862,0.24606221914291382,0.08762685627993659,2.0794415416798357
nobeta,参照,43,2,32,32,256,0.001,0.2892250418663025,0.331881046295166,0.30287787318229675,0.34413453936576843,0.0,0.0,0.0,0.0,0.0,0,0,0,0,0.0,0.0,32,0.12206874042749405,0.00013480618596076966,0.7539376020431519,0.24606239795684814,0.08762683930272389,2.0794415416798357
box_lam1em3,箱+λ,43,2,32,64,256,0.001,0.29951027035713196,0.047992851585149765,0.2592450976371765,0.011938939802348614,0.09437583386898041,0.8270998597145081,-3.0,1.0077695846557617,4.007769584655762,3,0,3,0,0.046875,0.0,32,0.010379716753959656,6.908218562602997e-05,0.6554288268089294,0.34457117319107056,0.04923738020962897,1.3862943611198906
box_lam3em3,箱+λ,43,2,32,64,256,0.003,0.2984839081764221,0.048018038272857666,0.25812971591949463,0.011960084550082684,0.10414975136518478,0.8136537075042725,-3.0,0.9888394474983215,3.9888394474983215,3,0,3,0,0.046875,0.0,32,0.01086572278290987,0.0002072465568780899,0.658294141292572,0.341705858707428,0.04893847940266134,1.3862943611198906
box_lam1em2,箱+λ,43,2,32,64,256,0.01,0.294891357421875,0.047961555421352386,0.25536060333251953,0.012369471602141857,0.1328074187040329,0.7589567303657532,-3.0,0.927726686000824,3.927726686000824,2,0,2,0,0.03125,0.0,32,0.012883697636425495,0.0006908218562602997,0.6661791801452637,0.33382081985473633,0.04811466015592138,1.3862943611198906
box_lam3em2,箱+λ,43,2,32,64,256,0.03,0.2828857898712158,0.040225714445114136,0.247353658080101,0.01929529197514057,0.23548629879951477,0.38946589827537537,-1.3151979446411133,0.7861006259918213,2.1012985706329346,0,0,0,0,0.0,0.0,32,0.022599317133426666,0.002072465568780899,0.6942490935325623,0.30575090646743774,0.045419056520597995,1.3862943611198906
box_lam1em1,箱+λ,43,2,32,64,256,0.1,0.2677125632762909,0.0351903960108757,0.22379069030284882,0.023891465738415718,0.24970652163028717,0.20433957874774933,-0.44019532203674316,0.6036268472671509,1.043822169303894,0,0,0,0,0.0,0.0,32,0.055027805268764496,0.006908218562602997,0.6999499797821045,0.3000500202178955,0.043077181600688325,1.3862943611198906
box_lam3em1,箱+λ,43,2,32,64,256,0.3,0.2574308514595032,0.03631575405597687,0.22148461639881134,0.02555149234831333,0.20746396481990814,0.11766552925109863,-0.12961436808109283,0.44720470905303955,0.5768190771341324,0,0,0,0,0.0,0.0,32,0.11513644456863403,0.02072465568780899,0.67576664686203,0.32423335313796997,0.04461957835258061,1.3862943611198906
box_lam1e0,箱+λ,43,2,32,64,256,1.0,0.25507956743240356,0.031300924718379974,0.22207751870155334,0.0359908863902092,0.1492728888988495,0.0738622173666954,0.030594663694500923,0.39135947823524475,0.36076481454074383,0,0,0,0,0.0,0.0,32,0.21500134468078613,0.06908218562602997,0.6430421471595764,0.3569578528404236,0.047934986069511056,1.3862943611198906
box_lam3e0,箱+λ,43,2,32,64,256,3.0,0.25779637694358826,0.044220004230737686,0.22243289649486542,0.04548713192343712,0.10306894779205322,0.06347483396530151,0.029911132529377937,0.33582282066345215,0.3059116881340742,0,0,0,0,0.0,0.0,32,0.3447257876396179,0.2072465568780899,0.6208723783493042,0.3791276216506958,0.050605348833838236,1.3862943611198906
box_lam1e1,箱+λ,43,2,32,64,256,10.0,0.26080548763275146,0.08394882827997208,0.22095224261283875,0.07342494279146194,0.06354241073131561,0.05290151387453079,0.015421433374285698,0.25193145871162415,0.23651002533733845,0,0,0,0,0.0,0.0,32,0.5779922604560852,0.6908218562602997,0.6114900708198547,0.38850992918014526,0.05190767506510531,1.3862943611198906
box_lam3e1,箱+λ,43,2,32,64,256,30.0,0.2597472071647644,0.12070886045694351,0.22361043095588684,0.11044170707464218,0.03645625710487366,0.038131747394800186,0.0073498329147696495,0.22033379971981049,0.21298396680504084,0,0,0,0,0.0,0.0,32,0.9476744532585144,2.072465568780899,0.6193265318870544,0.38067346811294556,0.05099736540821559,1.3862943611198906
box_lam1e2,箱+λ,43,2,32,64,256,100.0,0.2577264606952667,0.1571284830570221,0.23049116134643555,0.15496429800987244,0.016188375651836395,0.01986028626561165,0.002921600826084614,0.12717445194721222,0.1242528511211276,0,0,0,0,0.0,0.0,32,1.514062523841858,6.908218562602997,0.6376245021820068,0.36237549781799316,0.04875694206715613,1.3862943611198906
box_lam1e3,箱+λ,43,2,32,64,256,1000.0,0.2542916536331177,0.1848084181547165,0.23438510298728943,0.1849607676267624,0.002067810157313943,0.002802993403747678,0.00035041390219703317,0.01886146515607834,0.018511051253881305,0,0,0,0,0.0,0.0,32,2.1393821239471436,69.08218562602997,0.6564639806747437,0.34353601932525635,0.04655852883894692,1.3862943611198906
nobox_lam1em3,无箱互校,43,2,32,64,256,0.001,0.3010508418083191,0.04929058998823166,0.2600794732570648,0.011066434904932976,-0.4181816875934601,3.0304312705993652,-13.815510749816895,1.0101505517959595,14.825661301612854,3,3,3,0,0.046875,0.046875,32,0.01028303150087595,6.908218562602997e-05,0.6475070118904114,0.3524929881095886,0.049567383270280825,1.3862943611198906
nobox_lam1em1,无箱互校,43,2,32,64,256,0.1,0.26771292090415955,0.03518863022327423,0.2237936407327652,0.023891465738415718,0.2496757209300995,0.20438717305660248,-0.4406452775001526,0.6036449670791626,1.0442902445793152,0,0,0,0,0.0,0.0,32,0.055028077214956284,0.006908218562602997,0.6999334692955017,0.3000665307044983,0.04307923159912303,1.3862943611198906
scalar,参照,43,2,32,64,256,0.001,0.2537042200565338,0.04911626875400543,0.21911363303661346,0.04819721356034279,0.2382645457983017,0.0,0.2382645457983017,0.2382645457983017,0.0,0,0,0,0,0.0,0.0,32,0.004848555661737919,0.0,0.6595683693885803,0.3404316306114197,0.046210411092333765,1.3862943611198906
nobeta,参照,43,2,32,64,256,0.001,0.25370439887046814,0.1881217360496521,0.23530170321464539,0.18796902894973755,0.0,0.0,0.0,0.0,0.0,0,0,0,0,0.0,0.0,32,0.01028303150087595,6.908218562602997e-05,0.6595683693885803,0.3404316306114197,0.04621040684803059,1.3862943611198906
box_lam1em3,箱+λ,44,0,8,8,256,0.001,0.7206537127494812,0.38887232542037964,0.6329736709594727,0.2995659410953522,0.16840095818042755,1.998442530632019,-3.0,1.740321159362793,4.740321159362793,2,0,2,0,0.25,0.0,8,1.7434043884277344,0.0003475718498229981,0.6731582283973694,0.3268417716026306,0.25754924463370454,3.4657359027997265
box_lam3em3,箱+λ,44,0,8,8,256,0.003,0.7409495711326599,0.3869248926639557,0.6412236094474792,0.2875846326351166,0.39809364080429077,1.6368072032928467,-3.0,1.6475582122802734,4.647558212280273,1,0,1,0,0.125,0.0,8,1.7501955032348633,0.0010427155494689942,0.7006518840789795,0.2993481159210205,0.25593301675742175,3.4657359027997265
box_lam1em2,箱+λ,44,0,8,8,256,0.01,1.000937581062317,0.3189678192138672,0.8849727511405945,0.28666436672210693,0.5676171183586121,1.4746073484420776,-3.0,1.5279505252838135,4.5279505252838135,1,0,1,0,0.125,0.0,8,1.7834711074829102,0.0034757184982299807,0.7778241634368896,0.22217583656311035,0.2258898837773478,3.4657359027997265
box_lam3em2,箱+λ,44,0,8,8,256,0.03,1.1195930242538452,0.2804020941257477,0.9472974538803101,0.2627823054790497,0.5561317205429077,1.4526569843292236,-3.0,1.4772039651870728,4.477203965187073,1,0,1,0,0.125,0.0,8,1.8208998441696167,0.01042715549468994,0.7773571610450745,0.22264283895492554,0.21686125040100804,3.4657359027997265
box_lam1em1,箱+λ,44,0,8,8,256,0.1,1.1219826936721802,0.2791431248188019,0.8604220747947693,0.26549971103668213,0.797294020652771,0.5938388109207153,-0.58807772397995,1.3533101081848145,1.9413878321647644,0,0,0,0,0.0,0.0,8,1.969045639038086,0.03475718498229981,0.7890802025794983,0.2109197974205017,0.19959228765431206,3.4657359027997265
box_lam3em1,箱+λ,44,0,8,8,256,0.3,1.0962551832199097,0.3093497157096863,0.8577990531921387,0.3082571029663086,0.7783596515655518,0.36224475502967834,0.01745927333831787,1.1458778381347656,1.1284185647964478,0,0,0,0,0.0,0.0,8,2.444561243057251,0.10427155494689941,0.7808971405029297,0.2191028594970703,0.1773420035497703,3.4657359027997265
box_lam1e0,箱+λ,44,0,8,8,256,1.0,1.0803745985031128,0.3871864378452301,0.8714674115180969,0.34750086069107056,0.650143027305603,0.2607700824737549,0.20893916487693787,1.0031787157058716,0.7942395508289337,0,0,0,0,0.0,0.0,8,3.926179885864258,0.34757184982299805,0.759803056716919,0.24019694328308105,0.17410441961203793,3.4657359027997265
box_lam3e0,箱+λ,44,0,8,8,256,3.0,1.0303261280059814,0.4897967576980591,0.9013305902481079,0.46655386686325073,0.4736177921295166,0.2072356790304184,0.22898630797863007,0.7797596454620361,0.5507733374834061,0,0,0,0,0.0,0.0,8,7.052295207977295,1.0427155494689941,0.7547894716262817,0.24521052837371826,0.17421892333686123,3.4657359027997265
box_lam1e1,箱+λ,44,0,8,8,256,10.0,1.0576280355453491,0.6033843159675598,0.9123145937919617,0.5828783512115479,0.26264193654060364,0.13985221087932587,0.11540365219116211,0.5319086909294128,0.41650503873825073,0,0,0,0,0.0,0.0,8,12.661977767944336,3.4757184982299805,0.7770404815673828,0.2229595184326172,0.1676613801255699,3.4657359027997265
box_lam3e1,箱+λ,44,0,8,8,256,30.0,1.0822452306747437,0.6710304617881775,0.9237713813781738,0.6553610563278198,0.1196713000535965,0.07364832609891891,0.046808261424303055,0.27399614453315735,0.2271878831088543,0,0,0,0,0.0,0.0,8,17.40288543701172,10.427155494689941,0.8070731163024902,0.19292688369750977,0.1587640097538906,3.4657359027997265
box_lam1e2,箱+λ,44,0,8,8,256,100.0,1.0930670499801636,0.6986932754516602,0.9493964910507202,0.6891651153564453,0.041625846177339554,0.027792425826191902,0.015289484523236752,0.1017775908112526,0.08648810628801584,0,0,0,0,0.0,0.0,8,20.156923294067383,34.757184982299805,0.8278429508209229,0.17215704917907715,0.1526599247713376,3.4657359027997265
box_lam1e3,箱+λ,44,0,8,8,256,1000.0,1.0988047122955322,0.7104451060295105,0.9666706323623657,0.7062562108039856,0.004447156097739935,0.0030890973284840584,0.0015851801726967096,0.011221629567444324,0.009636449394747615,0,0,0,0,0.0,0.0,8,21.48013687133789,347.57184982299805,0.8386290073394775,0.16137099266052246,0.1494976108526345,3.4657359027997265
nobox_lam1em3,无箱互校,44,0,8,8,256,0.001,0.7206398248672485,0.38839229941368103,0.6333932876586914,0.2975309193134308,-2.533419609069824,6.975508213043213,-13.815510749816895,1.7381093502044678,15.553620100021362,2,2,2,0,0.25,0.25,8,1.7414079904556274,0.0003475718498229981,0.6604346036911011,0.3395653963088989,0.25754057923647994,3.4657359027997265
nobox_lam1em1,无箱互校,44,0,8,8,256,0.1,1.1219831705093384,0.27914321422576904,0.8604226112365723,0.2654998004436493,0.7972936630249023,0.5938396453857422,-0.5880802273750305,1.3533101081848145,1.941390335559845,0,0,0,0,0.0,0.0,8,1.969045639038086,0.03475718498229981,0.7890800833702087,0.21091991662979126,0.19959224131528946,3.4657359027997265
scalar,参照,44,0,8,8,256,0.001,1.099513053894043,0.2472812980413437,1.0391361713409424,0.2189209908246994,1.1560555696487427,1.2744008870413381e-07,1.1560556888580322,1.1560556888580322,0.0,0,0,0,0,0.0,0.0,8,0.1742577850818634,0.0,0.8399513363838196,0.16004866361618042,0.14910947519940915,3.4657359027997265
nobeta,参照,44,0,8,8,256,0.001,1.0994952917099,0.712303876876831,0.9687375426292419,0.7082454562187195,0.0,0.0,0.0,0.0,0.0,0,0,0,0,0.0,0.0,8,1.7414079904556274,0.0003475718498229981,0.8399513363838196,0.16004866361618042,0.14911126697494934,3.4657359027997265
box_lam1em3,箱+λ,44,0,8,16,256,0.001,0.602249026298523,0.20138472318649292,0.5021259784698486,0.10664773732423782,0.3434981405735016,1.2868523597717285,-3.0,1.8687326908111572,4.868732690811157,1,0,1,0,0.0625,0.0,8,0.001359646557830274,0.00018681561946868897,0.668233335018158,0.33176666498184204,0.024751459880007647,2.772588722239781
box_lam3em3,箱+λ,44,0,8,16,256,0.003,0.6099867820739746,0.1868613362312317,0.5073971748352051,0.10118050873279572,0.4135647118091583,1.158102035522461,-3.0,1.7992022037506104,4.79920220375061,1,0,1,0,0.0625,0.0,8,0.0040017301216721535,0.0005604468584060669,0.6822253465652466,0.3177746534347534,0.024601462394671977,2.772588722239781
box_lam1em2,箱+λ,44,0,8,16,256,0.01,0.6292522549629211,0.1932717114686966,0.5056965947151184,0.09227080643177032,0.46926388144493103,1.0680673122406006,-3.0,1.6061339378356934,4.606133937835693,1,0,1,0,0.0625,0.0,8,0.01685553789138794,0.0018681561946868896,0.7009780406951904,0.29902195930480957,0.024166672999660157,2.772588722239781
box_lam3em2,箱+λ,44,0,8,16,256,0.03,0.6141480803489685,0.1728457659482956,0.5090861916542053,0.06650175899267197,0.6200140118598938,0.552881121635437,-0.7917695641517639,1.3091427087783813,2.1009122729301453,0,0,0,0,0.0,0.0,8,0.053447872400283813,0.005604468584060668,0.7324621081352234,0.2675378918647766,0.023078661711103825,2.772588722239781
box_lam1em1,箱+λ,44,0,8,16,256,0.1,0.5962738990783691,0.2207968831062317,0.5058160424232483,0.070824533700943,0.6283769607543945,0.3662062883377075,-0.17346875369548798,1.1212579011917114,1.2947266548871994,0,0,0,0,0.0,0.0,8,0.15060916543006897,0.0186815619468689,0.738884449005127,0.26111555099487305,0.022295184686640174,2.772588722239781
box_lam3em1,箱+λ,44,0,8,16,256,0.3,0.5921915173530579,0.2460605949163437,0.5096202492713928,0.11758249998092651,0.5752285718917847,0.2718717157840729,0.03568641468882561,1.1042207479476929,1.0685343332588673,0,0,0,0,0.0,0.0,8,0.3741915822029114,0.056044685840606685,0.7233731150627136,0.2766268849372864,0.023411941615544024,2.772588722239781
box_lam1e0,箱+λ,44,0,8,16,256,1.0,0.5901808142662048,0.298501193523407,0.5117607712745667,0.16303913295269012,0.47261717915534973,0.2266061007976532,0.15033699572086334,1.0167667865753174,0.866429790854454,0,0,0,0,0.0,0.0,8,0.9912828207015991,0.18681561946868896,0.6994248032569885,0.3005751967430115,0.026088267311649673,2.772588722239781
box_lam3e0,箱+λ,44,0,8,16,256,3.0,0.5943169593811035,0.35245221853256226,0.5356616377830505,0.25528547167778015,0.35412833094596863,0.19769269227981567,0.18052677810192108,0.8202105760574341,0.639683797955513,0,0,0,0,0.0,0.0,8,2.440247058868408,0.5604468584060669,0.6907997727394104,0.3092002272605896,0.027212840089030597,2.772588722239781
box_lam1e1,箱+λ,44,0,8,16,256,10.0,0.5912925601005554,0.4585753083229065,0.556365966796875,0.3905268609523773,0.21431013941764832,0.14501571655273438,0.09374190866947174,0.5620393753051758,0.46829746663570404,0,0,0,0,0.0,0.0,8,5.693123817443848,1.8681561946868896,0.7108168005943298,0.28918319940567017,0.024742879437657808,2.772588722239781
box_lam3e1,箱+λ,44,0,8,16,256,30.0,0.5873765349388123,0.5339154005050659,0.5617735981941223,0.48546329140663147,0.10746122896671295,0.08415494114160538,0.040710486471652985,0.3417642116546631,0.3010537251830101,0,0,0,0,0.0,0.0,8,9.50490665435791,5.604468584060669,0.7474915385246277,0.2525084614753723,0.020697469249882635,2.772588722239781
box_lam1e2,箱+λ,44,0,8,16,256,100.0,0.5842117667198181,0.5900435447692871,0.5943036675453186,0.5462431907653809,0.04001962020993233,0.03446833789348602,0.013964563608169556,0.14255394041538239,0.12858937680721283,0,0,0,0,0.0,0.0,8,12.443584442138672,18.681561946868896,0.7791473269462585,0.22085267305374146,0.017766875544440296,2.772588722239781
box_lam1e3,箱+λ,44,0,8,16,256,1000.0,0.5825625061988831,0.6113144755363464,0.6002190113067627,0.5665658712387085,0.0044404189102351665,0.004029575269669294,0.0014851979212835431,0.016786392778158188,0.015301194856874645,0,0,0,0,0.0,0.0,8,14.112624168395996,186.81561946868896,0.7980557084083557,0.2019442915916443,0.01624276964506915,2.772588722239781
nobox_lam1em3,无箱互校,44,0,8,16,256,0.001,0.6004219055175781,0.2020927518606186,0.5020274519920349,0.1102420911192894,-0.3441731929779053,3.7198386192321777,-13.815510749816895,1.8661550283432007,15.681665778160095,1,1,1,0,0.0625,0.0625,8,0.001355561544187367,0.00018681561946868897,0.6618039011955261,0.3381960988044739,0.024774920940987134,2.772588722239781
nobox_lam1em1,无箱互校,44,0,8,16,256,0.1,0.5962741374969482,0.22079679369926453,0.5058152079582214,0.07082460820674896,0.6283770203590393,0.3662063479423523,-0.17346911132335663,1.1212576627731323,1.294726774096489,0,0,0,0,0.0,0.0,8,0.15060915052890778,0.0186815619468689,0.738884449005127,0.26111555099487305,0.022295182755847565,2.772588722239781
scalar,参照,44,0,8,16,256,0.001,0.5823625326156616,0.19032925367355347,0.5108843445777893,0.1371314525604248,0.7743089199066162,0.0,0.7743089199066162,0.7743089199066162,0.0,0,0,0,0,0.0,0.0,8,0.03163134306669235,0.0,0.8005042672157288,0.19949573278427124,0.016056927960362753,2.772588722239781
nobeta,参照,44,0,8,16,256,0.001,0.5823624730110168,0.6147235035896301,0.600139319896698,0.5686424374580383,0.0,0.0,0.0,0.0,0.0,0,0,0,0,0.0,0.0,8,0.001355561544187367,0.00018681561946868897,0.8005042672157288,0.19949573278427124,0.016056921202588625,2.772588722239781
box_lam1em3,箱+λ,44,0,8,32,256,0.001,0.5632051825523376,0.1598806381225586,0.5002529621124268,0.0893644243478775,0.046164415776729584,0.941199004650116,-2.8444576263427734,1.22457754611969,4.069035172462463,0,0,0,0,0.0,0.0,8,1.4660696251667105e-05,0.00010083310306072235,0.5735199451446533,0.4264800548553467,0.02546441084287983,2.0794415416798357
box_lam3em3,箱+λ,44,0,8,32,256,0.003,0.5565729737281799,0.15122680366039276,0.4963282644748688,0.08679495006799698,0.14064577221870422,0.7548550963401794,-2.3020079135894775,1.1918359994888306,3.493843913078308,0,0,0,0,0.0,0.0,8,0.0001114914266509004,0.0003024993091821671,0.5985774993896484,0.40142250061035156,0.0243899846111132,2.0794415416798357
box_lam1em2,箱+λ,44,0,8,32,256,0.01,0.5480207800865173,0.11586678773164749,0.4857100546360016,0.07549531012773514,0.27917546033859253,0.498810350894928,-1.2217910289764404,1.106146216392517,2.3279372453689575,0,0,0,0,0.0,0.0,8,0.001019862131215632,0.0010083310306072235,0.6573429107666016,0.34265708923339844,0.021937735120333358,2.0794415416798357
box_lam3em2,箱+λ,44,0,8,32,256,0.03,0.550834059715271,0.1109822541475296,0.47561314702033997,0.06723702698945999,0.3609986901283264,0.3290306031703949,-0.40701767802238464,0.9757183790206909,1.3827360570430756,0,0,0,0,0.0,0.0,8,0.006277430336922407,0.0030249930918216706,0.7105181217193604,0.28948187828063965,0.019974993687075313,2.0794415416798357
box_lam1em1,箱+λ,44,0,8,32,256,0.1,0.5580809712409973,0.11845772713422775,0.4725185036659241,0.06396713107824326,0.3555816113948822,0.24714645743370056,-0.11861720681190491,0.7717264294624329,0.8903436362743378,0,0,0,0,0.0,0.0,8,0.03055124543607235,0.010083310306072235,0.7135522365570068,0.28644776344299316,0.02005721842107849,2.0794415416798357
box_lam3em1,箱+λ,44,0,8,32,256,0.3,0.5586541891098022,0.1309819519519806,0.4733298420906067,0.07765483856201172,0.3214932382106781,0.18949781358242035,0.011056703515350819,0.725709080696106,0.7146523771807551,0,0,0,0,0.0,0.0,8,0.09250306338071823,0.030249930918216705,0.7006091475486755,0.29939085245132446,0.020679057211572996,2.0794415416798357
box_lam1e0,箱+λ,44,0,8,32,256,1.0,0.553257405757904,0.16531497240066528,0.4779272973537445,0.10090288519859314,0.2669528126716614,0.15014344453811646,0.05376487225294113,0.7076734900474548,0.6539086177945137,0,0,0,0,0.0,0.0,8,0.24746383726596832,0.10083310306072235,0.6820545792579651,0.3179454207420349,0.02155530882084979,2.0794415416798357
box_lam3e0,箱+λ,44,0,8,32,256,3.0,0.5467664003372192,0.20708942413330078,0.48204225301742554,0.14304271340370178,0.20777755975723267,0.12922625243663788,0.05067162588238716,0.6302325129508972,0.5795608870685101,0,0,0,0,0.0,0.0,8,0.582890510559082,0.30249930918216705,0.671770453453064,0.32822954654693604,0.022152232663531002,2.0794415416798357
box_lam1e1,箱+λ,44,0,8,32,256,10.0,0.5382468700408936,0.2650276720523834,0.4844617247581482,0.21229422092437744,0.13649511337280273,0.09976327419281006,0.03335318714380264,0.4471128582954407,0.41375967115163803,0,0,0,0,0.0,0.0,8,1.4912900924682617,1.0083310306072235,0.6807360649108887,0.31926393508911133,0.02175507055486338,2.0794415416798357
box_lam3e1,箱+λ,44,0,8,32,256,30.0,0.5325570106506348,0.320605993270874,0.49419429898262024,0.2852301597595215,0.07566982507705688,0.06393834203481674,0.020594218745827675,0.3124559819698334,0.2918617632240057,0,0,0,0,0.0,0.0,8,2.959235668182373,3.0249930918216705,0.7081767916679382,0.29182320833206177,0.020246204401546973,2.0794415416798357
box_lam1e2,箱+λ,44,0,8,32,256,100.0,0.5287185907363892,0.37056729197502136,0.49131590127944946,0.3361191749572754,0.03075314685702324,0.02902350015938282,0.008297021500766277,0.15014353394508362,0.14184651244431734,0,0,0,0,0.0,0.0,8,4.571833610534668,10.083310306072235,0.7390849590301514,0.26091504096984863,0.018646038788969914,2.0794415416798357
box_lam1e3,箱+λ,44,0,8,32,256,1000.0,0.5249188542366028,0.39361536502838135,0.49193650484085083,0.3643343448638916,0.003608203027397394,0.0036490526981651783,0.000929400441236794,0.01936132088303566,0.018431920441798866,0,0,0,0,0.0,0.0,8,5.769798755645752,100.83310306072235,0.7614215016365051,0.23857849836349487,0.017610214893814508,2.0794415416798357
nobox_lam1em3,无箱互校,44,0,8,32,256,0.001,0.564864456653595,0.15996357798576355,0.5014780163764954,0.0921269953250885,-0.04829612374305725,1.215838074684143,-4.625642776489258,1.2286567687988281,5.854299545288086,2,0,2,0,0.0625,0.0,8,1.4678141269541811e-05,0.00010083310306072235,0.5627543330192566,0.4372456669807434,0.025852158406790976,2.0794415416798357
nobox_lam1em1,无箱互校,44,0,8,32,256,0.1,0.5580809116363525,0.11845779418945312,0.4725189507007599,0.06396713107824326,0.3555811047554016,0.2471470981836319,-0.11862117052078247,0.771726667881012,0.8903478384017944,0,0,0,0,0.0,0.0,8,0.0305512435734272,0.010083310306072235,0.713551938533783,0.28644806146621704,0.020057251244552824,2.0794415416798357
scalar,参照,44,0,8,32,256,0.001,0.5243347883224487,0.10841989517211914,0.4679035544395447,0.07947152853012085,0.44039246439933777,0.0,0.44039246439933777,0.44039246439933777,0.0,0,0,0,0,0.0,0.0,8,0.009313604794442654,0.0,0.7645639777183533,0.23543602228164673,0.017473447199428678,2.0794415416798357
nobeta,参照,44,0,8,32,256,0.001,0.5243346095085144,0.3973095715045929,0.4925418794155121,0.3688623905181885,0.0,0.0,0.0,0.0,0.0,0,0,0,0,0.0,0.0,8,1.4678141269541811e-05,0.00010083310306072235,0.7645636200904846,0.23543637990951538,0.017473449130221284,2.0794415416798357
box_lam1em3,箱+λ,44,0,8,64,256,0.001,0.5524716973304749,0.1294664591550827,0.48643729090690613,0.07213716208934784,-0.4110450744628906,0.8006441593170166,-2.822871208190918,0.9952981472015381,3.818169355392456,0,0,0,0,0.0,0.0,8,1.0238912864224403e-06,5.182670056819916e-05,0.39426884055137634,0.6057311594486237,0.03137916809467275,1.3862943611198906
box_lam3em3,箱+λ,44,0,8,64,256,0.003,0.5464282035827637,0.12310528755187988,0.4826532304286957,0.06630271673202515,-0.3166455924510956,0.6784765720367432,-2.3772799968719482,0.9648300409317017,3.34211003780365,0,0,0,0,0.0,0.0,8,8.126855391310528e-06,0.00015548010170459748,0.41548222303390503,0.584517776966095,0.03083965637018964,1.3862943611198906
box_lam1em2,箱+λ,44,0,8,64,256,0.01,0.5315391421318054,0.10009070485830307,0.4683534502983093,0.054737646132707596,-0.12525758147239685,0.45218223333358765,-1.4556331634521484,0.8751699328422546,2.330803096294403,0,0,0,0,0.0,0.0,8,8.112065552268177e-05,0.0005182670056819915,0.4773623049259186,0.5226376950740814,0.029005667911201724,1.3862943611198906
box_lam3em2,箱+λ,44,0,8,64,256,0.03,0.5318254828453064,0.07008662074804306,0.4564754366874695,0.04585476592183113,0.0645095705986023,0.24140073359012604,-0.5550328493118286,0.716457724571228,1.2714905738830566,0,0,0,0,0.0,0.0,8,0.0005973224760964513,0.0015548010170459746,0.5746025443077087,0.42539745569229126,0.026025447043356634,1.3862943611198906
box_lam1em1,箱+λ,44,0,8,64,256,0.1,0.5239656567573547,0.06398136168718338,0.4540317952632904,0.04390288516879082,0.1382771134376526,0.13921834528446198,-0.1358451545238495,0.5433477163314819,0.6791928708553314,0,0,0,0,0.0,0.0,8,0.0038909735158085823,0.005182670056819916,0.6274862885475159,0.37251371145248413,0.0246146883240366,1.3862943611198906
box_lam3em1,箱+λ,44,0,8,64,256,0.3,0.5218552947044373,0.06258923560380936,0.45248115062713623,0.046012599021196365,0.12677454948425293,0.108213871717453,-0.03883735090494156,0.43166860938072205,0.4705059602856636,0,0,0,0,0.0,0.0,8,0.014009389095008373,0.015548010170459746,0.6236487627029419,0.3763512372970581,0.024784555596100925,1.3862943611198906
box_lam1e0,箱+λ,44,0,8,64,256,1.0,0.525263249874115,0.07884589582681656,0.4506693482398987,0.05273687466979027,0.10522118955850601,0.08316110819578171,0.010711908340454102,0.4126058518886566,0.4018939435482025,0,0,0,0,0.0,0.0,8,0.03969165310263634,0.05182670056819916,0.6155415177345276,0.3844584822654724,0.025112910048598183,1.3862943611198906
box_lam3e0,箱+λ,44,0,8,64,256,3.0,0.5255224704742432,0.09511029720306396,0.4490640461444855,0.06809587776660919,0.08326660841703415,0.0691024661064148,0.0218594241887331,0.360870361328125,0.3390109371393919,0,0,0,0,0.0,0.0,8,0.08838072419166565,0.15548010170459747,0.6101714968681335,0.38982850313186646,0.025419904142473426,1.3862943611198906
box_lam1e1,箱+λ,44,0,8,64,256,10.0,0.5255136489868164,0.11948615312576294,0.4501342475414276,0.09699946641921997,0.058382242918014526,0.0550597608089447,0.01234403345733881,0.26890745759010315,0.25656342413276434,0,0,0,0,0.0,0.0,8,0.21603015065193176,0.5182670056819916,0.6125627160072327,0.38743728399276733,0.02555591689694954,1.3862943611198906
box_lam3e1,箱+λ,44,0,8,64,256,30.0,0.5253379940986633,0.14004075527191162,0.4558849334716797,0.1331929862499237,0.03598768636584282,0.038618799299001694,0.006816703826189041,0.2215949147939682,0.21477821096777916,0,0,0,0,0.0,0.0,8,0.47758299112319946,1.5548010170459747,0.6257365942001343,0.3742634057998657,0.02518478573422262,1.3862943611198906
box_lam1e2,箱+λ,44,0,8,64,256,100.0,0.5227158069610596,0.1749654859304428,0.46257925033569336,0.16406962275505066,0.016529597342014313,0.01985742151737213,0.002734376350417733,0.1274605691432953,0.12472619279287755,0,0,0,0,0.0,0.0,8,0.904657244682312,5.182670056819916,0.6456728577613831,0.35432714223861694,0.024444180028826423,1.3862943611198906
box_lam1e3,箱+λ,44,0,8,64,256,1000.0,0.5207517147064209,0.19333435595035553,0.46855029463768005,0.18332885205745697,0.0021433650981634855,0.002792246174067259,0.00031871485407464206,0.018923580646514893,0.01860486579244025,0,0,0,0,0.0,0.0,8,1.3820143938064575,51.82670056819916,0.6645823121070862,0.3354176878929138,0.023745978390686547,1.3862943611198906
nobox_lam1em3,无箱互校,44,0,8,64,256,0.001,0.5554346442222595,0.13297894597053528,0.4885716140270233,0.0741991251707077,-0.5088912844657898,1.0064644813537598,-4.555828094482422,1.008175015449524,5.564003109931946,2,0,2,0,0.03125,0.0,8,1.0268704500049353e-06,5.182670056819916e-05,0.3805738091468811,0.6194261908531189,0.031722289249035786,1.3862943611198906
nobox_lam1em1,无箱互校,44,0,8,64,256,0.1,0.523983359336853,0.06400608271360397,0.45403438806533813,0.04390304163098335,0.13815748691558838,0.13932791352272034,-0.13626925647258759,0.5434889793395996,0.6797582358121872,0,0,0,0,0.0,0.0,8,0.0038909604772925377,0.005182670056819916,0.6273981928825378,0.37260180711746216,0.024616829573038842,1.3862943611198906
scalar,参照,44,0,8,64,256,0.001,0.5204358100891113,0.05881086364388466,0.44803157448768616,0.040259283035993576,0.1996559053659439,0.0,0.1996559053659439,0.1996559053659439,0.0,0,0,0,0,0.0,0.0,8,0.002561403438448906,0.0,0.6676434874534607,0.3323565125465393,0.023637660925379212,1.3862943611198906
nobeta,参照,44,0,8,64,256,0.001,0.5204358100891113,0.19612827897071838,0.46951109170913696,0.186313197016716,0.0,0.0,0.0,0.0,0.0,0,0,0,0,0.0,0.0,8,1.0268704500049353e-06,5.182670056819916e-05,0.6676433086395264,0.33235669136047363,0.023637680233305293,1.3862943611198906
box_lam1em3,箱+λ,44,0,16,8,256,0.001,0.6306739449501038,0.27980783581733704,0.5169817209243774,0.1909913271665573,0.5017846822738647,1.5765186548233032,-3.0,2.329723358154297,5.329723358154297,1,0,1,0,0.125,0.0,8,1.0343153476715088,0.00036786654591560363,0.7362958788871765,0.2637041211128235,0.31867740750860346,3.4657359027997265
box_lam3em3,箱+λ,44,0,16,8,256,0.003,0.625954806804657,0.2810525596141815,0.5206226706504822,0.18714748322963715,0.704468846321106,1.0795917510986328,-1.400986671447754,2.279487133026123,3.680473804473877,0,0,0,0,0.0,0.0,8,1.0414314270019531,0.001103599637746811,0.7540435791015625,0.2459564208984375,0.3036039833543308,3.4657359027997265
box_lam1em2,箱+λ,44,0,16,8,256,0.01,0.652560830116272,0.2745688557624817,0.5465269684791565,0.17687787115573883,0.8488160371780396,0.733009934425354,-0.23914940655231476,2.1284639835357666,2.3676133900880814,0,0,0,0,0.0,0.0,8,1.0942126512527466,0.0036786654591560363,0.7892054915428162,0.21079450845718384,0.2884314233183628,3.4657359027997265
box_lam3em2,箱+λ,44,0,16,8,256,0.03,0.6606765985488892,0.27457892894744873,0.5586484670639038,0.16313447058200836,0.914993166923523,0.5040756464004517,0.1474095731973648,1.8346115350723267,1.6872019618749619,0,0,0,0,0.0,0.0,8,1.2749298810958862,0.011035996377468108,0.8222715854644775,0.17772841453552246,0.28788735122007614,3.4657359027997265
box_lam1em1,箱+λ,44,0,16,8,256,0.1,0.6675354242324829,0.27706319093704224,0.5646112561225891,0.17515026032924652,0.9011633396148682,0.323676735162735,0.30825531482696533,1.3576422929763794,1.049386978149414,0,0,0,0,0.0,0.0,8,1.6496250629425049,0.036786654591560365,0.8293135762214661,0.17068642377853394,0.2900670271015094,3.4657359027997265
box_lam3em1,箱+λ,44,0,16,8,256,0.3,0.6681380271911621,0.30695071816444397,0.5817777514457703,0.22800517082214355,0.8218702077865601,0.23697827756404877,0.43940770626068115,1.0839264392852783,0.6445187330245972,0,0,0,0,0.0,0.0,8,2.1620540618896484,0.11035996377468109,0.8129759430885315,0.1870240569114685,0.2937028851075861,3.4657359027997265
box_lam1e0,箱+λ,44,0,16,8,256,1.0,0.6700364947319031,0.3993875980377197,0.6095242500305176,0.3396630585193634,0.6782748699188232,0.2206691950559616,0.395725816488266,0.9875324964523315,0.5918066799640656,0,0,0,0,0.0,0.0,8,3.5174050331115723,0.36786654591560364,0.799728512763977,0.20027148723602295,0.29801571075582145,3.4657359027997265
box_lam3e0,箱+λ,44,0,16,8,256,3.0,0.6680404543876648,0.5051903128623962,0.6294925212860107,0.463989794254303,0.49380141496658325,0.19579124450683594,0.2517063617706299,0.78690505027771,0.5351986885070801,0,0,0,0,0.0,0.0,8,7.007987022399902,1.103599637746811,0.8073901534080505,0.19260984659194946,0.29993655487918797,3.4657359027997265
box_lam1e1,箱+λ,44,0,16,8,256,10.0,0.66171795129776,0.6175785064697266,0.6937510967254639,0.5887253284454346,0.26698756217956543,0.12424804270267487,0.12114448845386505,0.45443928241729736,0.3332947939634323,0,0,0,0,0.0,0.0,8,13.462757110595703,3.6786654591560364,0.8327351212501526,0.1672648787498474,0.29928555798056033,3.4657359027997265
box_lam3e1,箱+λ,44,0,16,8,256,30.0,0.6676537394523621,0.6757449507713318,0.7124925255775452,0.6521350741386414,0.11754103749990463,0.05949876457452774,0.049778953194618225,0.20773829519748688,0.15795934200286865,0,0,0,0,0.0,0.0,8,18.237415313720703,11.03599637746811,0.8539482355117798,0.14605176448822021,0.29799089221919056,3.4657359027997265
box_lam1e2,箱+λ,44,0,16,8,256,100.0,0.6728445291519165,0.7014754414558411,0.7430977821350098,0.6843392252922058,0.039904553443193436,0.02103259786963463,0.016305889934301376,0.07193028926849365,0.055624399334192276,0,0,0,0,0.0,0.0,8,20.716876983642578,36.786654591560364,0.8658645749092102,0.1341354250907898,0.2971555883048029,3.4657359027997265
box_lam1e3,箱+λ,44,0,16,8,256,1000.0,0.6753771901130676,0.7126946449279785,0.7509486675262451,0.6969811320304871,0.004208229947835207,0.002258466323837638,0.0016913408180698752,0.007655922323465347,0.005964581505395472,0,0,0,0,0.0,0.0,8,21.840438842773438,367.86654591560364,0.8714922666549683,0.12850773334503174,0.29674429652969825,3.4657359027997265
nobox_lam1em3,无箱互校,44,0,16,8,256,0.001,0.630999743938446,0.27987074851989746,0.5173789262771606,0.19109971821308136,0.476157009601593,1.6433603763580322,-3.209118366241455,2.3303117752075195,5.539430141448975,1,0,1,0,0.125,0.0,8,1.0342631340026855,0.00036786654591560363,0.7358183860778809,0.26418161392211914,0.3190158798076138,3.4657359027997265
nobox_lam1em1,无箱互校,44,0,16,8,256,0.1,0.6675352454185486,0.27706319093704224,0.5646111369132996,0.17515020072460175,0.9011634588241577,0.32367661595344543,0.3082554042339325,1.3576422929763794,1.049386888742447,0,0,0,0,0.0,0.0,8,1.6496251821517944,0.036786654591560365,0.8293135762214661,0.17068642377853394,0.2900670731897854,3.4657359027997265
scalar,参照,44,0,16,8,256,0.001,0.6756817698478699,0.2588660717010498,0.5564964413642883,0.1944897621870041,1.1626133918762207,0.0,1.1626133918762207,1.1626133918762207,0.0,0,0,0,0,0.0,0.0,8,0.08538924902677536,0.0,0.8721606135368347,0.12783938646316528,0.29669488989781656,3.4657359027997265
nobeta,参照,44,0,16,8,256,0.001,0.6756816506385803,0.7142335176467896,0.7529891133308411,0.6984329223632812,0.0,0.0,0.0,0.0,0.0,0,0,0,0,0.0,0.0,8,1.0342631340026855,0.00036786654591560363,0.8721607327461243,0.12783926725387573,0.2966948668536786,3.4657359027997265
box_lam1em3,箱+λ,44,0,16,16,256,0.001,0.7126979827880859,0.23001031577587128,0.5876739025115967,0.0982598215341568,-0.2027096450328827,1.8649554252624512,-3.0,1.864289402961731,4.864289402961731,4,0,4,0,0.25,0.0,16,0.23417241871356964,0.00020738746225833893,0.6056015491485596,0.39439845085144043,0.23785036998741615,2.772588722239781
box_lam3em3,箱+λ,44,0,16,16,256,0.003,0.7114987373352051,0.21214118599891663,0.6029504537582397,0.09115074574947357,-0.12790143489837646,1.8085415363311768,-3.0,1.8222174644470215,4.8222174644470215,4,0,4,0,0.25,0.0,16,0.23862367868423462,0.0006221623867750169,0.6182309985160828,0.38176900148391724,0.22433311647258858,2.772588722239781
box_lam1em2,箱+λ,44,0,16,16,256,0.01,0.7373790740966797,0.21057657897472382,0.6505240201950073,0.10243932157754898,-0.088542640209198,1.7911289930343628,-3.0,1.7192935943603516,4.719293594360352,4,0,4,0,0.25,0.0,16,0.2537168860435486,0.002073874622583389,0.6315122842788696,0.36848771572113037,0.21421226932583276,2.772588722239781
box_lam3em2,箱+λ,44,0,16,16,256,0.03,0.7457599639892578,0.19864419102668762,0.6054351329803467,0.10387973487377167,0.14909401535987854,1.4446698427200317,-3.0,1.5652085542678833,4.565208554267883,1,0,1,0,0.0625,0.0,16,0.316256046295166,0.006221623867750168,0.6860193610191345,0.3139806389808655,0.1646987702541524,2.772588722239781
box_lam1em1,箱+λ,44,0,16,16,256,0.1,0.577900230884552,0.21089331805706024,0.49149635434150696,0.08939816802740097,0.45348483324050903,0.6494544744491577,-1.1544257402420044,1.2436790466308594,2.3981047868728638,0,0,0,0,0.0,0.0,16,0.5645433068275452,0.020738746225833896,0.7385419011116028,0.2614580988883972,0.1184238021610748,2.772588722239781
box_lam3em1,箱+λ,44,0,16,16,256,0.3,0.5637818574905396,0.21523618698120117,0.4766398072242737,0.11691062897443771,0.4862286150455475,0.33410772681236267,-0.13790899515151978,1.0943217277526855,1.2322307229042053,0,0,0,0,0.0,0.0,16,0.9486162066459656,0.06221623867750167,0.751801073551178,0.24819892644882202,0.10734014788435224,2.772588722239781
box_lam1e0,箱+λ,44,0,16,16,256,1.0,0.5581141114234924,0.26605865359306335,0.4834665358066559,0.19579729437828064,0.42481744289398193,0.20995712280273438,0.1255546659231186,0.8958990573883057,0.7703443914651871,0,0,0,0,0.0,0.0,16,1.5799424648284912,0.20738746225833893,0.7491386532783508,0.25086134672164917,0.10608654677690652,2.772588722239781
box_lam3e0,箱+λ,44,0,16,16,256,3.0,0.5595784783363342,0.3226785361766815,0.4999004304409027,0.2962033748626709,0.3332678973674774,0.1629529595375061,0.16431330144405365,0.6757679581642151,0.5114546567201614,0,0,0,0,0.0,0.0,16,2.775700092315674,0.6221623867750168,0.7580003142356873,0.24199968576431274,0.10488004788754203,2.772588722239781
box_lam1e1,箱+λ,44,0,16,16,256,10.0,0.5932533740997314,0.4319399297237396,0.5480198264122009,0.40604323148727417,0.20439933240413666,0.11134333163499832,0.10538030415773392,0.4590751528739929,0.353694848716259,0,0,0,0,0.0,0.0,16,5.608529090881348,2.0738746225833893,0.7864106893539429,0.21358931064605713,0.10034831445033274,2.772588722239781
box_lam3e1,箱+λ,44,0,16,16,256,30.0,0.6300638914108276,0.5059851408004761,0.575833261013031,0.48252084851264954,0.09967982769012451,0.05937272310256958,0.04642539098858833,0.23767276108264923,0.1912473700940609,0,0,0,0,0.0,0.0,16,8.803350448608398,6.221623867750168,0.8162314891815186,0.18376851081848145,0.0954183264590949,2.772588722239781
box_lam1e2,箱+λ,44,0,16,16,256,100.0,0.6505093574523926,0.5478516817092896,0.604775071144104,0.5271835923194885,0.035935886204242706,0.022558609023690224,0.01586223393678665,0.08869457244873047,0.07283233851194382,0,0,0,0,0.0,0.0,16,11.006022453308105,20.738746225833893,0.8361825346946716,0.16381746530532837,0.09214549428107237,2.772588722239781
box_lam1e3,箱+λ,44,0,16,16,256,1000.0,0.6602790951728821,0.5665385723114014,0.6165736317634583,0.5470078587532043,0.003903383621945977,0.002514977240934968,0.001679201959632337,0.00980407278984785,0.008124870830215514,0,0,0,0,0.0,0.0,16,12.158707618713379,207.38746225833893,0.8465734720230103,0.15342652797698975,0.09045463641602544,2.772588722239781
nobox_lam1em3,无箱互校,44,0,16,16,256,0.001,0.7214692234992981,0.2300659418106079,0.6066526770591736,0.09332840144634247,-2.858322858810425,6.571033954620361,-13.815510749816895,1.8563843965530396,15.671895146369934,4,4,4,0,0.25,0.25,16,0.2294791042804718,0.00020738746225833893,0.5958237648010254,0.4041762351989746,0.23806525657430827,2.772588722239781
nobox_lam1em1,无箱互校,44,0,16,16,256,0.1,0.577900230884552,0.2108931541442871,0.49149781465530396,0.08939827978610992,0.4534849524497986,0.6494543552398682,-1.1544253826141357,1.2436795234680176,2.3981049060821533,0,0,0,0,0.0,0.0,16,0.5645432472229004,0.020738746225833896,0.7385417222976685,0.26145827770233154,0.1184237560727988,2.772588722239781
scalar,参照,44,0,16,16,256,0.001,0.6609106063842773,0.16824360191822052,0.5450035333633423,0.10761801153421402,0.7656841278076172,0.0,0.7656841278076172,0.7656841278076172,0.0,0,0,0,0,0.0,0.0,16,0.051630839705467224,0.0,0.8478527069091797,0.1521472930908203,0.0902473371115713,2.772588722239781
nobeta,参照,44,0,16,16,256,0.001,0.6609114408493042,0.5683636665344238,0.6194109320640564,0.5493584275245667,0.0,0.0,0.0,0.0,0.0,0,0,0,0,0.0,0.0,16,0.2294791042804718,0.00020738746225833893,0.8478527069091797,0.1521472930908203,0.09024728526226079,2.772588722239781
box_lam1em3,箱+λ,44,0,16,32,256,0.001,0.5055007934570312,0.10968295484781265,0.4397970736026764,0.0398007370531559,-0.2748822867870331,1.5320653915405273,-3.0,1.2988998889923096,4.29889988899231,6,0,6,0,0.1875,0.0,16,0.003919997252523899,0.00010981244593858719,0.581956148147583,0.418043851852417,0.05300933513420711,2.0794415416798357
box_lam3em3,箱+λ,44,0,16,32,256,0.003,0.49561622738838196,0.11088886111974716,0.4307768940925598,0.03789948299527168,-0.1776667833328247,1.4200693368911743,-3.0,1.2834216356277466,4.283421635627747,5,0,5,0,0.15625,0.0,16,0.005221232771873474,0.00032943733781576155,0.5961235761642456,0.4038764238357544,0.05046837901817354,2.0794415416798357
box_lam1em2,箱+λ,44,0,16,32,256,0.01,0.4961245656013489,0.12574392557144165,0.4129851162433624,0.042916279286146164,-0.03398265689611435,1.2504254579544067,-3.0,1.2328648567199707,4.232864856719971,3,0,3,0,0.09375,0.0,16,0.010663069784641266,0.0010981244593858718,0.6255576014518738,0.3744423985481262,0.0452052937731149,2.0794415416798357
box_lam3em2,箱+λ,44,0,16,32,256,0.03,0.4765661060810089,0.11571019142866135,0.4070555865764618,0.058079108595848083,0.24148812890052795,0.6765995621681213,-1.6804330348968506,1.1219972372055054,2.802430272102356,0,0,0,0,0.0,0.0,16,0.033869609236717224,0.0032943733781576156,0.6928036212921143,0.30719637870788574,0.0383583388347298,2.0794415416798357
box_lam1em1,箱+λ,44,0,16,32,256,0.1,0.44879060983657837,0.11212722957134247,0.3689099848270416,0.040428273379802704,0.3211252689361572,0.35517624020576477,-0.5134351849555969,0.9469581842422485,1.4603933691978455,0,0,0,0,0.0,0.0,16,0.1054902970790863,0.01098124459385872,0.7376600503921509,0.2623399496078491,0.0337727253223487,2.0794415416798357
box_lam3em1,箱+λ,44,0,16,32,256,0.3,0.42907631397247314,0.13054023683071136,0.35704243183135986,0.04488177224993706,0.3059390187263489,0.20922482013702393,-0.16337813436985016,0.7984259724617004,0.9618041068315506,0,0,0,0,0.0,0.0,16,0.23216810822486877,0.032943733781576154,0.7398462295532227,0.26015377044677734,0.03317778328941708,2.0794415416798357
box_lam1e0,箱+λ,44,0,16,32,256,1.0,0.44553762674331665,0.14183439314365387,0.35889488458633423,0.09526266902685165,0.25157928466796875,0.1333235651254654,0.025796381756663322,0.7016666531562805,0.6758702713996172,0,0,0,0,0.0,0.0,16,0.4438324570655823,0.10981244593858719,0.7229796648025513,0.27702033519744873,0.03479882029682758,2.0794415416798357
box_lam3e0,箱+λ,44,0,16,32,256,3.0,0.4409496486186981,0.17841795086860657,0.3612697422504425,0.15012845396995544,0.19418136775493622,0.11062996089458466,0.06679600477218628,0.5488123297691345,0.48201632499694824,0,0,0,0,0.0,0.0,16,0.7654710412025452,0.32943733781576157,0.7161291837692261,0.2838708162307739,0.03570584909075437,2.0794415416798357
box_lam1e1,箱+λ,44,0,16,32,256,10.0,0.43763434886932373,0.2348530888557434,0.38001129031181335,0.22545604407787323,0.12818467617034912,0.08714404702186584,0.05054300278425217,0.4071282744407654,0.3565852716565132,0,0,0,0,0.0,0.0,16,1.5553326606750488,1.0981244593858719,0.7307690978050232,0.2692309021949768,0.03441021547558841,2.0794415416798357
box_lam3e1,箱+λ,44,0,16,32,256,30.0,0.43746495246887207,0.2971286475658417,0.4001390039920807,0.2865798771381378,0.0700458511710167,0.05366796255111694,0.02357698231935501,0.24471712112426758,0.22114013880491257,0,0,0,0,0.0,0.0,16,2.8740270137786865,3.2943733781576157,0.7574328780174255,0.24256712198257446,0.031952281627750614,2.0794415416798357
box_lam1e2,箱+λ,44,0,16,32,256,100.0,0.43813642859458923,0.3415309488773346,0.41238588094711304,0.32837122678756714,0.027611542493104935,0.022697729989886284,0.008535451255738735,0.10176908224821091,0.09323363099247217,0,0,0,0,0.0,0.0,16,4.213335990905762,10.981244593858719,0.7810587882995605,0.21894121170043945,0.02991704640332968,2.0794415416798357
box_lam1e3,箱+λ,44,0,16,32,256,1000.0,0.4356592893600464,0.36605948209762573,0.43080949783325195,0.3507695198059082,0.003156339516863227,0.002692196751013398,0.0009353553177788854,0.011970823630690575,0.01103546831291169,0,0,0,0,0.0,0.0,16,5.10805082321167,109.81244593858719,0.7956353425979614,0.20436465740203857,0.028734761141973434,2.0794415416798357
nobox_lam1em3,无箱互校,44,0,16,32,256,0.001,0.5091902017593384,0.11296487599611282,0.44213318824768066,0.047147322446107864,-1.9576143026351929,5.265687942504883,-13.815510749816895,1.3052451610565186,15.120755910873413,5,5,5,0,0.15625,0.15625,16,0.0036386235151439905,0.00010981244593858719,0.5633286237716675,0.4366713762283325,0.054056063253751785,2.0794415416798357
nobox_lam1em1,无箱互校,44,0,16,32,256,0.1,0.44879063963890076,0.11212711036205292,0.36890897154808044,0.04042815789580345,0.3211251497268677,0.35517632961273193,-0.5134339928627014,0.9469583630561829,1.4603923559188843,0,0,0,0,0.0,0.0,16,0.10549037903547287,0.01098124459385872,0.7376598715782166,0.26234012842178345,0.03377273396390045,2.0794415416798357
scalar,参照,44,0,16,32,256,0.001,0.4352501928806305,0.09504304081201553,0.3519541025161743,0.09144742041826248,0.4330877661705017,3.027918893394599e-08,0.4330877363681793,0.4330877363681793,0.0,0,0,0,0,0.0,0.0,16,0.013815009966492653,0.0,0.7975546717643738,0.20244532823562622,0.028583196965800476,2.0794415416798357
nobeta,参照,44,0,16,32,256,0.001,0.43525010347366333,0.3689083755016327,0.43104538321495056,0.3541402518749237,0.0,0.0,0.0,0.0,0.0,0,0,0,0,0.0,0.0,16,0.0036386235151439905,0.00010981244593858719,0.7975546717643738,0.20244532823562622,0.028583196965800476,2.0794415416798357
box_lam1em3,箱+λ,44,0,16,64,256,0.001,0.4758492410182953,0.10600320249795914,0.3789236843585968,0.05252048000693321,-0.326096773147583,0.8660049438476562,-2.9991190433502197,1.0237141847610474,4.022833228111267,0,0,0,0,0.0,0.0,16,6.15557364653796e-05,5.632178857922554e-05,0.45187199115753174,0.5481280088424683,0.05164980012435462,1.3862943611198906
box_lam3em3,箱+λ,44,0,16,64,256,0.003,0.4652343690395355,0.10005064308643341,0.376816987991333,0.052026279270648956,-0.20919169485569,0.6781426668167114,-1.9388697147369385,0.9886890649795532,2.9275587797164917,0,0,0,0,0.0,0.0,16,0.00011601894220802933,0.00016896536573767661,0.47936058044433594,0.5206394195556641,0.04956556730150158,1.3862943611198906
box_lam1em2,箱+λ,44,0,16,64,256,0.01,0.4358573853969574,0.08510701358318329,0.3666806221008301,0.043069951236248016,-0.026087988168001175,0.44282543659210205,-1.1821458339691162,0.8893911242485046,2.071536958217621,0,0,0,0,0.0,0.0,16,0.00047141240793280303,0.0005632178857922554,0.5490903258323669,0.45090967416763306,0.0438699234224774,1.3862943611198906
box_lam3em2,箱+λ,44,0,16,64,256,0.03,0.4117409586906433,0.07097314298152924,0.35334333777427673,0.03286116197705269,0.11580301076173782,0.269970566034317,-0.7892299294471741,0.7438458800315857,1.5330758094787598,0,0,0,0,0.0,0.0,16,0.0022925653029233217,0.0016896536573767662,0.6316078901290894,0.36839210987091064,0.03746568958291782,1.3862943611198906
box_lam1em1,箱+λ,44,0,16,64,256,0.1,0.408537894487381,0.06952640414237976,0.3512117266654968,0.032854337245225906,0.1484556645154953,0.17737595736980438,-0.3714766800403595,0.6336236000061035,1.005100280046463,0,0,0,0,0.0,0.0,16,0.010583827272057533,0.005632178857922554,0.6610209345817566,0.3389790654182434,0.03492943735155443,1.3862943611198906
box_lam3em1,箱+λ,44,0,16,64,256,0.3,0.41001319885253906,0.07441292703151703,0.35750406980514526,0.034486062824726105,0.1333787888288498,0.12132472544908524,-0.1312808096408844,0.5111969709396362,0.6424777805805206,0,0,0,0,0.0,0.0,16,0.03069359064102173,0.016896536573767662,0.6589213013648987,0.3410786986351013,0.034402440959529136,1.3862943611198906
box_lam1e0,箱+λ,44,0,16,64,256,1.0,0.41416800022125244,0.07117995619773865,0.3535335958003998,0.03667386621236801,0.1060710996389389,0.08026465773582458,-0.0393032506108284,0.4270324110984802,0.4663356617093086,0,0,0,0,0.0,0.0,16,0.07260437309741974,0.05632178857922554,0.649152934551239,0.350847065448761,0.034706764726534035,1.3862943611198906
box_lam3e0,箱+λ,44,0,16,64,256,3.0,0.4120177924633026,0.08491738140583038,0.34891653060913086,0.0628533884882927,0.07992871105670929,0.062271904200315475,0.011630232445895672,0.3604470491409302,0.3488168166950345,0,0,0,0,0.0,0.0,16,0.1326950490474701,0.16896536573767662,0.6421198844909668,0.3578801155090332,0.03524363553169427,1.3862943611198906
box_lam1e1,箱+λ,44,0,16,64,256,10.0,0.41215789318084717,0.10488563776016235,0.34672895073890686,0.08704204857349396,0.05451957881450653,0.04938989877700806,0.011530425399541855,0.26153144240379333,0.2500010170042515,0,0,0,0,0.0,0.0,16,0.2560049593448639,0.5632178857922554,0.6458489894866943,0.35415101051330566,0.03515234617898937,1.3862943611198906
box_lam3e1,箱+λ,44,0,16,64,256,30.0,0.41271424293518066,0.13957877457141876,0.34679028391838074,0.12572477757930756,0.03310474380850792,0.03381149843335152,0.007007427513599396,0.18527372181415558,0.17826629430055618,0,0,0,0,0.0,0.0,16,0.49914348125457764,1.6896536573767662,0.6600475311279297,0.3399524688720703,0.034279915277759115,1.3862943611198906
box_lam1e2,箱+λ,44,0,16,64,256,100.0,0.4139781892299652,0.1655643731355667,0.3504738211631775,0.15564022958278656,0.014707005582749844,0.016189204528927803,0.0030728999990969896,0.08872010558843613,0.08564720558933914,0,0,0,0,0.0,0.0,16,0.869687557220459,5.632178857922554,0.6773102879524231,0.3226897120475769,0.033201674299493264,1.3862943611198906
box_lam1e3,箱+λ,44,0,16,64,256,1000.0,0.41616392135620117,0.18738563358783722,0.35588422417640686,0.17665931582450867,0.0018321254756301641,0.0021033913362771273,0.00037996700848452747,0.011479397304356098,0.01109943029587157,0,0,0,0,0.0,0.0,16,1.2248563766479492,56.32178857922554,0.6908190846443176,0.3091809153556824,0.032387182122240864,1.3862943611198906
nobox_lam1em3,无箱互校,44,0,16,64,256,0.001,0.47896698117256165,0.10880222171545029,0.37974241375923157,0.05287085846066475,-0.48026975989341736,1.3985497951507568,-8.593803405761719,1.0380618572235107,9.63186526298523,2,0,2,0,0.03125,0.0,16,6.306947034318e-05,5.632178857922554e-05,0.4401338994503021,0.5598661005496979,0.05248045488389994,1.3862943611198906
nobox_lam1em1,无箱互校,44,0,16,64,256,0.1,0.4085390567779541,0.06952907890081406,0.35121116042137146,0.03285422921180725,0.14843957126140594,0.17738817632198334,-0.37148505449295044,0.6336485147476196,1.00513356924057,0,0,0,0,0.0,0.0,16,0.010583820752799511,0.005632178857922554,0.6610091328620911,0.33899086713790894,0.03493006242379781,1.3862943611198906
scalar,参照,44,0,16,64,256,0.001,0.41649192571640015,0.05626709386706352,0.34778261184692383,0.036876704543828964,0.19427038729190826,0.0,0.19427038729190826,0.19427038729190826,0.0,0,0,0,0,0.0,0.0,16,0.0032226608600467443,0.0,0.6928041577339172,0.30719584226608276,0.03227024464393694,1.3862943611198906
nobeta,参照,44,0,16,64,256,0.001,0.41649264097213745,0.19047604501247406,0.3569517433643341,0.17999254167079926,0.0,0.0,0.0,0.0,0.0,0,0,0,0,0.0,0.0,16,6.306947034318e-05,5.632178857922554e-05,0.6928042769432068,0.3071957230567932,0.03227024464393694,1.3862943611198906
box_lam1em3,箱+λ,44,0,32,8,256,0.001,0.5030964016914368,0.2717467248439789,0.4478631317615509,0.15377534925937653,0.9683228135108948,0.5040705800056458,0.28147780895233154,1.8366949558258057,1.5552171468734741,0,0,0,0,0.0,0.0,8,3.4551241397857666,0.0005353987216949463,0.849704921245575,0.15029507875442505,0.39727561426847746,3.4657359027997265
box_lam3em3,箱+λ,44,0,32,8,256,0.003,0.5024890899658203,0.26748597621917725,0.4484991431236267,0.1447257697582245,0.9718887805938721,0.4922705590724945,0.28333941102027893,1.825756311416626,1.542416900396347,0,0,0,0,0.0,0.0,8,3.456007480621338,0.0016061961650848389,0.8523542284965515,0.1476457715034485,0.39729065230205357,3.4657359027997265
box_lam1em2,箱+λ,44,0,32,8,256,0.01,0.5007148385047913,0.2557206451892853,0.4505774974822998,0.15031534433364868,0.9794950485229492,0.4622986614704132,0.2903161346912384,1.790500521659851,1.5001843869686127,0,0,0,0,0.0,0.0,8,3.4643661975860596,0.005353987216949463,0.858963668346405,0.14103633165359497,0.3973812669950275,3.4657359027997265
box_lam3em2,箱+λ,44,0,32,8,256,0.03,0.49736344814300537,0.2512637674808502,0.4560031294822693,0.15010152757167816,0.9840561747550964,0.4156978130340576,0.3108866512775421,1.707188367843628,1.3963017165660858,0,0,0,0,0.0,0.0,8,3.5147316455841064,0.01606196165084839,0.8670572638511658,0.13294273614883423,0.3977699017833116,3.4657359027997265
box_lam1em1,箱+λ,44,0,32,8,256,0.1,0.49272578954696655,0.2552129924297333,0.45944592356681824,0.15713883936405182,0.965567946434021,0.34222397208213806,0.36933937668800354,1.5089036226272583,1.1395642459392548,0,0,0,0,0.0,0.0,8,3.800004482269287,0.05353987216949463,0.8682219982147217,0.13177800178527832,0.3992874080219872,3.4657359027997265
box_lam3em1,箱+λ,44,0,32,8,256,0.3,0.4982198178768158,0.2324066460132599,0.4595893919467926,0.1687975823879242,0.9053032994270325,0.2580583095550537,0.4591074585914612,1.2100458145141602,0.750938355922699,0,0,0,0,0.0,0.0,8,4.703503608703613,0.1606196165084839,0.8551902770996094,0.14480972290039062,0.4024251218361211,3.4657359027997265
box_lam1e0,箱+λ,44,0,32,8,256,1.0,0.5000187158584595,0.30893474817276,0.4681701958179474,0.25854548811912537,0.7729454040527344,0.19787654280662537,0.528245210647583,1.0587444305419922,0.5304992198944092,0,0,0,0,0.0,0.0,8,7.404417991638184,0.5353987216949463,0.8358245491981506,0.16417545080184937,0.40655105932399876,3.4657359027997265
box_lam3e0,箱+λ,44,0,32,8,256,3.0,0.49796032905578613,0.42132118344306946,0.5044691562652588,0.4037450850009918,0.5797587633132935,0.1738916039466858,0.4115365743637085,0.9086410999298096,0.4971045255661011,0,0,0,0,0.0,0.0,8,14.004539489746094,1.6061961650848389,0.8327952027320862,0.16720479726791382,0.4083762479459131,3.4657359027997265
box_lam1e1,箱+λ,44,0,32,8,256,10.0,0.4943867623806,0.5681403279304504,0.5872892141342163,0.5586403012275696,0.3244776427745819,0.12163664400577545,0.20305627584457397,0.5744825601577759,0.3714262843132019,0,0,0,0,0.0,0.0,8,26.996475219726562,5.353987216949463,0.8534417152404785,0.14655828475952148,0.4074935364563496,3.4657359027997265
box_lam3e1,箱+λ,44,0,32,8,256,30.0,0.4914211630821228,0.6533995866775513,0.6395056843757629,0.6416956782341003,0.14651452004909515,0.06340477615594864,0.08510952442884445,0.2810823321342468,0.19597280770540237,0,0,0,0,0.0,0.0,8,37.2904167175293,16.06196165084839,0.8780162334442139,0.12198376655578613,0.40582041467863506,3.4657359027997265
box_lam1e2,箱+λ,44,0,32,8,256,100.0,0.4895831346511841,0.6914940476417542,0.6871416568756104,0.6806193590164185,0.05048788711428642,0.023613402619957924,0.028181131929159164,0.10138212889432907,0.0732009969651699,0,0,0,0,0.0,0.0,8,42.831356048583984,53.53987216949463,0.8939379453659058,0.10606205463409424,0.40469214053331554,3.4657359027997265
box_lam1e3,箱+λ,44,0,32,8,256,1000.0,0.48865219950675964,0.7040120959281921,0.6898590326309204,0.6961851716041565,0.005364215932786465,0.0026036312337964773,0.0029377657920122147,0.011015673168003559,0.008077907375991344,0,0,0,0,0.0,0.0,8,45.3824577331543,535.3987216949463,0.901935875415802,0.098064124584198,0.40412294393534043,3.4657359027997265
nobox_lam1em3,无箱互校,44,0,32,8,256,0.001,0.5030964016914368,0.2717467248439789,0.4478631913661957,0.15377534925937653,0.96832275390625,0.5040705800056458,0.2814778983592987,1.8366947174072266,1.5552168190479279,0,0,0,0,0.0,0.0,8,3.455124616622925,0.0005353987216949463,0.849704921245575,0.15029507875442505,0.39727561426847746,3.4657359027997265
nobox_lam1em1,无箱互校,44,0,32,8,256,0.1,0.4927259385585785,0.2552129924297333,0.45944589376449585,0.15713883936405182,0.9655680656433105,0.34222397208213806,0.3693394660949707,1.5089036226272583,1.1395641565322876,0,0,0,0,0.0,0.0,8,3.800004243850708,0.05353987216949463,0.8682218790054321,0.13177812099456787,0.3992874080219872,3.4657359027997265
scalar,参照,44,0,32,8,256,0.001,0.4885386824607849,0.18387915194034576,0.4445580244064331,0.23135323822498322,1.230737566947937,0.0,1.230737566947937,1.230737566947937,0.0,0,0,0,0,0.0,0.0,8,0.12706075608730316,0.0,0.9029048085212708,0.09709519147872925,0.4040539376317341,3.4657359027997265
nobeta,参照,44,0,32,8,256,0.001,0.4885386526584625,0.7054582238197327,0.6902279853820801,0.6986009478569031,0.0,0.0,0.0,0.0,0.0,0,0,0,0,0.0,0.0,8,3.455124616622925,0.0005353987216949463,0.9029049277305603,0.0970950722694397,0.4040539024961416,3.4657359027997265
box_lam1em3,箱+λ,44,0,32,16,256,0.001,0.4735373854637146,0.20915177464485168,0.38449862599372864,0.1046682596206665,0.2411607801914215,1.2232035398483276,-3.0,1.7326300144195557,4.732630014419556,1,0,1,0,0.0625,0.0,16,1.1697827577590942,0.0003120199143886566,0.7034257054328918,0.29657429456710815,0.2499211732982621,2.772588722239781
box_lam3em3,箱+λ,44,0,32,16,256,0.003,0.475808322429657,0.19959329068660736,0.3821326792240143,0.10244693607091904,0.28548330068588257,1.1638976335525513,-3.0,1.6743271350860596,4.67432713508606,1,0,1,0,0.0625,0.0,16,1.172316312789917,0.0009360597431659699,0.7191245555877686,0.28087544441223145,0.24664560498708155,2.772588722239781
box_lam1em2,箱+λ,44,0,32,16,256,0.01,0.463932067155838,0.19269904494285583,0.37452080845832825,0.10602445900440216,0.35013049840927124,1.0895172357559204,-3.0,1.5220576524734497,4.52205765247345,1,0,1,0,0.0625,0.0,16,1.1866942644119263,0.0031201991438865664,0.7499620914459229,0.25003790855407715,0.24288929393196307,2.772588722239781
box_lam3em2,箱+λ,44,0,32,16,256,0.03,0.4463483393192291,0.18218739330768585,0.3843826949596405,0.09755729883909225,0.49575942754745483,0.6986663937568665,-1.3271842002868652,1.321426272392273,2.648610472679138,0,0,0,0,0.0,0.0,16,1.2393040657043457,0.009360597431659698,0.7880930304527283,0.21190696954727173,0.2357863528298983,2.772588722239781
box_lam1em1,箱+λ,44,0,32,16,256,0.1,0.4519563913345337,0.1769052892923355,0.38778188824653625,0.1004997193813324,0.5727329254150391,0.4315742254257202,-0.2661864161491394,1.1668250560760498,1.4330114722251892,0,0,0,0,0.0,0.0,16,1.4212946891784668,0.031201991438865664,0.8198079466819763,0.18019205331802368,0.2263993698360886,2.772588722239781
box_lam3em1,箱+λ,44,0,32,16,256,0.3,0.4550756514072418,0.19385676085948944,0.39650899171829224,0.1235324963927269,0.569087028503418,0.2845425307750702,-0.013297121040523052,1.0437681674957275,1.0570652885362506,0,0,0,0,0.0,0.0,16,1.8163015842437744,0.09360597431659698,0.8229312300682068,0.1770687699317932,0.22692645642649129,2.772588722239781
box_lam1e0,箱+λ,44,0,32,16,256,1.0,0.45391467213630676,0.22892296314239502,0.39659586548805237,0.15531839430332184,0.504157543182373,0.18984957039356232,0.20019792020320892,0.899179220199585,0.698981299996376,0,0,0,0,0.0,0.0,16,2.814946174621582,0.3120199143886566,0.808198869228363,0.19180113077163696,0.23024912399937467,2.772588722239781
box_lam3e0,箱+λ,44,0,32,16,256,3.0,0.4535507261753082,0.2828446626663208,0.40135887265205383,0.2399221956729889,0.4013541340827942,0.15228696167469025,0.2254542112350464,0.7583084106445312,0.5328541994094849,0,0,0,0,0.0,0.0,16,5.052361011505127,0.9360597431659698,0.8018977642059326,0.19810223579406738,0.23296308500055313,2.772588722239781
box_lam1e1,箱+λ,44,0,32,16,256,10.0,0.46028903126716614,0.41384264826774597,0.448081910610199,0.3652987480163574,0.2520049214363098,0.11261308938264847,0.13635565340518951,0.5646651387214661,0.42830948531627655,0,0,0,0,0.0,0.0,16,10.843088150024414,3.120199143886566,0.8197964429855347,0.18020355701446533,0.2330591632781558,2.772588722239781
box_lam3e1,箱+λ,44,0,32,16,256,30.0,0.4653184413909912,0.49188312888145447,0.5024572610855103,0.45737263560295105,0.12579600512981415,0.06434888392686844,0.0630783885717392,0.31502652168273926,0.25194813311100006,0,0,0,0,0.0,0.0,16,17.902029037475586,9.360597431659698,0.8487968444824219,0.15120315551757812,0.23140424173733942,2.772588722239781
box_lam1e2,箱+λ,44,0,32,16,256,100.0,0.4690316617488861,0.5383510589599609,0.5417488217353821,0.5077921152114868,0.04608963429927826,0.025654267519712448,0.02210128866136074,0.1236807182431221,0.10157942958176136,0,0,0,0,0.0,0.0,16,23.007368087768555,31.20199143886566,0.8712459802627563,0.12875401973724365,0.23000203294534627,2.772588722239781
box_lam1e3,箱+λ,44,0,32,16,256,1000.0,0.4710981249809265,0.5684928297996521,0.5560932159423828,0.5326282978057861,0.005050822161138058,0.0029389767441898584,0.0023671959061175585,0.014062130823731422,0.011694934917613864,0,0,0,0,0.0,0.0,16,25.744041442871094,312.0199143886566,0.8836938738822937,0.1163061261177063,0.22923880003796887,2.772588722239781
nobox_lam1em3,无箱互校,44,0,32,16,256,0.001,0.4731879234313965,0.2097557932138443,0.38452497124671936,0.10483647882938385,-0.43193191289901733,3.6717569828033447,-13.815510749816895,1.7313263416290283,15.546837091445923,1,1,1,0,0.0625,0.0625,16,1.1695349216461182,0.0003120199143886566,0.7008990049362183,0.29910099506378174,0.2500960080063809,2.772588722239781
nobox_lam1em1,无箱互校,44,0,32,16,256,0.1,0.451956570148468,0.17690560221672058,0.38778209686279297,0.10049965232610703,0.5727327466011047,0.4315744638442993,-0.2661869525909424,1.1668249368667603,1.4330118894577026,0,0,0,0,0.0,0.0,16,1.4212944507598877,0.031201991438865664,0.8198079466819763,0.18019205331802368,0.2263993522682924,2.772588722239781
scalar,参照,44,0,32,16,256,0.001,0.47135987877845764,0.14693959057331085,0.40151819586753845,0.13028065860271454,0.8000737428665161,1.2311882358062576e-07,0.8000738620758057,0.8000738620758057,0.0,0,0,0,0,0.0,0.0,16,0.06678439676761627,0.0,0.8852577209472656,0.11474227905273438,0.22914449610778584,2.772588722239781
nobeta,参照,44,0,32,16,256,0.001,0.471359521150589,0.5708911418914795,0.5585947632789612,0.5354655385017395,0.0,0.0,0.0,0.0,0.0,0,0,0,0,0.0,0.0,16,1.1695349216461182,0.0003120199143886566,0.8852577209472656,0.11474227905273438,0.22914449610778584,2.772588722239781
box_lam1em3,箱+λ,44,0,32,32,256,0.001,0.41955775022506714,0.11245787143707275,0.3358084559440613,0.02543654292821884,0.041013844311237335,1.324599266052246,-3.0,1.7493432760238647,4.749343276023865,4,0,4,0,0.125,0.0,32,0.22430449724197388,0.00017048248648643494,0.7607588171958923,0.23924118280410767,0.10473333350196874,2.0794415416798357
box_lam3em3,箱+λ,44,0,32,32,256,0.003,0.4194837510585785,0.10850191861391068,0.3384648859500885,0.02322326973080635,0.08890128135681152,1.227919340133667,-3.0,1.6933220624923706,4.693322062492371,3,0,3,0,0.09375,0.0,32,0.231392502784729,0.0005114474594593049,0.7668107151985168,0.23318928480148315,0.10337746855644035,2.0794415416798357
box_lam1em2,箱+λ,44,0,32,32,256,0.01,0.3980061709880829,0.10755973309278488,0.33439603447914124,0.02449389174580574,0.2013004720211029,1.0234923362731934,-3.0,1.5119866132736206,4.511986613273621,2,0,2,0,0.0625,0.0,32,0.25942477583885193,0.0017048248648643494,0.7889630794525146,0.21103692054748535,0.0963770267615017,2.0794415416798357
box_lam3em2,箱+λ,44,0,32,32,256,0.03,0.3780563175678253,0.1176554262638092,0.33459991216659546,0.045275550335645676,0.2701416611671448,0.8215489983558655,-3.0,1.193346381187439,4.193346381187439,1,0,1,0,0.03125,0.0,32,0.3233216404914856,0.005114474594593048,0.7963929772377014,0.20360702276229858,0.09065848070604902,2.0794415416798357
box_lam1em1,箱+λ,44,0,32,32,256,0.1,0.36168837547302246,0.11335661262273788,0.31753382086753845,0.04738380014896393,0.3499661684036255,0.37270888686180115,-0.7225979566574097,0.9608144760131836,1.6834124326705933,0,0,0,0,0.0,0.0,32,0.46779558062553406,0.017048248648643495,0.8014380931854248,0.1985619068145752,0.07302563531474512,2.0794415416798357
box_lam3em1,箱+λ,44,0,32,32,256,0.3,0.34487321972846985,0.12142091244459152,0.3034917116165161,0.0504891499876976,0.332083523273468,0.20737998187541962,-0.06951654702425003,0.8003653287887573,0.8698818758130074,0,0,0,0,0.0,0.0,32,0.6711050868034363,0.05114474594593048,0.7887107133865356,0.21128928661346436,0.06639984434228846,2.0794415416798357
box_lam1e0,箱+λ,44,0,32,32,256,1.0,0.3426017165184021,0.13712234795093536,0.29982826113700867,0.07278415560722351,0.28216373920440674,0.13628911972045898,0.09205961227416992,0.7432282567024231,0.6511686444282532,0,0,0,0,0.0,0.0,32,1.0030072927474976,0.17048248648643494,0.7672093510627747,0.23279064893722534,0.06788269810289287,2.0794415416798357
box_lam3e0,箱+λ,44,0,32,32,256,3.0,0.34184205532073975,0.16780167818069458,0.30234941840171814,0.11255820095539093,0.2256852239370346,0.11303840577602386,0.1102949008345604,0.599039614200592,0.48874471336603165,0,0,0,0,0.0,0.0,32,1.5929032564163208,0.5114474594593048,0.7555333375930786,0.2444666624069214,0.06954227950166024,2.0794415416798357
box_lam1e1,箱+λ,44,0,32,32,256,10.0,0.34487682580947876,0.22684428095817566,0.3156580924987793,0.1916942000389099,0.15368029475212097,0.09061992913484573,0.06781689077615738,0.4572080075740814,0.38939111679792404,0,0,0,0,0.0,0.0,32,3.1426150798797607,1.7048248648643494,0.7634559869766235,0.23654401302337646,0.06917616223619881,2.0794415416798357
box_lam3e1,箱+λ,44,0,32,32,256,30.0,0.34747567772865295,0.302253782749176,0.3373437225818634,0.2617553472518921,0.08607082068920135,0.057659752666950226,0.03438100591301918,0.298990398645401,0.2646093927323818,0,0,0,0,0.0,0.0,32,5.877123832702637,5.114474594593048,0.7874934673309326,0.21250653266906738,0.066998379159974,2.0794415416798357
box_lam1e2,箱+λ,44,0,32,32,256,100.0,0.3500668704509735,0.34920749068260193,0.3594591021537781,0.31840845942497253,0.03454931080341339,0.025150787085294724,0.012964131310582161,0.13213419914245605,0.1191700678318739,0,0,0,0,0.0,0.0,32,8.799853324890137,17.048248648643494,0.8118765950202942,0.1881234049797058,0.06493072420638983,2.0794415416798357
box_lam1e3,箱+λ,44,0,32,32,256,1000.0,0.3505159020423889,0.3737576901912689,0.36743462085723877,0.3439904749393463,0.003992229700088501,0.0030471491627395153,0.0014485353603959084,0.016125613823533058,0.01467707846313715,0,0,0,0,0.0,0.0,32,10.81704044342041,170.48248648643494,0.8278992772102356,0.1721007227897644,0.06370065346579357,2.0794415416798357
nobox_lam1em3,无箱互校,44,0,32,32,256,0.001,0.4201644957065582,0.11391667276620865,0.33610355854034424,0.025176510214805603,-1.0142505168914795,4.310665607452393,-13.815510749816895,1.74306321144104,15.558573961257935,4,3,4,0,0.125,0.09375,32,0.22250817716121674,0.00017048248648643494,0.7492207884788513,0.2507792115211487,0.10558551216167787,2.0794415416798357
nobox_lam1em1,无箱互校,44,0,32,32,256,0.1,0.3616878390312195,0.11335661262273788,0.31753426790237427,0.04738368093967438,0.3499661684036255,0.3727087378501892,-0.7225981950759888,0.9608140587806702,1.683412253856659,0,0,0,0,0.0,0.0,32,0.46779561042785645,0.017048248648643495,0.8014380931854248,0.1985619068145752,0.07302556943550924,2.0794415416798357
scalar,参照,44,0,32,32,256,0.001,0.35043734312057495,0.10444210469722748,0.29984936118125916,0.10313611477613449,0.4571433365345001,0.0,0.4571433365345001,0.4571433365345001,0.0,0,0,0,0,0.0,0.0,32,0.032039280980825424,0.0,0.8300561904907227,0.16994380950927734,0.063543491960686,2.0794415416798357
nobeta,参照,44,0,32,32,256,0.001,0.3504365384578705,0.3775310218334198,0.3681222200393677,0.347839891910553,0.0,0.0,0.0,0.0,0.0,0,0,0,0,0.0,0.0,32,0.22250817716121674,0.00017048248648643494,0.8300561904907227,0.16994380950927734,0.06354347439288976,2.0794415416798357
box_lam1em3,箱+λ,44,0,32,64,256,0.001,0.35352689027786255,0.074858658015728,0.3025684356689453,0.008100785315036774,-0.06651166081428528,0.7756631970405579,-3.0,1.0998473167419434,4.099847316741943,1,0,1,0,0.015625,0.0,32,0.008567921817302704,8.849598467350006e-05,0.6267421841621399,0.3732578158378601,0.06366904021647084,1.3862943611198906
box_lam3em3,箱+λ,44,0,32,64,256,0.003,0.34884876012802124,0.07194112241268158,0.2983981668949127,0.009110666811466217,-0.020957881584763527,0.7097217440605164,-3.0,1.0691688060760498,4.06916880607605,1,0,1,0,0.015625,0.0,32,0.00909329205751419,0.0002654879540205002,0.6427337527275085,0.35726624727249146,0.0617282774550834,1.3862943611198906
box_lam1em2,箱+λ,44,0,32,64,256,0.01,0.32440778613090515,0.06482269614934921,0.2860923707485199,0.011899296194314957,0.06713275611400604,0.595237135887146,-3.0,0.9782405495643616,3.9782405495643616,1,0,1,0,0.015625,0.0,32,0.011564342305064201,0.0008849598467350006,0.681601345539093,0.318398654460907,0.05680704143975264,1.3862943611198906
box_lam3em2,箱+λ,44,0,32,64,256,0.03,0.3162302076816559,0.05636235326528549,0.2683849036693573,0.0145519208163023,0.16431479156017303,0.366074800491333,-1.4337592124938965,0.8167555332183838,2.2505147457122803,0,0,0,0,0.0,0.0,32,0.02155350148677826,0.0026548795402050016,0.7261376976966858,0.2738623023033142,0.0511795317043835,1.3862943611198906
box_lam1em1,箱+λ,44,0,32,64,256,0.1,0.30048617720603943,0.054433539509773254,0.2696833312511444,0.01750851236283779,0.1850510835647583,0.20213481783866882,-0.4033244550228119,0.6063549518585205,1.0096794068813324,0,0,0,0,0.0,0.0,32,0.05508336052298546,0.008849598467350006,0.7350924611091614,0.2649075388908386,0.04804153241356077,1.3862943611198906
box_lam3em1,箱+λ,44,0,32,64,256,0.3,0.30197685956954956,0.0553545244038105,0.25444793701171875,0.025638598948717117,0.15856850147247314,0.12168101221323013,-0.1761125922203064,0.44186320900917053,0.6179758012294769,0,0,0,0,0.0,0.0,32,0.11019748449325562,0.02654879540205002,0.7186620831489563,0.2813379168510437,0.04782544851988504,1.3862943611198906
box_lam1e0,箱+λ,44,0,32,64,256,1.0,0.30092063546180725,0.06282487511634827,0.2570922374725342,0.03846445307135582,0.12330188602209091,0.07454178482294083,-0.019679641351103783,0.3829803168773651,0.4026599582284689,0,0,0,0,0.0,0.0,32,0.19219329953193665,0.08849598467350006,0.6986273527145386,0.3013726472854614,0.04895035843222578,1.3862943611198906
box_lam3e0,箱+λ,44,0,32,64,256,3.0,0.30388984084129333,0.07617207616567612,0.2599750757217407,0.047154396772384644,0.0940842404961586,0.06044532731175423,0.015239940024912357,0.35114505887031555,0.3359051188454032,0,0,0,0,0.0,0.0,32,0.2951771318912506,0.2654879540205002,0.6858479976654053,0.3141520023345947,0.05004711595110187,1.3862943611198906
box_lam1e1,箱+λ,44,0,32,64,256,10.0,0.30356594920158386,0.09895172715187073,0.26213908195495605,0.0727405995130539,0.06558603048324585,0.051392849534749985,0.015739144757390022,0.2596079707145691,0.24386882595717907,0,0,0,0,0.0,0.0,32,0.5145934820175171,0.8849598467350006,0.6837635040283203,0.3162364959716797,0.05031214811703402,1.3862943611198906
box_lam3e1,箱+λ,44,0,32,64,256,30.0,0.3022373616695404,0.13149923086166382,0.26284390687942505,0.11009684205055237,0.04070762172341347,0.03684217855334282,0.009706207551062107,0.20584796369075775,0.19614175613969564,0,0,0,0,0.0,0.0,32,0.987049400806427,2.654879540205002,0.6943721175193787,0.30562788248062134,0.049371511211338655,1.3862943611198906
box_lam1e2,箱+λ,44,0,32,64,256,100.0,0.30033496022224426,0.16215644776821136,0.2629200220108032,0.1479712277650833,0.018464813008904457,0.018243812024593353,0.004300394095480442,0.10714114457368851,0.10284075047820807,0,0,0,0,0.0,0.0,32,1.7701712846755981,8.849598467350006,0.7107309103012085,0.2892690896987915,0.04793311275910388,1.3862943611198906
box_lam1e3,箱+λ,44,0,32,64,256,1000.0,0.29993191361427307,0.18397778272628784,0.27168282866477966,0.17223067581653595,0.002335253870114684,0.00242652022279799,0.0005336767644621432,0.014639225788414478,0.014105549023952335,0,0,0,0,0.0,0.0,32,2.5659549236297607,88.49598467350006,0.7248609662055969,0.2751390337944031,0.04675037844545958,1.3862943611198906
nobox_lam1em3,无箱互校,44,0,32,64,256,0.001,0.3541620969772339,0.07580800354480743,0.30224481225013733,0.00806401763111353,-0.2544237971305847,1.8620336055755615,-13.815510749816895,1.10897696018219,14.924487709999084,1,1,1,0,0.015625,0.015625,32,0.008609163574874401,8.849598467350006e-05,0.6193114519119263,0.38068854808807373,0.06427608663143165,1.3862943611198906
nobox_lam1em1,无箱互校,44,0,32,64,256,0.1,0.3004898130893707,0.05444040894508362,0.26968368887901306,0.017508821561932564,0.18503832817077637,0.20214559137821198,-0.4033357799053192,0.606379508972168,1.0097152888774872,0,0,0,0,0.0,0.0,32,0.055083561688661575,0.008849598467350006,0.7350833415985107,0.26491665840148926,0.04804208579914213,1.3862943611198906
scalar,参照,44,0,32,64,256,0.001,0.2998894155025482,0.05073912814259529,0.2594335973262787,0.03735753893852234,0.20009323954582214,3.003791704259129e-08,0.20009320974349976,0.20009320974349976,0.0,0,0,0,0,0.0,0.0,32,0.004317862913012505,0.0,0.727013349533081,0.27298665046691895,0.04657557008903516,1.3862943611198906
nobeta,参照,44,0,32,64,256,0.001,0.29989001154899597,0.18786801397800446,0.27309882640838623,0.1754547357559204,0.0,0.0,0.0,0.0,0.0,0,0,0,0,0.0,0.0,32,0.008609163574874401,8.849598467350006e-05,0.727013349533081,0.27298665046691895,0.046575587656831396,1.3862943611198906
box_lam1em3,箱+λ,44,1,8,8,256,0.001,0.6947883367538452,0.347212553024292,0.6388046145439148,0.2365976721048355,0.02785414457321167,2.0717358589172363,-3.0,2.0949575901031494,5.094957590103149,2,0,2,0,0.25,0.0,8,6.601441383361816,0.0006501738429069519,0.49829980731010437,0.5017001926898956,0.3447754093120326,3.4657359027997265
box_lam3em3,箱+λ,44,1,8,8,256,0.003,0.6967211365699768,0.35179999470710754,0.6398626565933228,0.23716408014297485,0.051493898034095764,2.0622828006744385,-3.0,2.0859873294830322,5.085987329483032,2,0,2,0,0.25,0.0,8,6.604879856109619,0.0019505215287208557,0.5057780742645264,0.49422192573547363,0.33998737189532263,3.4657359027997265
box_lam1em2,箱+λ,44,1,8,8,256,0.01,0.7043164968490601,0.3511617183685303,0.6422284245491028,0.21882836520671844,0.10128048062324524,2.045217275619507,-3.0,2.057535409927368,5.057535409927368,2,0,2,0,0.25,0.0,8,6.6361918449401855,0.0065017384290695195,0.5249629020690918,0.4750370979309082,0.333494379860251,3.4657359027997265
box_lam3em2,箱+λ,44,1,8,8,256,0.03,0.6976747512817383,0.29258981347084045,0.6456473469734192,0.19284167885780334,0.15290923416614532,2.0278913974761963,-3.0,2.0138533115386963,5.013853311538696,2,0,2,0,0.25,0.0,8,6.812062740325928,0.019505215287208555,0.5532414317131042,0.44675856828689575,0.33025892964451686,3.4657359027997265
box_lam1em1,箱+λ,44,1,8,8,256,0.1,0.7958172559738159,0.2416612207889557,0.7297312617301941,0.20444318652153015,0.8045052289962769,0.842781662940979,-0.8916976451873779,1.8286699056625366,2.7203675508499146,0,0,0,0,0.0,0.0,8,8.215124130249023,0.06501738429069519,0.6904174089431763,0.30958259105682373,0.16645486072341167,3.4657359027997265
box_lam3em1,箱+λ,44,1,8,8,256,0.3,0.7812156081199646,0.23912352323532104,0.7155901193618774,0.20700791478157043,0.9285484552383423,0.3709036707878113,0.4355464279651642,1.5635733604431152,1.128026932477951,0,0,0,0,0.0,0.0,8,10.933204650878906,0.19505215287208558,0.8014001250267029,0.19859987497329712,0.14777509463493527,3.4657359027997265
box_lam1e0,箱+λ,44,1,8,8,256,1.0,0.7920609712600708,0.24753913283348083,0.7282599806785583,0.26207834482192993,0.8618559837341309,0.2020082175731659,0.7089407444000244,1.2598973512649536,0.5509566068649292,0,0,0,0,0.0,0.0,8,15.536735534667969,0.6501738429069519,0.8491069078445435,0.15089309215545654,0.14087230446763196,3.4657359027997265
box_lam3e0,箱+λ,44,1,8,8,256,3.0,0.8091809749603271,0.3113764226436615,0.7491738796234131,0.3553163707256317,0.7003324031829834,0.18255747854709625,0.43409430980682373,0.9665635824203491,0.5324692726135254,0,0,0,0,0.0,0.0,8,25.260311126708984,1.9505215287208557,0.8639234304428101,0.13607656955718994,0.13904006119480458,3.4657359027997265
box_lam1e1,箱+λ,44,1,8,8,256,10.0,0.8303430080413818,0.4908139407634735,0.7878775596618652,0.5237879753112793,0.44007790088653564,0.14576290547847748,0.19518493115901947,0.6552942395210266,0.46010930836200714,0,0,0,0,0.0,0.0,8,49.50734329223633,6.501738429069519,0.8799171447753906,0.12008285522460938,0.13659232934933313,3.4657359027997265
box_lam3e1,箱+λ,44,1,8,8,256,30.0,0.8531611561775208,0.6086084842681885,0.8507999181747437,0.6270478963851929,0.21848571300506592,0.08286989480257034,0.0800713524222374,0.34594032168388367,0.26586896926164627,0,0,0,0,0.0,0.0,8,74.2984390258789,19.505215287208557,0.8971450924873352,0.1028549075126648,0.13353537304888918,3.4657359027997265
box_lam1e2,箱+λ,44,1,8,8,256,100.0,0.8585249781608582,0.6705735921859741,0.8929099440574646,0.680324137210846,0.07979092001914978,0.03255656734108925,0.026430021971464157,0.1314241737127304,0.10499415174126625,0,0,0,0,0.0,0.0,8,89.84217071533203,65.01738429069519,0.9095407724380493,0.09045922756195068,0.1313045334912678,3.4657359027997265
box_lam1e3,箱+λ,44,1,8,8,256,1000.0,0.8605687618255615,0.6986935138702393,0.9176625609397888,0.7045830488204956,0.008731519803404808,0.0036932574585080147,0.0027550619561225176,0.01468997448682785,0.011934912530705333,0,0,0,0,0.0,0.0,8,97.54732513427734,650.1738429069519,0.9162591099739075,0.08374089002609253,0.13008368816619933,3.4657359027997265
nobox_lam1em3,无箱互校,44,1,8,8,256,0.001,0.6940597891807556,0.34828269481658936,0.6387282013893127,0.2324000597000122,-2.6830594539642334,6.9317121505737305,-13.815510749816895,2.0980098247528076,15.913520574569702,2,2,2,0,0.25,0.25,8,6.55849027633667,0.0006501738429069519,0.4840589761734009,0.5159410238265991,0.34933720284885245,3.4657359027997265
nobox_lam1em1,无箱互校,44,1,8,8,256,0.1,0.7958174347877502,0.24166135489940643,0.7297313213348389,0.2044430822134018,0.8045052289962769,0.8427811861038208,-0.8916958570480347,1.828669786453247,2.7203656435012817,0,0,0,0,0.0,0.0,8,8.215124130249023,0.06501738429069519,0.6904174089431763,0.30958259105682373,0.1664549276001128,3.4657359027997265
scalar,参照,44,1,8,8,256,0.001,0.8622986078262329,0.23514871299266815,0.8495531678199768,0.19284352660179138,1.2703801393508911,1.2744008870413381e-07,1.2703802585601807,1.2703802585601807,0.0,0,0,0,0,0.0,0.0,8,0.21047629415988922,0.0,0.9170979857444763,0.08290201425552368,0.12993002779925852,3.4657359027997265
nobeta,参照,44,1,8,8,256,0.001,0.8622933030128479,0.70199054479599,0.9195157289505005,0.7074301838874817,0.0,0.0,0.0,0.0,0.0,0,0,0,0,0.0,0.0,8,6.55849027633667,0.0006501738429069519,0.9170979261398315,0.08290207386016846,0.12993049593616637,3.4657359027997265
box_lam1em3,箱+λ,44,1,8,16,256,0.001,0.6573020219802856,0.1912059485912323,0.6105971932411194,0.17947061359882355,0.31951162219047546,1.4640780687332153,-3.0,1.8739866018295288,4.873986601829529,2,0,2,0,0.125,0.0,8,0.00018314848421141505,0.0003745950162410736,0.5331948399543762,0.4668051600456238,0.06854961065273733,2.772588722239781
box_lam3em3,箱+λ,44,1,8,16,256,0.003,0.6575005054473877,0.18861247599124908,0.6076566576957703,0.178547665476799,0.3376425504684448,1.4519002437591553,-3.0,1.8697845935821533,4.869784593582153,2,0,2,0,0.125,0.0,8,0.0015261635417118669,0.0011237850487232207,0.5386812090873718,0.4613187909126282,0.06471629944816276,2.772588722239781
box_lam1em2,箱+λ,44,1,8,16,256,0.01,0.6537755131721497,0.18517419695854187,0.5991197824478149,0.17433258891105652,0.3671390414237976,1.4298030138015747,-3.0,1.8535125255584717,4.853512525558472,2,0,2,0,0.125,0.0,8,0.013608653098344803,0.003745950162410736,0.5510387420654297,0.4489612579345703,0.053586857185587235,2.772588722239781
box_lam3em2,箱+λ,44,1,8,16,256,0.03,0.6457698345184326,0.18389548361301422,0.5867719054222107,0.15893933176994324,0.47895103693008423,1.1693059206008911,-3.0,1.8206181526184082,4.820618152618408,1,0,1,0,0.0625,0.0,8,0.08120568096637726,0.011237850487232208,0.5752359628677368,0.4247640371322632,0.04295615349467499,2.772588722239781
box_lam1em1,箱+λ,44,1,8,16,256,0.1,0.6319293975830078,0.17038705945014954,0.5801451206207275,0.1522803008556366,0.6006996631622314,0.7208979725837708,-1.034000277519226,1.7299466133117676,2.7639468908309937,0,0,0,0,0.0,0.0,8,0.44164416193962097,0.03745950162410736,0.621342122554779,0.37865787744522095,0.03773939741237473,2.772588722239781
box_lam3em1,箱+λ,44,1,8,16,256,0.3,0.6268684267997742,0.17997747659683228,0.5828899145126343,0.1375286877155304,0.6164668798446655,0.5354618430137634,-0.46263301372528076,1.566760778427124,2.029393792152405,0,0,0,0,0.0,0.0,8,1.7118533849716187,0.11237850487232208,0.6757397651672363,0.32426023483276367,0.036294921971818314,2.772588722239781
box_lam1e0,箱+λ,44,1,8,16,256,1.0,0.620966911315918,0.19897319376468658,0.5981920957565308,0.1664828062057495,0.584912121295929,0.3394962549209595,-0.13852576911449432,1.3082215785980225,1.4467473477125168,0,0,0,0,0.0,0.0,8,5.300497055053711,0.3745950162410736,0.7277340888977051,0.2722659111022949,0.03410508061851291,2.772588722239781
box_lam3e0,箱+λ,44,1,8,16,256,3.0,0.6242551803588867,0.2108096033334732,0.615745484828949,0.23894409835338593,0.4947117865085602,0.22536738216876984,0.12912148237228394,1.024659276008606,0.895537793636322,0,0,0,0,0.0,0.0,8,11.164728164672852,1.1237850487232208,0.7560092210769653,0.24399077892303467,0.030071679897244737,2.772588722239781
box_lam1e1,箱+λ,44,1,8,16,256,10.0,0.6275759935379028,0.3418968915939331,0.6313672661781311,0.36132317781448364,0.3389986455440521,0.16854214668273926,0.14330537617206573,0.6854624152183533,0.5421570390462875,0,0,0,0,0.0,0.0,8,23.770246505737305,3.745950162410736,0.7817471623420715,0.21825283765792847,0.026041999192476385,2.772588722239781
box_lam3e1,箱+λ,44,1,8,16,256,30.0,0.626133918762207,0.4605610966682434,0.6509972214698792,0.47151076793670654,0.18642333149909973,0.10531900823116302,0.06083059310913086,0.3960876762866974,0.33525708317756653,0,0,0,0,0.0,0.0,8,41.6119384765625,11.237850487232208,0.8117960691452026,0.18820393085479736,0.023052379370472966,2.772588722239781
box_lam1e2,箱+λ,44,1,8,16,256,100.0,0.6240299344062805,0.534354031085968,0.6829637289047241,0.543292224407196,0.07357621192932129,0.045196838676929474,0.02077019028365612,0.1680746227502823,0.14730443246662617,0,0,0,0,0.0,0.0,8,57.07447814941406,37.45950162410736,0.8381981253623962,0.16180187463760376,0.021072983669682563,2.772588722239781
box_lam1e3,箱+λ,44,1,8,16,256,1000.0,0.6232169270515442,0.5771651864051819,0.677772581577301,0.5830923318862915,0.008420304395258427,0.005415326915681362,0.0022082962095737457,0.020059343427419662,0.017851047217845917,0,0,0,0,0.0,0.0,8,66.35256958007812,374.5950162410736,0.8547571897506714,0.1452428102493286,0.020024441985256807,2.772588722239781
nobox_lam1em3,无箱互校,44,1,8,16,256,0.001,0.6604287624359131,0.19026316702365875,0.6098313331604004,0.18389387428760529,-0.4566172659397125,3.8778178691864014,-13.815510749816895,1.8733477592468262,15.68885850906372,2,1,2,0,0.125,0.0625,8,0.00017125281738117337,0.0003745950162410736,0.5257729291915894,0.47422707080841064,0.06356319464827076,2.772588722239781
nobox_lam1em1,无箱互校,44,1,8,16,256,0.1,0.6319292187690735,0.17038728296756744,0.5801452994346619,0.15228046476840973,0.6006991267204285,0.720899224281311,-1.0340064764022827,1.7299466133117676,2.7639530897140503,0,0,0,0,0.0,0.0,8,0.4416440725326538,0.03745950162410736,0.6213419437408447,0.3786580562591553,0.03773937233361181,2.772588722239781
scalar,参照,44,1,8,16,256,0.001,0.6232585906982422,0.13850955665111542,0.607109010219574,0.1312904804944992,0.8834176063537598,0.0,0.8834176063537598,0.8834176063537598,0.0,0,0,0,0,0.0,0.0,8,0.045080456882715225,0.0,0.8569527864456177,0.14304721355438232,0.019895052287764253,2.772588722239781
nobeta,参照,44,1,8,16,256,0.001,0.6232584118843079,0.5816308259963989,0.6771586537361145,0.587974488735199,0.0,0.0,0.0,0.0,0.0,0,0,0,0,0.0,0.0,8,0.00017125281738117337,0.0003745950162410736,0.8569527864456177,0.14304721355438232,0.019895059254087286,2.772588722239781
box_lam1em3,箱+λ,44,1,8,32,256,0.001,0.6257296800613403,0.14789137244224548,0.5603981018066406,0.13057714700698853,0.0866292417049408,0.988431453704834,-2.772395133972168,1.68721604347229,4.459611177444458,0,0,0,0,0.0,0.0,8,1.9052753486903384e-05,0.00020533254742622376,0.46783360838890076,0.5321663916110992,0.05370700117914991,2.0794415416798357
box_lam3em3,箱+λ,44,1,8,32,256,0.003,0.62408846616745,0.1482848972082138,0.5602086186408997,0.12821391224861145,0.16540159285068512,0.8416463136672974,-2.2139077186584473,1.6714084148406982,3.8853161334991455,0,0,0,0,0.0,0.0,8,0.00016819429583847523,0.0006159976422786713,0.48466283082962036,0.5153371691703796,0.054621924608001846,2.0794415416798357
box_lam1em2,箱+λ,44,1,8,32,256,0.01,0.6163018941879272,0.14338424801826477,0.5596787333488464,0.1143479272723198,0.2830156087875366,0.6730161905288696,-1.6593356132507324,1.6250325441360474,3.28436815738678,0,0,0,0,0.0,0.0,8,0.0017470361199229956,0.0020533254742622375,0.5258128643035889,0.47418713569641113,0.056440998743766936,2.0794415416798357
box_lam3em2,箱+λ,44,1,8,32,256,0.03,0.6147726774215698,0.15092335641384125,0.5556965470314026,0.10593146830797195,0.35963717103004456,0.593726634979248,-1.8074594736099243,1.5616217851638794,3.3690812587738037,0,0,0,0,0.0,0.0,8,0.013184974901378155,0.006159976422786712,0.5688729882240295,0.43112701177597046,0.05352411569381951,2.0794415416798357
box_lam1em1,箱+λ,44,1,8,32,256,0.1,0.5989500880241394,0.14384803175926208,0.5506213903427124,0.11328861862421036,0.40060266852378845,0.44425374269485474,-1.040726900100708,1.481574296951294,2.522301197052002,0,0,0,0,0.0,0.0,8,0.09084506332874298,0.020533254742622378,0.6035246253013611,0.3964753746986389,0.044206834188030765,2.0794415416798357
box_lam3em1,箱+λ,44,1,8,32,256,0.3,0.6118672490119934,0.12419480085372925,0.5572786927223206,0.11040974408388138,0.40733423829078674,0.3262076675891876,-0.39897218346595764,1.3602675199508667,1.7592397034168243,0,0,0,0,0.0,0.0,8,0.3725573420524597,0.06159976422786712,0.6336897611618042,0.3663102388381958,0.037623784315312964,2.0794415416798357
box_lam1e0,箱+λ,44,1,8,32,256,1.0,0.6127464175224304,0.10708276182413101,0.5679787397384644,0.1073562353849411,0.3773289918899536,0.2320028841495514,-0.06831219792366028,1.1673591136932373,1.2356713116168976,0,0,0,0,0.0,0.0,8,1.3384429216384888,0.20533254742622375,0.659622311592102,0.34037768840789795,0.034776606293637415,2.0794415416798357
box_lam3e0,箱+λ,44,1,8,32,256,3.0,0.6106241941452026,0.13211561739444733,0.5644680261611938,0.12045325338840485,0.31825166940689087,0.16916783154010773,0.042484886944293976,0.9446890950202942,0.9022042080760002,0,0,0,0,0.0,0.0,8,3.3642969131469727,0.6159976422786713,0.6755514144897461,0.3244485855102539,0.032854383205981864,2.0794415416798357
box_lam1e1,箱+λ,44,1,8,32,256,10.0,0.6001921892166138,0.16317827999591827,0.5690808296203613,0.16380487382411957,0.22921431064605713,0.13565592467784882,0.10032110661268234,0.6742584109306335,0.5739373043179512,0,0,0,0,0.0,0.0,8,7.764926910400391,2.0533254742622375,0.6936508417129517,0.30634915828704834,0.03066681008745612,2.0794415416798357
box_lam3e1,箱+λ,44,1,8,32,256,30.0,0.5970401763916016,0.265068918466568,0.5828237533569336,0.25866466760635376,0.1394185572862625,0.09657803177833557,0.05074777454137802,0.4186569154262543,0.36790914088487625,0,0,0,0,0.0,0.0,8,15.817787170410156,6.159976422786713,0.7223358154296875,0.2776641845703125,0.028776910738675394,2.0794415416798357
box_lam1e2,箱+λ,44,1,8,32,256,100.0,0.5968465209007263,0.35221192240715027,0.5961021184921265,0.3444827198982239,0.060990869998931885,0.04715754836797714,0.019764157012104988,0.19617819786071777,0.17641404084861279,0,0,0,0,0.0,0.0,8,26.27660369873047,20.533254742622375,0.7560611367225647,0.2439388632774353,0.02725960935712815,2.0794415416798357
box_lam1e3,箱+λ,44,1,8,32,256,1000.0,0.599418044090271,0.40649670362472534,0.6048282980918884,0.4016074538230896,0.007494462188333273,0.006190020591020584,0.0022708598989993334,0.025950415059924126,0.023679555160924792,0,0,0,0,0.0,0.0,8,34.81175231933594,205.33254742622375,0.7825701236724854,0.21742987632751465,0.026325043683851326,2.0794415416798357
nobox_lam1em3,无箱互校,44,1,8,32,256,0.001,0.6267746686935425,0.14860659837722778,0.5609145760536194,0.1327109932899475,0.017026739194989204,1.1702871322631836,-3.744246482849121,1.6937930583953857,5.438039541244507,2,0,2,0,0.0625,0.0,8,1.9064367734245025e-05,0.00020533254742622376,0.4599955976009369,0.5400044023990631,0.0526827287709078,2.0794415416798357
nobox_lam1em1,无箱互校,44,1,8,32,256,0.1,0.5989499688148499,0.14384809136390686,0.5506218671798706,0.11328869313001633,0.40060198307037354,0.44425347447395325,-1.0407195091247559,1.4815750122070312,2.522294521331787,0,0,0,0,0.0,0.0,8,0.09084514528512955,0.020533254742622378,0.6035242080688477,0.39647579193115234,0.04420686483985211,2.0794415416798357
scalar,参照,44,1,8,32,256,0.001,0.599906861782074,0.09376712888479233,0.562911331653595,0.09402186423540115,0.5665497183799744,6.055837786789198e-08,0.5665496587753296,0.5665496587753296,0.0,0,0,0,0,0.0,0.0,8,0.018111128360033035,0.0,0.786462664604187,0.213537335395813,0.02620334759351682,2.0794415416798357
nobeta,参照,44,1,8,32,256,0.001,0.5999071002006531,0.4130054712295532,0.6066966652870178,0.40871331095695496,0.0,0.0,0.0,0.0,0.0,0,0,0,0,0.0,0.0,8,1.9064367734245025e-05,0.00020533254742622376,0.786462664604187,0.213537335395813,0.02620334759351682,2.0794415416798357
box_lam1em3,箱+λ,44,1,8,64,256,0.001,0.5939326882362366,0.1201249212026596,0.5440656542778015,0.08209192007780075,-0.24293187260627747,0.6722893714904785,-2.334902048110962,1.3656162023544312,3.700518250465393,0,0,0,0,0.0,0.0,8,4.3538631189221633e-07,0.00010879040509462357,0.4013781249523163,0.5986218750476837,0.0425848484769965,1.3862943611198906
box_lam3em3,箱+λ,44,1,8,64,256,0.003,0.589926540851593,0.11703477799892426,0.5427113771438599,0.07853669673204422,-0.17394886910915375,0.5830520987510681,-1.7544313669204712,1.3328344821929932,3.0872658491134644,0,0,0,0,0.0,0.0,8,3.91162666346645e-06,0.0003263712152838707,0.42098408937454224,0.5790159106254578,0.04218717174684289,1.3862943611198906
box_lam1em2,箱+λ,44,1,8,64,256,0.01,0.5836822390556335,0.10649926960468292,0.5401933789253235,0.07788138091564178,-0.027547433972358704,0.4193294644355774,-0.9422044157981873,1.2331054210662842,2.1753098368644714,0,0,0,0,0.0,0.0,8,4.2987176129827276e-05,0.0010879040509462357,0.47735685110092163,0.5226431488990784,0.04106001510698558,1.3862943611198906
box_lam3em2,箱+λ,44,1,8,64,256,0.03,0.5763084888458252,0.0882672369480133,0.5318922400474548,0.06666400283575058,0.13234589993953705,0.262315958738327,-0.31493788957595825,1.052446722984314,1.3673846125602722,0,0,0,0,0.0,0.0,8,0.00037470634561032057,0.0032637121528387067,0.5670046210289001,0.43299537897109985,0.0394767315001955,1.3862943611198906
box_lam1em1,箱+λ,44,1,8,64,256,0.1,0.5738893151283264,0.07792001962661743,0.5338525176048279,0.05195977911353111,0.2059747576713562,0.19512563943862915,-0.24757254123687744,0.9119387269020081,1.1595112681388855,0,0,0,0,0.0,0.0,8,0.0037507873494178057,0.010879040509462357,0.6225312948226929,0.37746870517730713,0.03844323568025721,1.3862943611198906
box_lam3em1,箱+λ,44,1,8,64,256,0.3,0.5740572810173035,0.07176470756530762,0.5333241820335388,0.05261184275150299,0.2022653967142105,0.17685730755329132,-0.17674699425697327,0.8759782910346985,1.0527252852916718,0,0,0,0,0.0,0.0,8,0.02636234648525715,0.03263712152838707,0.62554532289505,0.37445467710494995,0.03773671398474228,1.3862943611198906
box_lam1e0,箱+λ,44,1,8,64,256,1.0,0.5694931745529175,0.06957252323627472,0.5327309966087341,0.05633101239800453,0.18519122898578644,0.14413602650165558,-0.019681405276060104,0.8008620142936707,0.8205434195697308,0,0,0,0,0.0,0.0,8,0.16356873512268066,0.10879040509462357,0.6273837089538574,0.3726162910461426,0.03633473868774783,1.3862943611198906
box_lam3e0,箱+λ,44,1,8,64,256,3.0,0.5656603574752808,0.05901391804218292,0.5369089245796204,0.052726395428180695,0.15681245923042297,0.10975995659828186,0.01562331523746252,0.682823657989502,0.6672003427520394,0,0,0,0,0.0,0.0,8,0.5771384239196777,0.3263712152838707,0.6299848556518555,0.37001514434814453,0.034944188160528106,1.3862943611198906
box_lam1e1,箱+λ,44,1,8,64,256,10.0,0.5643205642700195,0.06930320709943771,0.5340218544006348,0.07320743799209595,0.11637116968631744,0.08618815988302231,0.021000061184167862,0.5164899826049805,0.4954899214208126,0,0,0,0,0.0,0.0,8,1.5313793420791626,1.0879040509462357,0.6369545459747314,0.36304545402526855,0.0340109210098647,1.3862943611198906
box_lam3e1,箱+λ,44,1,8,64,256,30.0,0.5651611685752869,0.10080387443304062,0.5395851135253906,0.11880578845739365,0.07715164124965668,0.06668849289417267,0.01621159166097641,0.35116705298423767,0.33495546132326126,0,0,0,0,0.0,0.0,8,3.382451057434082,3.263712152838707,0.6540265679359436,0.3459734320640564,0.03344241610628685,1.3862943611198906
box_lam1e2,箱+λ,44,1,8,64,256,100.0,0.5700828433036804,0.1709951013326645,0.554090142250061,0.1819082796573639,0.03829547390341759,0.03741956874728203,0.008314399980008602,0.18996915221214294,0.18165475223213434,0,0,0,0,0.0,0.0,8,6.970706939697266,10.879040509462357,0.681416928768158,0.31858307123184204,0.0328925335774418,1.3862943611198906
box_lam1e3,箱+λ,44,1,8,64,256,1000.0,0.5772982835769653,0.22996340692043304,0.5563188195228577,0.23452593386173248,0.005271674133837223,0.005582599900662899,0.0011376821203157306,0.028973205015063286,0.027835522894747555,0,0,0,0,0.0,0.0,8,11.544092178344727,108.79040509462357,0.7100722193717957,0.28992778062820435,0.03248924199092329,1.3862943611198906
nobox_lam1em3,无箱互校,44,1,8,64,256,0.001,0.5962886810302734,0.12049230188131332,0.5449957251548767,0.08407235890626907,-0.2925584018230438,0.7471950054168701,-2.9473280906677246,1.384144902229309,4.331472992897034,0,0,0,0,0.0,0.0,8,4.349643063505937e-07,0.00010879040509462357,0.3899664878845215,0.6100335121154785,0.04281141838080453,1.3862943611198906
nobox_lam1em1,无箱互校,44,1,8,64,256,0.1,0.573893666267395,0.07791757583618164,0.533865213394165,0.051972322165966034,0.20583274960517883,0.19522163271903992,-0.24727649986743927,0.912220299243927,1.1594967991113663,0,0,0,0,0.0,0.0,8,0.003750778501853347,0.010879040509462357,0.6224203109741211,0.3775796890258789,0.03844463451792231,1.3862943611198906
scalar,参照,44,1,8,64,256,0.001,0.5776064991950989,0.058466244488954544,0.5313758254051208,0.054393868893384933,0.29038605093955994,0.0,0.29038605093955994,0.29038605093955994,0.0,0,0,0,0,0.0,0.0,8,0.004104533698409796,0.0,0.7149675488471985,0.2850324511528015,0.03243661838672923,1.3862943611198906
nobeta,参照,44,1,8,64,256,0.001,0.5776063799858093,0.23750929534435272,0.5567659139633179,0.2434099167585373,0.0,0.0,0.0,0.0,0.0,0,0,0,0,0.0,0.0,8,4.349643063505937e-07,0.00010879040509462357,0.7149670720100403,0.2850329279899597,0.03243662674631687,1.3862943611198906
box_lam1em3,箱+λ,44,1,16,8,256,0.001,0.6594486236572266,0.22567306458950043,0.5787681937217712,0.17187219858169556,0.6993452906608582,1.543339729309082,-3.0,1.640480875968933,4.640480875968933,1,0,1,0,0.125,0.0,8,19.479429244995117,0.0011270601749420166,0.8063082695007324,0.19369173049926758,0.4251272019604213,3.4657359027997265
box_lam3em3,箱+λ,44,1,16,8,256,0.003,0.6593914031982422,0.2260964959859848,0.5788660049438477,0.17207999527454376,0.6987484097480774,1.5427882671356201,-3.0,1.635191559791565,4.635191559791565,1,0,1,0,0.125,0.0,8,19.480030059814453,0.00338118052482605,0.8060767650604248,0.1939232349395752,0.42509726171689194,3.4657359027997265
box_lam1em2,箱+λ,44,1,16,8,256,0.01,0.6591814160346985,0.22601908445358276,0.5792271494865417,0.1729276031255722,0.6967831254005432,1.5409482717514038,-3.0,1.6195060014724731,4.619506001472473,1,0,1,0,0.125,0.0,8,19.486328125,0.011270601749420166,0.8054304122924805,0.19456958770751953,0.4249831544334307,3.4657359027997265
box_lam3em2,箱+λ,44,1,16,8,256,0.03,0.6586013436317444,0.21507571637630463,0.580313503742218,0.17197787761688232,0.69175124168396,1.5362346172332764,-3.0,1.58614182472229,4.58614182472229,1,0,1,0,0.125,0.0,8,19.534099578857422,0.033811805248260496,0.8042578101158142,0.1957421898841858,0.42464934351521794,3.4657359027997265
box_lam1em1,箱+λ,44,1,16,8,256,0.1,0.6565855741500854,0.20811453461647034,0.5733408331871033,0.1507885754108429,0.6767997741699219,1.5233020782470703,-3.0,1.507503628730774,4.507503628730774,1,0,1,0,0.125,0.0,8,19.92303466796875,0.11270601749420167,0.8021853566169739,0.19781464338302612,0.4237512273978957,3.4657359027997265
box_lam3em1,箱+λ,44,1,16,8,256,0.3,0.6231729984283447,0.21144133806228638,0.6068795323371887,0.1775195300579071,1.022519588470459,0.3928982615470886,0.2734996974468231,1.3966723680496216,1.1231726706027985,0,0,0,0,0.0,0.0,8,22.86519432067871,0.33811805248260496,0.8907321095466614,0.10926789045333862,0.3926001517862959,3.4657359027997265
box_lam1e0,箱+λ,44,1,16,8,256,1.0,0.6210582852363586,0.21478161215782166,0.5970402956008911,0.21516096591949463,0.9639031887054443,0.2111394703388214,0.6655532717704773,1.2424606084823608,0.5769073367118835,0,0,0,0,0.0,0.0,8,31.266399383544922,1.1270601749420166,0.9122204184532166,0.08777958154678345,0.38980528324615493,3.4657359027997265
box_lam3e0,箱+λ,44,1,16,8,256,3.0,0.6250002980232239,0.2903507649898529,0.6143670082092285,0.2858779728412628,0.7911185622215271,0.143882617354393,0.607804536819458,1.0438814163208008,0.4360768795013428,0,0,0,0,0.0,0.0,8,55.124122619628906,3.38118052482605,0.9182534217834473,0.08174657821655273,0.3887781353178863,3.4657359027997265
box_lam1e1,箱+λ,44,1,16,8,256,10.0,0.6345753073692322,0.4394693076610565,0.6467681527137756,0.473236083984375,0.4942285120487213,0.10063905268907547,0.3892629146575928,0.679079532623291,0.28981661796569824,0,0,0,0,0.0,0.0,8,111.28660583496094,11.270601749420166,0.9290584921836853,0.0709415078163147,0.3885168800964295,3.4657359027997265
box_lam3e1,箱+λ,44,1,16,8,256,30.0,0.6340463161468506,0.5792980790138245,0.6855695843696594,0.5931161046028137,0.2425300031900406,0.057569731026887894,0.189631849527359,0.34715738892555237,0.15752553939819336,0,0,0,0,0.0,0.0,8,163.59217834472656,33.8118052482605,0.941897988319397,0.05810201168060303,0.38862326674856434,3.4657359027997265
box_lam1e2,箱+λ,44,1,16,8,256,100.0,0.6332952976226807,0.642838716506958,0.7059040665626526,0.6543266177177429,0.08781655132770538,0.022998202592134476,0.06787826120853424,0.12941952049732208,0.06154125928878784,0,0,0,0,0.0,0.0,8,194.55165100097656,112.70601749420166,0.9511192440986633,0.04888075590133667,0.3887886220021682,3.4657359027997265
box_lam1e3,箱+λ,44,1,16,8,256,1000.0,0.6328732967376709,0.6686622500419617,0.7248267531394958,0.682501494884491,0.009564912877976894,0.0026345825754106045,0.007337880786508322,0.014325396157801151,0.0069875153712928295,0,0,0,0,0.0,0.0,8,209.46881103515625,1127.0601749420166,0.956038236618042,0.04396176338195801,0.3889045530568088,3.4657359027997265
nobox_lam1em3,无箱互校,44,1,16,8,256,0.001,0.6652068495750427,0.22516585886478424,0.5791553258895874,0.17052142322063446,-0.6516379714012146,5.333006381988525,-13.815510749816895,1.644302487373352,15.459813237190247,1,1,1,0,0.125,0.125,8,19.43805694580078,0.0011270601749420166,0.7978003025054932,0.20219969749450684,0.42570254097516647,3.4657359027997265
nobox_lam1em1,无箱互校,44,1,16,8,256,0.1,0.6569854021072388,0.2078351080417633,0.5745935440063477,0.15119005739688873,0.6439914703369141,1.614736795425415,-3.264275312423706,1.5079586505889893,4.772233963012695,1,0,1,0,0.125,0.0,8,19.913877487182617,0.11270601749420167,0.8004706501960754,0.19952934980392456,0.424016373331202,3.4657359027997265
scalar,参照,44,1,16,8,256,0.001,0.6328195929527283,0.24618999660015106,0.6015703678131104,0.19715538620948792,1.2927824258804321,0.0,1.2927824258804321,1.2927824258804321,0.0,0,0,0,0,0.0,0.0,8,0.11205091327428818,0.0,0.9566469788551331,0.04335302114486694,0.3889203286775111,3.4657359027997265
nobeta,参照,44,1,16,8,256,0.001,0.6328197121620178,0.6716755032539368,0.7266175746917725,0.6857882738113403,0.0,0.0,0.0,0.0,0.0,0,0,0,0,0.0,0.0,8,19.43805694580078,0.0011270601749420166,0.9566469788551331,0.04335302114486694,0.3889203894698837,3.4657359027997265
box_lam1em3,箱+λ,44,1,16,16,256,0.001,0.6153962016105652,0.15430253744125366,0.5841104388237,0.09248460829257965,-0.012924909591674805,1.860770583152771,-3.0,2.1210567951202393,5.121056795120239,4,0,4,0,0.25,0.0,16,4.8562541007995605,0.0007243759632110596,0.6506913304328918,0.34930866956710815,0.21498742327389167,2.772588722239781
box_lam3em3,箱+λ,44,1,16,16,256,0.003,0.6335870623588562,0.1552148461341858,0.5924921631813049,0.09725149720907211,-0.003086589276790619,1.854432225227356,-3.0,2.0915780067443848,5.091578006744385,4,0,4,0,0.25,0.0,16,4.871825218200684,0.0021731278896331787,0.6567816138267517,0.3432183861732483,0.21289979799904987,2.772588722239781
box_lam1em2,箱+λ,44,1,16,16,256,0.01,0.6119624376296997,0.17720063030719757,0.5881040096282959,0.09029338508844376,0.1816491335630417,1.643264651298523,-3.0,1.9382665157318115,4.9382665157318115,3,0,3,0,0.1875,0.0,16,5.020656585693359,0.007243759632110595,0.6944242715835571,0.30557572841644287,0.20084543040751543,2.772588722239781
box_lam3em2,箱+λ,44,1,16,16,256,0.03,0.6512613296508789,0.1860622763633728,0.5660730600357056,0.10150640457868576,0.19291231036186218,1.6211681365966797,-3.0,1.711122751235962,4.711122751235962,3,0,3,0,0.1875,0.0,16,5.2755126953125,0.021731278896331786,0.7019391655921936,0.2980608344078064,0.19606140503813005,2.772588722239781
box_lam1em1,箱+λ,44,1,16,16,256,0.1,0.6488732099533081,0.18337903916835785,0.5452359914779663,0.07675687968730927,0.4114479720592499,1.1683207750320435,-3.0,1.437721610069275,4.437721610069275,1,0,1,0,0.0625,0.0,16,5.9197163581848145,0.07243759632110595,0.7385885715484619,0.2614114284515381,0.1871246374950342,2.772588722239781
box_lam3em1,箱+λ,44,1,16,16,256,0.3,0.5952596664428711,0.18179851770401,0.5243076086044312,0.08541996031999588,0.6086249351501465,0.5509698987007141,-0.8079202175140381,1.1664128303527832,1.9743330478668213,0,0,0,0,0.0,0.0,16,7.635179042816162,0.21731278896331788,0.7883948087692261,0.21160519123077393,0.12113254883205037,2.772588722239781
box_lam1e0,箱+λ,44,1,16,16,256,1.0,0.5526727437973022,0.16821739077568054,0.5319371223449707,0.13204504549503326,0.6316632628440857,0.2563624978065491,0.0833251029253006,1.0597459077835083,0.9764208048582077,0,0,0,0,0.0,0.0,16,11.705684661865234,0.7243759632110596,0.8260286450386047,0.17397135496139526,0.09503559150246656,2.772588722239781
box_lam3e0,箱+λ,44,1,16,16,256,3.0,0.5624988675117493,0.19379836320877075,0.548952043056488,0.17729361355304718,0.5456476211547852,0.1796453446149826,0.22999610006809235,0.9271836280822754,0.697187528014183,0,0,0,0,0.0,0.0,16,20.507110595703125,2.1731278896331787,0.8337542414665222,0.16624575853347778,0.09348953507936371,2.772588722239781
box_lam1e1,箱+λ,44,1,16,16,256,10.0,0.5736827254295349,0.28502437472343445,0.5503767728805542,0.296195387840271,0.3744811415672302,0.13163669407367706,0.16090229153633118,0.6684393286705017,0.5075370371341705,0,0,0,0,0.0,0.0,16,47.07823181152344,7.243759632110596,0.8480395078659058,0.15196049213409424,0.09157615594262561,2.772588722239781
box_lam3e1,箱+λ,44,1,16,16,256,30.0,0.5848603248596191,0.4177953004837036,0.602708637714386,0.42729106545448303,0.20137052237987518,0.0791328176856041,0.08033716678619385,0.3801466226577759,0.29980945587158203,0,0,0,0,0.0,0.0,16,84.30194091796875,21.731278896331787,0.8696266412734985,0.13037335872650146,0.08913887573744954,2.772588722239781
box_lam1e2,箱+λ,44,1,16,16,256,100.0,0.5935169458389282,0.4986915588378906,0.629123330116272,0.5137879848480225,0.07758694142103195,0.03307594358921051,0.029445461928844452,0.15328450500965118,0.12383904308080673,0,0,0,0,0.0,0.0,16,114.0291976928711,72.43759632110596,0.8882361650466919,0.1117638349533081,0.08732219446845543,2.772588722239781
box_lam1e3,箱+λ,44,1,16,16,256,1000.0,0.5986279845237732,0.542748212814331,0.6477043628692627,0.552868127822876,0.008739946410059929,0.0039014508947730064,0.0032241763547062874,0.01775396801531315,0.014529791660606861,0,0,0,0,0.0,0.0,16,130.8808135986328,724.3759632110596,0.8994126915931702,0.10058730840682983,0.08634129433767912,2.772588722239781
nobox_lam1em3,无箱互校,44,1,16,16,256,0.001,0.6203716993331909,0.14815932512283325,0.5906931161880493,0.09096881002187729,-2.711031436920166,6.642781734466553,-13.815510749816895,2.1188924312591553,15.93440318107605,4,4,4,0,0.25,0.25,16,4.792858600616455,0.0007243759632110596,0.6361547708511353,0.36384522914886475,0.2159441584365402,2.772588722239781
nobox_lam1em1,无箱互校,44,1,16,16,256,0.1,0.649258017539978,0.1813034564256668,0.5447942018508911,0.07618066668510437,-0.263696551322937,3.6871533393859863,-13.815510749816895,1.4369040727615356,15.25241482257843,1,1,1,0,0.0625,0.0625,16,5.870205879211426,0.07243759632110595,0.7327908277511597,0.26720917224884033,0.1886174701958833,2.772588722239781
scalar,参照,44,1,16,16,256,0.001,0.5992912650108337,0.188174307346344,0.5802786350250244,0.14362840354442596,0.8794897794723511,1.2311882358062576e-07,0.8794896602630615,0.8794896602630615,0.0,0,0,0,0,0.0,0.0,16,0.060018330812454224,0.0,0.9008628129959106,0.09913718700408936,0.08621997555901251,2.772588722239781
nobeta,参照,44,1,16,16,256,0.001,0.5992913246154785,0.5489926338195801,0.6497727036476135,0.5572791695594788,0.0,0.0,0.0,0.0,0.0,0,0,0,0,0.0,0.0,16,4.792858600616455,0.0007243759632110596,0.9008628129959106,0.09913718700408936,0.08622002875233858,2.772588722239781
box_lam1em3,箱+λ,44,1,16,32,256,0.001,0.5935331583023071,0.13697557151317596,0.5108494162559509,0.05920511484146118,-0.04944503307342529,1.5143166780471802,-3.0,1.6455978155136108,4.645597815513611,5,0,5,0,0.15625,0.0,16,0.00273661850951612,0.00041092032194137574,0.5700631737709045,0.42993682622909546,0.06465441329522678,2.0794415416798357
box_lam3em3,箱+λ,44,1,16,32,256,0.003,0.5943682789802551,0.1321360170841217,0.5025545358657837,0.05701816454529762,-0.030072540044784546,1.4959570169448853,-3.0,1.6095865964889526,4.609586596488953,5,0,5,0,0.15625,0.0,16,0.00782037153840065,0.0012327609658241271,0.5775395631790161,0.4224604368209839,0.06228961659586414,2.0794415416798357
box_lam1em2,箱+λ,44,1,16,32,256,0.01,0.583328366279602,0.1284717321395874,0.4882480800151825,0.060689736157655716,0.01320076733827591,1.4401551485061646,-3.0,1.4987716674804688,4.498771667480469,4,0,4,0,0.125,0.0,16,0.03824809566140175,0.004109203219413758,0.5933406949043274,0.4066593050956726,0.05785811859642067,2.0794415416798357
box_lam3em2,箱+λ,44,1,16,32,256,0.03,0.5607569813728333,0.14083927869796753,0.4810429811477661,0.07214326411485672,0.19772186875343323,1.1061270236968994,-3.0,1.323226809501648,4.323226809501648,2,0,2,0,0.0625,0.0,16,0.17781361937522888,0.012327609658241272,0.6360414624214172,0.36395853757858276,0.054354730151154884,2.0794415416798357
box_lam1em1,箱+λ,44,1,16,32,256,0.1,0.5231595039367676,0.12916868925094604,0.4592152535915375,0.06832250207662582,0.31587010622024536,0.8136904239654541,-3.0,1.1542385816574097,4.15423858165741,1,0,1,0,0.03125,0.0,16,0.6680414080619812,0.041092032194137575,0.6716833114624023,0.32831668853759766,0.05084983709466605,2.0794415416798357
box_lam3em1,箱+λ,44,1,16,32,256,0.3,0.5011212229728699,0.13352838158607483,0.4563314914703369,0.06894263625144958,0.3739127218723297,0.5055578947067261,-1.5954654216766357,1.048861026763916,2.6443264484405518,0,0,0,0,0.0,0.0,16,1.6499274969100952,0.12327609658241272,0.6928979754447937,0.3071020245552063,0.04951566868690617,2.0794415416798357
box_lam1e0,箱+λ,44,1,16,32,256,1.0,0.4679924547672272,0.11278197169303894,0.4364653527736664,0.09235832840204239,0.3850114047527313,0.22480393946170807,-0.1129518523812294,0.8963121175765991,1.0092639699578285,0,0,0,0,0.0,0.0,16,3.877737283706665,0.41092032194137573,0.7202695608139038,0.2797304391860962,0.047046533278462296,2.0794415416798357
box_lam3e0,箱+λ,44,1,16,32,256,3.0,0.46176382899284363,0.11781839281320572,0.434126615524292,0.11163285374641418,0.33315804600715637,0.1569739133119583,0.12476304173469543,0.7874494791030884,0.6626864373683929,0,0,0,0,0.0,0.0,16,6.961431980133057,1.2327609658241272,0.7241698503494263,0.27583014965057373,0.04753341939100393,2.0794415416798357
box_lam1e1,箱+λ,44,1,16,32,256,10.0,0.46090760827064514,0.1739310622215271,0.4365459382534027,0.16027840971946716,0.2450839877128601,0.13112092018127441,0.11531888693571091,0.6231938004493713,0.5078749135136604,0,0,0,0,0.0,0.0,16,15.334359169006348,4.109203219413757,0.7355989217758179,0.26440107822418213,0.046902204586748236,2.0794415416798357
box_lam3e1,箱+λ,44,1,16,32,256,30.0,0.46234625577926636,0.27514633536338806,0.45057862997055054,0.2720165252685547,0.1474212408065796,0.08932235836982727,0.057613324373960495,0.40321269631385803,0.34559937193989754,0,0,0,0,0.0,0.0,16,32.90589141845703,12.327609658241272,0.7609438300132751,0.23905616998672485,0.044451911014302105,2.0794415416798357
box_lam1e2,箱+λ,44,1,16,32,256,100.0,0.4575594365596771,0.364395409822464,0.47053277492523193,0.3535443842411041,0.06269606947898865,0.04136718437075615,0.022006485611200333,0.18270596861839294,0.1606994830071926,0,0,0,0,0.0,0.0,16,54.08702850341797,41.09203219413757,0.7892840504646301,0.21071594953536987,0.041832515858287664,2.0794415416798357
box_lam1e3,箱+λ,44,1,16,32,256,1000.0,0.45433929562568665,0.4116874039173126,0.48444128036499023,0.4044651687145233,0.007516372017562389,0.0052210064604878426,0.0024883756414055824,0.022887004539370537,0.020398628897964954,0,0,0,0,0.0,0.0,16,69.86094665527344,410.92032194137573,0.8099055886268616,0.19009441137313843,0.040081034408959035,2.0794415416798357
nobox_lam1em3,无箱互校,44,1,16,32,256,0.001,0.5939717292785645,0.1370133012533188,0.5098369121551514,0.06311669200658798,-1.5839260816574097,5.048602104187012,-13.815510749816895,1.6250911951065063,15.4406019449234,5,4,5,0,0.15625,0.125,16,0.0026371143758296967,0.00041092032194137574,0.5575306415557861,0.44246935844421387,0.06465819002137756,2.0794415416798357
nobox_lam1em1,无箱互校,44,1,16,32,256,0.1,0.5226165652275085,0.12990880012512207,0.4595940411090851,0.0678710862994194,-0.021518971771001816,2.575073003768921,-13.815510749816895,1.1597094535827637,14.975220203399658,1,1,1,0,0.03125,0.03125,16,0.6582552194595337,0.041092032194137575,0.6667712330818176,0.3332287669181824,0.05091019252213611,2.0794415416798357
scalar,参照,44,1,16,32,256,0.001,0.4545210599899292,0.10364975035190582,0.42881831526756287,0.08272437751293182,0.5671892762184143,6.055837786789198e-08,0.5671893358230591,0.5671893358230591,0.0,0,0,0,0,0.0,0.0,16,0.013682419434189796,0.0,0.8128169178962708,0.18718308210372925,0.03984483704360326,2.0794415416798357
nobeta,参照,44,1,16,32,256,0.001,0.45452141761779785,0.41786137223243713,0.48735907673835754,0.4111013114452362,0.0,0.0,0.0,0.0,0.0,0,0,0,0,0.0,0.0,16,0.0026371143758296967,0.00041092032194137574,0.8128169178962708,0.18718308210372925,0.03984481044694023,2.0794415416798357
box_lam1em3,箱+λ,44,1,16,64,256,0.001,0.48779061436653137,0.12316001951694489,0.41959148645401,0.028660304844379425,-0.18386998772621155,0.9256489872932434,-2.9394311904907227,1.087679386138916,4.027110576629639,0,0,0,0,0.0,0.0,16,1.5472211089218035e-05,0.00021931640803813935,0.4895879328250885,0.5104120671749115,0.05585695527357818,1.3862943611198906
box_lam3em3,箱+λ,44,1,16,64,256,0.003,0.4848332405090332,0.12222537398338318,0.4195382595062256,0.02792659029364586,-0.11833646893501282,0.8396437168121338,-3.0,1.0727735757827759,4.072773575782776,1,0,1,0,0.015625,0.0,16,0.0001301376469200477,0.000657949224114418,0.5073610544204712,0.4926389455795288,0.05531218342370533,1.3862943611198906
box_lam1em2,箱+λ,44,1,16,64,256,0.01,0.4756655693054199,0.10539968311786652,0.4191053509712219,0.026843732222914696,0.016778267920017242,0.6778705716133118,-3.0,1.0291838645935059,4.029183864593506,1,0,1,0,0.015625,0.0,16,0.00132647342979908,0.0021931640803813934,0.5558462142944336,0.4441537857055664,0.05370586276169139,1.3862943611198906
box_lam3em2,箱+λ,44,1,16,64,256,0.03,0.4692067801952362,0.07159945368766785,0.4151465892791748,0.023797016590833664,0.14303873479366302,0.5551853179931641,-3.0,0.9533493518829346,3.9533493518829346,1,0,1,0,0.015625,0.0,16,0.009915853850543499,0.00657949224114418,0.6207528114318848,0.37924718856811523,0.05120983052787386,1.3862943611198906
box_lam1em1,箱+λ,44,1,16,64,256,0.1,0.4611431360244751,0.061209216713905334,0.41280218958854675,0.03198632970452309,0.2035730481147766,0.39562585949897766,-1.9402925968170166,0.8295313119888306,2.769823908805847,0,0,0,0,0.0,0.0,16,0.0688169002532959,0.021931640803813934,0.6567579507827759,0.3432420492172241,0.04920660026436132,1.3862943611198906
box_lam3em1,箱+λ,44,1,16,64,256,0.3,0.4494835436344147,0.06774118542671204,0.4049910306930542,0.0359424352645874,0.2081848680973053,0.2636752724647522,-1.0240919589996338,0.6828365921974182,1.706928551197052,0,0,0,0,0.0,0.0,16,0.2779896855354309,0.0657949224114418,0.6660966277122498,0.33390337228775024,0.047312731679720096,1.3862943611198906
box_lam1e0,箱+λ,44,1,16,64,256,1.0,0.4441227912902832,0.059508174657821655,0.39691779017448425,0.03910795971751213,0.18902802467346191,0.1504780799150467,-0.35178300738334656,0.5929036736488342,0.9446866810321808,0,0,0,0,0.0,0.0,16,0.8434914946556091,0.21931640803813934,0.6692133545875549,0.33078664541244507,0.04506921576379117,1.3862943611198906
box_lam3e0,箱+λ,44,1,16,64,256,3.0,0.4449995160102844,0.06433424353599548,0.39454278349876404,0.05641835182905197,0.1575113832950592,0.09988155961036682,-0.011949844658374786,0.5225226879119873,0.5344725325703621,0,0,0,0,0.0,0.0,16,1.665949821472168,0.657949224114418,0.6662144660949707,0.3337855339050293,0.04461196213339238,1.3862943611198906
box_lam1e1,箱+λ,44,1,16,64,256,10.0,0.442002534866333,0.062390077859163284,0.39540812373161316,0.07303716987371445,0.11895608901977539,0.08362738788127899,0.043042391538619995,0.44353926181793213,0.40049687027931213,0,0,0,0,0.0,0.0,16,3.1959290504455566,2.1931640803813934,0.6688166856765747,0.3311833143234253,0.04449772566613931,1.3862943611198906
box_lam3e1,箱+λ,44,1,16,64,256,30.0,0.4382931590080261,0.09845265001058578,0.39809566736221313,0.11363551020622253,0.07951277494430542,0.06365974992513657,0.023448316380381584,0.32498693466186523,0.30153861828148365,0,0,0,0,0.0,0.0,16,6.9174113273620605,6.57949224114418,0.6845648884773254,0.31543511152267456,0.04351199254173746,1.3862943611198906
box_lam1e2,箱+λ,44,1,16,64,256,100.0,0.4370802938938141,0.16822627186775208,0.3982332646846771,0.17793779075145721,0.038577716797590256,0.03369797393679619,0.01022953912615776,0.16950075328350067,0.1592712141573429,0,0,0,0,0.0,0.0,16,14.070108413696289,21.931640803813934,0.7090772986412048,0.29092270135879517,0.0419746066307836,1.3862943611198906
box_lam1e3,箱+λ,44,1,16,64,256,1000.0,0.4382675290107727,0.21862541139125824,0.41366997361183167,0.22999559342861176,0.005132433492690325,0.004740653093904257,0.0012731788447126746,0.023813776671886444,0.02254059782717377,0,0,0,0,0.0,0.0,16,22.201385498046875,219.31640803813934,0.7323123216629028,0.26768767833709717,0.04062420286000329,1.3862943611198906
nobox_lam1em3,无箱互校,44,1,16,64,256,0.001,0.4878818690776825,0.12589237093925476,0.4207129180431366,0.028855469077825546,-0.2944904863834381,1.222329020500183,-5.13121223449707,1.0999701023101807,6.231182336807251,2,0,2,0,0.03125,0.0,16,1.5531495591858402e-05,0.00021931640803813935,0.47592055797576904,0.524079442024231,0.05631753348685619,1.3862943611198906
nobox_lam1em1,无箱互校,44,1,16,64,256,0.1,0.4611392021179199,0.06122669205069542,0.4127965569496155,0.03199014440178871,0.20349441468715668,0.3958309292793274,-1.9424424171447754,0.8296307325363159,2.7720731496810913,0,0,0,0,0.0,0.0,16,0.06881701946258545,0.021931640803813934,0.6567080020904541,0.3432919979095459,0.04920944610730593,1.3862943611198906
scalar,参照,44,1,16,64,256,0.001,0.43847331404685974,0.05203280225396156,0.3867374658584595,0.0500253327190876,0.28790488839149475,0.0,0.28790488839149475,0.28790488839149475,0.0,0,0,0,0,0.0,0.0,16,0.004129599314182997,0.0,0.7360536456108093,0.2639463543891907,0.04041834848764568,1.3862943611198906
nobeta,参照,44,1,16,64,256,0.001,0.438473105430603,0.2285703867673874,0.418977290391922,0.2371012419462204,0.0,0.0,0.0,0.0,0.0,0,0,0,0,0.0,0.0,16,1.5531495591858402e-05,0.00021931640803813935,0.7360536456108093,0.2639463543891907,0.04041833708907581,1.3862943611198906
box_lam1em3,箱+λ,44,1,32,8,256,0.001,0.4978383481502533,0.24994155764579773,0.4600972831249237,0.18211248517036438,0.9209494590759277,0.5871029496192932,0.08206212520599365,1.9502283334732056,1.868166208267212,0,0,0,0,0.0,0.0,8,17.51402473449707,0.0010442830324172974,0.8261299729347229,0.1738700270652771,0.42771735076938594,3.4657359027997265
box_lam3em3,箱+λ,44,1,32,8,256,0.003,0.4977153539657593,0.2504362463951111,0.4604288339614868,0.181376114487648,0.9228404760360718,0.580785870552063,0.08936111629009247,1.9394623041152954,1.850101187825203,0,0,0,0,0.0,0.0,8,17.51591682434082,0.0031328490972518924,0.8274970054626465,0.17250299453735352,0.4277066189327087,3.4657359027997265
box_lam1em2,箱+λ,44,1,32,8,256,0.01,0.49732735753059387,0.25181645154953003,0.46209144592285156,0.179081529378891,0.9287121295928955,0.5602850317955017,0.11449243128299713,1.9035868644714355,1.7890944331884384,0,0,0,0,0.0,0.0,8,17.53506088256836,0.010442830324172973,0.8318110704421997,0.1681889295578003,0.4276778625826934,3.4657359027997265
box_lam3em2,箱+λ,44,1,32,8,256,0.03,0.49649229645729065,0.25381115078926086,0.463995099067688,0.1782025694847107,0.9408544301986694,0.5122004151344299,0.1804570108652115,1.8139766454696655,1.633519634604454,0,0,0,0,0.0,0.0,8,17.659114837646484,0.03132849097251892,0.8412090539932251,0.1587909460067749,0.4276441339531365,3.4657359027997265
box_lam1em1,箱+λ,44,1,32,8,256,0.1,0.4950944781303406,0.22827978432178497,0.46798834204673767,0.18091881275177002,0.9583544731140137,0.4080253541469574,0.33834877610206604,1.5934998989105225,1.2551511228084564,0,0,0,0,0.0,0.0,8,18.316640853881836,0.10442830324172975,0.8583723306655884,0.14162766933441162,0.4276862740222512,3.4657359027997265
box_lam3em1,箱+λ,44,1,32,8,256,0.3,0.49423810839653015,0.22174996137619019,0.4657480716705322,0.19113601744174957,0.9548712968826294,0.28703853487968445,0.504418134689331,1.376039981842041,0.87162184715271,0,0,0,0,0.0,0.0,8,19.97967529296875,0.3132849097251892,0.8735084533691406,0.12649154663085938,0.4277833992159629,3.4657359027997265
box_lam1e0,箱+λ,44,1,32,8,256,1.0,0.5088657140731812,0.24475198984146118,0.4553244113922119,0.22312191128730774,0.8870056867599487,0.1994321495294571,0.5674628019332886,1.2409381866455078,0.6734753847122192,0,0,0,0,0.0,0.0,8,24.88701057434082,1.0442830324172974,0.882976233959198,0.117023766040802,0.4277185109679456,3.4657359027997265
box_lam3e0,箱+λ,44,1,32,8,256,3.0,0.5155170559883118,0.2935626208782196,0.46828344464302063,0.3129371404647827,0.7295247316360474,0.16603206098079681,0.48351308703422546,1.023903250694275,0.5403901636600494,0,0,0,0,0.0,0.0,8,41.24011993408203,3.132849097251892,0.8907780051231384,0.10922199487686157,0.42750747913706943,3.4657359027997265
box_lam1e1,箱+λ,44,1,32,8,256,10.0,0.5085608959197998,0.46613532304763794,0.5177146196365356,0.49215152859687805,0.45669376850128174,0.119852215051651,0.293465256690979,0.6630268096923828,0.3695615530014038,0,0,0,0,0.0,0.0,8,84.0248794555664,10.442830324172974,0.9062652587890625,0.0937347412109375,0.4271897504743641,3.4657359027997265
box_lam3e1,箱+λ,44,1,32,8,256,30.0,0.5014481544494629,0.5811704993247986,0.5870527029037476,0.6025881767272949,0.2239464670419693,0.0663464143872261,0.13765664398670197,0.3383970558643341,0.20074041187763214,0,0,0,0,0.0,0.0,8,125.40968322753906,31.32849097251892,0.9229506254196167,0.0770493745803833,0.4269410950616235,3.4657359027997265
box_lam1e2,箱+λ,44,1,32,8,256,100.0,0.4950004518032074,0.6392065286636353,0.617556631565094,0.6603319644927979,0.08098138123750687,0.025852922350168228,0.04820866137742996,0.12599606812000275,0.07778740674257278,0,0,0,0,0.0,0.0,8,150.2457275390625,104.42830324172974,0.9346393346786499,0.0653606653213501,0.4268140118836739,3.4657359027997265
box_lam1e3,箱+λ,44,1,32,8,256,1000.0,0.4913278818130493,0.6653000116348267,0.6317312121391296,0.6859016418457031,0.00881256628781557,0.00292286928743124,0.005155483260750771,0.013935526832938194,0.008780043572187424,0,0,0,0,0.0,0.0,8,162.28018188476562,1044.2830324172974,0.940873384475708,0.05912661552429199,0.426764123345607,3.4657359027997265
nobox_lam1em3,无箱互校,44,1,32,8,256,0.001,0.49783840775489807,0.24994170665740967,0.4600972831249237,0.1821124255657196,0.9209493398666382,0.5871029496192932,0.08206179738044739,1.950228214263916,1.8681664168834686,0,0,0,0,0.0,0.0,8,17.514022827148438,0.0010442830324172974,0.8261297345161438,0.1738702654838562,0.42771735076938594,3.4657359027997265
nobox_lam1em1,无箱互校,44,1,32,8,256,0.1,0.49509456753730774,0.22827978432178497,0.4679882824420929,0.18091881275177002,0.9583544731140137,0.4080253839492798,0.33834877610206604,1.5934998989105225,1.2551511228084564,0,0,0,0,0.0,0.0,8,18.31663703918457,0.10442830324172975,0.8583722114562988,0.14162778854370117,0.4276862740222512,3.4657359027997265
scalar,参照,44,1,32,8,256,0.001,0.4908584654331207,0.2130037099123001,0.4549482464790344,0.15533432364463806,1.2153769731521606,0.0,1.2153769731521606,1.2153769731521606,0.0,0,0,0,0,0.0,0.0,8,0.09539827704429626,0.0,0.9416465163230896,0.0583534836769104,0.4267588610164255,3.4657359027997265
nobeta,参照,44,1,32,8,256,0.001,0.4908585548400879,0.6683485507965088,0.6363050937652588,0.6888916492462158,0.0,0.0,0.0,0.0,0.0,0,0,0,0,0.0,0.0,8,17.514022827148438,0.0010442830324172974,0.9416465163230896,0.0583534836769104,0.42675890245208836,3.4657359027997265
box_lam1em3,箱+λ,44,1,32,16,256,0.001,0.4074169099330902,0.10746169090270996,0.3697664439678192,0.0888621136546135,0.39495885372161865,1.4837697744369507,-3.0,1.920499324798584,4.920499324798584,2,0,2,0,0.125,0.0,16,3.8719496726989746,0.0006496945023536682,0.8043296933174133,0.19567030668258667,0.26752162941595925,2.772588722239781
box_lam3em3,箱+λ,44,1,32,16,256,0.003,0.40687286853790283,0.10638608038425446,0.3698268532752991,0.09057039767503738,0.4005484879016876,1.4728001356124878,-3.0,1.898381233215332,4.898381233215332,2,0,2,0,0.125,0.0,16,3.87604022026062,0.0019490835070610046,0.807166337966919,0.19283366203308105,0.2658676420621239,2.772588722239781
box_lam1em2,箱+λ,44,1,32,16,256,0.01,0.40572255849838257,0.10968326777219772,0.3683846890926361,0.08275813609361649,0.47588101029396057,1.2985011339187622,-3.0,1.826815128326416,4.826815128326416,1,0,1,0,0.0625,0.0,16,3.9187328815460205,0.006496945023536683,0.8212847709655762,0.17871522903442383,0.25858360473688,2.772588722239781
box_lam3em2,箱+λ,44,1,32,16,256,0.03,0.38948675990104675,0.13900671899318695,0.35223013162612915,0.0948093831539154,0.7155233025550842,0.6455497741699219,-0.9590157270431519,1.4975242614746094,2.4565399885177612,0,0,0,0,0.0,0.0,16,4.2681097984313965,0.019490835070610047,0.8613662719726562,0.13863372802734375,0.23362868673806114,2.772588722239781
box_lam1em1,箱+λ,44,1,32,16,256,0.1,0.38941797614097595,0.1475517451763153,0.3530671298503876,0.10318388789892197,0.7502778768539429,0.3484112620353699,-0.20409081876277924,1.197351098060608,1.4014419168233871,0,0,0,0,0.0,0.0,16,4.973719120025635,0.06496945023536682,0.8733914494514465,0.12660855054855347,0.2304246119549774,2.772588722239781
box_lam3em1,箱+λ,44,1,32,16,256,0.3,0.40160080790519714,0.15986357629299164,0.36073070764541626,0.11067600548267365,0.7080610990524292,0.19576869904994965,0.17674775421619415,0.9238947629928589,0.7471470087766647,0,0,0,0,0.0,0.0,16,6.057445526123047,0.19490835070610046,0.8506306409835815,0.14936935901641846,0.23069711359168604,2.772588722239781
box_lam1e0,箱+λ,44,1,32,16,256,1.0,0.39733797311782837,0.17361968755722046,0.36705970764160156,0.14422565698623657,0.620800256729126,0.17334626615047455,0.34801000356674194,0.9475129842758179,0.5995029807090759,0,0,0,0,0.0,0.0,16,8.221504211425781,0.6496945023536682,0.8155290484428406,0.18447095155715942,0.23134771565186707,2.772588722239781
box_lam3e0,箱+λ,44,1,32,16,256,3.0,0.3963834047317505,0.19656489789485931,0.36242765188217163,0.17974181473255157,0.5133388042449951,0.18208307027816772,0.22304512560367584,0.8820629119873047,0.6590177863836288,0,0,0,0,0.0,0.0,16,14.057618141174316,1.9490835070610046,0.8005693554878235,0.1994306445121765,0.2316641805268556,2.772588722239781
box_lam1e1,箱+λ,44,1,32,16,256,10.0,0.39552444219589233,0.2862444519996643,0.376575767993927,0.30469802021980286,0.3482368290424347,0.14962561428546906,0.12671498954296112,0.6565899848937988,0.5298749953508377,0,0,0,0,0.0,0.0,16,34.57783889770508,6.496945023536682,0.8116476535797119,0.18835234642028809,0.2315280022209113,2.772588722239781
box_lam3e1,箱+λ,44,1,32,16,256,30.0,0.39476773142814636,0.4003922641277313,0.40865156054496765,0.43188053369522095,0.18707935512065887,0.09050916135311127,0.061104483902454376,0.37864458560943604,0.31754010170698166,0,0,0,0,0.0,0.0,16,64.91460418701172,19.490835070610046,0.8371394276618958,0.16286057233810425,0.23126262751821222,2.772588722239781
box_lam1e2,箱+λ,44,1,32,16,256,100.0,0.39473870396614075,0.47920843958854675,0.44351926445961,0.5111634731292725,0.0721278190612793,0.03758436068892479,0.022009750828146935,0.1537470519542694,0.13173730112612247,0,0,0,0,0.0,0.0,16,89.53624725341797,64.96945023536682,0.8599179983139038,0.1400820016860962,0.23113208446241498,2.772588722239781
box_lam1e3,箱+λ,44,1,32,16,256,1000.0,0.3946307897567749,0.5282232761383057,0.46549370884895325,0.5510180592536926,0.00813006516546011,0.004410968162119389,0.0023908622097223997,0.01786978542804718,0.01547892321832478,0,0,0,0,0.0,0.0,16,103.57600402832031,649.6945023536682,0.8737586140632629,0.12624138593673706,0.2311049855389135,2.772588722239781
nobox_lam1em3,无箱互校,44,1,32,16,256,0.001,0.40715494751930237,0.10739532113075256,0.37014350295066833,0.08816085010766983,-0.9547815918922424,5.064023494720459,-13.815510749816895,1.9322092533111572,15.747720003128052,2,2,2,0,0.125,0.125,16,3.8622994422912598,0.0006496945023536682,0.7968369722366333,0.2031630277633667,0.26822953699785673,2.772588722239781
nobox_lam1em1,无箱互校,44,1,32,16,256,0.1,0.38941824436187744,0.1475515514612198,0.3530673682689667,0.10318388789892197,0.7502778768539429,0.3484113812446594,-0.20409147441387177,1.1973514556884766,1.4014429301023483,0,0,0,0,0.0,0.0,16,4.973720073699951,0.06496945023536682,0.8733912110328674,0.12660878896713257,0.23042463267280883,2.772588722239781
scalar,参照,44,1,32,16,256,0.001,0.3945651054382324,0.14647743105888367,0.34961259365081787,0.14026658236980438,0.83826744556427,1.2311882358062576e-07,0.8382675647735596,0.8382675647735596,0.0,0,0,0,0,0.0,0.0,16,0.03360498324036598,0.0,0.8755624890327454,0.12443751096725464,0.23110461261794787,2.772588722239781
nobeta,参照,44,1,32,16,256,0.001,0.39456430077552795,0.5344542264938354,0.4680052697658539,0.5558651685714722,0.0,0.0,0.0,0.0,0.0,0,0,0,0,0.0,0.0,16,3.8622994422912598,0.0006496945023536682,0.8755624890327454,0.12443751096725464,0.23110461261794787,2.772588722239781
box_lam1em3,箱+λ,44,1,32,32,256,0.001,0.4275294542312622,0.10989981144666672,0.3957276940345764,0.05685380846261978,-0.14733485877513885,1.739700436592102,-3.0,1.9145737886428833,4.914573788642883,7,0,7,0,0.21875,0.0,32,0.9932625889778137,0.000362987220287323,0.6306984424591064,0.36930155754089355,0.18030185880380395,2.0794415416798357
box_lam3em3,箱+λ,44,1,32,32,256,0.003,0.4283182621002197,0.10685546696186066,0.3884303569793701,0.05852701887488365,-0.12041527032852173,1.7047828435897827,-3.0,1.865325689315796,4.865325689315796,7,0,7,0,0.21875,0.0,32,1.0107848644256592,0.001088961660861969,0.6395351886749268,0.36046481132507324,0.16784244503556406,2.0794415416798357
box_lam1em2,箱+λ,44,1,32,32,256,0.01,0.3923526406288147,0.1038917675614357,0.3571467399597168,0.053650032728910446,-0.025991596281528473,1.5846716165542603,-3.0,1.698882818222046,4.698882818222046,6,0,6,0,0.1875,0.0,32,1.090280294418335,0.00362987220287323,0.6641443371772766,0.3358556628227234,0.13817287372893702,2.0794415416798357
box_lam3em2,箱+λ,44,1,32,32,256,0.03,0.37721753120422363,0.09897568821907043,0.33811450004577637,0.044940285384655,0.1829046607017517,1.245736002922058,-3.0,1.4887597560882568,4.488759756088257,3,0,3,0,0.09375,0.0,32,1.3224341869354248,0.010889616608619689,0.6981073617935181,0.30189263820648193,0.12408585676517911,2.0794415416798357
box_lam1em1,箱+λ,44,1,32,32,256,0.1,0.3440215289592743,0.10314304381608963,0.32398003339767456,0.05930442735552788,0.4354251027107239,0.46193450689315796,-1.0415747165679932,1.1281555891036987,2.169730305671692,0,0,0,0,0.0,0.0,32,2.051534652709961,0.0362987220287323,0.7518653869628906,0.24813461303710938,0.10128503385291894,2.0794415416798357
box_lam3em1,箱+λ,44,1,32,32,256,0.3,0.333702027797699,0.09162043780088425,0.3278014659881592,0.07523417472839355,0.4264669120311737,0.23079995810985565,-0.16354547441005707,0.7577242851257324,0.9212697595357895,0,0,0,0,0.0,0.0,32,2.906334638595581,0.1088961660861969,0.7426919937133789,0.2573080062866211,0.09814999088413712,2.0794415416798357
box_lam1e0,箱+λ,44,1,32,32,256,1.0,0.33782851696014404,0.1008341982960701,0.31985723972320557,0.08102091401815414,0.366049587726593,0.1542796790599823,0.07889437675476074,0.7542937994003296,0.6753994226455688,0,0,0,0,0.0,0.0,32,3.9732255935668945,0.362987220287323,0.7135066390037537,0.28649336099624634,0.10054979945137435,2.0794415416798357
box_lam3e0,箱+λ,44,1,32,32,256,3.0,0.3377617299556732,0.12165334075689316,0.3173956573009491,0.10132993757724762,0.3036814033985138,0.15152989327907562,0.13881972432136536,0.7337261438369751,0.5949064195156097,0,0,0,0,0.0,0.0,32,5.551239967346191,1.088961660861969,0.6971163749694824,0.3028836250305176,0.10227861961231016,2.0794415416798357
box_lam1e1,箱+λ,44,1,32,32,256,10.0,0.3356558084487915,0.14252865314483643,0.3224317729473114,0.17175546288490295,0.22288267314434052,0.13475582003593445,0.09954140335321426,0.6071057319641113,0.5075643286108971,0,0,0,0,0.0,0.0,32,11.377437591552734,3.62987220287323,0.7040231823921204,0.29597681760787964,0.10107139157528346,2.0794415416798357
box_lam3e1,箱+λ,44,1,32,32,256,30.0,0.3355949819087982,0.24787575006484985,0.3408654034137726,0.27339714765548706,0.13498492538928986,0.0915522500872612,0.05272116884589195,0.4000459909439087,0.34732482209801674,0,0,0,0,0.0,0.0,32,24.842561721801758,10.88961660861969,0.7311200499534607,0.2688799500465393,0.09742947650181867,2.0794415416798357
box_lam1e2,箱+λ,44,1,32,32,256,100.0,0.3374883234500885,0.3444315791130066,0.3525379002094269,0.3533596694469452,0.05773822218179703,0.04229823872447014,0.020489929243922234,0.18317824602127075,0.16268831677734852,0,0,0,0,0.0,0.0,32,41.59223937988281,36.2987220287323,0.7625807523727417,0.2374192476272583,0.0935723238776988,2.0794415416798357
box_lam1e3,箱+λ,44,1,32,32,256,1000.0,0.3398984372615814,0.4006274938583374,0.3708030879497528,0.40051835775375366,0.006946367211639881,0.005335093475878239,0.002337939338758588,0.023088200017809868,0.02075026067905128,0,0,0,0,0.0,0.0,32,54.26525115966797,362.987220287323,0.7857882976531982,0.21421170234680176,0.09090505846570447,2.0794415416798357
nobox_lam1em3,无箱互校,44,1,32,32,256,0.001,0.42865297198295593,0.11391188204288483,0.3968794643878937,0.05578179284930229,-2.510462999343872,6.1339850425720215,-13.815510749816895,1.9143493175506592,15.729860067367554,7,7,7,0,0.21875,0.21875,32,0.9787923693656921,0.000362987220287323,0.6152960658073425,0.38470393419265747,0.18089076316200686,2.0794415416798357
nobox_lam1em1,无箱互校,44,1,32,32,256,0.1,0.34402167797088623,0.10314314812421799,0.32397961616516113,0.05930448696017265,0.4354251027107239,0.46193426847457886,-1.0415728092193604,1.1281557083129883,2.1697285175323486,0,0,0,0,0.0,0.0,32,2.051534652709961,0.0362987220287323,0.751865565776825,0.24813443422317505,0.10128504421183465,2.0794415416798357
scalar,参照,44,1,32,32,256,0.001,0.340310275554657,0.10410282015800476,0.32272571325302124,0.07904313504695892,0.5428492426872253,0.0,0.5428492426872253,0.5428492426872253,0.0,0,0,0,0,0.0,0.0,32,0.01437236275523901,0.0,0.7890836596488953,0.21091634035110474,0.09053656075709669,2.0794415416798357
nobeta,参照,44,1,32,32,256,0.001,0.34030988812446594,0.40688449144363403,0.37389126420021057,0.406705379486084,0.0,0.0,0.0,0.0,0.0,0,0,0,0,0.0,0.0,32,0.9787923693656921,0.000362987220287323,0.7890836596488953,0.21091634035110474,0.09053655039818098,2.0794415416798357
box_lam1em3,箱+λ,44,1,32,64,256,0.001,0.34116131067276,0.053111057728528976,0.30789437890052795,0.0057228002697229385,0.1344267725944519,0.9202489256858826,-3.0,1.2804102897644043,4.280410289764404,3,0,3,0,0.046875,0.0,32,0.014530559070408344,0.0001932479441165924,0.6849451661109924,0.31505483388900757,0.063945519354587,1.3862943611198906
box_lam3em3,箱+λ,44,1,32,64,256,0.003,0.33843907713890076,0.04946451634168625,0.3050236701965332,0.008387450128793716,0.15038235485553741,0.8996314406394958,-3.0,1.256765365600586,4.256765365600586,3,0,3,0,0.046875,0.0,32,0.01688830740749836,0.0005797438323497773,0.690999448299408,0.30900055170059204,0.06325327963270329,1.3862943611198906
box_lam1em2,箱+λ,44,1,32,64,256,0.01,0.33235377073287964,0.05057091265916824,0.30408650636672974,0.00860588252544403,0.1842615306377411,0.857151985168457,-3.0,1.1803011894226074,4.180301189422607,3,0,3,0,0.046875,0.0,32,0.02814561501145363,0.001932479441165924,0.7056518793106079,0.2943481206893921,0.061462927512440736,1.3862943611198906
box_lam3em2,箱+λ,44,1,32,64,256,0.03,0.317111998796463,0.04725762456655502,0.29208821058273315,0.014124675653874874,0.264728844165802,0.6067128777503967,-2.7752203941345215,1.0429643392562866,3.818184733390808,0,0,0,0,0.0,0.0,32,0.08030109107494354,0.005797438323497772,0.7280415892601013,0.2719584107398987,0.0578334690351191,1.3862943611198906
box_lam1em1,箱+λ,44,1,32,64,256,0.1,0.29244714975357056,0.044893573969602585,0.2689567804336548,0.026499954983592033,0.2918679416179657,0.3048252761363983,-0.7570647597312927,0.7944112420082092,1.551476001739502,0,0,0,0,0.0,0.0,32,0.26964154839515686,0.01932479441165924,0.7272111177444458,0.2727888822555542,0.05402480131598726,1.3862943611198906
box_lam3em1,箱+λ,44,1,32,64,256,0.3,0.2836073338985443,0.045896273106336594,0.26556554436683655,0.03944678604602814,0.24692511558532715,0.1735716015100479,-0.37256571650505066,0.6062758564949036,0.9788415729999542,0,0,0,0,0.0,0.0,32,0.5950230956077576,0.05797438323497772,0.69673091173172,0.30326908826828003,0.05507494157570581,1.3862943611198906
box_lam1e0,箱+λ,44,1,32,64,256,1.0,0.2804270386695862,0.05642106384038925,0.2662206292152405,0.04670468345284462,0.18846395611763,0.10113545507192612,-0.1163024753332138,0.4470903277397156,0.5633928030729294,0,0,0,0,0.0,0.0,32,1.0611318349838257,0.1932479441165924,0.6612783670425415,0.3387216329574585,0.058560639020782235,1.3862943611198906
box_lam3e0,箱+λ,44,1,32,64,256,3.0,0.2779143452644348,0.06671120971441269,0.26855120062828064,0.053442735224962234,0.1449194848537445,0.0877196416258812,0.00728995306417346,0.4561932384967804,0.44890328543260694,0,0,0,0,0.0,0.0,32,1.5423510074615479,0.5797438323497772,0.6397238373756409,0.36027616262435913,0.061197340451969576,1.3862943611198906
box_lam1e1,箱+λ,44,1,32,64,256,10.0,0.27730312943458557,0.06119992211461067,0.26979854702949524,0.07560335844755173,0.10729091614484787,0.08272872865200043,0.035358525812625885,0.4261576533317566,0.3907991275191307,0,0,0,0,0.0,0.0,32,2.5160961151123047,1.932479441165924,0.6358482837677002,0.3641517162322998,0.061778356495858125,1.3862943611198906
box_lam3e1,箱+λ,44,1,32,64,256,30.0,0.27662068605422974,0.10479044914245605,0.26976993680000305,0.11992231756448746,0.0720786601305008,0.06359322369098663,0.019093530252575874,0.32207709550857544,0.30298356525599957,0,0,0,0,0.0,0.0,32,5.293506145477295,5.797438323497772,0.6509537100791931,0.3490462899208069,0.060089128110771946,1.3862943611198906
box_lam1e2,箱+λ,44,1,32,64,256,100.0,0.27615490555763245,0.16824950277805328,0.2706093490123749,0.18159520626068115,0.03524579107761383,0.03371088206768036,0.008259189315140247,0.1705923229455948,0.16233313363045454,0,0,0,0,0.0,0.0,32,10.903644561767578,19.32479441165924,0.6765694618225098,0.32343053817749023,0.057373030770113256,1.3862943611198906
box_lam1e3,箱+λ,44,1,32,64,256,1000.0,0.2760792076587677,0.22005753219127655,0.27772706747055054,0.22891929745674133,0.004717419855296612,0.004751973785459995,0.001032772590406239,0.024197952821850777,0.023165180231444538,0,0,0,0,0.0,0.0,32,17.42506980895996,193.2479441165924,0.7013747692108154,0.29862523078918457,0.05495553953375637,1.3862943611198906
nobox_lam1em3,无箱互校,44,1,32,64,256,0.001,0.34256312251091003,0.056115832179784775,0.31072986125946045,0.005769663490355015,-0.38243693113327026,3.065368175506592,-13.815510749816895,1.280340552330017,15.095851302146912,3,3,3,0,0.046875,0.046875,32,0.014005038887262344,0.0001932479441165924,0.6751282811164856,0.3248717188835144,0.06431380988488054,1.3862943611198906
nobox_lam1em1,无箱互校,44,1,32,64,256,0.1,0.2924506664276123,0.04490353912115097,0.26895806193351746,0.026500055566430092,0.2918417155742645,0.3048614263534546,-0.75730299949646,0.7944308519363403,1.5517338514328003,0,0,0,0,0.0,0.0,32,0.2696443796157837,0.01932479441165924,0.7271946668624878,0.2728053331375122,0.054025930437799824,1.3862943611198906
scalar,参照,44,1,32,64,256,0.001,0.2756604850292206,0.04468304663896561,0.26015979051589966,0.050316791981458664,0.2793750464916229,0.0,0.2793750464916229,0.2793750464916229,0.0,0,0,0,0,0.0,0.0,32,0.003989912569522858,0.0,0.7054032683372498,0.29459673166275024,0.054582214570426994,1.3862943611198906
nobeta,参照,44,1,32,64,256,0.001,0.2756599485874176,0.22890546917915344,0.2794609069824219,0.2365686297416687,0.0,0.0,0.0,0.0,0.0,0,0,0,0,0.0,0.0,32,0.014005038887262344,0.0001932479441165924,0.7054032683372498,0.29459673166275024,0.05458223528825842,1.3862943611198906
box_lam1em3,箱+λ,44,2,8,8,256,0.001,0.5968499183654785,0.26413390040397644,0.5280877947807312,0.31363368034362793,0.2676287889480591,1.8019241094589233,-2.669093132019043,2.0734262466430664,4.742519378662109,0,0,0,0,0.0,0.0,8,0.4888211786746979,0.0004802820086479187,0.5619180202484131,0.4380819797515869,0.2507436931966717,3.4657359027997265
box_lam3em3,箱+λ,44,2,8,8,256,0.003,0.5787037014961243,0.2662443518638611,0.526606559753418,0.3159603178501129,0.39432257413864136,1.6774823665618896,-3.0,2.060445547103882,5.060445547103882,1,0,1,0,0.125,0.0,8,0.4964551627635956,0.0014408460259437562,0.5925973653793335,0.4074026346206665,0.21743051208104147,3.4657359027997265
box_lam1em2,箱+λ,44,2,8,8,256,0.01,0.6181095838546753,0.28175249695777893,0.5513771176338196,0.2801569402217865,0.5159966945648193,1.5850820541381836,-3.0,2.0197129249572754,5.019712924957275,1,0,1,0,0.125,0.0,8,0.5401281714439392,0.004802820086479187,0.6468777060508728,0.3531222939491272,0.16741468461818299,3.4657359027997265
box_lam3em2,箱+λ,44,2,8,8,256,0.03,0.6530303955078125,0.255835622549057,0.5676948428153992,0.272760272026062,0.572630763053894,1.5426746606826782,-3.0,1.934299349784851,4.934299349784851,1,0,1,0,0.125,0.0,8,0.680796205997467,0.01440846025943756,0.6981081962585449,0.3018918037414551,0.15858457689341893,3.4657359027997265
box_lam1em1,箱+λ,44,2,8,8,256,0.1,0.6718430519104004,0.2463570386171341,0.5741913914680481,0.28422364592552185,0.8881943821907043,0.6630024313926697,-0.43214792013168335,1.7312078475952148,2.163355767726898,0,0,0,0,0.0,0.0,8,1.2665209770202637,0.04802820086479187,0.7954124808311462,0.20458751916885376,0.1566217492438525,3.4657359027997265
box_lam3em1,箱+λ,44,2,8,8,256,0.3,0.6590655446052551,0.2507903575897217,0.5433560013771057,0.26308512687683105,0.9198431968688965,0.32199758291244507,0.4052651524543762,1.4368538856506348,1.0315887331962585,0,0,0,0,0.0,0.0,8,2.7761051654815674,0.1440846025943756,0.8682666420936584,0.13173335790634155,0.15502175459312514,3.4657359027997265
box_lam1e0,箱+λ,44,2,8,8,256,1.0,0.6617110371589661,0.22688381373882294,0.5595707893371582,0.20867659151554108,0.7853889465332031,0.19623856246471405,0.4980824291706085,1.0933350324630737,0.5952526032924652,0,0,0,0,0.0,0.0,8,6.128645896911621,0.4802820086479187,0.8795345425605774,0.12046545743942261,0.15759021254917505,3.4657359027997265
box_lam3e0,箱+λ,44,2,8,8,256,3.0,0.6788750886917114,0.24396221339702606,0.563980221748352,0.26456892490386963,0.5800492167472839,0.2008550465106964,0.3021254241466522,0.8610496520996094,0.5589242279529572,0,0,0,0,0.0,0.0,8,12.150238990783691,1.440846025943756,0.8683241605758667,0.1316758394241333,0.16019197048412417,3.4657359027997265
box_lam1e1,箱+λ,44,2,8,8,256,10.0,0.6772609949111938,0.3987473249435425,0.5872702598571777,0.4342365562915802,0.33422955870628357,0.16319233179092407,0.14030443131923676,0.6237792372703552,0.48347480595111847,0,0,0,0,0.0,0.0,8,23.764453887939453,4.802820086479187,0.875930905342102,0.12406909465789795,0.1598973805966345,3.4657359027997265
box_lam3e1,箱+λ,44,2,8,8,256,30.0,0.6809459328651428,0.5261558890342712,0.6160913705825806,0.5419750213623047,0.1584908664226532,0.09269016981124878,0.0577327199280262,0.33617398142814636,0.27844126150012016,0,0,0,0,0.0,0.0,8,34.79985427856445,14.408460259437561,0.896520733833313,0.10347926616668701,0.15784921344039105,3.4657359027997265
box_lam1e2,箱+λ,44,2,8,8,256,100.0,0.6644413471221924,0.5857582688331604,0.6445217132568359,0.5993200540542603,0.0566120482981205,0.0363490991294384,0.019039494916796684,0.1288403570652008,0.10980086214840412,0,0,0,0,0.0,0.0,8,41.63968276977539,48.02820086479187,0.9122865200042725,0.08771347999572754,0.15619476677054522,3.4657359027997265
box_lam1e3,箱+λ,44,2,8,8,256,1000.0,0.6553149819374084,0.6179338097572327,0.6603173017501831,0.628710150718689,0.006133824586868286,0.004119572229683399,0.0019832244142889977,0.014457237906754017,0.01247401349246502,0,0,0,0,0.0,0.0,8,45.025535583496094,480.2820086479187,0.9206819534301758,0.07931804656982422,0.15528166729209197,3.4657359027997265
nobox_lam1em3,无箱互校,44,2,8,8,256,0.001,0.5956799387931824,0.2644175589084625,0.526702344417572,0.314493864774704,0.2832452654838562,1.7765135765075684,-2.6593196392059326,2.073448419570923,4.7327680587768555,0,0,0,0,0.0,0.0,8,0.4893540143966675,0.0004802820086479187,0.5642552375793457,0.4357447624206543,0.2515495222924416,3.4657359027997265
nobox_lam1em1,无箱互校,44,2,8,8,256,0.1,0.6718430519104004,0.2463570386171341,0.574190616607666,0.28422361612319946,0.8881945610046387,0.6630017757415771,-0.43214553594589233,1.7312079668045044,2.1633535027503967,0,0,0,0,0.0,0.0,8,1.2665209770202637,0.04802820086479187,0.7954127788543701,0.20458722114562988,0.1566217302478577,3.4657359027997265
scalar,参照,44,2,8,8,256,0.001,0.6541863083839417,0.2310527116060257,0.5588496923446655,0.2539808452129364,1.125482201576233,0.0,1.125482201576233,1.125482201576233,0.0,0,0,0,0,0.0,0.0,8,0.046263132244348526,0.0,0.9217162728309631,0.07828372716903687,0.15516715943538653,3.4657359027997265
nobeta,参照,44,2,8,8,256,0.001,0.654188334941864,0.6217207312583923,0.6623049974441528,0.6310965418815613,0.0,0.0,0.0,0.0,0.0,0,0,0,0,0.0,0.0,8,0.4893540143966675,0.0004802820086479187,0.9217162728309631,0.07828372716903687,0.15516712144339692,3.4657359027997265
box_lam1em3,箱+λ,44,2,8,16,256,0.001,0.6754915118217468,0.169125497341156,0.6105014085769653,0.15641731023788452,0.009304556995630264,1.4828391075134277,-3.0,1.9651405811309814,4.9651405811309814,2,0,2,0,0.125,0.0,8,0.0005918415845371783,0.0002851869761943817,0.5897152423858643,0.41028475761413574,0.06955288044245382,2.772588722239781
box_lam3em3,箱+λ,44,2,8,16,256,0.003,0.655228316783905,0.17233632504940033,0.5991994142532349,0.15575124323368073,0.1068572849035263,1.3463561534881592,-2.7812352180480957,1.930647373199463,4.711882591247559,0,0,0,0,0.0,0.0,8,0.003766296897083521,0.0008555609285831452,0.6089794635772705,0.3910205364227295,0.05909757513085027,2.772588722239781
box_lam1em2,箱+λ,44,2,8,16,256,0.01,0.6475695967674255,0.17450085282325745,0.5695067048072815,0.15435229241847992,0.3970141112804413,0.8337388634681702,-1.0598843097686768,1.8233132362365723,2.883197546005249,0,0,0,0,0.0,0.0,8,0.027337679639458656,0.002851869761943817,0.6777591705322266,0.32224082946777344,0.03927188750813772,2.772588722239781
box_lam3em2,箱+λ,44,2,8,16,256,0.03,0.6244164705276489,0.18200911581516266,0.519925057888031,0.15677796304225922,0.5301269888877869,0.5883253812789917,-0.3014977276325226,1.6141242980957031,1.9156220257282257,0,0,0,0,0.0,0.0,8,0.1130208745598793,0.008555609285831451,0.7439711689949036,0.25602883100509644,0.024508986302284267,2.772588722239781
box_lam1em1,箱+λ,44,2,8,16,256,0.1,0.5887693166732788,0.17166303098201752,0.4937393069267273,0.15938112139701843,0.5821458101272583,0.4286145269870758,-0.11749124526977539,1.2954403162002563,1.4129315614700317,0,0,0,0,0.0,0.0,8,0.3233899474143982,0.028518697619438173,0.7866623401641846,0.21333765983581543,0.019404361206859514,2.772588722239781
box_lam3em1,箱+λ,44,2,8,16,256,0.3,0.5647940039634705,0.1761467158794403,0.4778164327144623,0.14826646447181702,0.5779988765716553,0.3111637532711029,-0.035265255719423294,1.0073691606521606,1.042634416371584,0,0,0,0,0.0,0.0,8,0.7323676943778992,0.08555609285831452,0.8006243109703064,0.1993756890296936,0.019586315530382068,2.772588722239781
box_lam1e0,箱+λ,44,2,8,16,256,1.0,0.5487625598907471,0.16806773841381073,0.47880998253822327,0.14542922377586365,0.5142881870269775,0.2143719643354416,0.10542558133602142,0.8632543087005615,0.7578287273645401,0,0,0,0,0.0,0.0,8,1.8093445301055908,0.2851869761943817,0.7956947088241577,0.20430529117584229,0.021732208769167347,2.772588722239781
box_lam3e0,箱+λ,44,2,8,16,256,3.0,0.5381761193275452,0.19223123788833618,0.4854850769042969,0.19504037499427795,0.40493056178092957,0.1789560467004776,0.13667212426662445,0.7326116561889648,0.5959395319223404,0,0,0,0,0.0,0.0,8,4.031025409698486,0.8555609285831451,0.7856558561325073,0.21434414386749268,0.023627783473613755,2.772588722239781
box_lam1e1,箱+λ,44,2,8,16,256,10.0,0.5445889234542847,0.28603821992874146,0.48399412631988525,0.2669498026371002,0.2562901973724365,0.14283527433872223,0.09510026127099991,0.6145892143249512,0.5194889530539513,0,0,0,0,0.0,0.0,8,9.50609302520752,2.851869761943817,0.7937976121902466,0.20620238780975342,0.023397834581957943,2.772588722239781
box_lam3e1,箱+λ,44,2,8,16,256,30.0,0.5395667552947998,0.4044446051120758,0.48512065410614014,0.3898605406284332,0.1329047828912735,0.08855003863573074,0.04806608706712723,0.3796294033527374,0.3315633162856102,0,0,0,0,0.0,0.0,8,17.009170532226562,8.555609285831451,0.8203945159912109,0.17960548400878906,0.02148800813240648,2.772588722239781
box_lam1e2,箱+λ,44,2,8,16,256,100.0,0.5351564884185791,0.4818804860115051,0.5212716460227966,0.4638599455356598,0.050565142184495926,0.03764719143509865,0.017618227750062943,0.16068071126937866,0.14306248351931572,0,0,0,0,0.0,0.0,8,23.28046989440918,28.51869761943817,0.8457739949226379,0.15422600507736206,0.019809486413640286,2.772588722239781
box_lam1e3,箱+λ,44,2,8,16,256,1000.0,0.5323594212532043,0.5324679017066956,0.5397285223007202,0.5010292530059814,0.005675272084772587,0.004486782476305962,0.001928495243191719,0.019112709909677505,0.017184214666485786,0,0,0,0,0.0,0.0,8,26.968578338623047,285.1869761943817,0.8614001274108887,0.13859987258911133,0.018856549959574313,2.772588722239781
nobox_lam1em3,无箱互校,44,2,8,16,256,0.001,0.6749304533004761,0.16708111763000488,0.6079094409942627,0.16048376262187958,-1.022794485092163,4.191951751708984,-13.815510749816895,1.964903473854065,15.78041422367096,2,1,2,0,0.125,0.0625,8,0.0005856220959685743,0.0002851869761943817,0.57936692237854,0.42063307762145996,0.07116397350314801,2.772588722239781
nobox_lam1em1,无箱互校,44,2,8,16,256,0.1,0.5887682437896729,0.17166289687156677,0.4937395751476288,0.15938135981559753,0.5821457505226135,0.4286145865917206,-0.11749137938022614,1.2954403162002563,1.4129316955804825,0,0,0,0,0.0,0.0,8,0.3233902156352997,0.028518697619438173,0.7866621613502502,0.21333783864974976,0.019404433629089723,2.772588722239781
scalar,参照,44,2,8,16,256,0.001,0.5318285822868347,0.18170593678951263,0.4756864011287689,0.16811096668243408,0.7441959977149963,6.155941179031288e-08,0.7441960573196411,0.7441960573196411,0.0,0,0,0,0,0.0,0.0,8,0.02851509489119053,0.0,0.8634390234947205,0.13656097650527954,0.01873660331210529,2.772588722239781
nobeta,参照,44,2,8,16,256,0.001,0.5318284034729004,0.5373640656471252,0.5420498847961426,0.5055590271949768,0.0,0.0,0.0,0.0,0.0,0,0,0,0,0.0,0.0,8,0.0005856220959685743,0.0002851869761943817,0.8634390234947205,0.13656097650527954,0.018736573630863403,2.772588722239781
box_lam1em3,箱+λ,44,2,8,32,256,0.001,0.5795829892158508,0.13359196484088898,0.4868570566177368,0.17025510966777802,0.024064403027296066,0.7482582926750183,-2.2901270389556885,1.1617345809936523,3.451861619949341,0,0,0,0,0.0,0.0,8,4.261423782736529e-06,0.00015380457043647766,0.5662687420845032,0.4337312579154968,0.024813905261951038,2.0794415416798357
box_lam3em3,箱+λ,44,2,8,32,256,0.003,0.5738130807876587,0.128289133310318,0.4709988832473755,0.16985531151294708,0.11019384115934372,0.6049767732620239,-1.5852596759796143,1.1416568756103516,2.726916551589966,0,0,0,0,0.0,0.0,8,3.781771010835655e-05,0.000461413711309433,0.5916137099266052,0.4083862900733948,0.02333813491927364,2.0794415416798357
box_lam1em2,箱+λ,44,2,8,32,256,0.01,0.5619154572486877,0.12150188535451889,0.4605649411678314,0.1545526683330536,0.24480335414409637,0.4229339361190796,-0.7317327857017517,1.0909215211868286,1.8226543068885803,0,0,0,0,0.0,0.0,8,0.00039975650724954903,0.0015380457043647766,0.6484005451202393,0.35159945487976074,0.020846940797607825,2.0794415416798357
box_lam3em2,箱+λ,44,2,8,32,256,0.03,0.551341712474823,0.09893325716257095,0.4569227397441864,0.12952356040477753,0.3318975567817688,0.316315233707428,-0.24940504133701324,1.0270336866378784,1.2764387279748917,0,0,0,0,0.0,0.0,8,0.003154063131660223,0.00461413711309433,0.6975134015083313,0.3024865984916687,0.019421590574150792,2.0794415416798357
box_lam1em1,箱+λ,44,2,8,32,256,0.1,0.5455199480056763,0.09319007396697998,0.4559636414051056,0.1264851987361908,0.3410995304584503,0.2722950279712677,-0.15325088798999786,0.950058102607727,1.103308990597725,0,0,0,0,0.0,0.0,8,0.02414589561522007,0.015380457043647766,0.7068679332733154,0.29313206672668457,0.019108090173829296,2.0794415416798357
box_lam3em1,箱+λ,44,2,8,32,256,0.3,0.543411910533905,0.09148760885000229,0.45508402585983276,0.12257658690214157,0.32807478308677673,0.22502288222312927,-0.07699672132730484,0.8254978656768799,0.9024945870041847,0,0,0,0,0.0,0.0,8,0.11009444296360016,0.0461413711309433,0.7071113586425781,0.2928886413574219,0.01904365694668866,2.0794415416798357
box_lam1e0,箱+λ,44,2,8,32,256,1.0,0.5319885611534119,0.08152632415294647,0.45373785495758057,0.10346425324678421,0.29313910007476807,0.17274361848831177,-0.0037330840714275837,0.7078404426574707,0.7115735267288983,0,0,0,0,0.0,0.0,8,0.4017272889614105,0.15380457043647766,0.7035915851593018,0.29640841484069824,0.019423077010744555,2.0794415416798357
box_lam3e0,箱+λ,44,2,8,32,256,3.0,0.5246203541755676,0.10117022693157196,0.44899657368659973,0.08351417630910873,0.2386799305677414,0.14049391448497772,0.04549827799201012,0.5904918909072876,0.5449936129152775,0,0,0,0,0.0,0.0,8,1.0665780305862427,0.461413711309433,0.6983367800712585,0.30166321992874146,0.02015725558859625,2.0794415416798357
box_lam1e1,箱+λ,44,2,8,32,256,10.0,0.5153229832649231,0.13251037895679474,0.4448312520980835,0.14935070276260376,0.1629643738269806,0.10991977155208588,0.04371506720781326,0.47128477692604065,0.4275697097182274,0,0,0,0,0.0,0.0,8,2.7736899852752686,1.5380457043647766,0.7027791142463684,0.2972208857536316,0.02048391308982196,2.0794415416798357
box_lam3e1,箱+λ,44,2,8,32,256,30.0,0.5105525255203247,0.21351858973503113,0.45071181654930115,0.22577407956123352,0.09383244067430496,0.07355030626058578,0.027620267122983932,0.3517967462539673,0.32417647913098335,0,0,0,0,0.0,0.0,8,5.7549333572387695,4.61413711309433,0.7239723205566406,0.2760276794433594,0.019835977515650367,2.0794415416798357
box_lam1e2,箱+λ,44,2,8,32,256,100.0,0.5079710483551025,0.2935410439968109,0.4554588794708252,0.2975881099700928,0.03934412822127342,0.0345817506313324,0.011542209424078465,0.17301416397094727,0.1614719545468688,0,0,0,0,0.0,0.0,8,9.375394821166992,15.380457043647766,0.7512271404266357,0.24877285957336426,0.018894249885771063,2.0794415416798357
box_lam1e3,箱+λ,44,2,8,32,256,1000.0,0.5077056288719177,0.34532976150512695,0.46174106001853943,0.3371574580669403,0.004708344116806984,0.00444550858810544,0.0012749646557494998,0.02271035686135292,0.02143539220560342,0,0,0,0,0.0,0.0,8,12.230619430541992,153.80457043647766,0.7721741795539856,0.2278258204460144,0.01821785831137639,2.0794415416798357
nobox_lam1em3,无箱互校,44,2,8,32,256,0.001,0.581419050693512,0.13439245522022247,0.4887446463108063,0.17026430368423462,-0.01916329935193062,0.8441976308822632,-2.9005205631256104,1.1668553352355957,4.067375898361206,0,0,0,0,0.0,0.0,8,4.258149601810146e-06,0.00015380457043647766,0.5580170750617981,0.4419829249382019,0.025303852334550306,2.0794415416798357
nobox_lam1em1,无箱互校,44,2,8,32,256,0.1,0.545519232749939,0.09319086372852325,0.4559636414051056,0.12648583948612213,0.3410985469818115,0.2722959518432617,-0.1532527059316635,0.9500579833984375,1.103310689330101,0,0,0,0,0.0,0.0,8,0.024145854637026787,0.015380457043647766,0.7068672776222229,0.2931327223777771,0.019108141225565346,2.0794415416798357
scalar,参照,44,2,8,32,256,0.001,0.5073463916778564,0.0893188863992691,0.43534207344055176,0.1028018593788147,0.4527699649333954,3.027918893394599e-08,0.452769935131073,0.452769935131073,0.0,0,0,0,0,0.0,0.0,8,0.007818103767931461,0.0,0.7751871347427368,0.22481286525726318,0.018125519967862116,2.0794415416798357
nobeta,参照,44,2,8,32,256,0.001,0.5073468685150146,0.35231146216392517,0.46264463663101196,0.34403881430625916,0.0,0.0,0.0,0.0,0.0,0,0,0,0,0.0,0.0,8,4.258149601810146e-06,0.00015380457043647766,0.7751871347427368,0.22481286525726318,0.018125486724871204,2.0794415416798357
box_lam1em3,箱+λ,44,2,8,64,256,0.001,0.5611680150032043,0.11786603927612305,0.46853020787239075,0.14280009269714355,-0.526897132396698,0.8046949505805969,-2.490861415863037,0.9895566701889038,3.480418086051941,0,0,0,0,0.0,0.0,8,1.9305400655866833e-07,7.924961298704147e-05,0.3660438060760498,0.6339561939239502,0.02668189778193556,1.3862943611198906
box_lam3em3,箱+λ,44,2,8,64,256,0.003,0.551799476146698,0.11198095977306366,0.46665260195732117,0.13394784927368164,-0.40878576040267944,0.667335033416748,-1.894091248512268,0.9618492722511292,2.855940520763397,0,0,0,0,0.0,0.0,8,1.737708998916787e-06,0.00023774883896112442,0.3869515657424927,0.6130484342575073,0.026232557022738735,1.3862943611198906
box_lam1em2,箱+λ,44,2,8,64,256,0.01,0.5370610952377319,0.08887764811515808,0.45061248540878296,0.11594007164239883,-0.1816723495721817,0.4416305720806122,-1.026583194732666,0.8907384276390076,1.9173216223716736,0,0,0,0,0.0,0.0,8,1.9061157217947766e-05,0.0007924961298704147,0.4469916522502899,0.5530083477497101,0.025201509038020355,1.3862943611198906
box_lam3em2,箱+λ,44,2,8,64,256,0.03,0.5162344574928284,0.05817746743559837,0.4411446750164032,0.0820036232471466,0.04567647725343704,0.2382739931344986,-0.33732181787490845,0.7927425503730774,1.1300643682479858,0,0,0,0,0.0,0.0,8,0.00016502825019415468,0.002377488389611244,0.5422775745391846,0.45772242546081543,0.024292766765876272,1.3862943611198906
box_lam1em1,箱+λ,44,2,8,64,256,0.1,0.505271315574646,0.04951842501759529,0.446024090051651,0.055170875042676926,0.14546246826648712,0.14986935257911682,-0.10520823299884796,0.712607741355896,0.817815974354744,0,0,0,0,0.0,0.0,8,0.0016168039292097092,0.007924961298704148,0.5999523401260376,0.4000476598739624,0.024140012848123355,1.3862943611198906
box_lam3em1,箱+λ,44,2,8,64,256,0.3,0.5034456849098206,0.05062483623623848,0.44586625695228577,0.052487343549728394,0.1434215009212494,0.13597404956817627,-0.06104838475584984,0.660489022731781,0.7215374074876308,0,0,0,0,0.0,0.0,8,0.010791695676743984,0.02377488389611244,0.601563036441803,0.398436963558197,0.02412352907362831,1.3862943611198906
box_lam1e0,箱+λ,44,2,8,64,256,1.0,0.5011423230171204,0.05405743792653084,0.445218950510025,0.04873702675104141,0.1301070898771286,0.11562236398458481,-0.011789343319833279,0.5352945327758789,0.5470838760957122,0,0,0,0,0.0,0.0,8,0.060148607939481735,0.07924961298704147,0.600215494632721,0.39978450536727905,0.024207491370681723,1.3862943611198906
box_lam3e0,箱+λ,44,2,8,64,256,3.0,0.48874762654304504,0.057871825993061066,0.44407886266708374,0.05612824857234955,0.10921846330165863,0.09481799602508545,0.008998790755867958,0.415127158164978,0.40612836740911007,0,0,0,0,0.0,0.0,8,0.20156794786453247,0.23774883896112442,0.5986242890357971,0.4013757109642029,0.024567057058413742,1.3862943611198906
box_lam1e1,箱+λ,44,2,8,64,256,10.0,0.4849358797073364,0.05944722145795822,0.43803444504737854,0.07191725820302963,0.07905343174934387,0.07247886806726456,0.011474212631583214,0.3195367753505707,0.30806256271898746,0,0,0,0,0.0,0.0,8,0.5847483277320862,0.7924961298704147,0.6010156869888306,0.39898431301116943,0.025128576290452606,1.3862943611198906
box_lam3e1,箱+λ,44,2,8,64,256,30.0,0.4821911156177521,0.09244675189256668,0.4360956847667694,0.09714040905237198,0.04996177554130554,0.05077710002660751,0.008729983121156693,0.2533642649650574,0.24463428184390068,0,0,0,0,0.0,0.0,8,1.3122286796569824,2.377488389611244,0.6127046942710876,0.38729530572891235,0.025284338698883312,1.3862943611198906
box_lam1e2,箱+λ,44,2,8,64,256,100.0,0.4781423509120941,0.13889256119728088,0.44087547063827515,0.153702050447464,0.02362889051437378,0.026683662086725235,0.004868913441896439,0.1532551497220993,0.14838623628020287,0,0,0,0,0.0,0.0,8,2.5186986923217773,7.924961298704147,0.6326816082000732,0.36731839179992676,0.02499497033546662,1.3862943611198906
box_lam1e3,箱+λ,44,2,8,64,256,1000.0,0.4743555188179016,0.19053038954734802,0.4378936290740967,0.20007546246051788,0.0031423289328813553,0.003841874422505498,0.0006270825979299843,0.02356673590838909,0.022939653310459107,0,0,0,0,0.0,0.0,8,3.936983585357666,79.24961298704147,0.6532840132713318,0.3467159867286682,0.024594610748883423,1.3862943611198906
nobox_lam1em3,无箱互校,44,2,8,64,256,0.001,0.5667657256126404,0.1202445775270462,0.47317183017730713,0.14429019391536713,-0.6261992454528809,0.9513427019119263,-3.3551182746887207,1.00481116771698,4.359929442405701,2,0,2,0,0.03125,0.0,8,1.937007709784666e-07,7.924961298704147e-05,0.3536984920501709,0.6463015079498291,0.026954155503028526,1.3862943611198906
nobox_lam1em1,无箱互校,44,2,8,64,256,0.1,0.505290150642395,0.049521759152412415,0.44601303339004517,0.055231764912605286,0.1452832669019699,0.15000642836093903,-0.10544352978467941,0.7127315402030945,0.8181750699877739,0,0,0,0,0.0,0.0,8,0.001616836292669177,0.007924961298704148,0.5998408198356628,0.40015918016433716,0.024140008099124654,1.3862943611198906
scalar,参照,44,2,8,64,256,0.001,0.47411060333251953,0.06586442142724991,0.4300563335418701,0.0704931691288948,0.23899057507514954,3.003791704259129e-08,0.23899060487747192,0.23899060487747192,0.0,0,0,0,0,0.0,0.0,8,0.002719711745157838,0.0,0.6567434072494507,0.3432565927505493,0.02452769023367255,1.3862943611198906
nobeta,参照,44,2,8,64,256,0.001,0.47411036491394043,0.19823598861694336,0.4384789764881134,0.20717193186283112,0.0,0.0,0.0,0.0,0.0,0,0,0,0,0.0,0.0,8,1.937007709784666e-07,7.924961298704147e-05,0.6567434072494507,0.3432565927505493,0.024527740098158925,1.3862943611198906
box_lam1em3,箱+λ,44,2,16,8,256,0.001,0.44670939445495605,0.20008333027362823,0.4078282117843628,0.19699379801750183,0.07714411616325378,1.9934005737304688,-3.0,2.287437677383423,5.287437677383423,2,0,2,0,0.25,0.0,8,1.4681411981582642,0.0004034028053283692,0.6813846230506897,0.3186153769493103,0.38712878141703044,3.4657359027997265
box_lam3em3,箱+λ,44,2,16,8,256,0.003,0.4452269971370697,0.20121540129184723,0.40725240111351013,0.18767255544662476,0.08029763400554657,1.990871787071228,-3.0,2.2607336044311523,5.260733604431152,2,0,2,0,0.25,0.0,8,1.4715938568115234,0.0012102084159851074,0.6849309206008911,0.3150690793991089,0.3867894338252007,3.4657359027997265
box_lam1em2,箱+λ,44,2,16,8,256,0.01,0.44839102029800415,0.19569489359855652,0.40035954117774963,0.18214373290538788,0.263530433177948,1.7104216814041138,-3.0,2.164285182952881,5.164285182952881,1,0,1,0,0.125,0.0,8,1.5084483623504639,0.004034028053283691,0.7096260786056519,0.29037392139434814,0.36149409754854084,3.4657359027997265
box_lam3em2,箱+λ,44,2,16,8,256,0.03,0.46820133924484253,0.1832415908575058,0.4040619730949402,0.2095424085855484,0.6804887652397156,0.8822987079620361,-0.744895339012146,1.8980594873428345,2.6429548263549805,0,0,0,0,0.0,0.0,8,1.7502193450927734,0.012102084159851074,0.8026046752929688,0.19739532470703125,0.3040611825616849,3.4657359027997265
box_lam1em1,箱+λ,44,2,16,8,256,0.1,0.4657401144504547,0.1787903755903244,0.40745246410369873,0.19449758529663086,0.7955625057220459,0.43990209698677063,-0.01479138620197773,1.38014817237854,1.3949395585805178,0,0,0,0,0.0,0.0,8,2.3225276470184326,0.04034028053283692,0.8728211522102356,0.1271788477897644,0.2993745279176385,3.4657359027997265
box_lam3em1,箱+λ,44,2,16,8,256,0.3,0.4658932685852051,0.18398906290531158,0.4031026065349579,0.2022322416305542,0.7336629629135132,0.29637396335601807,0.1473766565322876,1.0674278736114502,0.9200512170791626,0,0,0,0,0.0,0.0,8,2.9336435794830322,0.12102084159851073,0.8548405766487122,0.14515942335128784,0.3005010396619575,3.4657359027997265
box_lam1e0,箱+λ,44,2,16,8,256,1.0,0.45238521695137024,0.1942654699087143,0.39776796102523804,0.23954537510871887,0.6074740290641785,0.2155684530735016,0.24562425911426544,1.011307954788208,0.7656836956739426,0,0,0,0,0.0,0.0,8,4.220580577850342,0.40340280532836914,0.8314602971076965,0.16853970289230347,0.3036138629951553,3.4657359027997265
box_lam3e0,箱+λ,44,2,16,8,256,3.0,0.4541722238063812,0.24362310767173767,0.3984139561653137,0.327851802110672,0.4502653479576111,0.17380422353744507,0.258056640625,0.7900607585906982,0.5320041179656982,0,0,0,0,0.0,0.0,8,7.026634693145752,1.2102084159851074,0.8338406085968018,0.16615939140319824,0.3072511890832412,3.4657359027997265
box_lam1e1,箱+λ,44,2,16,8,256,10.0,0.4574444591999054,0.40151819586753845,0.4198523759841919,0.4543102979660034,0.25480690598487854,0.11906111985445023,0.15652187168598175,0.4578416347503662,0.30131976306438446,0,0,0,0,0.0,0.0,8,12.434595108032227,4.034028053283691,0.8584465980529785,0.14155340194702148,0.30929373555790735,3.4657359027997265
box_lam3e1,箱+λ,44,2,16,8,256,30.0,0.4653385281562805,0.5054309368133545,0.47810617089271545,0.542963445186615,0.11710420995950699,0.06237804517149925,0.06674449145793915,0.2194141298532486,0.15266963839530945,0,0,0,0,0.0,0.0,8,17.171268463134766,12.102084159851074,0.8834665417671204,0.11653345823287964,0.30937852275645183,3.4657359027997265
box_lam1e2,箱+λ,44,2,16,8,256,100.0,0.4704870283603668,0.5554714202880859,0.4865981340408325,0.5876166820526123,0.040826842188835144,0.023308465257287025,0.02233271859586239,0.08078446239233017,0.05845174379646778,0,0,0,0,0.0,0.0,8,19.964996337890625,40.340280532836914,0.8990551829338074,0.10094481706619263,0.3091432208856964,3.4657359027997265
box_lam1e3,箱+λ,44,2,16,8,256,1000.0,0.4731793999671936,0.5776130557060242,0.4899275600910187,0.6039095520973206,0.004363310523331165,0.0025733672082424164,0.002339842263609171,0.008855711668729782,0.006515869405120611,0,0,0,0,0.0,0.0,8,21.316194534301758,403.40280532836914,0.9067760109901428,0.09322398900985718,0.3089909170346181,3.4657359027997265
nobox_lam1em3,无箱互校,44,2,16,8,256,0.001,0.4488627314567566,0.20194202661514282,0.4082001745700836,0.20126618444919586,-2.6266257762908936,6.933112621307373,-13.815510749816895,2.2963500022888184,16.111860752105713,2,2,2,0,0.25,0.25,8,1.4573537111282349,0.0004034028053283692,0.665665864944458,0.334334135055542,0.39113982224102206,3.4657359027997265
nobox_lam1em1,无箱互校,44,2,16,8,256,0.1,0.4657401740550995,0.17879045009613037,0.40745246410369873,0.19449758529663086,0.7955625653266907,0.43990209698677063,-0.01479126513004303,1.3801484107971191,1.3949396759271622,0,0,0,0,0.0,0.0,8,2.3225276470184326,0.04034028053283692,0.8728210926055908,0.12717890739440918,0.2993745279176385,3.4657359027997265
scalar,参照,44,2,16,8,256,0.001,0.4735126197338104,0.26517781615257263,0.40963777899742126,0.22738441824913025,0.9948825836181641,0.0,0.9948825836181641,0.9948825836181641,0.0,0,0,0,0,0.0,0.0,8,0.07763969153165817,0.0,0.9077075123786926,0.09229248762130737,0.30897160881267527,3.4657359027997265
nobeta,参照,44,2,16,8,256,0.001,0.4735127091407776,0.5801876783370972,0.4923565089702606,0.6058008074760437,0.0,0.0,0.0,0.0,0.0,0,0,0,0,0.0,0.0,8,1.4573537111282349,0.0004034028053283692,0.9077075123786926,0.09229248762130737,0.30897160881267527,3.4657359027997265
box_lam1em3,箱+λ,44,2,16,16,256,0.001,0.5566101670265198,0.16428248584270477,0.48628872632980347,0.062290918081998825,0.20934732258319855,1.6719090938568115,-3.0,1.7328102588653564,4.7328102588653564,3,0,3,0,0.1875,0.0,16,0.18074209988117218,0.00021873702108860018,0.7488747239112854,0.2511252760887146,0.15774521615812098,2.772588722239781
box_lam3em3,箱+λ,44,2,16,16,256,0.003,0.5565332174301147,0.15317998826503754,0.4844037890434265,0.05761989578604698,0.2617667317390442,1.5604743957519531,-3.0,1.6805126667022705,4.6805126667022705,2,0,2,0,0.125,0.0,16,0.18431858718395233,0.0006562110632658004,0.7495275735855103,0.25047242641448975,0.15714628853229487,2.772588722239781
box_lam1em2,箱+λ,44,2,16,16,256,0.01,0.49428871273994446,0.15057381987571716,0.441508024930954,0.052616290748119354,0.4268821179866791,1.2377545833587646,-3.0,1.537995457649231,4.537995457649231,1,0,1,0,0.0625,0.0,16,0.20546628534793854,0.0021873702108860015,0.7562055587768555,0.24379444122314453,0.14215782774200378,2.772588722239781
box_lam3em2,箱+λ,44,2,16,16,256,0.03,0.454752653837204,0.1378958523273468,0.3846539556980133,0.06513214111328125,0.6025660037994385,0.7627230882644653,-1.5720783472061157,1.3205597400665283,2.892638087272644,0,0,0,0,0.0,0.0,16,0.28336113691329956,0.0065621106326580044,0.7763947248458862,0.22360527515411377,0.10806389376410266,2.772588722239781
box_lam1em1,箱+λ,44,2,16,16,256,0.1,0.4483471214771271,0.13761702179908752,0.3695457875728607,0.09253834933042526,0.6403968334197998,0.3756198585033417,-0.18371430039405823,1.119117021560669,1.3028313219547272,0,0,0,0,0.0,0.0,16,0.5223138332366943,0.021873702108860017,0.7904667258262634,0.20953327417373657,0.08232298361279419,2.772588722239781
box_lam3em1,箱+λ,44,2,16,16,256,0.3,0.4432743489742279,0.1354386806488037,0.36026039719581604,0.1136908307671547,0.5570317506790161,0.25357678532600403,-0.14039786159992218,0.9399712681770325,1.0803691297769547,0,0,0,0,0.0,0.0,16,0.914683997631073,0.06562110632658004,0.7521061897277832,0.2478938102722168,0.08265756627340448,2.772588722239781
box_lam1e0,箱+λ,44,2,16,16,256,1.0,0.42758214473724365,0.15548260509967804,0.36867755651474,0.135731041431427,0.4374687671661377,0.19396795332431793,0.056944191455841064,0.894538164138794,0.8375939726829529,0,0,0,0,0.0,0.0,16,1.5912153720855713,0.21873702108860016,0.7102059721946716,0.28979402780532837,0.08291390963313047,2.772588722239781
box_lam3e0,箱+λ,44,2,16,16,256,3.0,0.422410786151886,0.18275704979896545,0.37207967042922974,0.19069191813468933,0.32477790117263794,0.17215178906917572,0.13744814693927765,0.7900754809379578,0.6526273339986801,0,0,0,0,0.0,0.0,16,2.821026086807251,0.6562110632658005,0.6993283033370972,0.30067169666290283,0.08182968587683118,2.772588722239781
box_lam1e1,箱+λ,44,2,16,16,256,10.0,0.4357965588569641,0.2773958444595337,0.39025354385375977,0.3036915957927704,0.19891443848609924,0.1308089941740036,0.06899739801883698,0.5308893918991089,0.4618919938802719,0,0,0,0,0.0,0.0,16,5.7182135581970215,2.1873702108860016,0.7207266688346863,0.2792733311653137,0.07789668555607199,2.772588722239781
box_lam3e1,箱+λ,44,2,16,16,256,30.0,0.44173213839530945,0.3808920383453369,0.4226588308811188,0.4077680706977844,0.10069802403450012,0.076459139585495,0.031230704858899117,0.28102409839630127,0.24979339353740215,0,0,0,0,0.0,0.0,16,9.348968505859375,6.562110632658005,0.7546656131744385,0.24533438682556152,0.07361777732096961,2.772588722239781
box_lam1e2,箱+λ,44,2,16,16,256,100.0,0.44788268208503723,0.4538681209087372,0.42071253061294556,0.4708808958530426,0.037637777626514435,0.031089171767234802,0.010954833589494228,0.11405538767576218,0.10310055408626795,0,0,0,0,0.0,0.0,16,12.225382804870605,21.873702108860016,0.7822050452232361,0.21779495477676392,0.07077522560798549,2.772588722239781
box_lam1e3,箱+λ,44,2,16,16,256,1000.0,0.4519364535808563,0.48998698592185974,0.44321873784065247,0.5016937851905823,0.00417940691113472,0.0036048833280801773,0.001177094760350883,0.013308502733707428,0.012131407973356545,0,0,0,0,0.0,0.0,16,13.875814437866211,218.73702108860016,0.7981988191604614,0.20180118083953857,0.06934090676179942,2.772588722239781
nobox_lam1em3,无箱互校,44,2,16,16,256,0.001,0.566028356552124,0.16452312469482422,0.48663797974586487,0.06117573380470276,-1.8172481060028076,5.974887371063232,-13.815510749816895,1.7338931560516357,15.54940390586853,3,3,3,0,0.1875,0.1875,16,0.17681972682476044,0.00021873702108860018,0.7345064282417297,0.26549357175827026,0.15899946781865265,2.772588722239781
nobox_lam1em1,无箱互校,44,2,16,16,256,0.1,0.4483482241630554,0.13761723041534424,0.3695451319217682,0.09253817796707153,0.6403967142105103,0.37562018632888794,-0.1837165206670761,1.1191165447235107,1.3028330653905869,0,0,0,0,0.0,0.0,16,0.5223139524459839,0.021873702108860017,0.7904670834541321,0.20953291654586792,0.08232302709978055,2.772588722239781
scalar,参照,44,2,16,16,256,0.001,0.45248091220855713,0.15605784952640533,0.400033563375473,0.16777625679969788,0.7044286727905273,0.0,0.7044286727905273,0.7044286727905273,0.0,0,0,0,0,0.0,0.0,16,0.0306675024330616,0.0,0.8002506494522095,0.19974935054779053,0.06916785961822848,2.772588722239781
nobeta,参照,44,2,16,16,256,0.001,0.452481210231781,0.4931896924972534,0.4461289048194885,0.5054616928100586,0.0,0.0,0.0,0.0,0.0,0,0,0,0,0.0,0.0,16,0.17681972682476044,0.00021873702108860018,0.8002506494522095,0.19974935054779053,0.06916782234366875,2.772588722239781
box_lam1em3,箱+λ,44,2,16,32,256,0.001,0.3625715672969818,0.1102365106344223,0.3133392632007599,0.04616669937968254,0.4380214810371399,0.4543381333351135,-0.2288820892572403,1.3312913179397583,1.5601734071969986,0,0,0,0,0.0,0.0,16,0.0010745057370513678,0.00011533414572477341,0.7318071722984314,0.2681928277015686,0.034200470882051096,2.0794415416798357
box_lam3em3,箱+λ,44,2,16,32,256,0.003,0.35498228669166565,0.10785224288702011,0.3097981810569763,0.04462022706866264,0.44944435358047485,0.425790399312973,-0.13885067403316498,1.30937659740448,1.448227271437645,0,0,0,0,0.0,0.0,16,0.001882157172076404,0.0003460024371743202,0.7384584546089172,0.26154154539108276,0.033254442555970265,2.0794415416798357
box_lam1em2,箱+λ,44,2,16,32,256,0.01,0.3379586935043335,0.10329180210828781,0.3052551746368408,0.03958971053361893,0.46854090690612793,0.3626139760017395,-0.023377107456326485,1.2456715106964111,1.2690486181527376,0,0,0,0,0.0,0.0,16,0.0060319192707538605,0.001153341457247734,0.7504310607910156,0.24956893920898438,0.03128629610253569,2.0794415416798357
box_lam3em2,箱+λ,44,2,16,32,256,0.03,0.32226642966270447,0.09733003377914429,0.29948174953460693,0.04342906177043915,0.4665904939174652,0.29429569840431213,-0.02449515089392662,1.1297781467437744,1.154273297637701,0,0,0,0,0.0,0.0,16,0.02163349650800228,0.003460024371743202,0.7500327229499817,0.2499672770500183,0.03022672014886133,2.0794415416798357
box_lam1em1,箱+λ,44,2,16,32,256,0.1,0.3220271170139313,0.08612482994794846,0.295986533164978,0.046155091375112534,0.4217577278614044,0.23553501069545746,-0.05695537105202675,0.9453028440475464,1.0022582150995731,0,0,0,0,0.0,0.0,16,0.0744333267211914,0.011533414572477342,0.7217778563499451,0.27822214365005493,0.032172871505838786,2.0794415416798357
box_lam3em1,箱+λ,44,2,16,32,256,0.3,0.33162686228752136,0.07716266810894012,0.2941957116127014,0.05754902586340904,0.35818788409233093,0.18251296877861023,-0.10315237939357758,0.7368979454040527,0.8400503247976303,0,0,0,0,0.0,0.0,16,0.19595563411712646,0.03460024371743202,0.6828847527503967,0.31711524724960327,0.03553924571299578,2.0794415416798357
box_lam1e0,箱+λ,44,2,16,32,256,1.0,0.32634878158569336,0.09819519519805908,0.2913863956928253,0.06417981535196304,0.27451640367507935,0.14473919570446014,-0.020843399688601494,0.6039279103279114,0.6247713100165129,0,0,0,0,0.0,0.0,16,0.4506394565105438,0.11533414572477341,0.6398948431015015,0.36010515689849854,0.03922860708647208,2.0794415416798357
box_lam3e0,箱+λ,44,2,16,32,256,3.0,0.3417505621910095,0.12791161239147186,0.2863208055496216,0.10722076892852783,0.2019268423318863,0.1280389428138733,0.08482909947633743,0.6322307586669922,0.5474016591906548,0,0,0,0,0.0,0.0,16,0.8562706708908081,0.3460024371743202,0.6188506484031677,0.3811493515968323,0.040944783728522935,2.0794415416798357
box_lam1e1,箱+λ,44,2,16,32,256,10.0,0.33780637383461,0.1667620986700058,0.2885264754295349,0.15299883484840393,0.1305214762687683,0.10323060303926468,0.054074812680482864,0.5006592273712158,0.44658441469073296,0,0,0,0,0.0,0.0,16,1.820803165435791,1.153341457247734,0.626669704914093,0.373330295085907,0.04005319800314876,2.0794415416798357
box_lam3e1,箱+λ,44,2,16,32,256,30.0,0.3282303810119629,0.2328585684299469,0.29460427165031433,0.24240420758724213,0.07300391793251038,0.06766161322593689,0.02644813433289528,0.30489662289619446,0.2784484885632992,0,0,0,0,0.0,0.0,16,3.4554924964904785,3.460024371743202,0.6548415422439575,0.3451584577560425,0.03734575414435171,2.0794415416798357
box_lam1e2,箱+λ,44,2,16,32,256,100.0,0.32449227571487427,0.30640140175819397,0.3078743815422058,0.3084143102169037,0.029985129833221436,0.030866479501128197,0.009140077978372574,0.13573752343654633,0.12659744545817375,0,0,0,0,0.0,0.0,16,5.331225872039795,11.53341457247734,0.6857791543006897,0.3142208456993103,0.0345766705886058,2.0794415416798357
box_lam1e3,箱+λ,44,2,16,32,256,1000.0,0.32280609011650085,0.3463543653488159,0.31742316484451294,0.3426196873188019,0.003541769692674279,0.003874046029523015,0.0009840651182457805,0.017496759071946144,0.016512693953700364,0,0,0,0,0.0,0.0,16,6.753586292266846,115.3341457247734,0.7079797387123108,0.2920202612876892,0.03273769290950714,2.0794415416798357
nobox_lam1em3,无箱互校,44,2,16,32,256,0.001,0.3638792634010315,0.11002760380506516,0.31446197628974915,0.047219906002283096,0.434097558259964,0.459196537733078,-0.2287072092294693,1.3327932357788086,1.561500445008278,0,0,0,0,0.0,0.0,16,0.0010952260345220566,0.00011533414572477341,0.7295926213264465,0.27040737867355347,0.03441065280575828,2.0794415416798357
nobox_lam1em1,无箱互校,44,2,16,32,256,0.1,0.32202741503715515,0.08612474054098129,0.2959859073162079,0.04615487903356552,0.42175763845443726,0.2355351746082306,-0.056956760585308075,0.9453028440475464,1.0022596046328545,0,0,0,0,0.0,0.0,16,0.07443338632583618,0.011533414572477342,0.7217774987220764,0.2782225012779236,0.032172887036905344,2.0794415416798357
scalar,参照,44,2,16,32,256,0.001,0.32260918617248535,0.09054850041866302,0.282336950302124,0.09729959070682526,0.44298264384269714,3.027918893394599e-08,0.44298261404037476,0.44298261404037476,0.0,0,0,0,0,0.0,0.0,16,0.010837851092219353,0.0,0.7111019492149353,0.2888980507850647,0.0324893263055645,2.0794415416798357
nobeta,参照,44,2,16,32,256,0.001,0.3226083517074585,0.351984441280365,0.3191514015197754,0.3465876281261444,0.0,0.0,0.0,0.0,0.0,0,0,0,0,0.0,0.0,16,0.0010952260345220566,0.00011533414572477341,0.7111022472381592,0.2888977527618408,0.0324893263055645,2.0794415416798357
box_lam1em3,箱+λ,44,2,16,64,256,0.001,0.3257850110530853,0.07376930117607117,0.2964078187942505,0.025569256395101547,-0.26269084215164185,0.9267180562019348,-2.9211063385009766,0.9808652400970459,3.9019715785980225,0,0,0,0,0.0,0.0,16,4.192177584627643e-05,5.9181571006774905e-05,0.47626960277557373,0.5237303972244263,0.03838255844824114,1.3862943611198906
box_lam3em3,箱+λ,44,2,16,64,256,0.003,0.3240160346031189,0.07260715961456299,0.29571816325187683,0.025561461225152016,-0.16869524121284485,0.7515093088150024,-2.4148221015930176,0.9565339088439941,3.3713560104370117,0,0,0,0,0.0,0.0,16,8.753546717343852e-05,0.00017754471302032471,0.4899619519710541,0.5100380480289459,0.037898116526428556,1.3862943611198906
box_lam1em2,箱+λ,44,2,16,64,256,0.01,0.31960493326187134,0.06709212809801102,0.29190582036972046,0.0257808119058609,-0.002680659294128418,0.48020124435424805,-1.3064262866973877,0.8820255994796753,2.188451886177063,0,0,0,0,0.0,0.0,16,0.0003762099950108677,0.000591815710067749,0.5283825993537903,0.4716174006462097,0.03650555761199921,1.3862943611198906
box_lam3em2,箱+λ,44,2,16,64,256,0.03,0.3140629231929779,0.06582006067037582,0.2843360900878906,0.024047330021858215,0.14631272852420807,0.26243120431900024,-0.3931988775730133,0.745930552482605,1.1391294300556183,0,0,0,0,0.0,0.0,16,0.0019154573092237115,0.001775447130203247,0.5827784538269043,0.4172215461730957,0.03465191860607135,1.3862943611198906
box_lam1em1,箱+λ,44,2,16,64,256,0.1,0.31492334604263306,0.05783727392554283,0.2829366624355316,0.024066129699349403,0.19426526129245758,0.1635071337223053,-0.1765773743391037,0.6279306411743164,0.8045080155134201,0,0,0,0,0.0,0.0,16,0.00975263211876154,0.005918157100677491,0.6030791997909546,0.3969208002090454,0.03442566202847834,1.3862943611198906
box_lam3em1,箱+λ,44,2,16,64,256,0.3,0.3103783130645752,0.044725239276885986,0.28269699215888977,0.029785489663481712,0.16979405283927917,0.13190314173698425,-0.1941452920436859,0.5367473363876343,0.7308926284313202,0,0,0,0,0.0,0.0,16,0.032586719840765,0.01775447130203247,0.5865070819854736,0.41349291801452637,0.03585699580367229,1.3862943611198906
box_lam1e0,箱+λ,44,2,16,64,256,1.0,0.3055838644504547,0.0481647253036499,0.2842026650905609,0.03911443427205086,0.13135071098804474,0.10028611123561859,-0.14714117348194122,0.3796769380569458,0.526818111538887,0,0,0,0,0.0,0.0,16,0.0946035087108612,0.0591815710067749,0.5633575320243835,0.43664246797561646,0.03788041732298093,1.3862943611198906
box_lam3e0,箱+λ,44,2,16,64,256,3.0,0.3032039701938629,0.04498610273003578,0.27903732657432556,0.056933578103780746,0.09612447768449783,0.07959318161010742,-0.04394103214144707,0.41197487711906433,0.4559159092605114,0,0,0,0,0.0,0.0,16,0.1958979219198227,0.1775447130203247,0.5478726029396057,0.4521273970603943,0.03929842854928284,1.3862943611198906
box_lam1e1,箱+λ,44,2,16,64,256,10.0,0.3043285310268402,0.06322333216667175,0.27978280186653137,0.08094000816345215,0.0638858750462532,0.06324642151594162,0.013838417828083038,0.38024085760116577,0.36640243977308273,0,0,0,0,0.0,0.0,16,0.3979818522930145,0.591815710067749,0.5474260449409485,0.4525739550590515,0.03952578472638804,1.3862943611198906
box_lam3e1,箱+λ,44,2,16,64,256,30.0,0.3056955933570862,0.1055028960108757,0.2750575542449951,0.12298519909381866,0.039018601179122925,0.04504934698343277,0.009072980843484402,0.2652146816253662,0.2561417007818818,0,0,0,0,0.0,0.0,16,0.7869744896888733,1.775447130203247,0.5628143548965454,0.4371856451034546,0.03847483162086577,1.3862943611198906
box_lam1e2,箱+λ,44,2,16,64,256,100.0,0.30631276965141296,0.14501243829727173,0.27812162041664124,0.1644449084997177,0.018027441576123238,0.02337101474404335,0.004018209874629974,0.12972383201122284,0.12570562213659286,0,0,0,0,0.0,0.0,16,1.4270424842834473,5.91815710067749,0.5859184265136719,0.4140815734863281,0.03687512555313435,1.3862943611198906
box_lam1e3,箱+λ,44,2,16,64,256,1000.0,0.30626288056373596,0.18419770896434784,0.2774537205696106,0.20009315013885498,0.0023549930192530155,0.003297083778306842,0.00048029806930571795,0.018730318173766136,0.018250020104460418,0,0,0,0,0.0,0.0,16,2.1476147174835205,59.1815710067749,0.6076557636260986,0.39234423637390137,0.035455573645030054,1.3862943611198906
nobox_lam1em3,无箱互校,44,2,16,64,256,0.001,0.3264492452144623,0.07538961619138718,0.2964579463005066,0.025967344641685486,-0.40730422735214233,1.2970566749572754,-5.382339000701904,0.9929744005203247,6.375313401222229,5,0,5,0,0.078125,0.0,16,4.3040003220085055e-05,5.9181571006774905e-05,0.46705392003059387,0.5329460799694061,0.038694537194585314,1.3862943611198906
nobox_lam1em1,无箱互校,44,2,16,64,256,0.1,0.314924418926239,0.0578586608171463,0.2829417884349823,0.024057194590568542,0.19416776299476624,0.16360574960708618,-0.17664414644241333,0.6280032396316528,0.8046473860740662,0,0,0,0,0.0,0.0,16,0.00975275319069624,0.005918157100677491,0.603028416633606,0.39697158336639404,0.03442727104697358,1.3862943611198906
scalar,参照,44,2,16,64,256,0.001,0.30621644854545593,0.06281124800443649,0.2790597975254059,0.05396915599703789,0.22904452681541443,1.5018958521295644e-08,0.22904451191425323,0.22904451191425323,0.0,0,0,0,0,0.0,0.0,16,0.002836749190464616,0.0,0.6111794710159302,0.3888205289840698,0.03523549843192648,1.3862943611198906
nobeta,参照,44,2,16,64,256,0.001,0.30621618032455444,0.19244840741157532,0.2772347331047058,0.20564447343349457,0.0,0.0,0.0,0.0,0.0,0,0,0,0,0.0,0.0,16,4.3040003220085055e-05,5.9181571006774905e-05,0.6111793518066406,0.3888206481933594,0.03523548911328654,1.3862943611198906
box_lam1em3,箱+λ,44,2,32,8,256,0.001,0.4011346101760864,0.19834721088409424,0.366729736328125,0.12934553623199463,0.49391064047813416,1.5140260457992554,-3.0,1.8170522451400757,4.817052245140076,1,0,1,0,0.125,0.0,8,4.277098655700684,0.0005820629596710205,0.7981040477752686,0.20189595222473145,0.40333938111644746,3.4657359027997265
box_lam3em3,箱+λ,44,2,32,8,256,0.003,0.40081071853637695,0.1953170895576477,0.3669150173664093,0.12962952256202698,0.49402785301208496,1.5107098817825317,-3.0,1.8109254837036133,4.810925483703613,1,0,1,0,0.125,0.0,8,4.278370380401611,0.0017461888790130616,0.79836106300354,0.20163893699645996,0.4031567271828702,3.4657359027997265
box_lam1em2,箱+λ,44,2,32,8,256,0.01,0.3997949957847595,0.1869918406009674,0.3665306270122528,0.1416430026292801,0.4935319721698761,1.500331163406372,-3.0,1.7895069122314453,4.789506912231445,1,0,1,0,0.125,0.0,8,4.291175365447998,0.0058206295967102055,0.7987688779830933,0.20123112201690674,0.40258368275547374,3.4657359027997265
box_lam3em2,箱+λ,44,2,32,8,256,0.03,0.3905746340751648,0.17689248919487,0.3502710163593292,0.14619402587413788,0.8144753575325012,0.5837068557739258,-0.2665218710899353,1.6388791799545288,1.9054010510444641,0,0,0,0,0.0,0.0,8,4.471690654754639,0.017461888790130616,0.8661817312240601,0.13381826877593994,0.38065794799549396,3.4657359027997265
box_lam1em1,箱+λ,44,2,32,8,256,0.1,0.38489800691604614,0.18692149221897125,0.33814331889152527,0.18249216675758362,0.8388080596923828,0.2956988513469696,0.5010327100753784,1.3468116521835327,0.8457789421081543,0,0,0,0,0.0,0.0,8,4.908176422119141,0.058206295967102056,0.88673996925354,0.11326003074645996,0.37971570227829643,3.4657359027997265
box_lam3em1,箱+λ,44,2,32,8,256,0.3,0.380580872297287,0.17215490341186523,0.33861732482910156,0.18371787667274475,0.7671456933021545,0.21507656574249268,0.39448854327201843,1.0466084480285645,0.652119904756546,0,0,0,0,0.0,0.0,8,5.583155155181885,0.17461888790130614,0.8576877117156982,0.14231228828430176,0.3796204631704832,3.4657359027997265
box_lam1e0,箱+λ,44,2,32,8,256,1.0,0.3784427344799042,0.17513257265090942,0.3399243950843811,0.22691141068935394,0.6405436396598816,0.1864844113588333,0.34361428022384644,0.985353946685791,0.6417396664619446,0,0,0,0,0.0,0.0,8,7.269834518432617,0.5820629596710205,0.8241519331932068,0.1758480668067932,0.38094965519992807,3.4657359027997265
box_lam3e0,箱+λ,44,2,32,8,256,3.0,0.389626145362854,0.21772612631320953,0.35502031445503235,0.29687079787254333,0.4846802353858948,0.17271709442138672,0.3006351590156555,0.8015971779823303,0.5009620189666748,0,0,0,0,0.0,0.0,8,11.290230751037598,1.7461888790130615,0.8176783919334412,0.18232160806655884,0.38262285358224063,3.4657359027997265
box_lam1e1,箱+λ,44,2,32,8,256,10.0,0.3931037187576294,0.3810543715953827,0.3932003974914551,0.4360746741294861,0.2827177047729492,0.12609723210334778,0.172815203666687,0.49091869592666626,0.31810349225997925,0,0,0,0,0.0,0.0,8,20.278881072998047,5.820629596710205,0.8394620418548584,0.1605379581451416,0.38353938024791784,3.4657359027997265
box_lam3e1,箱+λ,44,2,32,8,256,30.0,0.38293954730033875,0.4949635863304138,0.4230266213417053,0.5352931618690491,0.13262251019477844,0.06779327988624573,0.07533387839794159,0.24377121031284332,0.16843733191490173,0,0,0,0,0.0,0.0,8,28.831464767456055,17.461888790130615,0.8669834733009338,0.13301652669906616,0.38377706621313246,3.4657359027997265
box_lam1e2,箱+λ,44,2,32,8,256,100.0,0.3757799565792084,0.551740825176239,0.4579057991504669,0.5848097205162048,0.046756643801927567,0.025693047791719437,0.02548498846590519,0.09011872857809067,0.06463374011218548,0,0,0,0,0.0,0.0,8,34.02288818359375,58.20629596710205,0.8855047821998596,0.11449521780014038,0.38391872689865336,3.4657359027997265
box_lam1e3,箱+λ,44,2,32,8,256,1000.0,0.37528303265571594,0.5772126913070679,0.47623443603515625,0.6036314368247986,0.00502411276102066,0.002856978215277195,0.0026833738666027784,0.009904997423291206,0.007221623556688428,0,0,0,0,0.0,0.0,8,36.559791564941406,582.0629596710205,0.8950177431106567,0.10498225688934326,0.3840168486366952,3.4657359027997265
nobox_lam1em3,无箱互校,44,2,32,8,256,0.001,0.4055182635784149,0.20069143176078796,0.36793044209480286,0.12948265671730042,-0.8582610487937927,5.264739990234375,-13.815510749816895,1.8231953382492065,15.638706088066101,1,1,1,0,0.125,0.125,8,4.270123481750488,0.0005820629596710205,0.788130521774292,0.211869478225708,0.40550973962130693,3.4657359027997265
nobox_lam1em1,无箱互校,44,2,32,8,256,0.1,0.3848978877067566,0.18692097067832947,0.33814316987991333,0.18249201774597168,0.8388080596923828,0.29569873213768005,0.5010328888893127,1.3468115329742432,0.8457786440849304,0,0,0,0,0.0,0.0,8,4.908176898956299,0.058206295967102056,0.88673996925354,0.11326003074645996,0.37971570227829643,3.4657359027997265
scalar,参照,44,2,32,8,256,0.001,0.37544217705726624,0.27657753229141235,0.34591615200042725,0.2186516970396042,1.0267096757888794,1.2744008870413381e-07,1.026709794998169,1.026709794998169,0.0,0,0,0,0,0.0,0.0,8,0.08898913860321045,0.0,0.8961806297302246,0.10381937026977539,0.3840305879262264,3.4657359027997265
nobeta,参照,44,2,32,8,256,0.001,0.3754422962665558,0.5801876187324524,0.47813087701797485,0.6058008074760437,0.0,0.0,0.0,0.0,0.0,0,0,0,0,0.0,0.0,8,4.270123481750488,0.0005820629596710205,0.8961803913116455,0.10381960868835449,0.3840305879262264,3.4657359027997265
box_lam1em3,箱+λ,44,2,32,16,256,0.001,0.3531852662563324,0.11165796965360641,0.30134308338165283,0.07920347899198532,0.578032374382019,1.0786548852920532,-3.0,1.5911669731140137,4.591166973114014,1,0,1,0,0.0625,0.0,16,1.044952392578125,0.00031558457016944887,0.765749990940094,0.234250009059906,0.2305943579214092,2.772588722239781
box_lam3em3,箱+λ,44,2,32,16,256,0.003,0.3525046706199646,0.11292028427124023,0.3017829954624176,0.08202511817216873,0.5809100270271301,1.07106351852417,-3.0,1.581824779510498,4.581824779510498,1,0,1,0,0.0625,0.0,16,1.046776533126831,0.0009467537105083465,0.7676923871040344,0.23230761289596558,0.23044670735489375,2.772588722239781
box_lam1em2,箱+λ,44,2,32,16,256,0.01,0.3522563874721527,0.11594252288341522,0.303011417388916,0.0782492458820343,0.5837768316268921,1.052491545677185,-3.0,1.54606294631958,4.54606294631958,1,0,1,0,0.0625,0.0,16,1.0604132413864136,0.0031558457016944885,0.770509660243988,0.22949033975601196,0.23009899476316065,2.772588722239781
box_lam3em2,箱+λ,44,2,32,16,256,0.03,0.3390600383281708,0.1182696744799614,0.2740071415901184,0.0903647169470787,0.6763551235198975,0.6285171508789062,-1.2263305187225342,1.4507173299789429,2.677047848701477,0,0,0,0,0.0,0.0,16,1.1382555961608887,0.009467537105083466,0.7871240973472595,0.21287590265274048,0.21726033999459596,2.772588722239781
box_lam1em1,箱+λ,44,2,32,16,256,0.1,0.33301639556884766,0.12444259226322174,0.26945072412490845,0.11960135400295258,0.6740773916244507,0.3383448123931885,-0.06404044479131699,1.2059924602508545,1.2700329050421715,0,0,0,0,0.0,0.0,16,1.4533861875534058,0.03155845701694489,0.7869107127189636,0.21308928728103638,0.21310401772761833,2.772588722239781
box_lam3em1,箱+λ,44,2,32,16,256,0.3,0.3367736339569092,0.1322534680366516,0.27170076966285706,0.12830795347690582,0.588366687297821,0.21769727766513824,0.1598057895898819,0.872414767742157,0.7126089781522751,0,0,0,0,0.0,0.0,16,2.0505712032318115,0.09467537105083465,0.7468602061271667,0.25313979387283325,0.21504539431308337,2.772588722239781
box_lam1e0,箱+λ,44,2,32,16,256,1.0,0.3390643894672394,0.1435977816581726,0.28699520230293274,0.14425605535507202,0.46195435523986816,0.1830357015132904,0.1856059730052948,0.9047428369522095,0.7191368639469147,0,0,0,0,0.0,0.0,16,3.0816469192504883,0.31558457016944885,0.6975579857826233,0.3024420142173767,0.21883365711132455,2.772588722239781
box_lam3e0,箱+λ,44,2,32,16,256,3.0,0.3360876441001892,0.1577172428369522,0.28970733284950256,0.1803373545408249,0.34578514099121094,0.1791083663702011,0.1749269962310791,0.8122747540473938,0.6373477578163147,0,0,0,0,0.0,0.0,16,4.893976211547852,0.9467537105083466,0.6784800887107849,0.3215199112892151,0.22218834611745153,2.772588722239781
box_lam1e1,箱+λ,44,2,32,16,256,10.0,0.3372010588645935,0.26695480942726135,0.3177235722541809,0.2827640771865845,0.21786172688007355,0.14322945475578308,0.08972343057394028,0.5714414715766907,0.4817180410027504,0,0,0,0,0.0,0.0,16,9.536458969116211,3.1558457016944885,0.6953225135803223,0.30467748641967773,0.22373970657665954,2.772588722239781
box_lam3e1,箱+λ,44,2,32,16,256,30.0,0.3400699198246002,0.3629535734653473,0.3541192412376404,0.37707680463790894,0.11328297108411789,0.08571227639913559,0.04138347506523132,0.3162500560283661,0.27486658096313477,0,0,0,0,0.0,0.0,16,15.999929428100586,9.467537105083466,0.730899453163147,0.269100546836853,0.22314760684034915,2.772588722239781
box_lam1e2,箱+λ,44,2,32,16,256,100.0,0.33834338188171387,0.44513821601867676,0.3721044063568115,0.43716296553611755,0.043065957725048065,0.03536904603242874,0.01467352919280529,0.1264508217573166,0.1117772925645113,0,0,0,0,0.0,0.0,16,21.37558364868164,31.558457016944885,0.7622317671775818,0.2377682328224182,0.22224534357879022,2.772588722239781
box_lam1e3,箱+λ,44,2,32,16,256,1000.0,0.33699315786361694,0.48094916343688965,0.37545520067214966,0.4776952564716339,0.004825159907341003,0.004136493429541588,0.0015849421033635736,0.01481777522712946,0.013232833123765886,0,0,0,0,0.0,0.0,16,24.51969337463379,315.58457016944885,0.7811893224716187,0.21881067752838135,0.22168871516899438,2.772588722239781
nobox_lam1em3,无箱互校,44,2,32,16,256,0.001,0.3550264835357666,0.11369124054908752,0.30564790964126587,0.0795895978808403,-0.09613540768623352,3.6929099559783936,-13.815510749816895,1.5896610021591187,15.405171751976013,1,1,1,0,0.0625,0.0625,16,1.042725682258606,0.00031558457016944887,0.7587727904319763,0.24122720956802368,0.23155550920049572,2.772588722239781
nobox_lam1em1,无箱互校,44,2,32,16,256,0.1,0.3330160975456238,0.12444259226322174,0.2694506049156189,0.11960135400295258,0.6740772724151611,0.3383449614048004,-0.06404152512550354,1.2059922218322754,1.270033746957779,0,0,0,0,0.0,0.0,16,1.4533859491348267,0.03155845701694489,0.7869107127189636,0.21308928728103638,0.2131039990092402,2.772588722239781
scalar,参照,44,2,32,16,256,0.001,0.3374118506908417,0.19912074506282806,0.29281795024871826,0.16345012187957764,0.7457394003868103,0.0,0.7457394003868103,0.7457394003868103,0.0,0,0,0,0,0.0,0.0,16,0.038060735911130905,0.0,0.7836580276489258,0.21634197235107422,0.2216177537975872,2.772588722239781
nobeta,参照,44,2,32,16,256,0.001,0.3374118506908417,0.48455771803855896,0.37791550159454346,0.48164886236190796,0.0,0.0,0.0,0.0,0.0,0,0,0,0,0.0,0.0,16,1.042725682258606,0.00031558457016944887,0.7836578488349915,0.21634215116500854,0.2216177537975872,2.772588722239781
box_lam1em3,箱+λ,44,2,32,32,256,0.001,0.3051709234714508,0.06266561150550842,0.2630263864994049,0.024092793464660645,0.429451048374176,0.8372026085853577,-2.9985580444335938,1.6326884031295776,4.631246447563171,0,0,0,0,0.0,0.0,32,0.06992681324481964,0.00016831284761428832,0.7740214467048645,0.2259785532951355,0.0815189578235879,2.0794415416798357
box_lam3em3,箱+λ,44,2,32,32,256,0.003,0.29901108145713806,0.06480240821838379,0.26119157671928406,0.02529684081673622,0.43710196018218994,0.8169801235198975,-3.0,1.580284595489502,4.580284595489502,1,0,1,0,0.03125,0.0,32,0.07666868716478348,0.000504938542842865,0.7778603434562683,0.2221396565437317,0.07964738207008737,2.0794415416798357
box_lam1em2,箱+λ,44,2,32,32,256,0.01,0.29268506169319153,0.06815288215875626,0.2551303803920746,0.02904660254716873,0.45205217599868774,0.754603922367096,-2.896993637084961,1.446408748626709,4.34340238571167,0,0,0,0,0.0,0.0,32,0.10193154215812683,0.0016831284761428832,0.7838878631591797,0.2161121368408203,0.07591246664945381,2.0794415416798357
box_lam3em2,箱+λ,44,2,32,32,256,0.03,0.2807615399360657,0.06604056805372238,0.25089502334594727,0.035535816103219986,0.48689907789230347,0.49043670296669006,-1.4887487888336182,1.232397437095642,2.7211462259292603,0,0,0,0,0.0,0.0,32,0.16865968704223633,0.005049385428428649,0.7805593013763428,0.21944069862365723,0.07276155994619345,2.0794415416798357
box_lam1em1,箱+λ,44,2,32,32,256,0.1,0.26364752650260925,0.0710044726729393,0.23012775182724,0.0481109656393528,0.4632158577442169,0.27948248386383057,-0.5016858577728271,0.9027911424636841,1.4044770002365112,0,0,0,0,0.0,0.0,32,0.31861612200737,0.016831284761428835,0.7518444061279297,0.2481555938720703,0.07103101313295267,2.0794415416798357
box_lam3em1,箱+λ,44,2,32,32,256,0.3,0.2509267330169678,0.07324571162462234,0.22094058990478516,0.07404503226280212,0.39633193612098694,0.16558022797107697,-0.07832547277212143,0.6826221346855164,0.7609476074576378,0,0,0,0,0.0,0.0,32,0.5662545561790466,0.050493854284286495,0.7073352336883545,0.2926647663116455,0.07307512553666315,2.0794415416798357
box_lam1e0,箱+λ,44,2,32,32,256,1.0,0.2558671534061432,0.09681236743927002,0.2193440943956375,0.07046829909086227,0.2994465231895447,0.12442996352910995,0.0773317739367485,0.6361401081085205,0.558808334171772,0,0,0,0,0.0,0.0,32,1.0048123598098755,0.16831284761428833,0.6530102491378784,0.3469897508621216,0.07749051015665466,2.0794415416798357
box_lam3e0,箱+λ,44,2,32,32,256,3.0,0.2594197690486908,0.12255962938070297,0.22182253003120422,0.08449197560548782,0.21761001646518707,0.1234443336725235,0.08540114015340805,0.6531433463096619,0.5677422061562538,0,0,0,0,0.0,0.0,32,1.627983808517456,0.504938542842865,0.6223330497741699,0.3776669502258301,0.08000180520037217,2.0794415416798357
box_lam1e1,箱+λ,44,2,32,32,256,10.0,0.2613215744495392,0.13593584299087524,0.2314511239528656,0.14385518431663513,0.14206527173519135,0.1080167293548584,0.0541580431163311,0.5299542546272278,0.4757962115108967,0,0,0,0,0.0,0.0,32,3.0938661098480225,1.6831284761428833,0.6236975193023682,0.37630248069763184,0.07934680235443006,2.0794415416798357
box_lam3e1,箱+λ,44,2,32,32,256,30.0,0.2633616626262665,0.19699949026107788,0.24277804791927338,0.22383394837379456,0.08143216371536255,0.07350017130374908,0.024904469028115273,0.3365258574485779,0.3116213884204626,0,0,0,0,0.0,0.0,32,5.837863922119141,5.04938542842865,0.6514564156532288,0.34854358434677124,0.07650841301246536,2.0794415416798357
box_lam1e2,箱+λ,44,2,32,32,256,100.0,0.26151803135871887,0.27790769934654236,0.2613089382648468,0.29349684715270996,0.03412746638059616,0.03420975059270859,0.008716748096048832,0.15001815557479858,0.14130140747874975,0,0,0,0,0.0,0.0,32,9.225929260253906,16.831284761428833,0.6855385303497314,0.31446146965026855,0.07361564210250256,2.0794415416798357
box_lam1e3,箱+λ,44,2,32,32,256,1000.0,0.26007458567619324,0.3272815942764282,0.27803993225097656,0.34086641669273376,0.004079150967299938,0.004342537838965654,0.000947622349485755,0.01900007762014866,0.018052455270662904,0,0,0,0,0.0,0.0,32,11.879152297973633,168.31284761428833,0.711190402507782,0.288809597492218,0.0717333968734805,2.0794415416798357
nobox_lam1em3,无箱互校,44,2,32,32,256,0.001,0.30424806475639343,0.06250158697366714,0.26255178451538086,0.023869361728429794,0.36453747749328613,1.1370054483413696,-5.0736918449401855,1.6306051015853882,6.704296946525574,1,0,1,0,0.03125,0.0,32,0.0701504498720169,0.00016831284761428832,0.7725898027420044,0.2274101972579956,0.08157780840435927,2.0794415416798357
nobox_lam1em1,无箱互校,44,2,32,32,256,0.1,0.26364704966545105,0.07100427150726318,0.23012791574001312,0.04811104014515877,0.4632158875465393,0.2794826030731201,-0.501686692237854,0.9027911424636841,1.404477834701538,0,0,0,0,0.0,0.0,32,0.31861612200737,0.016831284761428835,0.7518444061279297,0.2481555938720703,0.07103099909416909,2.0794415416798357
scalar,参照,44,2,32,32,256,0.001,0.25998619198799133,0.10128626227378845,0.2254897505044937,0.1005299985408783,0.4618966281414032,3.027918893394599e-08,0.4618965983390808,0.4618965983390808,0.0,0,0,0,0,0.0,0.0,32,0.013753672130405903,0.0,0.714862048625946,0.28513795137405396,0.0714821728412993,2.0794415416798357
nobeta,参照,44,2,32,32,256,0.001,0.25998547673225403,0.33380329608917236,0.28060024976730347,0.3461465537548065,0.0,0.0,0.0,0.0,0.0,0,0,0,0,0.0,0.0,32,0.0701504498720169,0.00016831284761428832,0.714862048625946,0.28513795137405396,0.07148218220048837,2.0794415416798357
box_lam1em3,箱+λ,44,2,32,64,256,0.001,0.23966749012470245,0.05686277523636818,0.21331293880939484,0.00965287908911705,0.08094194531440735,0.6482260227203369,-3.0,0.9414549469947815,3.9414549469947815,1,0,1,0,0.015625,0.0,32,0.008141663856804371,8.683208376169205e-05,0.5930680632591248,0.40693193674087524,0.05808938856641619,1.3862943611198906
box_lam3em3,箱+λ,44,2,32,64,256,0.003,0.23765675723552704,0.05661217123270035,0.21059542894363403,0.009890791028738022,0.1054215282201767,0.6129816174507141,-3.0,0.9246264100074768,3.924626410007477,1,0,1,0,0.015625,0.0,32,0.008519141003489494,0.00026049625128507617,0.6002943515777588,0.3997056484222412,0.057324073638689466,1.3862943611198906
box_lam1em2,箱+λ,44,2,32,64,256,0.01,0.23448680341243744,0.05656790733337402,0.20255737006664276,0.009795034304261208,0.18021152913570404,0.42841556668281555,-1.5564215183258057,0.8686673641204834,2.425088882446289,0,0,0,0,0.0,0.0,32,0.010698409751057625,0.0008683208376169205,0.62282794713974,0.37717205286026,0.05484091699686272,1.3862943611198906
box_lam3em2,箱+λ,44,2,32,64,256,0.03,0.22610536217689514,0.0487828329205513,0.19948366284370422,0.014985493384301662,0.24402421712875366,0.27796414494514465,-0.6530731320381165,0.7514764070510864,1.4045495390892029,0,0,0,0,0.0,0.0,32,0.018712278455495834,0.002604962512850761,0.6498792171478271,0.35012078285217285,0.05070797866373644,1.3862943611198906
box_lam1em1,箱+λ,44,2,32,64,256,0.1,0.22031648457050323,0.046084869652986526,0.19695773720741272,0.022328631952404976,0.24408115446567535,0.179792582988739,-0.17749284207820892,0.6170028448104858,0.7944956868886948,0,0,0,0,0.0,0.0,32,0.04734797030687332,0.008683208376169205,0.6484109163284302,0.3515890836715698,0.04922010626347605,1.3862943611198906
box_lam3em1,箱+λ,44,2,32,64,256,0.3,0.21808381378650665,0.044332511723041534,0.1960151195526123,0.03267199173569679,0.20193737745285034,0.13154979050159454,-0.08314099907875061,0.5432034730911255,0.6263444721698761,0,0,0,0,0.0,0.0,32,0.10716916620731354,0.026049625128507614,0.6227719783782959,0.3772280216217041,0.05084033163574316,1.3862943611198906
box_lam1e0,箱+λ,44,2,32,64,256,1.0,0.21852198243141174,0.04508015513420105,0.19743092358112335,0.046535857021808624,0.1500614434480667,0.09248966723680496,0.01388497557491064,0.3861076533794403,0.37222267780452967,0,0,0,0,0.0,0.0,32,0.23707644641399384,0.08683208376169205,0.5900650024414062,0.40993499755859375,0.05338541803154002,1.3862943611198906
box_lam3e0,箱+λ,44,2,32,64,256,3.0,0.2183116227388382,0.05172596871852875,0.1992228627204895,0.04223119840025902,0.10660518705844879,0.07520077377557755,0.017354890704154968,0.3907846212387085,0.37342973053455353,0,0,0,0,0.0,0.0,32,0.4159202575683594,0.26049625128507614,0.5659515857696533,0.4340484142303467,0.055412477992794154,1.3862943611198906
box_lam1e1,箱+λ,44,2,32,64,256,10.0,0.22048966586589813,0.05634165555238724,0.20027460157871246,0.06843258440494537,0.06979838013648987,0.06379465758800507,0.016308236867189407,0.37443849444389343,0.358130257576704,0,0,0,0,0.0,0.0,32,0.7263840436935425,0.8683208376169205,0.558163583278656,0.441836416721344,0.055935403962806635,1.3862943611198906
box_lam3e1,箱+λ,44,2,32,64,256,30.0,0.2208710014820099,0.082628034055233,0.20143204927444458,0.0946587324142456,0.0431676059961319,0.04767686873674393,0.010355078615248203,0.27472326159477234,0.26436818297952414,0,0,0,0,0.0,0.0,32,1.3286396265029907,2.6049625128507614,0.570564866065979,0.429435133934021,0.054595879388646205,1.3862943611198906
box_lam1e2,箱+λ,44,2,32,64,256,100.0,0.22032873332500458,0.13161669671535492,0.20473071932792664,0.14485520124435425,0.020381657406687737,0.02546657621860504,0.004604095593094826,0.14135153591632843,0.1367474403232336,0,0,0,0,0.0,0.0,32,2.4219810962677,8.683208376169205,0.5944209098815918,0.4055790901184082,0.05233624357940091,1.3862943611198906
box_lam1e3,箱+λ,44,2,32,64,256,1000.0,0.22229257225990295,0.1772433966398239,0.2097613364458084,0.1870192140340805,0.002706503728404641,0.0036498671397566795,0.0005850272136740386,0.020223960280418396,0.019638933066744357,0,0,0,0,0.0,0.0,32,3.729144334793091,86.83208376169205,0.6186798214912415,0.38132017850875854,0.05024270061870189,1.3862943611198906
nobox_lam1em3,无箱互校,44,2,32,64,256,0.001,0.23970897495746613,0.05832391604781151,0.21484529972076416,0.010214218869805336,-0.10408135503530502,1.8244261741638184,-13.815510749816895,0.9460501670837402,14.761560916900635,1,1,1,0,0.015625,0.015625,32,0.008234264329075813,8.683208376169205e-05,0.5864964723587036,0.4135035276412964,0.058577751051252354,1.3862943611198906
nobox_lam1em1,无箱互校,44,2,32,64,256,0.1,0.22032374143600464,0.046077627688646317,0.19696475565433502,0.022328294813632965,0.2440258264541626,0.17984502017498016,-0.17770220339298248,0.6171017289161682,0.7948039323091507,0,0,0,0,0.0,0.0,32,0.04735065624117851,0.008683208376169205,0.6483815312385559,0.3516184687614441,0.04922290934059772,1.3862943611198906
scalar,参照,44,2,32,64,256,0.001,0.2221093475818634,0.07016273587942123,0.19622206687927246,0.05599052459001541,0.23754391074180603,1.5018958521295644e-08,0.23754389584064484,0.23754389584064484,0.0,0,0,0,0,0.0,0.0,32,0.003886990714818239,0.0,0.6227136254310608,0.3772863745689392,0.049911932838751005,1.3862943611198906
nobeta,参照,44,2,32,64,256,0.001,0.2221091240644455,0.18425965309143066,0.21081377565860748,0.19227951765060425,0.0,0.0,0.0,0.0,0.0,0,0,0,0,0.0,0.0,32,0.008234264329075813,8.683208376169205e-05,0.6227136254310608,0.3772863745689392,0.049911914120372894,1.3862943611198906
box_lam1em3,箱+λ,45,0,8,8,256,0.001,0.5219354033470154,0.2283472716808319,0.4846932590007782,0.17190152406692505,0.22426098585128784,2.109182596206665,-3.0,2.3991899490356445,5.3991899490356445,2,0,2,0,0.25,0.0,8,0.4554617404937744,0.00039486852288246155,0.6662730574607849,0.3337269425392151,0.17313518561881816,3.4657359027997265
box_lam3em3,箱+λ,45,0,8,8,256,0.003,0.5180472731590271,0.23297119140625,0.4801274836063385,0.1735173910856247,0.22601884603500366,2.106776475906372,-3.0,2.3813838958740234,5.381383895874023,2,0,2,0,0.25,0.0,8,0.4585636258125305,0.0011846055686473846,0.6690582036972046,0.3309417963027954,0.17301447754466912,3.4657359027997265
box_lam1em2,箱+λ,45,0,8,8,256,0.01,0.5133631825447083,0.24796099960803986,0.4664691090583801,0.18065227568149567,0.2690156102180481,2.0318119525909424,-3.0,2.320139169692993,5.320139169692993,1,0,1,0,0.125,0.0,8,0.49101722240448,0.003948685228824616,0.679764986038208,0.320235013961792,0.17243727999345088,3.4657359027997265
box_lam3em2,箱+λ,45,0,8,8,256,0.03,0.5064057111740112,0.24691474437713623,0.4926467835903168,0.15673227608203888,0.6454797983169556,1.5770297050476074,-3.0,1.8366448879241943,4.836644887924194,1,0,1,0,0.125,0.0,8,0.8553577065467834,0.011846055686473846,0.807187020778656,0.192812979221344,0.11348992180380024,3.4657359027997265
box_lam1em1,箱+λ,45,0,8,8,256,0.1,0.504612386226654,0.2648544907569885,0.488518089056015,0.21036240458488464,0.8060079216957092,1.0584443807601929,-1.6275973320007324,1.6245992183685303,3.2521965503692627,0,0,0,0,0.0,0.0,8,1.3703163862228394,0.03948685228824616,0.8336255550384521,0.16637444496154785,0.11302710711944661,3.4657359027997265
box_lam3em1,箱+λ,45,0,8,8,256,0.3,0.520454466342926,0.22759278118610382,0.4710387587547302,0.20280082523822784,0.8939465284347534,0.5573710203170776,-0.3132981061935425,1.4142060279846191,1.7275041341781616,0,0,0,0,0.0,0.0,8,2.698173999786377,0.11846055686473846,0.8509650230407715,0.14903497695922852,0.11663563380494973,3.4657359027997265
box_lam1e0,箱+λ,45,0,8,8,256,1.0,0.5136475563049316,0.22009950876235962,0.4683884084224701,0.18985161185264587,0.787886917591095,0.3416925370693207,0.06105009466409683,1.0839289426803589,1.022878848016262,0,0,0,0,0.0,0.0,8,6.320424556732178,0.39486852288246155,0.843506395816803,0.15649360418319702,0.12438153800122527,3.4657359027997265
box_lam3e0,箱+λ,45,0,8,8,256,3.0,0.51324063539505,0.2715242803096771,0.4863399565219879,0.32215067744255066,0.6057829260826111,0.24116109311580658,0.16576430201530457,0.9492162466049194,0.7834519445896149,0,0,0,0,0.0,0.0,8,12.36915397644043,1.1846055686473846,0.8303542733192444,0.16964572668075562,0.13078072660330745,3.4657359027997265
box_lam1e1,箱+λ,45,0,8,8,256,10.0,0.5060148239135742,0.4432986080646515,0.5465924739837646,0.4906500279903412,0.36303991079330444,0.16642433404922485,0.13074420392513275,0.690032958984375,0.5592887550592422,0,0,0,0,0.0,0.0,8,23.64748764038086,3.9486852288246155,0.8402635455131531,0.15973645448684692,0.1311454558017276,3.4657359027997265
box_lam3e1,箱+λ,45,0,8,8,256,30.0,0.5074097514152527,0.5569477677345276,0.6142791509628296,0.599194347858429,0.1758125126361847,0.09383059293031693,0.06567808240652084,0.3762892186641693,0.31061113625764847,0,0,0,0,0.0,0.0,8,34.5163459777832,11.846055686473846,0.8639048933982849,0.1360951066017151,0.12784466632468522,3.4657359027997265
box_lam1e2,箱+λ,45,0,8,8,256,100.0,0.5034561157226562,0.6185405254364014,0.6499984860420227,0.6548870205879211,0.0634763091802597,0.0373825840651989,0.02350921742618084,0.14587965607643127,0.12237043865025043,0,0,0,0,0.0,0.0,8,41.32487106323242,39.486852288246155,0.8823030591011047,0.11769694089889526,0.12506737119106764,3.4657359027997265
box_lam1e3,箱+λ,45,0,8,8,256,1000.0,0.4999307692050934,0.6486587524414062,0.6755654811859131,0.6797914505004883,0.006913939490914345,0.004288170486688614,0.0025336805265396833,0.016490356996655464,0.01395667647011578,0,0,0,0,0.0,0.0,8,44.712642669677734,394.86852288246155,0.8922131061553955,0.10778689384460449,0.123536190735786,3.4657359027997265
nobox_lam1em3,无箱互校,45,0,8,8,256,0.001,0.522646427154541,0.23089256882667542,0.48507556319236755,0.1736348420381546,-2.477917194366455,7.032636642456055,-13.815510749816895,2.407470941543579,16.222981691360474,2,2,2,0,0.25,0.25,8,0.4456799626350403,0.00039486852288246155,0.6555627584457397,0.34443724155426025,0.17335423153594806,3.4657359027997265
nobox_lam1em1,无箱互校,45,0,8,8,256,0.1,0.504612386226654,0.2648545503616333,0.4885179400444031,0.2103625237941742,0.8060076236724854,1.0584452152252197,-1.6275997161865234,1.6245993375778198,3.2521990537643433,0,0,0,0,0.0,0.0,8,1.3703157901763916,0.03948685228824616,0.8336255550384521,0.16637444496154785,0.11302702571394745,3.4657359027997265
scalar,参照,45,0,8,8,256,0.001,0.4994793236255646,0.2558682858943939,0.44852229952812195,0.21178732812404633,1.1976202726364136,0.0,1.1976202726364136,1.1976202726364136,0.0,0,0,0,0,0.0,0.0,8,0.05397136136889458,0.0,0.8934369087219238,0.10656309127807617,0.12334509132651646,3.4657359027997265
nobeta,参照,45,0,8,8,256,0.001,0.4994783401489258,0.6518313884735107,0.6797930598258972,0.6826178431510925,0.0,0.0,0.0,0.0,0.0,0,0,0,0,0.0,0.0,8,0.4456799626350403,0.00039486852288246155,0.8934369087219238,0.10656309127807617,0.12334505062376688,3.4657359027997265
box_lam1em3,箱+λ,45,0,8,16,256,0.001,0.5510842800140381,0.20579496026039124,0.5177297592163086,0.18174435198307037,0.05978228151798248,1.7102991342544556,-3.0,1.8960143327713013,4.896014332771301,2,0,2,0,0.125,0.0,8,0.0001363698102068156,0.00021830722689628602,0.6247478127479553,0.3752521872520447,0.02761450570775531,2.772588722239781
box_lam3em3,箱+λ,45,0,8,16,256,0.003,0.5496093034744263,0.20504415035247803,0.5169041156768799,0.17548306286334991,0.14235460758209229,1.5985088348388672,-3.0,1.8732908964157104,4.8732908964157104,2,0,2,0,0.125,0.0,8,0.0011515201767906547,0.0006549216806888581,0.6367339491844177,0.3632660508155823,0.027966694389030412,2.772588722239781
box_lam1em2,箱+λ,45,0,8,16,256,0.01,0.5414300560951233,0.20623856782913208,0.5086060762405396,0.16009686887264252,0.23889821767807007,1.4870786666870117,-3.0,1.8024327754974365,4.8024327754974365,2,0,2,0,0.125,0.0,8,0.01078395452350378,0.00218307226896286,0.6606998443603516,0.33930015563964844,0.028426132780306534,2.772588722239781
box_lam3em2,箱+λ,45,0,8,16,256,0.03,0.5095804333686829,0.21671907603740692,0.47401198744773865,0.14205287396907806,0.29663416743278503,1.418615460395813,-3.0,1.643467903137207,4.643467903137207,2,0,2,0,0.125,0.0,8,0.06558751314878464,0.00654921680688858,0.6854533553123474,0.3145466446876526,0.027168806529599302,2.772588722239781
box_lam1em1,箱+λ,45,0,8,16,256,0.1,0.4510895013809204,0.22631560266017914,0.41980835795402527,0.1303146481513977,0.4370391070842743,1.1146472692489624,-3.0,1.3741284608840942,4.374128460884094,1,0,1,0,0.0625,0.0,8,0.3087359070777893,0.0218307226896286,0.7150275707244873,0.2849724292755127,0.02461672988508518,2.772588722239781
box_lam3em1,箱+λ,45,0,8,16,256,0.3,0.4470492899417877,0.2160852551460266,0.41219842433929443,0.1618555635213852,0.5874384641647339,0.5549852848052979,-0.8520258665084839,1.2634462118148804,2.1154720783233643,0,0,0,0,0.0,0.0,8,0.9006285071372986,0.0654921680688858,0.7419251203536987,0.25807487964630127,0.024696755561030837,2.772588722239781
box_lam1e0,箱+λ,45,0,8,16,256,1.0,0.4298469126224518,0.2024635225534439,0.41888219118118286,0.15348024666309357,0.5615594983100891,0.30798426270484924,-0.04191412404179573,1.0406615734100342,1.08257569745183,0,0,0,0,0.0,0.0,8,2.463505268096924,0.218307226896286,0.7503108382225037,0.24968916177749634,0.027311046358275203,2.772588722239781
box_lam3e0,箱+λ,45,0,8,16,256,3.0,0.42707881331443787,0.1952122002840042,0.4411276876926422,0.24317602813243866,0.4492833614349365,0.21519728004932404,0.10156156867742538,0.7752536535263062,0.6736920848488808,0,0,0,0,0.0,0.0,8,5.342803955078125,0.654921680688858,0.7419638633728027,0.25803613662719727,0.029744557928405573,2.772588722239781
box_lam1e1,箱+λ,45,0,8,16,256,10.0,0.4352019727230072,0.3287268280982971,0.4765835702419281,0.36559972167015076,0.29147785902023315,0.1581018567085266,0.11825510114431381,0.6873151659965515,0.5690600648522377,0,0,0,0,0.0,0.0,8,11.061638832092285,2.18307226896286,0.7498335838317871,0.2501664161682129,0.02881202130309489,2.772588722239781
box_lam3e1,箱+λ,45,0,8,16,256,30.0,0.43991029262542725,0.4360794425010681,0.5141743421554565,0.47115758061408997,0.15580645203590393,0.09918446093797684,0.05000157281756401,0.4415704309940338,0.3915688581764698,0,0,0,0,0.0,0.0,8,18.703140258789062,6.54921680688858,0.7798652648925781,0.22013473510742188,0.025269443247595804,2.772588722239781
box_lam1e2,箱+λ,45,0,8,16,256,100.0,0.4288652837276459,0.5067943930625916,0.5609068274497986,0.5325912237167358,0.06072169169783592,0.04341502487659454,0.01693045347929001,0.19331394135951996,0.17638348788022995,0,0,0,0,0.0,0.0,8,25.37102508544922,21.8307226896286,0.8108378052711487,0.18916219472885132,0.02223003665265711,2.772588722239781
box_lam1e3,箱+λ,45,0,8,16,256,1000.0,0.42932412028312683,0.5444508790969849,0.5804840922355652,0.5663668513298035,0.006915625184774399,0.005295244045555592,0.0017915404168888927,0.023536697030067444,0.02174515661317855,0,0,0,0,0.0,0.0,8,29.425155639648438,218.307226896286,0.830881655216217,0.16911834478378296,0.020522173702006503,2.772588722239781
nobox_lam1em3,无箱互校,45,0,8,16,256,0.001,0.5511623620986938,0.20797201991081238,0.5174853205680847,0.18279868364334106,-1.2968469858169556,5.039639949798584,-13.815510749816895,1.8913280963897705,15.706838846206665,2,2,2,0,0.125,0.125,8,0.00013479057815857232,0.00021830722689628602,0.6201252937316895,0.37987470626831055,0.027381594398981583,2.772588722239781
nobox_lam1em1,无箱互校,45,0,8,16,256,0.1,0.4512046277523041,0.22763879597187042,0.41982370615005493,0.1299331933259964,-0.2380865216255188,3.6755573749542236,-13.815510749816895,1.3747049570083618,15.190215706825256,1,1,1,0,0.0625,0.0625,8,0.3069140315055847,0.0218307226896286,0.7122317552566528,0.28776824474334717,0.024575465437562824,2.772588722239781
scalar,参照,45,0,8,16,256,0.001,0.4293897747993469,0.16722634434700012,0.412995845079422,0.1698051542043686,0.8538275957107544,1.2311882358062576e-07,0.853827714920044,0.853827714920044,0.0,0,0,0,0,0.0,0.0,8,0.029606716707348824,0.0,0.8335461616516113,0.16645383834838867,0.02030881599413013,2.772588722239781
nobeta,参照,45,0,8,16,256,0.001,0.42938944697380066,0.548379123210907,0.5838260054588318,0.5711837410926819,0.0,0.0,0.0,0.0,0.0,0,0,0,0,0.0,0.0,8,0.00013479057815857232,0.00021830722689628602,0.8335461616516113,0.16645383834838867,0.020308824134680045,2.772588722239781
box_lam1em3,箱+λ,45,0,8,32,256,0.001,0.42381519079208374,0.18224899470806122,0.40697288513183594,0.14059029519557953,0.04769857972860336,0.8990508913993835,-2.6150479316711426,1.2186939716339111,3.8337419033050537,0,0,0,0,0.0,0.0,8,1.8501334579923423e-06,0.00011801793426275253,0.5189416408538818,0.48105835914611816,0.03313746383315578,2.0794415416798357
box_lam3em3,箱+λ,45,0,8,32,256,0.003,0.42061254382133484,0.17653021216392517,0.40464186668395996,0.13799671828746796,0.13234688341617584,0.7508891224861145,-2.0773942470550537,1.2021631002426147,3.2795573472976685,0,0,0,0,0.0,0.0,8,1.6468295143567957e-05,0.0003540538027882576,0.5390772819519043,0.4609227180480957,0.0324525179632542,2.0794415416798357
box_lam1em2,箱+λ,45,0,8,32,256,0.01,0.4195224940776825,0.16708259284496307,0.40010958909988403,0.12296915799379349,0.2707749009132385,0.5423483848571777,-1.2920970916748047,1.1611061096191406,2.4532032012939453,0,0,0,0,0.0,0.0,8,0.00017714356363285333,0.0011801793426275253,0.5862526297569275,0.4137473702430725,0.030939289455674004,2.0794415416798357
box_lam3em2,箱+λ,45,0,8,32,256,0.03,0.41868308186531067,0.15270869433879852,0.39615127444267273,0.11172263324260712,0.3679395318031311,0.41148266196250916,-0.7870098352432251,1.1143300533294678,1.9013398885726929,0,0,0,0,0.0,0.0,8,0.0014657449210062623,0.0035405380278825758,0.6323603987693787,0.36763960123062134,0.029458987437365074,2.0794415416798357
box_lam1em1,箱+λ,45,0,8,32,256,0.1,0.4168351888656616,0.1461879163980484,0.39105337858200073,0.10556339472532272,0.38891318440437317,0.3593360185623169,-0.593124270439148,1.0803303718566895,1.6734546422958374,0,0,0,0,0.0,0.0,8,0.012987318448722363,0.011801793426275254,0.6482047438621521,0.3517952561378479,0.028058002867159138,2.0794415416798357
box_lam3em1,箱+λ,45,0,8,32,256,0.3,0.41364285349845886,0.1436004936695099,0.3924042582511902,0.10832341760396957,0.3863504230976105,0.3060361444950104,-0.4276682734489441,1.0264244079589844,1.4540926814079285,0,0,0,0,0.0,0.0,8,0.07797795534133911,0.03540538027882576,0.6578425765037537,0.34215742349624634,0.026414155165907612,2.0794415416798357
box_lam1e0,箱+λ,45,0,8,32,256,1.0,0.4087827801704407,0.1228390634059906,0.38718509674072266,0.09882031381130219,0.35706502199172974,0.23134079575538635,-0.20496568083763123,0.9049805998802185,1.1099462807178497,0,0,0,0,0.0,0.0,8,0.42111092805862427,0.11801793426275253,0.6655675172805786,0.3344324827194214,0.025420594943291845,2.0794415416798357
box_lam3e0,箱+λ,45,0,8,32,256,3.0,0.4061582088470459,0.12306437641382217,0.39020439982414246,0.13788200914859772,0.29375264048576355,0.17271828651428223,-0.025544429197907448,0.7235392332077026,0.7490836624056101,0,0,0,0,0.0,0.0,8,1.4089272022247314,0.3540538027882576,0.664833664894104,0.335166335105896,0.02590825255085052,2.0794415416798357
box_lam1e1,箱+λ,45,0,8,32,256,10.0,0.4074465036392212,0.20278768241405487,0.4040428400039673,0.2231210172176361,0.20066900551319122,0.12991487979888916,0.06524989008903503,0.5685049891471863,0.5032550990581512,0,0,0,0,0.0,0.0,8,3.6729583740234375,1.1801793426275253,0.6696422100067139,0.33035778999328613,0.026036535406696065,2.0794415416798357
box_lam3e1,箱+λ,45,0,8,32,256,30.0,0.4087907373905182,0.29746684432029724,0.4295118749141693,0.29828324913978577,0.11736231297254562,0.08943762630224228,0.030483895912766457,0.4435564875602722,0.41307259164750576,0,0,0,0,0.0,0.0,8,7.271203517913818,3.540538027882576,0.694647490978241,0.30535250902175903,0.024490832210364917,2.0794415416798357
box_lam1e2,箱+λ,45,0,8,32,256,100.0,0.4094359874725342,0.3739555776119232,0.45290279388427734,0.36751559376716614,0.05037946626543999,0.043816931545734406,0.011247090995311737,0.22733692824840546,0.21608983725309372,0,0,0,0,0.0,0.0,8,11.76567268371582,11.801793426275253,0.7297211289405823,0.2702788710594177,0.02246957436906217,2.0794415416798357
box_lam1e3,箱+λ,45,0,8,32,256,1000.0,0.40931329131126404,0.4229758083820343,0.47735390067100525,0.4152333736419678,0.0061470516957342625,0.005835265386849642,0.001257463125512004,0.030929088592529297,0.029671625467017293,0,0,0,0,0.0,0.0,8,15.464590072631836,118.01793426275253,0.758446991443634,0.24155300855636597,0.021054144393030938,2.0794415416798357
nobox_lam1em3,无箱互校,45,0,8,32,256,0.001,0.42446449398994446,0.1859382838010788,0.40702933073043823,0.13882826268672943,-0.027360565960407257,1.0919044017791748,-3.6151275634765625,1.222896695137024,4.838024258613586,2,0,2,0,0.0625,0.0,8,1.8495393305784091e-06,0.00011801793426275253,0.5105854272842407,0.4894145727157593,0.03330455065531168,2.0794415416798357
nobox_lam1em1,无箱互校,45,0,8,32,256,0.1,0.416835218667984,0.1461881697177887,0.39105337858200073,0.10556331276893616,0.3889109790325165,0.35933899879455566,-0.5931419730186462,1.0803308486938477,1.673472821712494,0,0,0,0,0.0,0.0,8,0.012987335212528706,0.011801793426275254,0.6482034921646118,0.3517965078353882,0.02805800490229662,2.0794415416798357
scalar,参照,45,0,8,32,256,0.001,0.4092395305633545,0.1104782298207283,0.381766676902771,0.1065690815448761,0.5561211705207825,0.0,0.5561211705207825,0.5561211705207825,0.0,0,0,0,0,0.0,0.0,8,0.013080132193863392,0.0,0.7626962065696716,0.23730379343032837,0.020864247750011427,2.0794415416798357
nobeta,参照,45,0,8,32,256,0.001,0.40923914313316345,0.4280901849269867,0.4803837537765503,0.42153942584991455,0.0,0.0,0.0,0.0,0.0,0,0,0,0,0.0,0.0,8,1.8495393305784091e-06,0.00011801793426275253,0.7626962065696716,0.23730379343032837,0.0208642212932242,2.0794415416798357
box_lam1em3,箱+λ,45,0,8,64,256,0.001,0.4170898497104645,0.1687629669904709,0.40385913848876953,0.12063374370336533,-0.4280763566493988,0.7711716890335083,-2.628607988357544,1.0869784355163574,3.7155864238739014,0,0,0,0,0.0,0.0,8,2.2671639499094454e-07,6.193048879504204e-05,0.3615598976612091,0.6384401023387909,0.03979679184834201,1.3862943611198906
box_lam3em3,箱+λ,45,0,8,64,256,0.003,0.414743036031723,0.16185173392295837,0.4017653465270996,0.11797796189785004,-0.33722758293151855,0.6621948480606079,-2.114380121231079,1.070446491241455,3.184826612472534,0,0,0,0,0.0,0.0,8,2.0219749785610475e-06,0.0001857914663851261,0.3807678520679474,0.6192321479320526,0.03945315481475329,1.3862943611198906
box_lam1em2,箱+λ,45,0,8,64,256,0.01,0.4089694321155548,0.14194482564926147,0.39704546332359314,0.09939808398485184,-0.14805477857589722,0.4677402377128601,-1.2871432304382324,1.0208346843719482,2.3079779148101807,0,0,0,0,0.0,0.0,8,2.2061543859308586e-05,0.0006193048879504204,0.43692296743392944,0.5630770325660706,0.03830050586027373,1.3862943611198906
box_lam3em2,箱+λ,45,0,8,64,256,0.03,0.402271032333374,0.11496398597955704,0.3914182782173157,0.09124021232128143,0.05744798108935356,0.28441205620765686,-0.596145749092102,0.9322683811187744,1.5284141302108765,0,0,0,0,0.0,0.0,8,0.0001892281143227592,0.001857914663851261,0.5303327441215515,0.4696672558784485,0.036158674263895546,1.3862943611198906
box_lam1em1,箱+λ,45,0,8,64,256,0.1,0.40086352825164795,0.09011302143335342,0.3850115239620209,0.07456991821527481,0.16003616154193878,0.2002776563167572,-0.3341664969921112,0.8500213623046875,1.1841878592967987,0,0,0,0,0.0,0.0,8,0.0018088817596435547,0.006193048879504204,0.595683753490448,0.404316246509552,0.03438473039930477,1.3862943611198906
box_lam3em1,箱+λ,45,0,8,64,256,0.3,0.3981846868991852,0.08802365511655807,0.38118597865104675,0.0819086879491806,0.16409553587436676,0.17844538390636444,-0.2663826644420624,0.7913961410522461,1.0577788054943085,0,0,0,0,0.0,0.0,8,0.011722317896783352,0.018579146638512612,0.6042844653129578,0.39571553468704224,0.03305187409134279,1.3862943611198906
box_lam1e0,箱+λ,45,0,8,64,256,1.0,0.39342001080513,0.07977455854415894,0.3772498071193695,0.07636339217424393,0.15723319351673126,0.14630849659442902,-0.13824519515037537,0.6682257652282715,0.8064709603786469,0,0,0,0,0.0,0.0,8,0.06677763164043427,0.06193048879504204,0.6130703091621399,0.3869296908378601,0.03117746362996819,1.3862943611198906
box_lam3e0,箱+λ,45,0,8,64,256,3.0,0.39131835103034973,0.07326602935791016,0.3829936683177948,0.0705503448843956,0.1371614933013916,0.11354076117277145,-0.05799898877739906,0.5162767767906189,0.574275765568018,0,0,0,0,0.0,0.0,8,0.2497261017560959,0.18579146638512611,0.6193033456802368,0.3806966543197632,0.03016183234139366,1.3862943611198906
box_lam1e1,箱+λ,45,0,8,64,256,10.0,0.3889988362789154,0.09736654907464981,0.384280264377594,0.09217136353254318,0.10017973929643631,0.08232048153877258,0.016431257128715515,0.36631399393081665,0.34988273680210114,0,0,0,0,0.0,0.0,8,0.7646361589431763,0.6193048879504204,0.6250706315040588,0.37492936849594116,0.030035208122593426,1.3862943611198906
box_lam3e1,箱+λ,45,0,8,64,256,30.0,0.3896055519580841,0.14221368730068207,0.3902667462825775,0.14569547772407532,0.06354311108589172,0.058347612619400024,0.015912920236587524,0.3084909915924072,0.2925780713558197,0,0,0,0,0.0,0.0,8,1.6330028772354126,1.8579146638512611,0.6391146779060364,0.3608853220939636,0.029708137108083017,1.3862943611198906
box_lam1e2,箱+λ,45,0,8,64,256,100.0,0.39098086953163147,0.19338630139827728,0.3949817419052124,0.198038250207901,0.030551716685295105,0.03190220147371292,0.008783159777522087,0.19489656388759613,0.18611340411007404,0,0,0,0,0.0,0.0,8,3.0521798133850098,6.193048879504204,0.6641719341278076,0.3358280658721924,0.028852618225524165,1.3862943611198906
box_lam1e3,箱+λ,45,0,8,64,256,1000.0,0.39180615544319153,0.2465587854385376,0.39835911989212036,0.24071533977985382,0.004147558007389307,0.004782204516232014,0.0010657589882612228,0.031122548505663872,0.03005678951740265,0,0,0,0,0.0,0.0,8,4.809030055999756,61.93048879504204,0.6915149688720703,0.3084850311279297,0.027975068979756122,1.3862943611198906
nobox_lam1em3,无箱互校,45,0,8,64,256,0.001,0.419009268283844,0.17310424149036407,0.4047943651676178,0.1226181760430336,-0.5150107741355896,0.9227294325828552,-3.7179114818573,1.0967791080474854,4.814690589904785,2,0,2,0,0.03125,0.0,8,2.2704608682033722e-07,6.193048879504204e-05,0.3489367663860321,0.6510632336139679,0.03996593619448909,1.3862943611198906
nobox_lam1em1,无箱互校,45,0,8,64,256,0.1,0.4008583128452301,0.09021280705928802,0.3850213289260864,0.0746145099401474,0.15980778634548187,0.20042496919631958,-0.3337889313697815,0.850175142288208,1.1839640736579895,0,0,0,0,0.0,0.0,8,0.0018089006189256907,0.006193048879504204,0.5955280661582947,0.4044719338417053,0.034387144072354756,1.3862943611198906
scalar,参照,45,0,8,64,256,0.001,0.3918863534927368,0.05700129270553589,0.3798563778400421,0.06207319349050522,0.28379127383232117,3.003791704259129e-08,0.2837912440299988,0.2837912440299988,0.0,0,0,0,0,0.0,0.0,8,0.005988617893308401,0.0,0.6962441802024841,0.30375581979751587,0.027838840947192918,1.3862943611198906
nobeta,参照,45,0,8,64,256,0.001,0.3918865919113159,0.255777508020401,0.3989432156085968,0.24678711593151093,0.0,0.0,0.0,0.0,0.0,0,0,0,0,0.0,0.0,8,2.2704608682033722e-07,6.193048879504204e-05,0.6962437033653259,0.3037562966346741,0.02783885926343023,1.3862943611198906
box_lam1em3,箱+λ,45,0,16,8,256,0.001,0.48975396156311035,0.26336920261383057,0.45181021094322205,0.22618505358695984,0.7013624310493469,1.6206058263778687,-3.0,2.033139944076538,5.033139944076538,1,0,1,0,0.125,0.0,8,3.6194727420806885,0.0006074209809303284,0.7420732975006104,0.25792670249938965,0.34549789637892436,3.4657359027997265
box_lam3em3,箱+λ,45,0,16,8,256,0.003,0.48975807428359985,0.2628951370716095,0.4525090456008911,0.22230057418346405,0.7030656933784485,1.6153583526611328,-3.0,2.0269031524658203,5.02690315246582,1,0,1,0,0.125,0.0,8,3.6219401359558105,0.001822262942790985,0.7446864247322083,0.25531357526779175,0.3454118179248099,3.4657359027997265
box_lam1em2,箱+λ,45,0,16,8,256,0.01,0.4897710382938385,0.27428531646728516,0.4481585919857025,0.20445743203163147,0.7066327929496765,1.5995213985443115,-3.0,2.0052433013916016,5.005243301391602,1,0,1,0,0.125,0.0,8,3.646566867828369,0.006074209809303284,0.7520924806594849,0.24790751934051514,0.3451461630750651,3.4657359027997265
box_lam3em2,箱+λ,45,0,16,8,256,0.03,0.4451717734336853,0.2883034944534302,0.42543280124664307,0.20640356838703156,0.8426847457885742,1.175548791885376,-1.8248546123504639,1.9352155923843384,3.7600702047348022,0,0,0,0,0.0,0.0,8,3.830327272415161,0.01822262942790985,0.7868044376373291,0.2131955623626709,0.3009037597001526,3.4657359027997265
box_lam1em1,箱+λ,45,0,16,8,256,0.1,0.4468042552471161,0.2915542423725128,0.4203655421733856,0.16687385737895966,0.9375057220458984,0.640924870967865,-0.41924384236335754,1.713869333267212,2.1331131756305695,0,0,0,0,0.0,0.0,8,4.866173267364502,0.06074209809303284,0.8499552607536316,0.1500447392463684,0.2934785681802436,3.4657359027997265
box_lam3em1,箱+λ,45,0,16,8,256,0.3,0.45222970843315125,0.28807035088539124,0.43271517753601074,0.23550456762313843,0.863880455493927,0.3403187096118927,0.22007201611995697,1.3446106910705566,1.1245386749505997,0,0,0,0,0.0,0.0,8,7.427980899810791,0.1822262942790985,0.8554142713546753,0.1445857286453247,0.2946155271229081,3.4657359027997265
box_lam1e0,箱+λ,45,0,16,8,256,1.0,0.46051132678985596,0.37609413266181946,0.4551847279071808,0.32149338722229004,0.679571270942688,0.16658450663089752,0.4784754812717438,0.9296038746833801,0.45112839341163635,0,0,0,0,0.0,0.0,8,11.752218246459961,0.6074209809303284,0.8130279779434204,0.1869720220565796,0.2966244515055589,3.4657359027997265
box_lam3e0,箱+λ,45,0,16,8,256,3.0,0.46518412232398987,0.44893768429756165,0.49669942259788513,0.4188281297683716,0.4839036464691162,0.16948539018630981,0.28712135553359985,0.7959246635437012,0.5088033080101013,0,0,0,0,0.0,0.0,8,16.762466430664062,1.822262942790985,0.7845381498336792,0.2154618501663208,0.2976197168392418,3.4657359027997265
box_lam1e1,箱+λ,45,0,16,8,256,10.0,0.46906784176826477,0.5555548071861267,0.566234290599823,0.5316049456596375,0.2775229811668396,0.14260129630565643,0.14110052585601807,0.5246102809906006,0.3835097551345825,0,0,0,0,0.0,0.0,8,25.785011291503906,6.074209809303284,0.7934715747833252,0.2065284252166748,0.2971587372668474,3.4657359027997265
box_lam3e1,箱+λ,45,0,16,8,256,30.0,0.46951937675476074,0.6333420276641846,0.6262686848640442,0.6108316779136658,0.13183964788913727,0.08073761314153671,0.06002306565642357,0.26913145184516907,0.2091083861887455,0,0,0,0,0.0,0.0,8,34.91949462890625,18.22262942790985,0.8190025091171265,0.18099749088287354,0.29615148501758554,3.4657359027997265
box_lam1e2,箱+λ,45,0,16,8,256,100.0,0.4693542420864105,0.6771742701530457,0.6759535074234009,0.6535759568214417,0.04709206894040108,0.03133004531264305,0.0201546810567379,0.10015977919101715,0.08000509813427925,0,0,0,0,0.0,0.0,8,40.82246017456055,60.74209809303284,0.8386802673339844,0.16131973266601562,0.2953955239864695,3.4657359027997265
box_lam1e3,箱+λ,45,0,16,8,256,1000.0,0.4692051112651825,0.6961365938186646,0.698495090007782,0.6733012199401855,0.005099036265164614,0.0035227241460233927,0.0021167034283280373,0.011062480509281158,0.008945777080953121,0,0,0,0,0.0,0.0,8,43.804771423339844,607.4209809303284,0.8493527173995972,0.15064728260040283,0.29498672883103527,3.4657359027997265
nobox_lam1em3,无箱互校,45,0,16,8,256,0.001,0.5231572985649109,0.26986873149871826,0.4751235842704773,0.23177550733089447,-0.6464619636535645,5.357450008392334,-13.815510749816895,2.0378835201263428,15.853394269943237,1,1,1,0,0.125,0.125,8,3.608872652053833,0.0006074209809303284,0.7268109917640686,0.2731890082359314,0.36669144513669183,3.4657359027997265
nobox_lam1em1,无箱互校,45,0,16,8,256,0.1,0.4468042552471161,0.2915542423725128,0.42036548256874084,0.166873961687088,0.9375056028366089,0.6409251689910889,-0.41924476623535156,1.713869333267212,2.1331140995025635,0,0,0,0,0.0,0.0,8,4.8661723136901855,0.06074209809303284,0.8499553799629211,0.15004462003707886,0.2934785888473394,3.4657359027997265
scalar,参照,45,0,16,8,256,0.001,0.4691842496395111,0.28417524695396423,0.4248007833957672,0.2605697214603424,1.226374626159668,0.0,1.226374626159668,1.226374626159668,0.0,0,0,0,0,0.0,0.0,8,0.2013571560382843,0.0,0.8506810665130615,0.14931893348693848,0.29493582577401634,3.4657359027997265
nobeta,参照,45,0,16,8,256,0.001,0.4691842496395111,0.6984900236129761,0.7012665271759033,0.6756277680397034,0.0,0.0,0.0,0.0,0.0,0,0,0,0,0.0,0.0,8,3.608872652053833,0.0006074209809303284,0.8506810665130615,0.14931893348693848,0.29493584644111215,3.4657359027997265
box_lam1em3,箱+λ,45,0,16,16,256,0.001,0.4924386441707611,0.152926504611969,0.4507274031639099,0.10722557455301285,0.08601178973913193,1.8005295991897583,-3.0,1.8917847871780396,4.8917847871780396,3,0,3,0,0.1875,0.0,16,0.7831562161445618,0.0003329521119594574,0.6443025469779968,0.3556974530220032,0.1542283266025846,2.772588722239781
box_lam3em3,箱+λ,45,0,16,16,256,0.003,0.49692660570144653,0.15392468869686127,0.4504823088645935,0.10270072519779205,0.10431567579507828,1.783548355102539,-3.0,1.877353549003601,4.877353549003601,3,0,3,0,0.1875,0.0,16,0.7855007648468018,0.0009988563358783722,0.6505938768386841,0.3494061231613159,0.14736861782511312,2.772588722239781
box_lam1em2,箱+λ,45,0,16,16,256,0.01,0.4567732810974121,0.1572178155183792,0.4120399057865143,0.09361572563648224,0.2923052906990051,1.536494493484497,-3.0,1.7810510396957397,4.78105103969574,2,0,2,0,0.125,0.0,16,0.8258604407310486,0.003329521119594574,0.6978978514671326,0.30210214853286743,0.12422849731280133,2.772588722239781
box_lam3em2,箱+λ,45,0,16,16,256,0.03,0.44520121812820435,0.17440618574619293,0.41585367918014526,0.10591181367635727,0.5194274187088013,1.0548980236053467,-1.8783376216888428,1.6094437837600708,3.4877814054489136,0,0,0,0,0.0,0.0,16,0.9876993894577026,0.009988563358783722,0.749719500541687,0.250280499458313,0.11415508613506216,2.772588722239781
box_lam1em1,箱+λ,45,0,16,16,256,0.1,0.4978564381599426,0.18781054019927979,0.4668048024177551,0.11616036295890808,0.7150949239730835,0.463748961687088,-0.10791082680225372,1.2965071201324463,1.4044179469347,0,0,0,0,0.0,0.0,16,1.5734280347824097,0.033295211195945744,0.814396858215332,0.18560314178466797,0.08210627963091773,2.772588722239781
box_lam3em1,箱+λ,45,0,16,16,256,0.3,0.49259597063064575,0.15653985738754272,0.4886099398136139,0.13491614162921906,0.6587137579917908,0.29022061824798584,0.1684224009513855,1.1518704891204834,0.9834480881690979,0,0,0,0,0.0,0.0,16,2.551328182220459,0.09988563358783721,0.8046756982803345,0.19532430171966553,0.08233497137977808,2.772588722239781
box_lam1e0,箱+λ,45,0,16,16,256,1.0,0.49459004402160645,0.2315843552350998,0.4862699806690216,0.1965198665857315,0.5224742889404297,0.16789434850215912,0.28781476616859436,0.8373658657073975,0.5495510995388031,0,0,0,0,0.0,0.0,16,4.715915679931641,0.3329521119594574,0.7608386278152466,0.23916137218475342,0.08677054348591062,2.772588722239781
box_lam3e0,箱+λ,45,0,16,16,256,3.0,0.5011056661605835,0.30251142382621765,0.5022013187408447,0.283142626285553,0.3723803460597992,0.14844173192977905,0.17726369202136993,0.7134072184562683,0.5361435264348984,0,0,0,0,0.0,0.0,16,7.568944931030273,0.9988563358783722,0.7215617299079895,0.2784382700920105,0.09315754411410655,2.772588722239781
box_lam1e1,箱+λ,45,0,16,16,256,10.0,0.5073509216308594,0.39824777841567993,0.5172117352485657,0.3877958655357361,0.22327809035778046,0.13422748446464539,0.07462085038423538,0.5565169453620911,0.4818960949778557,0,0,0,0,0.0,0.0,16,12.421478271484375,3.329521119594574,0.717921257019043,0.28207874298095703,0.09419749170896484,2.772588722239781
box_lam3e1,箱+λ,45,0,16,16,256,30.0,0.5178540945053101,0.4783077836036682,0.5597009062767029,0.4758440852165222,0.11528602242469788,0.08683008700609207,0.030846908688545227,0.3323180079460144,0.3014710992574692,0,0,0,0,0.0,0.0,16,19.030967712402344,9.988563358783722,0.7458739876747131,0.25412601232528687,0.08926101120130246,2.772588722239781
box_lam1e2,箱+λ,45,0,16,16,256,100.0,0.5263389348983765,0.5300301909446716,0.5950852036476135,0.5368050336837769,0.04418349266052246,0.03743801638484001,0.010428578592836857,0.1382511705160141,0.12782259192317724,0,0,0,0,0.0,0.0,16,24.925777435302734,33.29521119594574,0.7758888006210327,0.22411119937896729,0.08417606344400151,2.772588722239781
box_lam1e3,箱+λ,45,0,16,16,256,1000.0,0.5308127999305725,0.5601667165756226,0.6094418168067932,0.5698052644729614,0.004988678731024265,0.004481253679841757,0.001104817260056734,0.01629123091697693,0.015186413656920195,0,0,0,0,0.0,0.0,16,28.54855728149414,332.9521119594574,0.7952913045883179,0.20470869541168213,0.08107877879452054,2.772588722239781
nobox_lam1em3,无箱互校,45,0,16,16,256,0.001,0.4923933744430542,0.15120962262153625,0.4511958062648773,0.10996922850608826,-1.9417338371276855,5.967779636383057,-13.815510749816895,1.9010586738586426,15.716569423675537,3,3,3,0,0.1875,0.1875,16,0.7755158543586731,0.0003329521119594574,0.6344740390777588,0.3655259609222412,0.1549620911727837,2.772588722239781
nobox_lam1em1,无箱互校,45,0,16,16,256,0.1,0.49785658717155457,0.18781068921089172,0.4668044149875641,0.11616042256355286,0.7150948643684387,0.4637492597103119,-0.1079116240143776,1.2965073585510254,1.404418982565403,0,0,0,0,0.0,0.0,16,1.573427677154541,0.033295211195945744,0.814396858215332,0.18560314178466797,0.08210619179576047,2.772588722239781
scalar,参照,45,0,16,16,256,0.001,0.5313456654548645,0.1910853385925293,0.47533029317855835,0.19225233793258667,0.8652304410934448,1.2311882358062576e-07,0.8652303218841553,0.8652303218841553,0.0,0,0,0,0,0.0,0.0,16,0.08371465653181076,0.0,0.7978730797767639,0.20212692022323608,0.0806790099931882,2.772588722239781
nobeta,参照,45,0,16,16,256,0.001,0.5313459634780884,0.5639151334762573,0.6118134260177612,0.5738719701766968,0.0,0.0,0.0,0.0,0.0,0,0,0,0,0.0,0.0,16,0.7755158543586731,0.0003329521119594574,0.7978729009628296,0.2021270990371704,0.08067886532351741,2.772588722239781
box_lam1em3,箱+λ,45,0,16,32,256,0.001,0.5305896997451782,0.1605163812637329,0.47183388471603394,0.08968424797058105,-0.1900247484445572,1.7033953666687012,-3.0,1.879232406616211,4.879232406616211,6,0,6,0,0.1875,0.0,16,0.09178376197814941,0.0001759072095155716,0.6037772297859192,0.3962227702140808,0.041088113708370066,2.0794415416798357
box_lam3em3,箱+λ,45,0,16,32,256,0.003,0.5210886597633362,0.150374636054039,0.4634321630001068,0.09576819837093353,-0.12433162331581116,1.6274460554122925,-3.0,1.8327292203903198,4.83272922039032,6,0,6,0,0.1875,0.0,16,0.10275719314813614,0.0005277216285467148,0.6150804758071899,0.38491952419281006,0.04083313858039325,2.0794415416798357
box_lam1em2,箱+λ,45,0,16,32,256,0.01,0.49985870718955994,0.15084628760814667,0.45509254932403564,0.0968686044216156,-0.022756390273571014,1.518476128578186,-3.0,1.6902401447296143,4.690240144729614,5,0,5,0,0.15625,0.0,16,0.1426890641450882,0.001759072095155716,0.6392231583595276,0.3607768416404724,0.0401520802713239,2.0794415416798357
box_lam3em2,箱+λ,45,0,16,32,256,0.03,0.4926871955394745,0.13435934484004974,0.44040822982788086,0.0867161750793457,0.2155534029006958,1.178662896156311,-3.0,1.4130010604858398,4.41300106048584,3,0,3,0,0.09375,0.0,16,0.2740097641944885,0.005277216285467148,0.6989414095878601,0.3010585904121399,0.03749374148670005,2.0794415416798357
box_lam1em1,箱+λ,45,0,16,32,256,0.1,0.43834397196769714,0.10509859025478363,0.3945344388484955,0.07875362783670425,0.39721593260765076,0.6424607038497925,-2.5209827423095703,0.9905612468719482,3.5115439891815186,0,0,0,0,0.0,0.0,16,0.5763248801231384,0.01759072095155716,0.7367480397224426,0.2632519602775574,0.03781981400770459,2.0794415416798357
box_lam3em1,箱+λ,45,0,16,32,256,0.3,0.4455399215221405,0.09281560033559799,0.37987732887268066,0.09924141317605972,0.4188583791255951,0.26070475578308105,-0.3545001447200775,0.8112265467643738,1.1657266914844513,0,0,0,0,0.0,0.0,16,0.9746851921081543,0.05277216285467148,0.7314066886901855,0.26859331130981445,0.04096273160476892,2.0794415416798357
box_lam1e0,箱+λ,45,0,16,32,256,1.0,0.43719667196273804,0.08982639759778976,0.40997233986854553,0.1053113043308258,0.340323269367218,0.15164120495319366,0.023922258988022804,0.6592851281166077,0.6353628691285849,0,0,0,0,0.0,0.0,16,1.7083898782730103,0.1759072095155716,0.7010501027107239,0.2989498972892761,0.04431398386130519,2.0794415416798357
box_lam3e0,箱+λ,45,0,16,32,256,3.0,0.42246976494789124,0.14663200080394745,0.42340776324272156,0.1380726397037506,0.24621392786502838,0.11721628904342651,0.06529265642166138,0.5310993790626526,0.4658067226409912,0,0,0,0,0.0,0.0,16,2.8373801708221436,0.5277216285467148,0.6695894002914429,0.33041059970855713,0.04776518219325502,2.0794415416798357
box_lam1e1,箱+λ,45,0,16,32,256,10.0,0.4201752245426178,0.22437550127506256,0.44283002614974976,0.2162628471851349,0.15225861966609955,0.10415741056203842,0.05229621008038521,0.4971148371696472,0.444818627089262,0,0,0,0,0.0,0.0,16,4.690308570861816,1.759072095155716,0.657666802406311,0.34233319759368896,0.04915794811450339,2.0794415416798357
box_lam3e1,箱+λ,45,0,16,32,256,30.0,0.42955541610717773,0.29719313979148865,0.45879435539245605,0.2924448251724243,0.08528302609920502,0.07597359269857407,0.027557065710425377,0.35048869252204895,0.3229316268116236,0,0,0,0,0.0,0.0,16,7.6309919357299805,5.277216285467148,0.6775637269020081,0.32243627309799194,0.04666871525808715,2.0794415416798357
box_lam1e2,箱+λ,45,0,16,32,256,100.0,0.4428558051586151,0.3537862002849579,0.472944974899292,0.3500201106071472,0.03595958650112152,0.0373646579682827,0.010012992657721043,0.16890257596969604,0.158889583311975,0,0,0,0,0.0,0.0,16,11.496918678283691,17.59072095155716,0.7102665901184082,0.2897334098815918,0.04300100843026627,2.0794415416798357
box_lam1e3,箱+λ,45,0,16,32,256,1000.0,0.43989208340644836,0.38587677478790283,0.49025431275367737,0.38989681005477905,0.004352285526692867,0.004920136649161577,0.0011144625023007393,0.022040536627173424,0.020926074124872684,0,0,0,0,0.0,0.0,16,14.761435508728027,175.9072095155716,0.7375162243843079,0.26248377561569214,0.040288403018777834,2.0794415416798357
nobox_lam1em3,无箱互校,45,0,16,32,256,0.001,0.5297191739082336,0.15746630728244781,0.47255977988243103,0.09182275086641312,-2.2057719230651855,5.748863697052002,-13.815510749816895,1.8752378225326538,15.690748572349548,6,6,6,0,0.1875,0.1875,16,0.08921214193105698,0.0001759072095155716,0.5922667384147644,0.4077332615852356,0.041070598344657705,2.0794415416798357
nobox_lam1em1,无箱互校,45,0,16,32,256,0.1,0.43834546208381653,0.10509870946407318,0.3945334553718567,0.07875329256057739,0.3972134292125702,0.6424697637557983,-2.5210418701171875,0.9905606508255005,3.511602520942688,0,0,0,0,0.0,0.0,16,0.5763245820999146,0.01759072095155716,0.7367475032806396,0.26325249671936035,0.03781983467480041,2.0794415416798357
scalar,参照,45,0,16,32,256,0.001,0.4394705295562744,0.10820639133453369,0.4065884053707123,0.10661592334508896,0.5542428493499756,0.0,0.5542428493499756,0.5542428493499756,0.0,0,0,0,0,0.0,0.0,16,0.03971276432275772,0.0,0.7415632605552673,0.25843673944473267,0.03990976890631434,2.0794415416798357
nobeta,参照,45,0,16,32,256,0.001,0.43946972489356995,0.39026349782943726,0.4922308325767517,0.39537134766578674,0.0,0.0,0.0,0.0,0.0,0,0,0,0,0.0,0.0,16,0.08921214193105698,0.0001759072095155716,0.741563618183136,0.258436381816864,0.03990981799066693,2.0794415416798357
box_lam1em3,箱+λ,45,0,16,64,256,0.001,0.388345867395401,0.09879401326179504,0.358052134513855,0.050546154379844666,0.010971784591674805,1.0251322984695435,-3.0,1.236297607421875,4.236297607421875,5,0,5,0,0.078125,0.0,16,0.0032036961056292057,9.143123775720597e-05,0.6012850999832153,0.39871490001678467,0.034578585619183914,1.3862943611198906
box_lam3em3,箱+λ,45,0,16,64,256,0.003,0.3875840902328491,0.0994594618678093,0.35409072041511536,0.05065767467021942,0.031671032309532166,0.9918023943901062,-3.0,1.2124594449996948,4.212459444999695,4,0,4,0,0.0625,0.0,16,0.003904922865331173,0.0002742937132716179,0.608485996723175,0.39151400327682495,0.03434002533206674,1.3862943611198906
box_lam1em2,箱+λ,45,0,16,64,256,0.01,0.3863178491592407,0.08966805040836334,0.34250974655151367,0.03921675309538841,0.12021803855895996,0.8095391988754272,-3.0,1.134049654006958,4.134049654006958,2,0,2,0,0.03125,0.0,16,0.008226360194385052,0.0009143123775720597,0.6345434784889221,0.3654565215110779,0.033793664820042014,1.3862943611198906
box_lam3em2,箱+λ,45,0,16,64,256,0.03,0.3757559359073639,0.07229562848806381,0.324447363615036,0.039640482515096664,0.20214468240737915,0.6417273283004761,-2.855663776397705,0.9908016920089722,3.8464654684066772,0,0,0,0,0.0,0.0,16,0.02609988860785961,0.0027429371327161787,0.6716926097869873,0.3283073902130127,0.03293435280947516,1.3862943611198906
box_lam1em1,箱+λ,45,0,16,64,256,0.1,0.36063140630722046,0.05757662281394005,0.312719464302063,0.040581367909908295,0.2670995891094208,0.28624987602233887,-0.9745292663574219,0.7916773557662964,1.7662066221237183,0,0,0,0,0.0,0.0,16,0.10091665387153625,0.009143123775720597,0.6960803866386414,0.30391961336135864,0.03197324501841835,1.3862943611198906
box_lam3em1,箱+λ,45,0,16,64,256,0.3,0.3595576882362366,0.04549949988722801,0.30995941162109375,0.03958101570606232,0.23218515515327454,0.16059620678424835,-0.3786654770374298,0.5938450694084167,0.9725105464458466,0,0,0,0,0.0,0.0,16,0.22655874490737915,0.027429371327161788,0.6793873906135559,0.3206126093864441,0.032019247390339595,1.3862943611198906
box_lam1e0,箱+λ,45,0,16,64,256,1.0,0.3669062852859497,0.06107442080974579,0.31619518995285034,0.052131496369838715,0.17871570587158203,0.09987960755825043,-0.06136211380362511,0.49474745988845825,0.5561095736920834,0,0,0,0,0.0,0.0,16,0.4154009222984314,0.09143123775720596,0.6548666954040527,0.34513330459594727,0.03281485049463645,1.3862943611198906
box_lam3e0,箱+λ,45,0,16,64,256,3.0,0.37559083104133606,0.06866547465324402,0.3189220130443573,0.06503187119960785,0.1287703812122345,0.07583828270435333,0.022103270515799522,0.3877488672733307,0.36564559675753117,0,0,0,0,0.0,0.0,16,0.7037835717201233,0.2742937132716179,0.6341983079910278,0.36580169200897217,0.03385360456471079,1.3862943611198906
box_lam1e1,箱+λ,45,0,16,64,256,10.0,0.37767165899276733,0.09608431905508041,0.3187175691127777,0.10524071007966995,0.08003377914428711,0.060242947190999985,0.01883958838880062,0.3027671277523041,0.28392753936350346,0,0,0,0,0.0,0.0,16,1.205352783203125,0.9143123775720596,0.6206185817718506,0.3793814182281494,0.034728491815369356,1.3862943611198906
box_lam3e1,箱+λ,45,0,16,64,256,30.0,0.37709489464759827,0.13835854828357697,0.31970468163490295,0.1437140256166458,0.046742506325244904,0.046247854828834534,0.010675818659365177,0.2586168944835663,0.2479410758242011,0,0,0,0,0.0,0.0,16,1.9039510488510132,2.742937132716179,0.6259705424308777,0.3740294575691223,0.0343488811826281,1.3862943611198906
box_lam1e2,箱+λ,45,0,16,64,256,100.0,0.3727773427963257,0.17450301349163055,0.33738458156585693,0.18506696820259094,0.021666565909981728,0.026054857298731804,0.003956230357289314,0.148681178689003,0.14472494833171368,0,0,0,0,0.0,0.0,16,3.07798171043396,9.143123775720596,0.6463132500648499,0.35368674993515015,0.03293801346882331,1.3862943611198906
box_lam1e3,箱+λ,45,0,16,64,256,1000.0,0.3671630620956421,0.21283061802387238,0.3420994281768799,0.22193242609500885,0.0028977745678275824,0.003916943911463022,0.00046230596490204334,0.022464442998170853,0.02200213703326881,0,0,0,0,0.0,0.0,16,4.587618827819824,91.43123775720596,0.670577347278595,0.32942265272140503,0.03141323905637464,1.3862943611198906
nobox_lam1em3,无箱互校,45,0,16,64,256,0.001,0.38774123787879944,0.09698443859815598,0.35758176445961,0.04866030439734459,-0.6904526352882385,3.4981751441955566,-13.815510749816895,1.2437852621078491,15.059296011924744,5,4,5,0,0.078125,0.0625,16,0.0030893925577402115,9.143123775720597e-05,0.5900484323501587,0.4099515676498413,0.03455384452209346,1.3862943611198906
nobox_lam1em1,无箱互校,45,0,16,64,256,0.1,0.36064544320106506,0.05759848654270172,0.3127266466617584,0.04056074097752571,0.2669723331928253,0.28645721077919006,-0.9766788482666016,0.7917599678039551,1.7684388160705566,0,0,0,0,0.0,0.0,16,0.10091942548751831,0.009143123775720597,0.6960033774375916,0.30399662256240845,0.03197579998813981,1.3862943611198906
scalar,参照,45,0,16,64,256,0.001,0.36623141169548035,0.05397501960396767,0.3086252510547638,0.05224258080124855,0.2822025716304779,0.0,0.2822025716304779,0.2822025716304779,0.0,0,0,0,0,0.0,0.0,16,0.012596476823091507,0.0,0.6748518347740173,0.32514816522598267,0.03116285460705813,1.3862943611198906
nobeta,参照,45,0,16,64,256,0.001,0.36623185873031616,0.222438246011734,0.3429819941520691,0.22818559408187866,0.0,0.0,0.0,0.0,0.0,0,0,0,0,0.0,0.0,16,0.0030893925577402115,9.143123775720597e-05,0.674851655960083,0.325148344039917,0.031162823606414394,1.3862943611198906
box_lam1em3,箱+λ,45,0,32,8,256,0.001,0.3728542923927307,0.21067890524864197,0.3317807614803314,0.12002072483301163,0.6450384855270386,1.5709799528121948,-3.0,1.837062954902649,4.837062954902649,1,0,1,0,0.125,0.0,8,4.587358474731445,0.0007817583680152894,0.8301095962524414,0.1698904037475586,0.32714097507711454,3.4657359027997265
box_lam3em3,箱+λ,45,0,32,8,256,0.003,0.37297672033309937,0.2116449773311615,0.33180052042007446,0.11360129714012146,0.6439418792724609,1.5686345100402832,-3.0,1.8276183605194092,4.827618360519409,1,0,1,0,0.125,0.0,8,4.589064121246338,0.002345275104045868,0.8302434086799622,0.16975659132003784,0.32710930623791534,3.4657359027997265
box_lam1em2,箱+λ,45,0,32,8,256,0.01,0.3734045922756195,0.21482902765274048,0.3311630189418793,0.10981868952512741,0.6399752497673035,1.560808777809143,-3.0,1.8003466129302979,4.800346612930298,1,0,1,0,0.125,0.0,8,4.607133865356445,0.007817583680152894,0.830529510974884,0.16947048902511597,0.32701151442223525,3.4657359027997265
box_lam3em2,箱+λ,45,0,32,8,256,0.03,0.37444007396698,0.2091820240020752,0.33441364765167236,0.13237875699996948,0.9442194700241089,0.6459658741950989,-0.2086498886346817,1.6829023361206055,1.8915522247552872,0,0,0,0,0.0,0.0,8,4.8693389892578125,0.02345275104045868,0.8855659365653992,0.11443406343460083,0.3020392281381601,3.4657359027997265
box_lam1em1,箱+λ,45,0,32,8,256,0.1,0.37138280272483826,0.21043053269386292,0.33844810724258423,0.14780832827091217,0.951099157333374,0.35112953186035156,0.5354428887367249,1.4382209777832031,0.9027780890464783,0,0,0,0,0.0,0.0,8,5.821682929992676,0.07817583680152894,0.9036840796470642,0.09631592035293579,0.3016614860121978,3.4657359027997265
box_lam3em1,箱+λ,45,0,32,8,256,0.3,0.36930906772613525,0.19183668494224548,0.3434363305568695,0.22785261273384094,0.864404559135437,0.19432277977466583,0.5513836145401001,1.1303961277008057,0.5790125131607056,0,0,0,0,0.0,0.0,8,7.636120796203613,0.23452751040458678,0.8802809119224548,0.11971908807754517,0.3028117305613693,3.4657359027997265
box_lam1e0,箱+λ,45,0,32,8,256,1.0,0.37734147906303406,0.2549607455730438,0.36021628975868225,0.3035659193992615,0.7014574408531189,0.14851409196853638,0.4415648877620697,0.884005069732666,0.4424401819705963,0,0,0,0,0.0,0.0,8,11.192493438720703,0.7817583680152893,0.8420161604881287,0.15798383951187134,0.30466058357561865,3.4657359027997265
box_lam3e0,箱+λ,45,0,32,8,256,3.0,0.3812527358531952,0.37697771191596985,0.39979636669158936,0.39845654368400574,0.5072958469390869,0.17039985954761505,0.2953536808490753,0.7347918748855591,0.43943819403648376,0,0,0,0,0.0,0.0,8,17.89390754699707,2.345275104045868,0.8237786889076233,0.1762213110923767,0.30568128391096844,3.4657359027997265
box_lam1e1,箱+λ,45,0,32,8,256,10.0,0.3805026113986969,0.5114149451255798,0.47020223736763,0.5230494141578674,0.28374171257019043,0.1348513513803482,0.1445346474647522,0.5059519410133362,0.361417293548584,0,0,0,0,0.0,0.0,8,31.066049575805664,7.817583680152893,0.8345282673835754,0.16547173261642456,0.30555995632649036,3.4657359027997265
box_lam3e1,箱+λ,45,0,32,8,256,30.0,0.3777956962585449,0.5922061204910278,0.561165452003479,0.6051357388496399,0.13050444424152374,0.07330765575170517,0.06033679470419884,0.2599102854728699,0.19957349076867104,0,0,0,0,0.0,0.0,8,42.92850875854492,23.45275104045868,0.856119692325592,0.14388030767440796,0.30496621433422244,3.4657359027997265
box_lam1e2,箱+λ,45,0,32,8,256,100.0,0.37577512860298157,0.6318124532699585,0.6068583726882935,0.649379551410675,0.045629069209098816,0.02777726948261261,0.019972175359725952,0.09618676453828812,0.07621458917856216,0,0,0,0,0.0,0.0,8,49.96097946166992,78.17583680152893,0.8715850114822388,0.12841498851776123,0.30456769388456395,3.4657359027997265
box_lam1e3,箱+λ,45,0,32,8,256,1000.0,0.37470772862434387,0.649455726146698,0.6295464038848877,0.6666087508201599,0.004886142443865538,0.0030856612138450146,0.0020824430976063013,0.0105805154889822,0.0084980723913759,0,0,0,0,0.0,0.0,8,53.361663818359375,781.7583680152893,0.8796613216400146,0.12033867835998535,0.30437926846927604,3.4657359027997265
nobox_lam1em3,无箱互校,45,0,32,8,256,0.001,0.37315675616264343,0.2111157774925232,0.33200642466545105,0.1192447617650032,-0.7049940824508667,5.325799465179443,-13.815510749816895,1.8400452136993408,15.655555963516235,1,1,1,0,0.125,0.125,8,4.580728054046631,0.0007817583680152894,0.8218819499015808,0.1781180500984192,0.32955371168818637,3.4657359027997265
nobox_lam1em1,无箱互校,45,0,32,8,256,0.1,0.37138283252716064,0.21043053269386292,0.33844810724258423,0.14780816435813904,0.9510990381240845,0.3511294722557068,0.5354430675506592,1.438220739364624,0.9027776718139648,0,0,0,0,0.0,0.0,8,5.821681022644043,0.07817583680152894,0.9036840796470642,0.09631592035293579,0.3016614860121978,3.4657359027997265
scalar,参照,45,0,32,8,256,0.001,0.374576210975647,0.2614526152610779,0.3302892744541168,0.14833959937095642,1.1335099935531616,0.0,1.1335099935531616,1.1335099935531616,0.0,0,0,0,0,0.0,0.0,8,0.1024242416024208,0.0,0.880652666091919,0.11934733390808105,0.3043572924674043,3.4657359027997265
nobeta,参照,45,0,32,8,256,0.001,0.37457627058029175,0.651511549949646,0.6322929859161377,0.6691659092903137,0.0,0.0,0.0,0.0,0.0,0,0,0,0,0.0,0.0,8,4.580728054046631,0.0007817583680152894,0.880652666091919,0.11934733390808105,0.3043572924674043,3.4657359027997265
box_lam1em3,箱+λ,45,0,32,16,256,0.001,0.3642221689224243,0.19168123602867126,0.31007975339889526,0.10773830860853195,0.36892643570899963,1.1304371356964111,-3.0,1.6473791599273682,4.647379159927368,1,0,1,0,0.0625,0.0,16,2.527742385864258,0.0004294607043266296,0.7375032305717468,0.2624967694282532,0.20278825049854465,2.772588722239781
box_lam3em3,箱+λ,45,0,32,16,256,0.003,0.36662718653678894,0.1996714025735855,0.31426408886909485,0.10492292791604996,0.389615535736084,1.106703758239746,-3.0,1.6205124855041504,4.62051248550415,1,0,1,0,0.0625,0.0,16,2.530121088027954,0.001288382112979889,0.7425875067710876,0.25741249322891235,0.20181031841525324,2.772588722239781
box_lam1em2,箱+λ,45,0,32,16,256,0.01,0.36177629232406616,0.20520170032978058,0.31570756435394287,0.10322403162717819,0.5244935750961304,0.7521488070487976,-1.4808273315429688,1.5292725563049316,3.0100998878479004,0,0,0,0,0.0,0.0,16,2.5511255264282227,0.0042946070432662966,0.763388991355896,0.236611008644104,0.19920880822663314,2.772588722239781
box_lam3em2,箱+λ,45,0,32,16,256,0.03,0.3783539831638336,0.18235839903354645,0.3192850947380066,0.10787443816661835,0.6440483331680298,0.42119741439819336,0.08813128620386124,1.325819969177246,1.2376886829733849,0,0,0,0,0.0,0.0,16,2.63834810256958,0.012883821129798889,0.8004523515701294,0.1995476484298706,0.19474127366108446,2.772588722239781
box_lam1em1,箱+λ,45,0,32,16,256,0.1,0.3766637146472931,0.12608830630779266,0.3239401876926422,0.10270000994205475,0.6586717963218689,0.2718437612056732,0.284574419260025,1.110417366027832,0.825842946767807,0,0,0,0,0.0,0.0,16,2.863811492919922,0.042946070432662964,0.8083434104919434,0.19165658950805664,0.1954504662588762,2.772588722239781
box_lam3em1,箱+λ,45,0,32,16,256,0.3,0.3705775737762451,0.12225286662578583,0.3242947459220886,0.09857291728258133,0.610054075717926,0.17696751654148102,0.3279864192008972,0.9198779463768005,0.5918915271759033,0,0,0,0,0.0,0.0,16,3.3933513164520264,0.1288382112979889,0.7874362468719482,0.21256375312805176,0.19688703945093905,2.772588722239781
box_lam1e0,箱+λ,45,0,32,16,256,1.0,0.3630898594856262,0.13473989069461823,0.331314355134964,0.13718177378177643,0.49952512979507446,0.1503918617963791,0.2581125497817993,0.7979044914245605,0.5397919416427612,0,0,0,0,0.0,0.0,16,4.749611854553223,0.42946070432662964,0.7471255660057068,0.2528744339942932,0.1986770948226647,2.772588722239781
box_lam3e0,箱+λ,45,0,32,16,256,3.0,0.3584851920604706,0.1977166086435318,0.3572781980037689,0.21424129605293274,0.3718183934688568,0.16065536439418793,0.16774293780326843,0.6684106588363647,0.5006677210330963,0,0,0,0,0.0,0.0,16,7.501222133636475,1.288382112979889,0.7228116393089294,0.27718836069107056,0.19972527212359933,2.772588722239781
box_lam1e1,箱+λ,45,0,32,16,256,10.0,0.3589171767234802,0.32234832644462585,0.36512306332588196,0.3288300633430481,0.22616204619407654,0.13504666090011597,0.0871342271566391,0.53104567527771,0.44391144812107086,0,0,0,0,0.0,0.0,16,14.198844909667969,4.294607043266296,0.7305194735527039,0.26948052644729614,0.19961590739438603,2.772588722239781
box_lam3e1,箱+λ,45,0,32,16,256,30.0,0.3632248342037201,0.42147940397262573,0.4064671993255615,0.42269912362098694,0.1143423393368721,0.08198294043540955,0.039436835795640945,0.32050472497940063,0.2810678891837597,0,0,0,0,0.0,0.0,16,23.030614852905273,12.88382112979889,0.7600631713867188,0.23993682861328125,0.19864736176563294,2.772588722239781
box_lam1e2,箱+λ,45,0,32,16,256,100.0,0.36749860644340515,0.4786062240600586,0.46330106258392334,0.47683289647102356,0.04278011992573738,0.03393803536891937,0.013780688866972923,0.1324196308851242,0.11863894201815128,0,0,0,0,0.0,0.0,16,30.14825439453125,42.946070432662964,0.787405788898468,0.21259421110153198,0.19782348451929013,2.772588722239781
box_lam1e3,箱+λ,45,0,32,16,256,1000.0,0.3701857328414917,0.5094699263572693,0.4892551600933075,0.5038866996765137,0.0047556692734360695,0.003970577381551266,0.0014772227732464671,0.015489749610424042,0.014012526837177575,0,0,0,0,0.0,0.0,16,34.240692138671875,429.46070432662964,0.8040106892585754,0.19598931074142456,0.19738382521695166,2.772588722239781
nobox_lam1em3,无箱互校,45,0,32,16,256,0.001,0.3648695945739746,0.19086742401123047,0.31040158867836,0.10804625600576401,-0.30810442566871643,3.6676082611083984,-13.815510749816895,1.651160478591919,15.466671228408813,1,1,1,0,0.0625,0.0625,16,2.526313066482544,0.0004294607043266296,0.7331127524375916,0.26688724756240845,0.20292488329598662,2.772588722239781
nobox_lam1em1,无箱互校,45,0,32,16,256,0.1,0.3766636848449707,0.1260882169008255,0.3239400386810303,0.10270000994205475,0.6586716771125793,0.27184396982192993,0.2845742404460907,1.110417366027832,0.8258431255817413,0,0,0,0,0.0,0.0,16,2.8638112545013428,0.042946070432662964,0.8083434104919434,0.19165658950805664,0.1954504801853666,2.772588722239781
scalar,参照,45,0,32,16,256,0.001,0.37053990364074707,0.1817387193441391,0.3281991183757782,0.18466085195541382,0.8098000884056091,0.0,0.8098000884056091,0.8098000884056091,0.0,0,0,0,0,0.0,0.0,16,0.0724903866648674,0.0,0.8061701059341431,0.19382989406585693,0.19733055639112193,2.772588722239781
nobeta,参照,45,0,32,16,256,0.001,0.37053993344306946,0.5130071043968201,0.4932488203048706,0.5072215795516968,0.0,0.0,0.0,0.0,0.0,0,0,0,0,0.0,0.0,16,2.526313066482544,0.0004294607043266296,0.8061701059341431,0.19382989406585693,0.19733055639112193,2.772588722239781
box_lam1em3,箱+λ,45,0,32,32,256,0.001,0.2700903117656708,0.1043124869465828,0.25615301728248596,0.04024411365389824,-0.004399806261062622,1.4027401208877563,-3.0,1.719373106956482,4.719373106956482,4,0,4,0,0.125,0.0,32,0.47701916098594666,0.00022813913226127624,0.6538494825363159,0.3461505174636841,0.10737203644282757,2.0794415416798357
box_lam3em3,箱+λ,45,0,32,32,256,0.003,0.267782062292099,0.1015239879488945,0.25675591826438904,0.041836537420749664,0.03794879466295242,1.35365629196167,-3.0,1.6836493015289307,4.683649301528931,4,0,4,0,0.125,0.0,32,0.4840225875377655,0.0006844173967838288,0.6631602048873901,0.33683979511260986,0.10523563621777574,2.0794415416798357
box_lam1em2,箱+λ,45,0,32,32,256,0.01,0.273723304271698,0.09403190016746521,0.25294771790504456,0.038094669580459595,0.1413055807352066,1.2031409740447998,-3.0,1.5739827156066895,4.5739827156066895,3,0,3,0,0.09375,0.0,32,0.5144218802452087,0.0022813913226127627,0.6898456811904907,0.3101543188095093,0.09909073944092339,2.0794415416798357
box_lam3em2,箱+λ,45,0,32,32,256,0.03,0.27789023518562317,0.08508523553609848,0.25768420100212097,0.04098103940486908,0.25975024700164795,0.9816797375679016,-3.0,1.349449872970581,4.349449872970581,2,0,2,0,0.0625,0.0,32,0.6101446747779846,0.006844173967838287,0.7204368114471436,0.27956318855285645,0.09166284384503759,2.0794415416798357
box_lam1em1,箱+λ,45,0,32,32,256,0.1,0.26382359862327576,0.08868051320314407,0.2512659430503845,0.0499643050134182,0.4073101878166199,0.3709624707698822,-0.5629000663757324,0.9944460391998291,1.5573461055755615,0,0,0,0,0.0,0.0,32,0.8751369118690491,0.022813913226127625,0.7331109642982483,0.2668890357017517,0.08497055939925698,2.0794415416798357
box_lam3em1,箱+λ,45,0,32,32,256,0.3,0.2591560482978821,0.0876130536198616,0.24480624496936798,0.06233065202832222,0.37692785263061523,0.20182619988918304,-0.04002803936600685,0.7245563864707947,0.7645844258368015,0,0,0,0,0.0,0.0,32,1.2718267440795898,0.06844173967838287,0.7097089886665344,0.2902910113334656,0.08276071782701218,2.0794415416798357
box_lam1e0,箱+λ,45,0,32,32,256,1.0,0.25642144680023193,0.08910929411649704,0.24639707803726196,0.0843130350112915,0.3030168414115906,0.13111232221126556,0.08221805840730667,0.6446312069892883,0.5624131485819817,0,0,0,0,0.0,0.0,32,1.8662461042404175,0.22813913226127625,0.6732752323150635,0.3267247676849365,0.08453131789163089,2.0794415416798357
box_lam3e0,箱+λ,45,0,32,32,256,3.0,0.25757506489753723,0.13017645478248596,0.2570238411426544,0.11867426335811615,0.22820743918418884,0.12524114549160004,0.0721244066953659,0.5812456607818604,0.5091212540864944,0,0,0,0,0.0,0.0,32,2.7217307090759277,0.6844173967838287,0.6497434973716736,0.3502565026283264,0.08628719765588305,2.0794415416798357
box_lam1e1,箱+λ,45,0,32,32,256,10.0,0.259772926568985,0.1879822313785553,0.2760893702507019,0.1953640878200531,0.14884035289287567,0.11036456376314163,0.05151708424091339,0.4949817657470703,0.4434646815061569,0,0,0,0,0.0,0.0,32,4.859749794006348,2.2813913226127625,0.650776207447052,0.349223792552948,0.0859480319083648,2.0794415416798357
box_lam3e1,箱+λ,45,0,32,32,256,30.0,0.26071444153785706,0.27081039547920227,0.29621636867523193,0.26974979043006897,0.08377575874328613,0.0752880647778511,0.02943377010524273,0.3516775667667389,0.32224379666149616,0,0,0,0,0.0,0.0,32,8.887738227844238,6.844173967838287,0.6769599318504333,0.32304006814956665,0.08335531629844052,2.0794415416798357
box_lam1e2,箱+λ,45,0,32,32,256,100.0,0.26149049401283264,0.33455678820610046,0.3155841529369354,0.337200403213501,0.034580644220113754,0.035039447247982025,0.010911205783486366,0.16756552457809448,0.15665431879460812,0,0,0,0,0.0,0.0,32,13.76445198059082,22.813913226127625,0.7098897099494934,0.2901102900505066,0.08045756180575506,2.0794415416798357
box_lam1e3,箱+λ,45,0,32,32,256,1000.0,0.2625609040260315,0.37811559438705444,0.33226197957992554,0.3752872943878174,0.004097101278603077,0.004446784034371376,0.0012191252317279577,0.0215515848249197,0.020332459593191743,0,0,0,0,0.0,0.0,32,17.50502586364746,228.13913226127625,0.7346348166465759,0.2653651833534241,0.07851741368360325,2.0794415416798357
nobox_lam1em3,无箱互校,45,0,32,32,256,0.001,0.27042356133461,0.10392380505800247,0.25644630193710327,0.039918750524520874,-1.3600709438323975,4.852936267852783,-13.815510749816895,1.7192155122756958,15.53472626209259,4,4,4,0,0.125,0.125,32,0.47456029057502747,0.00022813913226127624,0.6457003951072693,0.3542996048927307,0.10711951435541381,2.0794415416798357
nobox_lam1em1,无箱互校,45,0,32,32,256,0.1,0.2638222873210907,0.08868032693862915,0.2512655258178711,0.0499643050134182,0.4073101282119751,0.370962530374527,-0.5629003047943115,0.9944460988044739,1.5573464035987854,0,0,0,0,0.0,0.0,32,0.8751369714736938,0.022813913226127625,0.7331109642982483,0.2668890357017517,0.08497056636250219,2.0794415416798357
scalar,参照,45,0,32,32,256,0.001,0.2627626061439514,0.09860095381736755,0.24495986104011536,0.11463137716054916,0.5169427394866943,0.0,0.5169427394866943,0.5169427394866943,0.0,0,0,0,0,0.0,0.0,32,0.03174528852105141,0.0,0.7381637692451477,0.2618362307548523,0.0782569883128801,2.0794415416798357
nobeta,参照,45,0,32,32,256,0.001,0.26276227831840515,0.3821832537651062,0.3364550769329071,0.3802536725997925,0.0,0.0,0.0,0.0,0.0,0,0,0,0,0.0,0.0,32,0.47456029057502747,0.00022813913226127624,0.7381637692451477,0.2618362307548523,0.07825700920261572,2.0794415416798357
box_lam1em3,箱+λ,45,0,32,64,256,0.001,0.27023351192474365,0.06035054475069046,0.216790109872818,0.011133748106658459,0.028605274856090546,1.020558476448059,-3.0,1.2339732646942139,4.233973264694214,5,0,5,0,0.078125,0.0,32,0.03521190211176872,0.0001185104176402092,0.6176106333732605,0.3823893666267395,0.0448475362645758,1.3862943611198906
box_lam3em3,箱+λ,45,0,32,64,256,0.003,0.26853474974632263,0.05586955323815346,0.21605746448040009,0.010634224861860275,0.048969775438308716,0.9816582202911377,-3.0,1.210002064704895,4.210002064704895,4,0,4,0,0.0625,0.0,32,0.03732989728450775,0.0003555312529206276,0.6222768425941467,0.37772315740585327,0.04425832386331468,1.3862943611198906
box_lam1em2,箱+λ,45,0,32,64,256,0.01,0.2634561061859131,0.05486491695046425,0.20878304541110992,0.008498018607497215,0.12334267795085907,0.8136847019195557,-2.98980712890625,1.1342546939849854,4.124061822891235,0,0,0,0,0.0,0.0,32,0.04599905386567116,0.001185104176402092,0.6388882994651794,0.36111170053482056,0.04251367929520321,1.3862943611198906
box_lam3em2,箱+λ,45,0,32,64,256,0.03,0.24010220170021057,0.04947596415877342,0.20194479823112488,0.00840317364782095,0.2445666790008545,0.4331035614013672,-1.3144590854644775,0.9633134007453918,2.2777724862098694,0,0,0,0,0.0,0.0,32,0.07770796865224838,0.0035553125292062757,0.6749142408370972,0.32508575916290283,0.03920424730104158,1.3862943611198906
box_lam1em1,箱+λ,45,0,32,64,256,0.1,0.2173817902803421,0.050629373639822006,0.19708217680454254,0.021573398262262344,0.25552815198898315,0.22445054352283478,-0.35511231422424316,0.663726270198822,1.0188385844230652,0,0,0,0,0.0,0.0,32,0.1644662618637085,0.01185104176402092,0.6796346306800842,0.32036536931991577,0.03721885549316053,1.3862943611198906
box_lam3em1,箱+λ,45,0,32,64,256,0.3,0.2120017409324646,0.0617087222635746,0.19395731389522552,0.03624508157372475,0.21159964799880981,0.13352636992931366,-0.14461439847946167,0.5444306135177612,0.6890450119972229,0,0,0,0,0.0,0.0,32,0.28542736172676086,0.03555312529206276,0.6553780436515808,0.3446219563484192,0.038374218027558825,1.3862943611198906
box_lam1e0,箱+λ,45,0,32,64,256,1.0,0.2135566920042038,0.05074127018451691,0.20335541665554047,0.04155674949288368,0.15792077779769897,0.09024042636156082,-0.053421322256326675,0.4663073718547821,0.5197286941111088,0,0,0,0,0.0,0.0,32,0.47111913561820984,0.1185104176402092,0.6255534291267395,0.3744465708732605,0.040414139008651984,1.3862943611198906
box_lam3e0,箱+λ,45,0,32,64,256,3.0,0.21461859345436096,0.05003667622804642,0.20848318934440613,0.0600748173892498,0.11458733677864075,0.07681865245103836,-0.015435782261192799,0.3525736927986145,0.3680094750598073,0,0,0,0,0.0,0.0,32,0.7205374836921692,0.3555312529206276,0.6046414375305176,0.3953585624694824,0.041979504384054275,1.3862943611198906
box_lam1e1,箱+λ,45,0,32,64,256,10.0,0.2146344780921936,0.09135864675045013,0.21557843685150146,0.09057093411684036,0.07543487846851349,0.06512357294559479,0.005534682422876358,0.3052729368209839,0.29973825439810753,0,0,0,0,0.0,0.0,32,1.2059752941131592,1.185104176402092,0.5970898270606995,0.40291017293930054,0.042452058056748274,1.3862943611198906
box_lam3e1,箱+λ,45,0,32,64,256,30.0,0.21460409462451935,0.1362307220697403,0.21283358335494995,0.13248902559280396,0.045687563717365265,0.04790922999382019,0.008084667846560478,0.2519790828227997,0.2438944149762392,0,0,0,0,0.0,0.0,32,2.1285400390625,3.555312529206276,0.6081165075302124,0.3918834924697876,0.04138490591262593,1.3862943611198906
box_lam1e2,箱+λ,45,0,32,64,256,100.0,0.21438220143318176,0.1732022911310196,0.2229023426771164,0.17856107652187347,0.02102336660027504,0.02525629848241806,0.003093697363510728,0.145413339138031,0.14231964177452028,0,0,0,0,0.0,0.0,32,3.7023520469665527,11.85104176402092,0.6306275725364685,0.3693724274635315,0.039517311323903265,1.3862943611198906
box_lam1e3,箱+λ,45,0,32,64,256,1000.0,0.2141968309879303,0.2079736888408661,0.2319907248020172,0.21555638313293457,0.002738149370998144,0.0035850065760314465,0.0003623305819928646,0.021594751626253128,0.021232421044260263,0,0,0,0,0.0,0.0,32,5.497682571411133,118.5104176402092,0.6535435318946838,0.34645646810531616,0.037828804438646606,1.3862943611198906
nobox_lam1em3,无箱互校,45,0,32,64,256,0.001,0.2722828686237335,0.060651201754808426,0.21674169600009918,0.011149113066494465,-0.6580653786659241,3.4902493953704834,-13.815510749816895,1.2350964546203613,15.050607204437256,5,4,5,0,0.078125,0.0625,32,0.03558015823364258,0.0001185104176402092,0.6076980829238892,0.39230191707611084,0.04511283590694349,1.3862943611198906
nobox_lam1em1,无箱互校,45,0,32,64,256,0.1,0.21738052368164062,0.05063239485025406,0.19708409905433655,0.021572893485426903,0.2554895281791687,0.22448661923408508,-0.35537055134773254,0.6637332439422607,1.0191037952899933,0,0,0,0,0.0,0.0,32,0.16447265446186066,0.01185104176402092,0.6796104907989502,0.3203895092010498,0.03722094098509988,1.3862943611198906
scalar,参照,45,0,32,64,256,0.001,0.21417899429798126,0.0553165040910244,0.20427271723747253,0.05357137322425842,0.2664463222026825,0.0,0.2664463222026825,0.2664463222026825,0.0,0,0,0,0,0.0,0.0,32,0.009732750244438648,0.0,0.6573256850242615,0.3426743149757385,0.037567999571059704,1.3862943611198906
nobeta,参照,45,0,32,64,256,0.001,0.2141784131526947,0.21438822150230408,0.2336127907037735,0.2220815122127533,0.0,0.0,0.0,0.0,0.0,0,0,0,0,0.0,0.0,32,0.03558015823364258,0.0001185104176402092,0.6573256850242615,0.3426743149757385,0.0375679960894371,1.3862943611198906
box_lam1em3,箱+λ,45,1,8,8,256,0.001,0.8434237241744995,0.3029588460922241,0.646655797958374,0.3237749934196472,1.0668286085128784,0.9612044095993042,-0.9498979449272156,2.1046831607818604,3.054581105709076,0,0,0,0,0.0,0.0,8,0.005233000963926315,0.0003206367492675781,0.7767259478569031,0.22327405214309692,0.16523114777176287,3.4657359027997265
box_lam3em3,箱+λ,45,1,8,8,256,0.003,0.8337879776954651,0.3148260712623596,0.625516951084137,0.32766127586364746,1.1567490100860596,0.6997062563896179,-0.051900893449783325,2.0876142978668213,2.1395151913166046,0,0,0,0,0.0,0.0,8,0.010411994531750679,0.0009619102478027343,0.793253481388092,0.20674651861190796,0.14785551430026456,3.4657359027997265
box_lam1em2,箱+λ,45,1,8,8,256,0.01,0.8324876427650452,0.31181594729423523,0.632662832736969,0.3135722577571869,1.1933472156524658,0.56024569272995,0.5837411284446716,2.051544427871704,1.4678032994270325,0,0,0,0,0.0,0.0,8,0.026797035709023476,0.003206367492675781,0.8060826063156128,0.1939173936843872,0.12353560054703396,3.4657359027997265
box_lam3em2,箱+λ,45,1,8,8,256,0.03,0.8258379101753235,0.31452882289886475,0.6331297755241394,0.31897300481796265,1.188148856163025,0.533408522605896,0.5615564584732056,1.9979504346847534,1.4363939762115479,0,0,0,0,0.0,0.0,8,0.07273057848215103,0.009619102478027343,0.8101334571838379,0.1898665428161621,0.12037100030126399,3.4657359027997265
box_lam1em1,箱+λ,45,1,8,8,256,0.1,0.8267970681190491,0.32887718081474304,0.64387047290802,0.34206774830818176,1.1800181865692139,0.4900691509246826,0.631790816783905,1.8810632228851318,1.2492724061012268,0,0,0,0,0.0,0.0,8,0.3198799192905426,0.03206367492675782,0.8202078342437744,0.17979216575622559,0.1136425187646495,3.4657359027997265
box_lam3em1,箱+λ,45,1,8,8,256,0.3,0.8557246923446655,0.3504312038421631,0.6534046530723572,0.36404284834861755,1.15916109085083,0.4047585725784302,0.5844867825508118,1.6775587797164917,1.09307199716568,0,0,0,0,0.0,0.0,8,1.4089627265930176,0.09619102478027343,0.8397443294525146,0.16025567054748535,0.10116236224790708,3.4657359027997265
box_lam1e0,箱+λ,45,1,8,8,256,1.0,0.8897430896759033,0.43618395924568176,0.6460976600646973,0.4343355596065521,1.0526074171066284,0.2789236903190613,0.5782849192619324,1.3690942525863647,0.7908093333244324,0,0,0,0,0.0,0.0,8,6.0905680656433105,0.3206367492675781,0.8578326106071472,0.14216738939285278,0.08858341821256246,3.4657359027997265
box_lam3e0,箱+λ,45,1,8,8,256,3.0,0.9319850206375122,0.5490434169769287,0.6831080317497253,0.5561057329177856,0.8234168291091919,0.19454026222229004,0.5102419853210449,1.026068925857544,0.515826940536499,0,0,0,0,0.0,0.0,8,17.342790603637695,0.9619102478027344,0.8609585165977478,0.1390414834022522,0.08502497240943614,3.4657359027997265
box_lam1e1,箱+λ,45,1,8,8,256,10.0,0.9462249875068665,0.6789877414703369,0.7128440141677856,0.6898764371871948,0.48406219482421875,0.13974061608314514,0.32542330026626587,0.7394946217536926,0.41407132148742676,0,0,0,0,0.0,0.0,8,36.75552749633789,3.2063674926757812,0.8687040209770203,0.13129597902297974,0.08180289929307484,3.4657359027997265
box_lam3e1,箱+λ,45,1,8,8,256,30.0,0.9372088313102722,0.7587321996688843,0.7610824108123779,0.7692208290100098,0.22926874458789825,0.08287543058395386,0.1570163518190384,0.40166378021240234,0.24464742839336395,0,0,0,0,0.0,0.0,8,52.053985595703125,9.619102478027344,0.8866628408432007,0.11333715915679932,0.07481210606053214,3.4657359027997265
box_lam1e2,箱+λ,45,1,8,8,256,100.0,0.9137206077575684,0.7970385551452637,0.8109444379806519,0.8037204146385193,0.08170456439256668,0.03394052013754845,0.05335776135325432,0.15542759001255035,0.10206982865929604,0,0,0,0,0.0,0.0,8,60.5891227722168,32.06367492675781,0.9022553563117981,0.0977446436882019,0.06888941581273199,3.4657359027997265
box_lam1e3,箱+λ,45,1,8,8,256,1000.0,0.8991402983665466,0.812257707118988,0.8437821269035339,0.818740963935852,0.008843340910971165,0.003944136202335358,0.005628807470202446,0.017558490857481956,0.01192968338727951,0,0,0,0,0.0,0.0,8,64.61398315429688,320.6367492675781,0.9112066030502319,0.08879339694976807,0.06556911355059775,3.4657359027997265
nobox_lam1em3,无箱互校,45,1,8,8,256,0.001,0.8434059023857117,0.3029659688472748,0.6466443538665771,0.32378971576690674,1.0671963691711426,0.9601841568946838,-0.946574330329895,2.1046552658081055,3.0512295961380005,0,0,0,0,0.0,0.0,8,0.005241584964096546,0.0003206367492675781,0.7767730951309204,0.2232269048690796,0.16520391103694218,3.4657359027997265
nobox_lam1em1,无箱互校,45,1,8,8,256,0.1,0.8267969489097595,0.3288770914077759,0.6438702344894409,0.3420675992965698,1.1800180673599243,0.49006927013397217,0.6317908763885498,1.8810631036758423,1.2492722272872925,0,0,0,0,0.0,0.0,8,0.3198797404766083,0.03206367492675782,0.820207953453064,0.17979204654693604,0.11364296348637189,3.4657359027997265
scalar,参照,45,1,8,8,256,0.001,0.897253155708313,0.31407657265663147,0.6836328506469727,0.32708656787872314,1.3725876808166504,0.0,1.3725876808166504,1.3725876808166504,0.0,0,0,0,0,0.0,0.0,8,0.048766665160655975,0.0,0.9123403429985046,0.08765965700149536,0.06515218199449642,3.4657359027997265
nobeta,参照,45,1,8,8,256,0.001,0.8972530961036682,0.8140133619308472,0.8491594791412354,0.8204825520515442,0.0,0.0,0.0,0.0,0.0,0,0,0,0,0.0,0.0,8,0.005241584964096546,0.0003206367492675781,0.9123403429985046,0.08765965700149536,0.06515212763961924,3.4657359027997265
box_lam1em3,箱+λ,45,1,8,16,256,0.001,0.7423376441001892,0.21652822196483612,0.6106574535369873,0.18784379959106445,0.37967008352279663,1.1164493560791016,-3.0,1.7156010866165161,4.715601086616516,1,0,1,0,0.0625,0.0,8,2.9512642868212424e-05,0.00019677571952342988,0.6248611807823181,0.3751388192176819,0.07696033928193192,2.772588722239781
box_lam3em3,箱+λ,45,1,8,16,256,0.003,0.7353387475013733,0.21103963255882263,0.6148114800453186,0.18601427972316742,0.39571958780288696,1.1079366207122803,-3.0,1.7047650814056396,4.70476508140564,1,0,1,0,0.0625,0.0,8,0.0002568579511716962,0.0005903271585702896,0.630407989025116,0.36959201097488403,0.07527039179546408,2.772588722239781
box_lam1em2,箱+λ,45,1,8,16,256,0.01,0.733616292476654,0.20284317433834076,0.6188711524009705,0.18499206006526947,0.4246670603752136,1.0932255983352661,-3.0,1.6769315004348755,4.6769315004348755,1,0,1,0,0.0625,0.0,8,0.002551490440964699,0.001967757195234299,0.6426082849502563,0.35739171504974365,0.06854419316369123,2.772588722239781
box_lam3em2,箱+λ,45,1,8,16,256,0.03,0.726341962814331,0.19548910856246948,0.6024081110954285,0.1766662895679474,0.4633851647377014,1.0657422542572021,-3.0,1.623196005821228,4.623196005821228,1,0,1,0,0.0625,0.0,8,0.017400020733475685,0.005903271585702896,0.6619706749916077,0.33802932500839233,0.055164908151307895,2.772588722239781
box_lam1em1,箱+λ,45,1,8,16,256,0.1,0.7315709590911865,0.18988735973834991,0.5944495797157288,0.15416105091571808,0.6270293593406677,0.6099596619606018,-0.935105562210083,1.514756679534912,2.449862241744995,0,0,0,0,0.0,0.0,8,0.10765095800161362,0.019677571952342987,0.7062793374061584,0.29372066259384155,0.03909967194161994,2.772588722239781
box_lam3em1,箱+λ,45,1,8,16,256,0.3,0.7439824342727661,0.199237659573555,0.5998594164848328,0.15968386828899384,0.69388347864151,0.4185107350349426,-0.10408667474985123,1.3734880685806274,1.4775747433304787,0,0,0,0,0.0,0.0,8,0.41398143768310547,0.05903271585702896,0.7503323554992676,0.24966764450073242,0.028370948160143225,2.772588722239781
box_lam1e0,箱+λ,45,1,8,16,256,1.0,0.744994580745697,0.22673743963241577,0.574585497379303,0.20644958317279816,0.68837571144104,0.2881610691547394,0.2755703032016754,1.1810569763183594,0.905486673116684,0,0,0,0,0.0,0.0,8,1.587528109550476,0.19677571952342987,0.7824210524559021,0.2175789475440979,0.0231080668251038,2.772588722239781
box_lam3e0,箱+λ,45,1,8,16,256,3.0,0.7252744436264038,0.2957935929298401,0.5575938820838928,0.2974258065223694,0.5934118628501892,0.21034564077854156,0.3345947861671448,0.9366682767868042,0.6020734906196594,0,0,0,0,0.0,0.0,8,5.193068504333496,0.5903271585702896,0.796114444732666,0.20388555526733398,0.021848693968909986,2.772588722239781
box_lam1e1,箱+λ,45,1,8,16,256,10.0,0.737762451171875,0.42660781741142273,0.571954071521759,0.43168601393699646,0.3967688977718353,0.149971142411232,0.23257672786712646,0.7465289235115051,0.5139521956443787,0,0,0,0,0.0,0.0,8,15.081988334655762,1.9677571952342987,0.8115615248680115,0.18843847513198853,0.02116302448799178,2.772588722239781
box_lam3e1,箱+λ,45,1,8,16,256,30.0,0.7414615154266357,0.5358595848083496,0.5932313203811646,0.5491446256637573,0.2084294706583023,0.09191938489675522,0.11235304176807404,0.46266067028045654,0.3503076285123825,0,0,0,0,0.0,0.0,8,27.377334594726562,5.903271585702896,0.837693452835083,0.162306547164917,0.019622499794235575,2.772588722239781
box_lam1e2,箱+λ,45,1,8,16,256,100.0,0.7296162843704224,0.5990508198738098,0.6153956651687622,0.6129902601242065,0.07938459515571594,0.039706408977508545,0.04017046093940735,0.19764389097690582,0.15747343003749847,0,0,0,0,0.0,0.0,8,36.66511535644531,19.677571952342987,0.8634589910507202,0.13654100894927979,0.018093079554820046,2.772588722239781
box_lam1e3,箱+λ,45,1,8,16,256,1000.0,0.7238742113113403,0.6318904757499695,0.6419553160667419,0.643183708190918,0.008905035443603992,0.0048048668541014194,0.004349177703261375,0.023705514147877693,0.019356336444616318,0,0,0,0,0.0,0.0,8,41.81174087524414,196.77571952342987,0.8800795674324036,0.11992043256759644,0.01716883416456854,2.772588722239781
nobox_lam1em3,无箱互校,45,1,8,16,256,0.001,0.7408776879310608,0.21550922095775604,0.6113497614860535,0.18880067765712738,-0.2931976020336151,3.6650776863098145,-13.815510749816895,1.714721441268921,15.530232191085815,1,1,1,0,0.0625,0.0625,8,2.9030359655735083e-05,0.00019677571952342988,0.6220718026161194,0.3779281973838806,0.07541091891838962,2.772588722239781
nobox_lam1em1,无箱互校,45,1,8,16,256,0.1,0.7315722107887268,0.18988743424415588,0.5944491624832153,0.15416115522384644,0.6270296573638916,0.6099584102630615,-0.9350977540016174,1.5147567987442017,2.449854552745819,0,0,0,0,0.0,0.0,8,0.10765113681554794,0.019677571952342987,0.7062793374061584,0.29372066259384155,0.03909967194161994,2.772588722239781
scalar,参照,45,1,8,16,256,0.001,0.7230945229530334,0.11180447787046432,0.5737030506134033,0.14721038937568665,0.9231210350990295,6.155941179031288e-08,0.9231210947036743,0.9231210947036743,0.0,0,0,0,0,0.0,0.0,8,0.020947158336639404,0.0,0.8822917938232422,0.11770820617675781,0.017050628366093064,2.772588722239781
nobeta,参照,45,1,8,16,256,0.001,0.7230930328369141,0.6358630657196045,0.6454953551292419,0.6467833518981934,0.0,0.0,0.0,0.0,0.0,0,0,0,0,0.0,0.0,8,2.9030359655735083e-05,0.00019677571952342988,0.8822917938232422,0.11770820617675781,0.017050677779617773,2.772588722239781
box_lam1em3,箱+λ,45,1,8,32,256,0.001,0.6738913059234619,0.1198313906788826,0.5205281376838684,0.10767223685979843,0.21033145487308502,0.5307179689407349,-0.8136758804321289,1.2818635702133179,2.0955394506454468,0,0,0,0,0.0,0.0,8,7.275758662217413e-07,0.00011314752697944641,0.639772355556488,0.36022764444351196,0.025825010185107147,2.0794415416798357
box_lam3em3,箱+λ,45,1,8,32,256,0.003,0.6693488359451294,0.10560309141874313,0.5096795558929443,0.11126881837844849,0.2598773241043091,0.4684009850025177,-0.6361079216003418,1.2654298543930054,1.9015377759933472,0,0,0,0,0.0,0.0,8,6.529257461806992e-06,0.00033944258093833923,0.6635180711746216,0.3364819288253784,0.02517535822235077,2.0794415416798357
box_lam1em2,箱+λ,45,1,8,32,256,0.01,0.6456382274627686,0.10182817280292511,0.504414975643158,0.10071620345115662,0.3485817611217499,0.3592928647994995,-0.3308465778827667,1.2276513576507568,1.5584979355335236,0,0,0,0,0.0,0.0,8,7.169309537857771e-05,0.0011314752697944642,0.7129910588264465,0.28700894117355347,0.0240511535923276,2.0794415416798357
box_lam3em2,箱+λ,45,1,8,32,256,0.03,0.6323949694633484,0.09318994730710983,0.5033365488052368,0.09181182831525803,0.40344300866127014,0.29276755452156067,-0.14026886224746704,1.1925716400146484,1.3328405022621155,0,0,0,0,0.0,0.0,8,0.0006243718089535832,0.0033944258093833923,0.7485277056694031,0.2514722943305969,0.02349915016642882,2.0794415416798357
box_lam1em1,箱+λ,45,1,8,32,256,0.1,0.6308756470680237,0.09898464381694794,0.5027936697006226,0.09209880977869034,0.40973901748657227,0.2748395800590515,-0.09054379910230637,1.165262222290039,1.2558060213923454,0,0,0,0,0.0,0.0,8,0.006231817416846752,0.011314752697944642,0.7540276646614075,0.24597233533859253,0.02335850198036773,2.0794415416798357
box_lam3em1,箱+λ,45,1,8,32,256,0.3,0.6288309097290039,0.11365534365177155,0.5016220211982727,0.09735145419836044,0.40853458642959595,0.2505021095275879,-0.029287250712513924,1.1066057682037354,1.1358930189162493,0,0,0,0,0.0,0.0,8,0.04332554340362549,0.033944258093833925,0.7569980025291443,0.2430019974708557,0.023155026968312876,2.0794415416798357
box_lam1e0,箱+λ,45,1,8,32,256,1.0,0.6373997926712036,0.13814891874790192,0.49862194061279297,0.09424721449613571,0.39640456438064575,0.2070269137620926,0.06954488158226013,0.9680164456367493,0.8984715640544891,0,0,0,0,0.0,0.0,8,0.2631373405456543,0.11314752697944641,0.761572539806366,0.23842746019363403,0.022899097029101083,2.0794415416798357
box_lam3e0,箱+λ,45,1,8,32,256,3.0,0.643929123878479,0.17017361521720886,0.49581336975097656,0.14263923466205597,0.3561529219150543,0.167690709233284,0.12832996249198914,0.7764967679977417,0.6481668055057526,0,0,0,0,0.0,0.0,8,1.0409584045410156,0.33944258093833923,0.7644360661506653,0.23556393384933472,0.02290333423884505,2.0794415416798357
box_lam1e1,箱+λ,45,1,8,32,256,10.0,0.6380744576454163,0.2509002089500427,0.495665043592453,0.23623055219650269,0.2642202377319336,0.1275351345539093,0.11468473076820374,0.5896589756011963,0.47497424483299255,0,0,0,0,0.0,0.0,8,3.8958606719970703,1.1314752697944641,0.7728062272071838,0.22719377279281616,0.02297722228234537,2.0794415416798357
box_lam3e1,箱+λ,45,1,8,32,256,30.0,0.6366391777992249,0.3389817774295807,0.5205572843551636,0.33500611782073975,0.15618300437927246,0.08350230753421783,0.06561847031116486,0.432028591632843,0.36641012132167816,0,0,0,0,0.0,0.0,8,9.361689567565918,3.3944258093833923,0.7948846817016602,0.20511531829833984,0.02254839194949364,2.0794415416798357
box_lam1e2,箱+λ,45,1,8,32,256,100.0,0.631999135017395,0.41938316822052,0.5321725010871887,0.4059593677520752,0.06540174037218094,0.03888333961367607,0.02602916583418846,0.2113960236310959,0.18536685779690742,0,0,0,0,0.0,0.0,8,15.513431549072266,11.314752697944641,0.8230095505714417,0.17699044942855835,0.021852360452443542,2.0794415416798357
box_lam1e3,箱+λ,45,1,8,32,256,1000.0,0.6318975687026978,0.45707130432128906,0.5381031036376953,0.4503626227378845,0.007775908801704645,0.004989979788661003,0.002978771459311247,0.02774341031908989,0.024764638859778643,0,0,0,0,0.0,0.0,8,19.978275299072266,113.14752697944641,0.8446900248527527,0.15530997514724731,0.021368147441095747,2.0794415416798357
nobox_lam1em3,无箱互校,45,1,8,32,256,0.001,0.6751775145530701,0.11800841242074966,0.5236807465553284,0.1081002727150917,0.19596970081329346,0.5489196181297302,-0.8660467863082886,1.2860069274902344,2.152053713798523,0,0,0,0,0.0,0.0,8,7.278796942955523e-07,0.00011314752697944641,0.6333745121955872,0.36662548780441284,0.026009544993140288,2.0794415416798357
nobox_lam1em1,无箱互校,45,1,8,32,256,0.1,0.6308757066726685,0.09898477792739868,0.5027934908866882,0.09209880977869034,0.4097389578819275,0.2748395800590515,-0.0905424952507019,1.16526198387146,1.2558044791221619,0,0,0,0,0.0,0.0,8,0.0062319268472492695,0.011314752697944642,0.7540274858474731,0.24597251415252686,0.02335850198036773,2.0794415416798357
scalar,参照,45,1,8,32,256,0.001,0.6319327354431152,0.10012779384851456,0.49906957149505615,0.09446028620004654,0.5447563529014587,6.055837786789198e-08,0.544756293296814,0.544756293296814,0.0,0,0,0,0,0.0,0.0,8,0.006070482078939676,0.0,0.8478044271469116,0.15219557285308838,0.021307265037299353,2.0794415416798357
nobeta,参照,45,1,8,32,256,0.001,0.6319323182106018,0.4635104835033417,0.5392897725105286,0.45695286989212036,0.0,0.0,0.0,0.0,0.0,0,0,0,0,0.0,0.0,8,7.278796942955523e-07,0.00011314752697944641,0.8478041887283325,0.15219581127166748,0.021307257625270647,2.0794415416798357
box_lam1em3,箱+λ,45,1,8,64,256,0.001,0.6706229448318481,0.10565037280321121,0.5230953693389893,0.10127739608287811,-0.2789578139781952,0.5507176518440247,-1.3537739515304565,1.0558562278747559,2.4096301794052124,0,0,0,0,0.0,0.0,8,3.817586957666208e-08,6.069379672408104e-05,0.4657604396343231,0.5342395603656769,0.030377122439351426,1.3862943611198906
box_lam3em3,箱+λ,45,1,8,64,256,0.003,0.6685107350349426,0.09891503304243088,0.5133801102638245,0.08745748549699783,-0.20850583910942078,0.48494967818260193,-1.0868233442306519,1.0178743600845337,2.1046977043151855,0,0,0,0,0.0,0.0,8,3.4364762768746004e-07,0.00018208139017224313,0.4904507100582123,0.5095492899417877,0.030332968984345936,1.3862943611198906
box_lam1em2,箱+λ,45,1,8,64,256,0.01,0.6402307152748108,0.08477599173784256,0.5040993094444275,0.07341982424259186,-0.053403861820697784,0.34164950251579285,-0.591012179851532,0.9055045247077942,1.4965167045593262,0,0,0,0,0.0,0.0,8,3.7913052892690757e-06,0.0006069379672408104,0.5586523413658142,0.4413476586341858,0.030300365940741633,1.3862943611198906
box_lam3em2,箱+λ,45,1,8,64,256,0.03,0.625830888748169,0.07440821826457977,0.48797914385795593,0.053834203630685806,0.10745955258607864,0.18805651366710663,-0.1519664078950882,0.7213608622550964,0.8733272701501846,0,0,0,0,0.0,0.0,8,3.3474501833552495e-05,0.0018208139017224312,0.6545112729072571,0.3454887270927429,0.030684553624693234,1.3862943611198906
box_lam1em1,箱+λ,45,1,8,64,256,0.1,0.6261617541313171,0.06367360800504684,0.4884726107120514,0.05404944345355034,0.16855362057685852,0.12646211683750153,0.005650263279676437,0.6148645877838135,0.609214324504137,0,0,0,0,0.0,0.0,8,0.00034853743272833526,0.006069379672408105,0.6994139552116394,0.3005860447883606,0.031103970681087525,1.3862943611198906
box_lam3em1,箱+λ,45,1,8,64,256,0.3,0.6264409422874451,0.06212924048304558,0.48852941393852234,0.05505160242319107,0.1682121753692627,0.1213918998837471,0.009836062788963318,0.5988464951515198,0.5890104323625565,0,0,0,0,0.0,0.0,8,0.0026711681857705116,0.01820813901722431,0.7005571722984314,0.2994428277015686,0.031072262022280493,1.3862943611198906
box_lam1e0,箱+λ,45,1,8,64,256,1.0,0.6274124383926392,0.06836122274398804,0.48890796303749084,0.053549252450466156,0.16311325132846832,0.11266764253377914,0.01734926551580429,0.5585212707519531,0.5411720052361488,0,0,0,0,0.0,0.0,8,0.020019028335809708,0.06069379672408104,0.7012228965759277,0.29877710342407227,0.030993432626309072,1.3862943611198906
box_lam3e0,箱+λ,45,1,8,64,256,3.0,0.6292352080345154,0.07090654224157333,0.4897584617137909,0.0634240135550499,0.150742307305336,0.10110051929950714,0.024756552651524544,0.4842202067375183,0.45946365408599377,0,0,0,0,0.0,0.0,8,0.1003498062491417,0.18208139017224312,0.7025306820869446,0.2974693179130554,0.030969341062336238,1.3862943611198906
box_lam1e1,箱+λ,45,1,8,64,256,10.0,0.6317712664604187,0.1048886850476265,0.4877232015132904,0.10808195173740387,0.12191249430179596,0.08338937908411026,0.028707511723041534,0.36487632989883423,0.3361688181757927,0,0,0,0,0.0,0.0,8,0.49016618728637695,0.6069379672408104,0.7076147794723511,0.2923852205276489,0.031112012732234236,1.3862943611198906
box_lam3e1,箱+λ,45,1,8,64,256,30.0,0.6340944766998291,0.15417487919330597,0.4861322343349457,0.15623226761817932,0.08167007565498352,0.0593755804002285,0.023539258167147636,0.30328163504600525,0.2797423768788576,0,0,0,0,0.0,0.0,8,1.5793026685714722,1.8208139017224312,0.7212695479393005,0.27873045206069946,0.03127278951758634,1.3862943611198906
box_lam1e2,箱+λ,45,1,8,64,256,100.0,0.6294739842414856,0.20467253029346466,0.48718026280403137,0.20587359368801117,0.03896382451057434,0.03058626502752304,0.012434222735464573,0.177473247051239,0.16503902431577444,0,0,0,0,0.0,0.0,8,3.4988927841186523,6.069379672408104,0.7431833148002625,0.25681668519973755,0.03130021402380093,1.3862943611198906
box_lam1e3,箱+λ,45,1,8,64,256,1000.0,0.6236682534217834,0.24615445733070374,0.4904012978076935,0.2427578717470169,0.005114950705319643,0.004293686244636774,0.00157196877989918,0.0266902856528759,0.02511831687297672,0,0,0,0,0.0,0.0,8,5.5803141593933105,60.69379672408104,0.7648653984069824,0.23513460159301758,0.0313226749414583,1.3862943611198906
nobox_lam1em3,无箱互校,45,1,8,64,256,0.001,0.6749624609947205,0.10903283208608627,0.5281645655632019,0.1085982397198677,-0.31800585985183716,0.587795078754425,-1.5188034772872925,1.0742043256759644,2.593007802963257,0,0,0,0,0.0,0.0,8,3.8318376027746126e-08,6.069379672408104e-05,0.45352616906166077,0.5464738309383392,0.0304030793638821,1.3862943611198906
nobox_lam1em1,无箱互校,45,1,8,64,256,0.1,0.6261605620384216,0.06370095908641815,0.48847153782844543,0.05404944345355034,0.16849049925804138,0.12652276456356049,0.0055174920707941055,0.6149822473526001,0.609464755281806,0,0,0,0,0.0,0.0,8,0.00034853644319809973,0.006069379672408105,0.6993653178215027,0.3006346821784973,0.03110340736690582,1.3862943611198906
scalar,参照,45,1,8,64,256,0.001,0.6227628588676453,0.054652657359838486,0.4976617693901062,0.04741866886615753,0.25583699345588684,0.0,0.25583699345588684,0.25583699345588684,0.0,0,0,0,0,0.0,0.0,8,0.0008324614609591663,0.0,0.7684108018875122,0.2315891981124878,0.03133708392526403,1.3862943611198906
nobeta,参照,45,1,8,64,256,0.001,0.62276291847229,0.2526284456253052,0.490412175655365,0.24885891377925873,0.0,0.0,0.0,0.0,0.0,0,0,0,0,0.0,0.0,8,3.8318376027746126e-08,6.069379672408104e-05,0.7684108018875122,0.2315891981124878,0.03133711357337885,1.3862943611198906
box_lam1em3,箱+λ,45,1,16,8,256,0.001,0.6366166472434998,0.2791495621204376,0.5120548605918884,0.20177720487117767,0.7461886405944824,1.5761330127716064,-3.0,2.106929302215576,5.106929302215576,1,0,1,0,0.125,0.0,8,2.2983860969543457,0.00037413823604583743,0.7824430465698242,0.21755695343017578,0.3081725376163162,3.4657359027997265
box_lam3em3,箱+λ,45,1,16,8,256,0.003,0.6352003812789917,0.2796744704246521,0.5120622515678406,0.19957050681114197,0.7476849555969238,1.5745726823806763,-3.0,2.0985465049743652,5.098546504974365,1,0,1,0,0.125,0.0,8,2.2992513179779053,0.0011224147081375121,0.7845767140388489,0.21542328596115112,0.30813152158813145,3.4657359027997265
box_lam1em2,箱+λ,45,1,16,8,256,0.01,0.6306002140045166,0.28142014145851135,0.5120930671691895,0.19227716326713562,0.7517611980438232,1.5697435140609741,-3.0,2.070791006088257,5.070791006088257,1,0,1,0,0.125,0.0,8,2.3080012798309326,0.003741382360458374,0.7911151647567749,0.2088848352432251,0.30800561376759034,3.4657359027997265
box_lam3em2,箱+λ,45,1,16,8,256,0.03,0.6180478930473328,0.28563040494918823,0.5098438858985901,0.18177491426467896,0.9964116811752319,0.8933610916137695,-1.0252541303634644,2.003396987915039,3.0286511182785034,0,0,0,0,0.0,0.0,8,2.376430034637451,0.011224147081375122,0.8241981267929077,0.17580187320709229,0.3015147544900098,3.4657359027997265
box_lam1em1,箱+λ,45,1,16,8,256,0.1,0.672450065612793,0.2546442151069641,0.5215405225753784,0.20552939176559448,1.1210724115371704,0.47444137930870056,0.1877192109823227,1.8360847234725952,1.6483655124902725,0,0,0,0,0.0,0.0,8,2.757815361022949,0.03741382360458374,0.8794147372245789,0.12058526277542114,0.2896265672014542,3.4657359027997265
box_lam3em1,箱+λ,45,1,16,8,256,0.3,0.6823749542236328,0.29246240854263306,0.5252168774604797,0.2496696263551712,1.1053959131240845,0.3084573745727539,0.5211142897605896,1.5765488147735596,1.05543452501297,0,0,0,0,0.0,0.0,8,3.9240474700927734,0.11224147081375122,0.9076754450798035,0.09232455492019653,0.2882060992660324,3.4657359027997265
box_lam1e0,箱+λ,45,1,16,8,256,1.0,0.6970835328102112,0.3513635993003845,0.545427680015564,0.3576207160949707,0.9730415344238281,0.18962179124355316,0.6017982959747314,1.2085893154144287,0.6067910194396973,0,0,0,0,0.0,0.0,8,7.896281719207764,0.3741382360458374,0.9119791388511658,0.08802086114883423,0.28772558418309646,3.4657359027997265
box_lam3e0,箱+λ,45,1,16,8,256,3.0,0.7105485200881958,0.48402923345565796,0.5702585577964783,0.4725942313671112,0.7364081740379333,0.1502508670091629,0.5038509964942932,0.967518150806427,0.4636671543121338,0,0,0,0,0.0,0.0,8,16.985998153686523,1.1224147081375122,0.903441309928894,0.09655869007110596,0.28853475707224835,3.4657359027997265
box_lam1e1,箱+λ,45,1,16,8,256,10.0,0.7277281880378723,0.6202571392059326,0.62034010887146,0.6192649602890015,0.42000049352645874,0.1253359168767929,0.2982945144176483,0.6886609196662903,0.39036640524864197,0,0,0,0,0.0,0.0,8,32.705078125,3.741382360458374,0.907338559627533,0.09266144037246704,0.2892564697024628,3.4657359027997265
box_lam3e1,箱+λ,45,1,16,8,256,30.0,0.7346609234809875,0.7052541375160217,0.6505950689315796,0.6967362761497498,0.19521965086460114,0.07643521577119827,0.13804195821285248,0.3701985776424408,0.23215661942958832,0,0,0,0,0.0,0.0,8,45.312217712402344,11.224147081375122,0.9245038032531738,0.07549619674682617,0.2890111149463883,3.4657359027997265
box_lam1e2,箱+λ,45,1,16,8,256,100.0,0.7360385656356812,0.7389100193977356,0.6951143741607666,0.7400224208831787,0.06883077323436737,0.03131500259041786,0.04774859547615051,0.1420348882675171,0.09428629279136658,0,0,0,0,0.0,0.0,8,52.442047119140625,37.41382360458374,0.9389038681983948,0.061096131801605225,0.2889133278630532,3.4657359027997265
box_lam1e3,箱+λ,45,1,16,8,256,1000.0,0.7359772324562073,0.7562465667724609,0.7213113307952881,0.7561827898025513,0.007409913465380669,0.003628235775977373,0.005021816119551659,0.015959734097123146,0.010937917977571487,0,0,0,0,0.0,0.0,8,55.827781677246094,374.1382360458374,0.9468326568603516,0.05316734313964844,0.2890093938089887,3.4657359027997265
nobox_lam1em3,无箱互校,45,1,16,8,256,0.001,0.635811448097229,0.27877819538116455,0.5120090246200562,0.20142002403736115,-0.6045433282852173,5.356030464172363,-13.815510749816895,2.1066765785217285,15.922187328338623,1,1,1,0,0.125,0.125,8,2.296858549118042,0.00037413823604583743,0.7773407697677612,0.22265923023223877,0.30832558644969743,3.4657359027997265
nobox_lam1em1,无箱互校,45,1,16,8,256,0.1,0.672450065612793,0.25464415550231934,0.5215403437614441,0.20552921295166016,1.1210724115371704,0.47444164752960205,0.18771801888942719,1.8360846042633057,1.6483665853738785,0,0,0,0,0.0,0.0,8,2.757815361022949,0.03741382360458374,0.8794148564338684,0.12058514356613159,0.2896265407224172,3.4657359027997265
scalar,参照,45,1,16,8,256,0.001,0.7352430820465088,0.1901194304227829,0.5394453406333923,0.2405727207660675,1.297742247581482,0.0,1.297742247581482,1.297742247581482,0.0,0,0,0,0,0.0,0.0,8,0.06888893246650696,0.0,0.9478192329406738,0.05218076705932617,0.2890317156371099,3.4657359027997265
nobeta,参照,45,1,16,8,256,0.001,0.7352434992790222,0.7582557797431946,0.7226278185844421,0.7580516338348389,0.0,0.0,0.0,0.0,0.0,0,0,0,0,0.0,0.0,8,2.296858549118042,0.00037413823604583743,0.9478189945220947,0.05218100547790527,0.2890317421161468,3.4657359027997265
box_lam1em3,箱+λ,45,1,16,16,256,0.001,0.7131312489509583,0.11432407796382904,0.5691626071929932,0.11854098737239838,0.3575232923030853,1.7365491390228271,-3.0,1.6792933940887451,4.679293394088745,3,0,3,0,0.1875,0.0,16,0.4697980284690857,0.00021866050362586976,0.7789424657821655,0.22105753421783447,0.15989652416033806,2.772588722239781
box_lam3em3,箱+λ,45,1,16,16,256,0.003,0.6944817900657654,0.11495226621627808,0.5619838237762451,0.12515242397785187,0.5332524180412292,1.3860149383544922,-3.0,1.6365509033203125,4.6365509033203125,1,0,1,0,0.0625,0.0,16,0.47775188088417053,0.0006559815108776092,0.7942726016044617,0.20572739839553833,0.15546581339202437,2.772588722239781
box_lam1em2,箱+λ,45,1,16,16,256,0.01,0.6311889886856079,0.14493685960769653,0.5188919305801392,0.13118301331996918,0.6670805811882019,1.125152587890625,-3.0,1.474116563796997,4.474116563796997,1,0,1,0,0.0625,0.0,16,0.5132544040679932,0.0021866050362586978,0.8223042488098145,0.17769575119018555,0.12927460360614074,2.772588722239781
box_lam3em2,箱+λ,45,1,16,16,256,0.03,0.630050003528595,0.18037013709545135,0.5013126134872437,0.13876493275165558,0.6643571257591248,1.0509995222091675,-3.0,1.381137490272522,4.381137490272522,1,0,1,0,0.0625,0.0,16,0.5884281992912292,0.006559815108776092,0.8135359883308411,0.18646401166915894,0.12728630596354865,2.772588722239781
box_lam1em1,箱+λ,45,1,16,16,256,0.1,0.6285035014152527,0.20829707384109497,0.4922805726528168,0.13016310334205627,0.6810814142227173,0.7893418073654175,-2.050671339035034,1.376694917678833,3.427366256713867,0,0,0,0,0.0,0.0,16,0.7547566294670105,0.021866050362586976,0.7961370348930359,0.2038629651069641,0.1274764386881324,2.772588722239781
box_lam3em1,箱+λ,45,1,16,16,256,0.3,0.6976165175437927,0.19500792026519775,0.4967387020587921,0.14216916263103485,0.7565940022468567,0.317629337310791,0.045953914523124695,1.2760465145111084,1.2300925999879837,0,0,0,0,0.0,0.0,16,1.1554312705993652,0.06559815108776092,0.811315655708313,0.188684344291687,0.10222998108017584,2.772588722239781
box_lam1e0,箱+λ,45,1,16,16,256,1.0,0.7323856949806213,0.23873372375965118,0.5060974955558777,0.20750650763511658,0.687762975692749,0.24824446439743042,0.19673658907413483,1.0728822946548462,0.8761457055807114,0,0,0,0,0.0,0.0,16,2.345447540283203,0.21866050362586975,0.8067690134048462,0.1932309865951538,0.09778546811386907,2.772588722239781
box_lam3e0,箱+λ,45,1,16,16,256,3.0,0.7362815737724304,0.3238190710544586,0.5308550000190735,0.3181309998035431,0.5564736127853394,0.20383957028388977,0.2084687352180481,0.8887343406677246,0.6802656054496765,0,0,0,0,0.0,0.0,16,6.090188026428223,0.6559815108776093,0.8012630939483643,0.19873690605163574,0.09632330893482122,2.772588722239781
box_lam1e1,箱+λ,45,1,16,16,256,10.0,0.7607139348983765,0.4491046667098999,0.5620747804641724,0.4569711983203888,0.3518645465373993,0.149470716714859,0.15908993780612946,0.6926150321960449,0.5335250943899155,0,0,0,0,0.0,0.0,16,15.457612991333008,2.1866050362586975,0.8099504113197327,0.19004958868026733,0.09412230518867347,2.772588722239781
box_lam3e1,箱+λ,45,1,16,16,256,30.0,0.7693963646888733,0.5488166213035583,0.6161658763885498,0.559342086315155,0.17895546555519104,0.09089431166648865,0.07295669615268707,0.43187373876571655,0.3589170426130295,0,0,0,0,0.0,0.0,16,26.100963592529297,6.5598151087760925,0.8361303210258484,0.1638696789741516,0.09110345666878346,2.772588722239781
box_lam1e2,箱+λ,45,1,16,16,256,100.0,0.767167329788208,0.6057729721069336,0.6249800324440002,0.6110323667526245,0.06704824417829514,0.038899101316928864,0.025592941790819168,0.1845436692237854,0.15895072743296623,0,0,0,0,0.0,0.0,16,33.92423629760742,21.866050362586975,0.8624021410942078,0.13759785890579224,0.0887496159215498,2.772588722239781
box_lam1e3,箱+λ,45,1,16,16,256,1000.0,0.76444411277771,0.6363690495491028,0.6238706707954407,0.6360841989517212,0.007464061491191387,0.0046783555299043655,0.0027470968198031187,0.02210618555545807,0.01935908873565495,0,0,0,0,0.0,0.0,16,38.24053955078125,218.66050362586975,0.8790077567100525,0.12099224328994751,0.08749000813539987,2.772588722239781
nobox_lam1em3,无箱互校,45,1,16,16,256,0.001,0.7134698033332825,0.11351466178894043,0.5686691999435425,0.11932574212551117,-1.6681078672409058,6.046916961669922,-13.815510749816895,1.6901328563690186,15.505643606185913,3,3,3,0,0.1875,0.1875,16,0.46425747871398926,0.00021866050362586976,0.7675873637199402,0.23241263628005981,0.1604057822378476,2.772588722239781
nobox_lam1em1,无箱互校,45,1,16,16,256,0.1,0.6285030841827393,0.20829707384109497,0.4922807216644287,0.13016320765018463,0.6810810565948486,0.7893432974815369,-2.050678014755249,1.376694917678833,3.427372932434082,0,0,0,0,0.0,0.0,16,0.7547566890716553,0.021866050362586976,0.7961364388465881,0.20386356115341187,0.12747645192765086,2.772588722239781
scalar,参照,45,1,16,16,256,0.001,0.7640184164047241,0.13818253576755524,0.5411229729652405,0.11764099448919296,0.9239033460617065,1.2311882358062576e-07,0.923903226852417,0.923903226852417,0.0,0,0,0,0,0.0,0.0,16,0.024742811918258667,0.0,0.8811929821968079,0.11880701780319214,0.08733612521235572,2.772588722239781
nobeta,参照,45,1,16,16,256,0.001,0.7640168070793152,0.6405020356178284,0.625677764415741,0.6390010714530945,0.0,0.0,0.0,0.0,0.0,0,0,0,0,0.0,0.0,16,0.46425747871398926,0.00021866050362586976,0.8811929821968079,0.11880701780319214,0.08733615169139264,2.772588722239781
box_lam1em3,箱+λ,45,1,16,32,256,0.001,0.5614645481109619,0.12272162735462189,0.45388442277908325,0.055154938250780106,0.23458096385002136,0.8378258347511292,-2.235457420349121,1.401811122894287,3.637268543243408,0,0,0,0,0.0,0.0,16,0.00046073051635175943,0.0001240180656313896,0.6892749071121216,0.3107250928878784,0.05284997316613225,2.0794415416798357
box_lam3em3,箱+λ,45,1,16,32,256,0.003,0.5564967393875122,0.12201505899429321,0.45068246126174927,0.052050378173589706,0.28047454357147217,0.7339897751808167,-1.636164903640747,1.396336317062378,3.032501220703125,0,0,0,0,0.0,0.0,16,0.0013359177391976118,0.00037205419689416886,0.7012704014778137,0.2987295985221863,0.05176372032479943,2.0794415416798357
box_lam1em2,箱+λ,45,1,16,32,256,0.01,0.5429247617721558,0.12374100089073181,0.4374392032623291,0.04232120141386986,0.35098254680633545,0.5764970183372498,-0.8096121549606323,1.402490496635437,2.2121026515960693,0,0,0,0,0.0,0.0,16,0.0066792527213692665,0.0012401806563138963,0.7260237336158752,0.27397626638412476,0.048880613277785694,2.0794415416798357
box_lam3em2,箱+λ,45,1,16,32,256,0.03,0.5214897394180298,0.10674358159303665,0.41995376348495483,0.040598783642053604,0.395097017288208,0.4427013099193573,-0.3252226412296295,1.3820732831954956,1.7072959244251251,0,0,0,0,0.0,0.0,16,0.02773468755185604,0.0037205419689416886,0.7471383810043335,0.2528616189956665,0.044752028320696954,2.0794415416798357
box_lam1em1,箱+λ,45,1,16,32,256,0.1,0.5082955956459045,0.09388838708400726,0.40525585412979126,0.058671023696660995,0.39932987093925476,0.35051223635673523,-0.07749787718057632,1.281908631324768,1.3594065085053444,0,0,0,0,0.0,0.0,16,0.09265618026256561,0.012401806563138962,0.7548338770866394,0.2451661229133606,0.04162121319320267,2.0794415416798357
box_lam3em1,箱+λ,45,1,16,32,256,0.3,0.5037304162979126,0.10232345014810562,0.40405431389808655,0.07278282195329666,0.3908889889717102,0.28796088695526123,-0.11423580348491669,1.1023504734039307,1.2165862768888474,0,0,0,0,0.0,0.0,16,0.23581425845623016,0.03720541968941688,0.7594449520111084,0.2405550479888916,0.04088971324896769,2.0794415416798357
box_lam1e0,箱+λ,45,1,16,32,256,1.0,0.4995051622390747,0.12047436833381653,0.40688151121139526,0.09076838940382004,0.369588702917099,0.22166818380355835,-0.03011746145784855,0.8843257427215576,0.9144432041794062,0,0,0,0,0.0,0.0,16,0.61801677942276,0.12401806563138962,0.7645198702812195,0.23548012971878052,0.04117708692675016,2.0794415416798357
box_lam3e0,箱+λ,45,1,16,32,256,3.0,0.49425989389419556,0.13840584456920624,0.403804212808609,0.1474657505750656,0.322696715593338,0.16710692644119263,0.05343393236398697,0.7088804841041565,0.6554465517401695,0,0,0,0,0.0,0.0,16,1.578788161277771,0.37205419689416885,0.769315779209137,0.23068422079086304,0.04135220272752226,2.0794415416798357
box_lam1e1,箱+λ,45,1,16,32,256,10.0,0.4937025308609009,0.2184084802865982,0.40990307927131653,0.22958286106586456,0.2299809753894806,0.11558278650045395,0.0833158940076828,0.5150699615478516,0.43175406754016876,0,0,0,0,0.0,0.0,16,4.396581649780273,1.2401806563138962,0.7800130844116211,0.2199869155883789,0.040727032665907804,2.0794415416798357
box_lam3e1,箱+λ,45,1,16,32,256,30.0,0.4871436059474945,0.30523592233657837,0.41832947731018066,0.32064488530158997,0.13146591186523438,0.07259036600589752,0.06058209761977196,0.3803974986076355,0.31981540098786354,0,0,0,0,0.0,0.0,16,8.885061264038086,3.7205419689416885,0.8019351959228516,0.19806480407714844,0.038998752546083135,2.0794415416798357
box_lam1e2,箱+λ,45,1,16,32,256,100.0,0.4851580858230591,0.37325572967529297,0.4256439507007599,0.3851284086704254,0.05392874404788017,0.03340676426887512,0.027159327641129494,0.1866665631532669,0.1595072355121374,0,0,0,0,0.0,0.0,16,13.580157279968262,12.401806563138962,0.8282693028450012,0.17173069715499878,0.03696138924808352,2.0794415416798357
box_lam1e3,箱+λ,45,1,16,32,256,1000.0,0.4835090637207031,0.4171920716762543,0.44018036127090454,0.4250429570674896,0.006343741435557604,0.004270320758223534,0.0031789029017090797,0.02445216476917267,0.02127326186746359,0,0,0,0,0.0,0.0,16,16.930984497070312,124.01806563138962,0.8480085730552673,0.15199142694473267,0.035536949457124184,2.0794415416798357
nobox_lam1em3,无箱互校,45,1,16,32,256,0.001,0.5628923773765564,0.12434769421815872,0.45485401153564453,0.054611995816230774,0.22772185504436493,0.8474474549293518,-2.2469124794006348,1.4032334089279175,3.6501458883285522,0,0,0,0,0.0,0.0,16,0.00046599574852734804,0.0001240180656313896,0.6871514916419983,0.3128485083580017,0.05288727881926893,2.0794415416798357
nobox_lam1em1,无箱互校,45,1,16,32,256,0.1,0.5082958340644836,0.09388825297355652,0.4052564203739166,0.05867118760943413,0.3993300199508667,0.3505120873451233,-0.07749935984611511,1.2819089889526367,1.3594083487987518,0,0,0,0,0.0,0.0,16,0.09265600144863129,0.012401806563138962,0.7548342347145081,0.24516576528549194,0.04162120988332306,2.0794415416798357
scalar,参照,45,1,16,32,256,0.001,0.48333635926246643,0.08587411791086197,0.39624884724617004,0.08300109952688217,0.5313842296600342,0.0,0.5313842296600342,0.5313842296600342,0.0,0,0,0,0,0.0,0.0,16,0.014610395766794682,0.0,0.8508113622665405,0.14918863773345947,0.0353433314293062,2.0794415416798357
nobeta,参照,45,1,16,32,256,0.001,0.48333507776260376,0.4229576885700226,0.44165951013565063,0.4292961657047272,0.0,0.0,0.0,0.0,0.0,0,0,0,0,0.0,0.0,16,0.00046599574852734804,0.0001240180656313896,0.8508113622665405,0.14918863773345947,0.035343304950269286,2.0794415416798357
box_lam1em3,箱+λ,45,1,16,64,256,0.001,0.47852450609207153,0.07021787017583847,0.3973807394504547,0.043514080345630646,-0.17147451639175415,0.7317535281181335,-2.996793746948242,0.9896678924560547,3.986461639404297,0,0,0,0,0.0,0.0,16,5.418984528660076e-06,6.603703647851944e-05,0.5508334636688232,0.44916653633117676,0.048039758220962396,1.3862943611198906
box_lam3em3,箱+λ,45,1,16,64,256,0.003,0.4740602672100067,0.06493046134710312,0.39478933811187744,0.0459844134747982,-0.10970565676689148,0.6379193067550659,-2.8217875957489014,0.9665066599845886,3.78829425573349,0,0,0,0,0.0,0.0,16,2.69442934950348e-05,0.00019811110943555833,0.5690428018569946,0.43095719814300537,0.04694238418412437,1.3862943611198906
box_lam1em2,箱+λ,45,1,16,64,256,0.01,0.4637243151664734,0.05960399657487869,0.3888126313686371,0.04524695873260498,0.017890553921461105,0.44896161556243896,-1.9860490560531616,0.8975428342819214,2.883591890335083,0,0,0,0,0.0,0.0,16,0.00022152881138026714,0.0006603703647851944,0.6182276010513306,0.38177239894866943,0.044054322247327506,1.3862943611198906
box_lam3em2,箱+λ,45,1,16,64,256,0.03,0.4649788737297058,0.058767303824424744,0.38134530186653137,0.04292171448469162,0.14597395062446594,0.2566775679588318,-0.8972295522689819,0.7786898612976074,1.6759194135665894,0,0,0,0,0.0,0.0,16,0.0014640758745372295,0.001981111094355583,0.6861006617546082,0.31389933824539185,0.040576022718369166,1.3862943611198906
box_lam1em1,箱+λ,45,1,16,64,256,0.1,0.4730432331562042,0.056270308792591095,0.3773503601551056,0.04355575516819954,0.1914098560810089,0.1625126451253891,-0.27076059579849243,0.6724953055381775,0.9432559013366699,0,0,0,0,0.0,0.0,16,0.008090105839073658,0.006603703647851945,0.7157761454582214,0.28422385454177856,0.03907816648767735,1.3862943611198906
box_lam3em1,箱+λ,45,1,16,64,256,0.3,0.4812738597393036,0.06234428286552429,0.373202383518219,0.03679317981004715,0.18211255967617035,0.1336929351091385,-0.0894588977098465,0.5963973999023438,0.6858562976121902,0,0,0,0,0.0,0.0,16,0.02483672834932804,0.01981111094355583,0.7101554870605469,0.2898445129394531,0.03906807135485268,1.3862943611198906
box_lam1e0,箱+λ,45,1,16,64,256,1.0,0.4737648665904999,0.0693008080124855,0.3704730272293091,0.04912934452295303,0.16626916825771332,0.11306002736091614,-0.0406658761203289,0.5589946508407593,0.5996605269610882,0,0,0,0,0.0,0.0,16,0.0686662346124649,0.06603703647851944,0.7035726308822632,0.2964273691177368,0.039415933082592815,1.3862943611198906
box_lam3e0,箱+λ,45,1,16,64,256,3.0,0.4698103666305542,0.07486192137002945,0.37118351459503174,0.06126664578914642,0.14554734528064728,0.09725704789161682,0.013191568665206432,0.4759494662284851,0.4627578975632787,0,0,0,0,0.0,0.0,16,0.18698255717754364,0.19811110943555832,0.7001103758811951,0.29988962411880493,0.03978954236385528,1.3862943611198906
box_lam1e1,箱+λ,45,1,16,64,256,10.0,0.4681699275970459,0.10973618924617767,0.3761291205883026,0.11286363750696182,0.11106987297534943,0.07691746950149536,0.029851315543055534,0.3455144464969635,0.31566313095390797,0,0,0,0,0.0,0.0,16,0.6264462471008301,0.6603703647851944,0.7028860449790955,0.29711395502090454,0.0398182456398735,1.3862943611198906
box_lam3e1,箱+λ,45,1,16,64,256,30.0,0.46838364005088806,0.16034357249736786,0.37519749999046326,0.16217762231826782,0.07092725485563278,0.05335443466901779,0.019198665395379066,0.28472310304641724,0.26552443765103817,0,0,0,0,0.0,0.0,16,1.6348941326141357,1.9811110943555832,0.7154639363288879,0.28453606367111206,0.039246725416932846,1.3862943611198906
box_lam1e2,箱+λ,45,1,16,64,256,100.0,0.46912986040115356,0.20790031552314758,0.3768633306026459,0.2076995074748993,0.0327642522752285,0.027279963716864586,0.00853143259882927,0.16744714975357056,0.1589157171547413,0,0,0,0,0.0,0.0,16,3.226113796234131,6.603703647851944,0.7359418869018555,0.26405811309814453,0.03822382036154475,1.3862943611198906
box_lam1e3,箱+λ,45,1,16,64,256,1000.0,0.46972882747650146,0.24331863224506378,0.384084016084671,0.23816359043121338,0.004228173289448023,0.0038325348868966103,0.0010605193674564362,0.025242894887924194,0.024182375520467758,0,0,0,0,0.0,0.0,16,4.888477802276611,66.03703647851944,0.7560344934463501,0.2439655065536499,0.03726517330899541,1.3862943611198906
nobox_lam1em3,无箱互校,45,1,16,64,256,0.001,0.47963738441467285,0.07752297818660736,0.3989620506763458,0.04281952604651451,-0.2898339331150055,1.221864104270935,-8.111176490783691,1.001465916633606,9.112642407417297,1,0,1,0,0.015625,0.0,16,5.461768978420878e-06,6.603703647851944e-05,0.5400174856185913,0.4599825143814087,0.04864198419708813,1.3862943611198906
nobox_lam1em1,无箱互校,45,1,16,64,256,0.1,0.47304266691207886,0.056278686970472336,0.3773512542247772,0.04355210065841675,0.1913539469242096,0.16256967186927795,-0.27108797430992126,0.672572135925293,0.9436601102352142,0,0,0,0,0.0,0.0,16,0.008090116083621979,0.006603703647851945,0.715735912322998,0.28426408767700195,0.03907979494844775,1.3862943611198906
scalar,参照,45,1,16,64,256,0.001,0.46980276703834534,0.052281539887189865,0.3648497760295868,0.045877471566200256,0.2547566890716553,0.0,0.2547566890716553,0.2547566890716553,0.0,0,0,0,0,0.0,0.0,16,0.001688746502622962,0.0,0.7593041062355042,0.24069589376449585,0.03711791014518055,1.3862943611198906
nobeta,参照,45,1,16,64,256,0.001,0.4698029160499573,0.24849599599838257,0.3844235837459564,0.24260245263576508,0.0,0.0,0.0,0.0,0.0,0,0,0,0,0.0,0.0,16,5.461768978420878e-06,6.603703647851944e-05,0.7593037486076355,0.2406962513923645,0.037117890285902864,1.3862943611198906
box_lam1em3,箱+λ,45,1,32,8,256,0.001,0.5621379613876343,0.1912880688905716,0.449795663356781,0.1718147099018097,1.3398499488830566,0.49645793437957764,0.793636679649353,2.1182684898376465,1.3246318101882935,0,0,0,0,0.0,0.0,8,12.5455322265625,0.000583023190498352,0.9167046546936035,0.08329534530639648,0.43042554651476067,3.4657359027997265
box_lam3em3,箱+λ,45,1,32,8,256,0.003,0.562624990940094,0.19346459209918976,0.44989556074142456,0.17227108776569366,1.3422890901565552,0.4869450032711029,0.8085167407989502,2.1057565212249756,1.2972397804260254,0,0,0,0,0.0,0.0,8,12.547500610351562,0.0017490695714950562,0.919270396232605,0.08072960376739502,0.43029857174798486,3.4657359027997265
box_lam1em2,箱+λ,45,1,32,8,256,0.01,0.5623978972434998,0.19331088662147522,0.452251672744751,0.17356926202774048,1.348945140838623,0.4573591947555542,0.8541418313980103,2.0652201175689697,1.2110782861709595,0,0,0,0,0.0,0.0,8,12.567025184631348,0.00583023190498352,0.9269242882728577,0.07307571172714233,0.4299005935483643,3.4657359027997265
box_lam3em2,箱+λ,45,1,32,8,256,0.03,0.5618652105331421,0.19308599829673767,0.45689132809638977,0.17530770599842072,1.357746958732605,0.39457255601882935,0.946410596370697,1.9708212614059448,1.0244106650352478,0,0,0,0,0.0,0.0,8,12.690054893493652,0.01749069571495056,0.9411042332649231,0.058895766735076904,0.4290565467695995,3.4657359027997265
box_lam1em1,箱+λ,45,1,32,8,256,0.1,0.5606421828269958,0.20407506823539734,0.4529164433479309,0.17169757187366486,1.3487190008163452,0.2812226116657257,1.0492446422576904,1.7678948640823364,0.718650221824646,0,0,0,0,0.0,0.0,8,13.376487731933594,0.05830231904983521,0.9564944505691528,0.04350554943084717,0.42771821979591595,3.4657359027997265
box_lam3em1,箱+λ,45,1,32,8,256,0.3,0.5567499399185181,0.21182911098003387,0.45812708139419556,0.16761675477027893,1.282537817955017,0.17448413372039795,1.0883324146270752,1.56406831741333,0.4757359027862549,0,0,0,0,0.0,0.0,8,15.729056358337402,0.1749069571495056,0.9515252709388733,0.04847472906112671,0.4274068042794379,3.4657359027997265
box_lam1e0,箱+λ,45,1,32,8,256,1.0,0.5555344820022583,0.27253276109695435,0.47368621826171875,0.27786320447921753,1.1043531894683838,0.13649910688400269,0.8713473677635193,1.2632874250411987,0.39194005727767944,0,0,0,0,0.0,0.0,8,24.179271697998047,0.583023190498352,0.9201289415359497,0.07987105846405029,0.4298283771549116,3.4657359027997265
box_lam3e0,箱+λ,45,1,32,8,256,3.0,0.5529153347015381,0.43768033385276794,0.49927425384521484,0.43049436807632446,0.8348062038421631,0.1661796271800995,0.6454440355300903,1.1597696542739868,0.5143256187438965,0,0,0,0,0.0,0.0,8,43.78591537475586,1.7490695714950562,0.8908928036689758,0.10910719633102417,0.4332778717896816,3.4657359027997265
box_lam1e1,箱+λ,45,1,32,8,256,10.0,0.5521240234375,0.6006397604942322,0.5710130929946899,0.5938220620155334,0.48386600613594055,0.15205061435699463,0.3557366728782654,0.8241185545921326,0.4683818817138672,0,0,0,0,0.0,0.0,8,79.55933380126953,5.8302319049835205,0.8914991021156311,0.1085008978843689,0.43408267843523846,3.4657359027997265
box_lam3e1,箱+λ,45,1,32,8,256,30.0,0.5530697107315063,0.6974135041236877,0.6640773415565491,0.6885318756103516,0.22863440215587616,0.09430869668722153,0.15781523287296295,0.4475930333137512,0.28977780044078827,0,0,0,0,0.0,0.0,8,108.74103546142578,17.49069571495056,0.9146485328674316,0.08535146713256836,0.43221592305596607,3.4657359027997265
box_lam1e2,箱+λ,45,1,32,8,256,100.0,0.5542830228805542,0.7394328117370605,0.7069774866104126,0.7388323545455933,0.08154019713401794,0.03923694044351578,0.05395295098423958,0.17398610711097717,0.1200331561267376,0,0,0,0,0.0,0.0,8,125.10893249511719,58.302319049835205,0.9347819685935974,0.06521803140640259,0.43055260210570373,3.4657359027997265
box_lam1e3,箱+λ,45,1,32,8,256,1000.0,0.554396390914917,0.758994460105896,0.7314782738685608,0.7624619007110596,0.008835619315505028,0.004595824051648378,0.005710597150027752,0.019732249900698662,0.01402165275067091,0,0,0,0,0.0,0.0,8,132.8217315673828,583.023190498352,0.9459815621376038,0.05401843786239624,0.42970192774522303,3.4657359027997265
nobox_lam1em3,无箱互校,45,1,32,8,256,0.001,0.5621379613876343,0.1912880688905716,0.449795663356781,0.17181457579135895,1.3398500680923462,0.4964580237865448,0.7936363816261292,2.1182687282562256,1.3246323466300964,0,0,0,0,0.0,0.0,8,12.545534133911133,0.000583023190498352,0.916704535484314,0.08329546451568604,0.43042554651476067,3.4657359027997265
nobox_lam1em1,无箱互校,45,1,32,8,256,0.1,0.5606421828269958,0.20407506823539734,0.4529164433479309,0.17169757187366486,1.3487190008163452,0.2812226414680481,1.0492446422576904,1.7678948640823364,0.718650221824646,0,0,0,0,0.0,0.0,8,13.376487731933594,0.05830231904983521,0.9564944505691528,0.04350554943084717,0.42771826020799963,3.4657359027997265
scalar,参照,45,1,32,8,256,0.001,0.554341733455658,0.25376036763191223,0.4518739879131317,0.18456695973873138,1.5162551403045654,1.2744008870413381e-07,1.5162550210952759,1.5162550210952759,0.0,0,0,0,0,0.0,0.0,8,0.11631707102060318,0.0,0.9473768472671509,0.05262315273284912,0.4296020290744816,3.4657359027997265
nobeta,参照,45,1,32,8,256,0.001,0.554341733455658,0.7613327503204346,0.7343987226486206,0.765204906463623,0.0,0.0,0.0,0.0,0.0,0,0,0,0,0.0,0.0,8,12.545534133911133,0.000583023190498352,0.9473768472671509,0.05262315273284912,0.4296020290744816,3.4657359027997265
box_lam1em3,箱+λ,45,1,32,16,256,0.001,0.49168357253074646,0.16551584005355835,0.4156864285469055,0.11369279026985168,0.453910231590271,1.4421335458755493,-3.0,1.845661997795105,4.845661997795105,2,0,2,0,0.125,0.0,16,2.455991744995117,0.0003922175467014313,0.7637563347816467,0.23624366521835327,0.29673281639807403,2.772588722239781
box_lam3em3,箱+λ,45,1,32,16,256,0.003,0.4912059009075165,0.16526179015636444,0.41574302315711975,0.11593937128782272,0.4597882032394409,1.4386080503463745,-3.0,1.8329269886016846,4.832926988601685,2,0,2,0,0.125,0.0,16,2.457852363586426,0.0011766526401042938,0.7678247690200806,0.23217523097991943,0.29658715104261785,2.772588722239781
box_lam1em2,箱+λ,45,1,32,16,256,0.01,0.4918201267719269,0.16168861091136932,0.41576066613197327,0.12331373989582062,0.473461389541626,1.4301607608795166,-3.0,1.792738676071167,4.792738676071167,2,0,2,0,0.125,0.0,16,2.4739162921905518,0.003922175467014313,0.7782691717147827,0.22173082828521729,0.2962379704339845,2.772588722239781
box_lam3em2,箱+λ,45,1,32,16,256,0.03,0.4665100872516632,0.1549604833126068,0.40000611543655396,0.13608461618423462,0.7242283225059509,0.794298529624939,-1.1763836145401,1.7112919092178345,2.8876755237579346,0,0,0,0,0.0,0.0,16,2.5911929607391357,0.011766526401042938,0.8226127028465271,0.1773872971534729,0.25884828632959084,2.772588722239781
box_lam1em1,箱+λ,45,1,32,16,256,0.1,0.46748995780944824,0.15800821781158447,0.3913619816303253,0.13413026928901672,0.8423647880554199,0.4237542748451233,0.018368732184171677,1.5449509620666504,1.5265822298824787,0,0,0,0,0.0,0.0,16,3.0508880615234375,0.03922175467014313,0.8779270648956299,0.12207293510437012,0.24622001534523466,2.772588722239781
box_lam3em1,箱+λ,45,1,32,16,256,0.3,0.4647991359233856,0.17404687404632568,0.39862075448036194,0.13874341547489166,0.8499724268913269,0.24775105714797974,0.4293439984321594,1.30191969871521,0.8725757002830505,0,0,0,0,0.0,0.0,16,4.070643901824951,0.11766526401042937,0.9005585312843323,0.09944146871566772,0.24720827264444484,2.772588722239781
box_lam1e0,箱+λ,45,1,32,16,256,1.0,0.46287232637405396,0.18695488572120667,0.40297630429267883,0.16380900144577026,0.7753623723983765,0.1402285397052765,0.5517418384552002,0.987334132194519,0.43559229373931885,0,0,0,0,0.0,0.0,16,6.897222518920898,0.3922175467014313,0.8929284811019897,0.10707151889801025,0.25056372836060015,2.772588722239781
box_lam3e0,箱+λ,45,1,32,16,256,3.0,0.46611911058425903,0.2375984936952591,0.4089486002922058,0.2542300224304199,0.6281550526618958,0.1301371157169342,0.5030547380447388,0.9768427610397339,0.4737880229949951,0,0,0,0,0.0,0.0,16,14.227230072021484,1.1766526401042938,0.8740307688713074,0.12596923112869263,0.2539830957870215,2.772588722239781
box_lam1e1,箱+λ,45,1,32,16,256,10.0,0.4680677354335785,0.392345666885376,0.42468348145484924,0.4059470295906067,0.40150880813598633,0.1220850870013237,0.2693706750869751,0.787177562713623,0.517806887626648,0,0,0,0,0.0,0.0,16,33.750667572021484,3.9221754670143127,0.8725867867469788,0.12741321325302124,0.2553021057847283,2.772588722239781
box_lam3e1,箱+λ,45,1,32,16,256,30.0,0.466799259185791,0.513673722743988,0.4686611592769623,0.5220791697502136,0.2056228667497635,0.08136593550443649,0.12041890621185303,0.47694239020347595,0.3565234839916229,0,0,0,0,0.0,0.0,16,57.474098205566406,11.766526401042938,0.8933566808700562,0.10664331912994385,0.2537730943944211,2.772588722239781
box_lam1e2,箱+λ,45,1,32,16,256,100.0,0.47138363122940063,0.5829792022705078,0.5117385387420654,0.5863023996353149,0.07712329179048538,0.036037713289260864,0.04172426089644432,0.20048466324806213,0.1587604023516178,0,0,0,0,0.0,0.0,16,74.83425903320312,39.22175467014313,0.9151160717010498,0.0848839282989502,0.2519461651235694,2.772588722239781
box_lam1e3,箱+λ,45,1,32,16,256,1000.0,0.47539499402046204,0.6180167198181152,0.5301739573478699,0.6184704899787903,0.008580282330513,0.004396212287247181,0.004453146830201149,0.02382064424455166,0.01936749741435051,0,0,0,0,0.0,0.0,16,84.23703002929688,392.2175467014313,0.9285854697227478,0.0714145302772522,0.25085412959358894,2.772588722239781
nobox_lam1em3,无箱互校,45,1,32,16,256,0.001,0.4928772449493408,0.16961802542209625,0.4163249433040619,0.11306749284267426,-0.8963499069213867,5.069091796875,-13.815510749816895,1.8441201448440552,15.65963089466095,2,2,2,0,0.125,0.125,16,2.4513111114501953,0.0003922175467014313,0.7562682628631592,0.24373173713684082,0.29889007404054424,2.772588722239781
nobox_lam1em1,无箱互校,45,1,32,16,256,0.1,0.4674898087978363,0.1580081284046173,0.39136186242103577,0.13413026928901672,0.8423647880554199,0.42375415563583374,0.018369784578680992,1.544951319694519,1.526581535115838,0,0,0,0,0.0,0.0,16,3.0508882999420166,0.03922175467014313,0.8779274821281433,0.12207251787185669,0.24621999513919285,2.772588722239781
scalar,参照,45,1,32,16,256,0.001,0.4756872355937958,0.17639823257923126,0.38912639021873474,0.1471228003501892,0.9881329536437988,0.0,0.9881329536437988,0.9881329536437988,0.0,0,0,0,0,0.0,0.0,16,0.03386317566037178,0.0,0.9303330183029175,0.06966698169708252,0.2507170518059048,2.772588722239781
nobeta,参照,45,1,32,16,256,0.001,0.47568705677986145,0.6221087574958801,0.5316251516342163,0.622326135635376,0.0,0.0,0.0,0.0,0.0,0,0,0,0,0.0,0.0,16,2.4513111114501953,0.0003922175467014313,0.9303330183029175,0.06966698169708252,0.250717031599863,2.772588722239781
box_lam1em3,箱+λ,45,1,32,32,256,0.001,0.5217767357826233,0.1114874929189682,0.42054226994514465,0.03799784928560257,-0.18994969129562378,1.5996391773223877,-3.0,1.8578822612762451,4.857882261276245,4,0,4,0,0.125,0.0,32,0.2914007604122162,0.00024134133756160736,0.6189749240875244,0.3810250759124756,0.16665284573403583,2.0794415416798357
box_lam3em3,箱+λ,45,1,32,32,256,0.003,0.4875233471393585,0.10471612960100174,0.4096657931804657,0.03587815538048744,-0.08669383823871613,1.48470139503479,-3.0,1.8146939277648926,4.814693927764893,4,0,4,0,0.125,0.0,32,0.30791205167770386,0.0007240240126848221,0.6467217206954956,0.3532782793045044,0.15155399211977966,2.0794415416798357
box_lam1em2,箱+λ,45,1,32,32,256,0.01,0.479258269071579,0.10844133794307709,0.40665116906166077,0.032610129565000534,0.039152488112449646,1.3700522184371948,-3.0,1.6888797283172607,4.688879728317261,4,0,4,0,0.125,0.0,32,0.36571139097213745,0.0024134133756160735,0.7030225992202759,0.2969774007797241,0.12535841476972243,2.0794415416798357
box_lam3em2,箱+λ,45,1,32,32,256,0.03,0.450045108795166,0.11283893883228302,0.3741529881954193,0.037860941141843796,0.26555392146110535,0.9618349075317383,-3.0,1.4451923370361328,4.445192337036133,1,0,1,0,0.03125,0.0,32,0.5170239210128784,0.0072402401268482205,0.7765428423881531,0.22345715761184692,0.1033601778681109,2.0794415416798357
box_lam1em1,箱+λ,45,1,32,32,256,0.1,0.4261174499988556,0.1054161861538887,0.3405487835407257,0.04524002596735954,0.41760027408599854,0.4782765805721283,-0.7667503952980042,1.1065548658370972,1.8733052611351013,0,0,0,0,0.0,0.0,32,0.8362476229667664,0.024134133756160737,0.832170307636261,0.167829692363739,0.09011828980586689,2.0794415416798357
box_lam3em1,箱+λ,45,1,32,32,256,0.3,0.4022349417209625,0.10629695653915405,0.3298777937889099,0.05987882241606712,0.43421581387519836,0.3141643702983856,-0.3469368815422058,0.8948819041252136,1.2418187856674194,0,0,0,0,0.0,0.0,32,1.2622597217559814,0.0724024012684822,0.8480704426765442,0.1519295573234558,0.08792768209137831,2.0794415416798357
box_lam1e0,箱+λ,45,1,32,32,256,1.0,0.4002281725406647,0.11649476736783981,0.3333790898323059,0.07757076621055603,0.41286247968673706,0.20379428565502167,-0.026230180636048317,0.7278420925140381,0.7540722731500864,0,0,0,0,0.0,0.0,32,2.1156983375549316,0.24134133756160736,0.8486681580543518,0.1513318419456482,0.08788813886754314,2.0794415416798357
box_lam3e0,箱+λ,45,1,32,32,256,3.0,0.3920435309410095,0.1421424001455307,0.33119842410087585,0.1290077269077301,0.3566870093345642,0.14039242267608643,0.11176614463329315,0.6130606532096863,0.5012945085763931,0,0,0,0,0.0,0.0,32,4.092887878417969,0.7240240126848221,0.8421589136123657,0.15784108638763428,0.0881797019479364,2.0794415416798357
box_lam1e1,箱+λ,45,1,32,32,256,10.0,0.3919139802455902,0.21657639741897583,0.33536243438720703,0.23699304461479187,0.2529321014881134,0.09967802464962006,0.1188521683216095,0.5565377473831177,0.4376855790615082,0,0,0,0,0.0,0.0,32,9.775735855102539,2.4134133756160736,0.8418419361114502,0.1581580638885498,0.08759301952379017,2.0794415416798357
box_lam3e1,箱+λ,45,1,32,32,256,30.0,0.3893161714076996,0.3048190772533417,0.3514457643032074,0.33133336901664734,0.1443661004304886,0.06491541862487793,0.06610799580812454,0.39606744050979614,0.3299594447016716,0,0,0,0,0.0,0.0,32,19.382080078125,7.240240126848221,0.8573621511459351,0.14263784885406494,0.08525325080861114,2.0794415416798357
box_lam1e2,箱+λ,45,1,32,32,256,100.0,0.3910193145275116,0.3752270042896271,0.3781490921974182,0.39756670594215393,0.05881975591182709,0.02991349808871746,0.02630230411887169,0.18644863367080688,0.1601463295519352,0,0,0,0,0.0,0.0,32,29.4879207611084,24.134133756160736,0.8776417970657349,0.12235820293426514,0.08259372653319419,2.0794415416798357
box_lam1e3,箱+λ,45,1,32,32,256,1000.0,0.39237120747566223,0.4154192805290222,0.3889114260673523,0.42727065086364746,0.00686749629676342,0.0037873887922614813,0.0030178739689290524,0.02373240701854229,0.020714533049613237,0,0,0,0,0.0,0.0,32,36.48168182373047,241.34133756160736,0.8922632336616516,0.10773676633834839,0.08080756295170752,2.0794415416798357
nobox_lam1em3,无箱互校,45,1,32,32,256,0.001,0.5233622789382935,0.11324188858270645,0.4220157861709595,0.03860747441649437,-1.5314229726791382,4.859643936157227,-13.815510749816895,1.8552584648132324,15.670769214630127,4,4,4,0,0.125,0.125,32,0.28886526823043823,0.00024134133756160736,0.6132268309593201,0.38677316904067993,0.16696789833804093,2.0794415416798357
nobox_lam1em1,无箱互校,45,1,32,32,256,0.1,0.4261172115802765,0.1054161861538887,0.3405483663082123,0.04523978754878044,0.4176003634929657,0.47827601432800293,-0.7667533159255981,1.1065541505813599,1.873307466506958,0,0,0,0,0.0,0.0,32,0.8362481594085693,0.024134133756160737,0.8321704864501953,0.1678295135498047,0.09011836052701326,2.0794415416798357
scalar,参照,45,1,32,32,256,0.001,0.39278632402420044,0.11091838032007217,0.3404119610786438,0.0768885388970375,0.5672803521156311,6.055837786789198e-08,0.5672804117202759,0.5672804117202759,0.0,0,0,0,0,0.0,0.0,32,0.016720160841941833,0.0,0.8942868709564209,0.1057131290435791,0.08056775259591716,2.0794415416798357
nobeta,参照,45,1,32,32,256,0.001,0.3927859663963318,0.42057427763938904,0.3900086581707001,0.43128275871276855,0.0,0.0,0.0,0.0,0.0,0,0,0,0,0.0,0.0,32,0.28886526823043823,0.00024134133756160736,0.8942868709564209,0.1057131290435791,0.08056770713232307,2.0794415416798357
box_lam1em3,箱+λ,45,1,32,64,256,0.001,0.3574781119823456,0.07054030150175095,0.31023627519607544,0.007146501913666725,-0.031604014337062836,0.9232447743415833,-3.0,1.2257277965545654,4.225727796554565,3,0,3,0,0.046875,0.0,32,0.012249314226210117,0.00012961068749427795,0.6772182583808899,0.3227817416191101,0.06016946544592058,1.3862943611198906
box_lam3em3,箱+λ,45,1,32,64,256,0.003,0.35228461027145386,0.06907066702842712,0.31066805124282837,0.006978685036301613,0.010708119720220566,0.8509258031845093,-3.0,1.1962757110595703,4.19627571105957,2,0,2,0,0.03125,0.0,32,0.013305298052728176,0.0003888320624828339,0.6894930005073547,0.31050699949264526,0.059032314876074014,1.3862943611198906
box_lam1em2,箱+λ,45,1,32,64,256,0.01,0.34715157747268677,0.06424769014120102,0.3111330568790436,0.006890059914439917,0.09035615622997284,0.7442393898963928,-3.0,1.1075990200042725,4.1075990200042725,1,0,1,0,0.015625,0.0,32,0.018449995666742325,0.0012961068749427795,0.7206945419311523,0.27930545806884766,0.055977075477719934,1.3862943611198906
box_lam3em2,箱+λ,45,1,32,64,256,0.03,0.3432038426399231,0.061576392501592636,0.30758512020111084,0.011524844914674759,0.2122664451599121,0.42313915491104126,-1.1856675148010254,0.9656933546066284,2.151360869407654,0,0,0,0,0.0,0.0,32,0.039783839136362076,0.0038883206248283386,0.764430582523346,0.23556941747665405,0.051930047774348224,1.3862943611198906
box_lam1em1,箱+λ,45,1,32,64,256,0.1,0.3352966010570526,0.06605954468250275,0.2927784323692322,0.016309360042214394,0.24435126781463623,0.25002115964889526,-0.3454260230064392,0.7865389585494995,1.1319649815559387,0,0,0,0,0.0,0.0,32,0.11042463779449463,0.012961068749427797,0.7804082036018372,0.21959179639816284,0.049134784361517525,1.3862943611198906
box_lam3em1,箱+λ,45,1,32,64,256,0.3,0.3304220139980316,0.061803579330444336,0.2841997444629669,0.024050598964095116,0.22826412320137024,0.16105829179286957,-0.08802180737257004,0.6036236882209778,0.6916454955935478,0,0,0,0,0.0,0.0,32,0.22629626095294952,0.03888320624828338,0.772656261920929,0.22734373807907104,0.04965443324193703,1.3862943611198906
box_lam1e0,箱+λ,45,1,32,64,256,1.0,0.32918477058410645,0.05507904291152954,0.2812052369117737,0.027363155037164688,0.19931751489639282,0.11326763033866882,-0.020268194377422333,0.5124669075012207,0.532735101878643,0,0,0,0,0.0,0.0,32,0.41994163393974304,0.12961068749427795,0.7605128884315491,0.23948711156845093,0.05118167660358523,1.3862943611198906
box_lam3e0,箱+λ,45,1,32,64,256,3.0,0.32953035831451416,0.06747814267873764,0.27798134088516235,0.04013320431113243,0.16796208918094635,0.09327210485935211,0.037557587027549744,0.401887446641922,0.36432985961437225,0,0,0,0,0.0,0.0,32,0.7741667032241821,0.38883206248283386,0.7509649991989136,0.24903500080108643,0.052220014577437954,1.3862943611198906
box_lam1e1,箱+λ,45,1,32,64,256,10.0,0.3307228088378906,0.10008610039949417,0.27536603808403015,0.08453303575515747,0.12502197921276093,0.07545949518680573,0.040827676653862,0.34616947174072266,0.30534179508686066,0,0,0,0,0.0,0.0,32,1.8108632564544678,1.2961068749427795,0.7474956512451172,0.2525043487548828,0.05240756200606958,1.3862943611198906
box_lam3e1,箱+λ,45,1,32,64,256,30.0,0.32940950989723206,0.1580146849155426,0.2834917902946472,0.14126381278038025,0.07934288680553436,0.05368131026625633,0.02438538894057274,0.3026144802570343,0.27822909131646156,0,0,0,0,0.0,0.0,32,4.094670295715332,3.8883206248283386,0.7567532658576965,0.24324673414230347,0.05133461108258495,1.3862943611198906
box_lam1e2,箱+λ,45,1,32,64,256,100.0,0.32970908284187317,0.20587001740932465,0.28604641556739807,0.19620715081691742,0.036407142877578735,0.027225935831665993,0.010711083188652992,0.1696023792028427,0.15889129601418972,0,0,0,0,0.0,0.0,32,7.738846778869629,12.961068749427795,0.774576723575592,0.22542327642440796,0.04956602170596831,1.3862943611198906
box_lam1e3,箱+λ,45,1,32,64,256,1000.0,0.3308711051940918,0.24186794459819794,0.28990721702575684,0.23134921491146088,0.004646921530365944,0.0037317960523068905,0.0012961566681042314,0.024455072358250618,0.023158915690146387,0,0,0,0,0.0,0.0,32,11.407973289489746,129.61068749427795,0.7914242744445801,0.20857572555541992,0.04804176883850897,1.3862943611198906
nobox_lam1em3,无箱互校,45,1,32,64,256,0.001,0.3573824465274811,0.06964313983917236,0.3084632158279419,0.007240499369800091,-0.5505704283714294,3.038057565689087,-13.815510749816895,1.2318484783172607,15.047359228134155,3,3,3,0,0.046875,0.046875,32,0.012311357073485851,0.00012961068749427795,0.6696228981018066,0.33037710189819336,0.06024708190404875,1.3862943611198906
nobox_lam1em1,无箱互校,45,1,32,64,256,0.1,0.33529597520828247,0.06606192141771317,0.29277706146240234,0.016309242695569992,0.2443382889032364,0.250034898519516,-0.34546592831611633,0.7865610122680664,1.1320269405841827,0,0,0,0,0.0,0.0,32,0.11042487621307373,0.012961068749427797,0.7803992629051208,0.21960073709487915,0.04913538549126157,1.3862943611198906
scalar,参照,45,1,32,64,256,0.001,0.3311034142971039,0.054379865527153015,0.27990174293518066,0.03585227206349373,0.28365853428840637,3.003791704259129e-08,0.28365856409072876,0.28365856409072876,0.0,0,0,0,0,0.0,0.0,32,0.003933512140065432,0.0,0.7940722703933716,0.20592772960662842,0.047813208196500014,1.3862943611198906
nobeta,参照,45,1,32,64,256,0.001,0.33110320568084717,0.2479853481054306,0.2906157970428467,0.23626843094825745,0.0,0.0,0.0,0.0,0.0,0,0,0,0,0.0,0.0,32,0.012311357073485851,0.00012961068749427795,0.7940720915794373,0.20592790842056274,0.047813233454052285,1.3862943611198906
box_lam1em3,箱+λ,45,2,8,8,256,0.001,0.819389283657074,0.2753797471523285,0.6185571551322937,0.2685990035533905,0.2909638285636902,2.1441709995269775,-3.0,1.9948632717132568,4.994863271713257,2,0,2,0,0.25,0.0,8,3.8846659660339355,0.0004336668848991394,0.677215039730072,0.322784960269928,0.3650129935955282,3.4657359027997265
box_lam3em3,箱+λ,45,2,8,8,256,0.003,0.8869864344596863,0.2818388044834137,0.631227433681488,0.23708316683769226,0.36511051654815674,2.118069648742676,-3.0,1.9701050519943237,4.970105051994324,2,0,2,0,0.25,0.0,8,3.9072539806365967,0.0013010006546974183,0.7066419720649719,0.2933580279350281,0.3503098437340139,3.4657359027997265
box_lam1em2,箱+λ,45,2,8,8,256,0.01,0.8999229669570923,0.30491888523101807,0.6963710188865662,0.24275536835193634,0.3914520740509033,2.104980707168579,-3.0,1.9109660387039185,4.9109660387039185,2,0,2,0,0.25,0.0,8,3.9533724784851074,0.004336668848991394,0.7232866883277893,0.2767133116722107,0.3437617139465227,3.4657359027997265
box_lam3em2,箱+λ,45,2,8,8,256,0.03,0.9119340181350708,0.27232879400253296,0.6934483647346497,0.23512516915798187,0.37672561407089233,2.0910511016845703,-3.0,1.8214409351348877,4.821440935134888,2,0,2,0,0.25,0.0,8,4.030233383178711,0.013010006546974182,0.7198841571807861,0.28011584281921387,0.3432770956311857,3.4657359027997265
box_lam1em1,箱+λ,45,2,8,8,256,0.1,0.8981242179870605,0.24803200364112854,0.6685677766799927,0.2498801201581955,0.922448992729187,0.8158618211746216,-0.5744894742965698,1.537769079208374,2.112258553504944,0,0,0,0,0.0,0.0,8,4.873383045196533,0.04336668848991394,0.8294000029563904,0.17059999704360962,0.1960498554789401,3.4657359027997265
box_lam3em1,箱+λ,45,2,8,8,256,0.3,0.9504935145378113,0.25353655219078064,0.6989275217056274,0.2677142322063446,0.9287117719650269,0.29822829365730286,0.4667850136756897,1.1964389085769653,0.7296538949012756,0,0,0,0,0.0,0.0,8,7.0183515548706055,0.13010006546974182,0.8902945518493652,0.10970544815063477,0.1726998630788448,3.4657359027997265
box_lam1e0,箱+λ,45,2,8,8,256,1.0,0.9015478491783142,0.3297255039215088,0.6768594980239868,0.3898899555206299,0.7470018863677979,0.11449513584375381,0.6119330525398254,0.9994493722915649,0.3875163197517395,0,0,0,0,0.0,0.0,8,10.184527397155762,0.4336668848991394,0.8795697093009949,0.12043029069900513,0.18657553475529157,3.4657359027997265
box_lam3e0,箱+λ,45,2,8,8,256,3.0,0.8991928100585938,0.4354991316795349,0.6640223264694214,0.49337777495384216,0.534421980381012,0.15737786889076233,0.38468697667121887,0.8509403467178345,0.4662533700466156,0,0,0,0,0.0,0.0,8,14.51951789855957,1.3010006546974182,0.8662869334220886,0.13371306657791138,0.19544336216984673,3.4657359027997265
box_lam1e1,箱+λ,45,2,8,8,256,10.0,0.9128930568695068,0.5534602999687195,0.6877774000167847,0.5840491056442261,0.2983931303024292,0.13761557638645172,0.1560632437467575,0.5601463913917542,0.40408314764499664,0,0,0,0,0.0,0.0,8,22.67774772644043,4.336668848991394,0.877744197845459,0.12225580215454102,0.19313864917316267,3.4657359027997265
box_lam3e1,箱+λ,45,2,8,8,256,30.0,0.9298868179321289,0.6278610825538635,0.726719856262207,0.6752285361289978,0.13759060204029083,0.0772394984960556,0.05978817865252495,0.2852683365345001,0.22548015788197517,0,0,0,0,0.0,0.0,8,30.08148765563965,13.010006546974182,0.899533748626709,0.10046625137329102,0.18644176811255425,3.4657359027997265
box_lam1e2,箱+λ,45,2,8,8,256,100.0,0.9418319463729858,0.671223521232605,0.7566673755645752,0.7040770649909973,0.048234593123197556,0.029696129262447357,0.019070254638791084,0.10554712265729904,0.08647686801850796,0,0,0,0,0.0,0.0,8,34.48728942871094,43.36668848991394,0.9152019619941711,0.08479803800582886,0.18148723455489874,3.4657359027997265
box_lam1e3,箱+λ,45,2,8,8,256,1000.0,0.9482928514480591,0.6907846331596375,0.7707131505012512,0.7165684700012207,0.0051736594177782536,0.003321343334391713,0.0019575259648263454,0.011620452627539635,0.00966292666271329,0,0,0,0,0.0,0.0,8,36.621116638183594,433.6668848991394,0.9234065413475037,0.07659345865249634,0.17886843986323947,3.4657359027997265
nobox_lam1em3,无箱互校,45,2,8,8,256,0.001,0.8231309652328491,0.2754272520542145,0.6159171462059021,0.27204906940460205,-2.392460823059082,7.079004764556885,-13.815510749816895,2.004502058029175,15.82001280784607,2,2,2,0,0.25,0.25,8,3.850407123565674,0.0004336668848991394,0.6651800870895386,0.3348199129104614,0.36698766050256304,3.4657359027997265
nobox_lam1em1,无箱互校,45,2,8,8,256,0.1,0.8981245756149292,0.24803189933300018,0.6685678362846375,0.24988019466400146,0.9224489331245422,0.815861701965332,-0.5744893550872803,1.537769079208374,2.1122584342956543,0,0,0,0,0.0,0.0,8,4.873383522033691,0.04336668848991394,0.8293998837471008,0.17060011625289917,0.19604981705681093,3.4657359027997265
scalar,参照,45,2,8,8,256,0.001,0.9491009712219238,0.24506835639476776,0.7054490447044373,0.3054487109184265,1.272831916809082,0.0,1.272831916809082,1.272831916809082,0.0,0,0,0,0,0.0,0.0,8,0.16927416622638702,0.0,0.9244142770767212,0.07558572292327881,0.17854584766665108,3.4657359027997265
nobeta,参照,45,2,8,8,256,0.001,0.9491021633148193,0.6930726766586304,0.77237868309021,0.7180242538452148,0.0,0.0,0.0,0.0,0.0,0,0,0,0,0.0,0.0,8,3.850407123565674,0.0004336668848991394,0.9244145154953003,0.07558548450469971,0.1785455979228114,3.4657359027997265
box_lam1em3,箱+λ,45,2,8,16,256,0.001,0.9786245822906494,0.20164130628108978,0.7490705251693726,0.24143154919147491,0.09982438385486603,1.9368890523910522,-3.0,2.0541088581085205,5.0541088581085205,4,0,4,0,0.25,0.0,8,0.031023932620882988,0.0002425282746553421,0.616216242313385,0.383783757686615,0.028871972778065857,2.772588722239781
box_lam3em3,箱+λ,45,2,8,16,256,0.003,0.9821369051933289,0.19700098037719727,0.7362838983535767,0.23800666630268097,0.11916045844554901,1.9280000925064087,-3.0,1.9650171995162964,4.965017199516296,4,0,4,0,0.25,0.0,8,0.04512346535921097,0.0007275848239660264,0.6268881559371948,0.3731118440628052,0.02636807466095079,2.772588722239781
box_lam1em2,箱+λ,45,2,8,16,256,0.01,0.9936438798904419,0.19346226751804352,0.7111639380455017,0.21697884798049927,0.14028306305408478,1.9098801612854004,-3.0,1.7245041131973267,4.724504113197327,4,0,4,0,0.25,0.0,8,0.0935494527220726,0.002425282746553421,0.640434980392456,0.35956501960754395,0.023717759415066157,2.772588722239781
box_lam3em2,箱+λ,45,2,8,16,256,0.03,1.0061463117599487,0.1877446323633194,0.7205865383148193,0.18778377771377563,0.20604777336120605,1.7685515880584717,-3.0,1.5358673334121704,4.53586733341217,3,0,3,0,0.1875,0.0,8,0.19055797159671783,0.007275848239660263,0.642594039440155,0.35740596055984497,0.026295437625737546,2.772588722239781
box_lam1em1,箱+λ,45,2,8,16,256,0.1,0.8947141766548157,0.21843326091766357,0.6613909006118774,0.1590704470872879,0.6560215950012207,0.7722327709197998,-0.8076423406600952,1.3958543539047241,2.2034966945648193,0,0,0,0,0.0,0.0,8,0.5443095564842224,0.024252827465534213,0.741267740726471,0.25873225927352905,0.028148865905530583,2.772588722239781
box_lam3em1,箱+λ,45,2,8,16,256,0.3,0.7008398771286011,0.17698122560977936,0.5267201662063599,0.17716610431671143,0.6693002581596375,0.47386109828948975,-0.3253413736820221,1.2404481172561646,1.5657894909381866,0,0,0,0,0.0,0.0,8,1.509613037109375,0.07275848239660263,0.7798963189125061,0.2201036810874939,0.025095881943081974,2.772588722239781
box_lam1e0,箱+λ,45,2,8,16,256,1.0,0.6599187850952148,0.25657784938812256,0.4940584897994995,0.2723603844642639,0.5615347623825073,0.2547447979450226,0.017912525683641434,0.8770808577537537,0.8591683320701122,0,0,0,0,0.0,0.0,8,3.9934701919555664,0.2425282746553421,0.7844874858856201,0.21551251411437988,0.026530530627269594,2.772588722239781
box_lam3e0,箱+λ,45,2,8,16,256,3.0,0.6539854407310486,0.30410251021385193,0.5260451436042786,0.32359209656715393,0.41068291664123535,0.1592617928981781,0.15494303405284882,0.7667027115821838,0.611759677529335,0,0,0,0,0.0,0.0,8,7.170091152191162,0.7275848239660263,0.7766967415809631,0.22330325841903687,0.0289219575667449,2.772588722239781
box_lam1e1,箱+λ,45,2,8,16,256,10.0,0.6453378796577454,0.399868369102478,0.5590493083000183,0.4255317151546478,0.24412550032138824,0.12297322601079941,0.1030234545469284,0.5753547549247742,0.47233130037784576,0,0,0,0,0.0,0.0,8,11.858388900756836,2.425282746553421,0.7866160273551941,0.2133839726448059,0.028231790465831554,2.772588722239781
box_lam3e1,箱+λ,45,2,8,16,256,30.0,0.6401928663253784,0.492723286151886,0.5848168134689331,0.5063170194625854,0.1221923679113388,0.07691249251365662,0.04009247198700905,0.3364964723587036,0.29640400037169456,0,0,0,0,0.0,0.0,8,17.209306716918945,7.275848239660263,0.8134917616844177,0.18650823831558228,0.02527042166902763,2.772588722239781
box_lam1e2,箱+λ,45,2,8,16,256,100.0,0.6418452858924866,0.5601031184196472,0.6150322556495667,0.55682373046875,0.04556632041931152,0.032467763870954514,0.013040733523666859,0.13775034248828888,0.12470960896462202,0,0,0,0,0.0,0.0,8,21.439159393310547,24.25282746553421,0.8381097912788391,0.1618902087211609,0.02281977182018876,2.772588722239781
box_lam1e3,箱+λ,45,2,8,16,256,1000.0,0.6477479934692383,0.5866323709487915,0.6215288043022156,0.5844939351081848,0.005060502793639898,0.0038354569114744663,0.0013546108966693282,0.016069423407316208,0.01471481251064688,0,0,0,0,0.0,0.0,8,23.871231079101562,242.5282746553421,0.853025496006012,0.14697450399398804,0.021481197670013687,2.772588722239781
nobox_lam1em3,无箱互校,45,2,8,16,256,0.001,0.9779918789863586,0.19392961263656616,0.7471348643302917,0.24160073697566986,-2.595306158065796,6.713929176330566,-13.815510749816895,2.044581651687622,15.860092401504517,4,4,4,0,0.25,0.25,8,0.030082520097494125,0.0002425282746553421,0.5987722873687744,0.4012277126312256,0.026508337044902467,2.772588722239781
nobox_lam1em1,无箱互校,45,2,8,16,256,0.1,0.894714891910553,0.21843330562114716,0.6613908410072327,0.15907028317451477,0.6560216546058655,0.7722327709197998,-0.8076414465904236,1.3958543539047241,2.2034958004951477,0,0,0,0,0.0,0.0,8,0.5443099141120911,0.024252827465534213,0.7412675619125366,0.2587324380874634,0.02814890913042591,2.772588722239781
scalar,参照,45,2,8,16,256,0.001,0.6485944986343384,0.2128479778766632,0.4677702784538269,0.18480341136455536,0.9172611236572266,0.0,0.9172611236572266,0.9172611236572266,0.0,0,0,0,0,0.0,0.0,8,0.07723014056682587,0.0,0.8549638390541077,0.14503616094589233,0.021315377366008633,2.772588722239781
nobeta,参照,45,2,8,16,256,0.001,0.6485952734947205,0.5905274748802185,0.6223094463348389,0.5878769755363464,0.0,0.0,0.0,0.0,0.0,0,0,0,0,0.0,0.0,8,0.030082520097494125,0.0002425282746553421,0.8549638390541077,0.14503616094589233,0.02131538216877478,2.772588722239781
box_lam1em3,箱+λ,45,2,8,32,256,0.001,0.7938486337661743,0.14611412584781647,0.6201704144477844,0.1890740841627121,-0.006478883326053619,1.4100143909454346,-3.0,1.6965622901916504,4.69656229019165,4,0,4,0,0.125,0.0,8,0.0028558066114783287,0.00012737247347831726,0.54369056224823,0.45630943775177,0.02840832574111145,2.0794415416798357
box_lam3em3,箱+λ,45,2,8,32,256,0.003,0.7882665991783142,0.14207904040813446,0.6134346723556519,0.18590280413627625,0.04598597437143326,1.3537254333496094,-3.0,1.655085802078247,4.655085802078247,4,0,4,0,0.125,0.0,8,0.005229480564594269,0.0003821174204349518,0.5568230152130127,0.4431769847869873,0.028563286990857237,2.0794415416798357
box_lam1em2,箱+λ,45,2,8,32,256,0.01,0.7668110728263855,0.1371118426322937,0.603201150894165,0.17060025036334991,0.17546594142913818,1.1896681785583496,-3.0,1.5312063694000244,4.531206369400024,3,0,3,0,0.09375,0.0,8,0.016574624925851822,0.0012737247347831726,0.5887474417686462,0.41125255823135376,0.029150324294287516,2.0794415416798357
box_lam3em2,箱+λ,45,2,8,32,256,0.03,0.747010350227356,0.11896725744009018,0.5770460367202759,0.14133812487125397,0.28874266147613525,1.00376296043396,-3.0,1.2943090200424194,4.294309020042419,2,0,2,0,0.0625,0.0,8,0.05267850682139397,0.003821174204349518,0.6235237121582031,0.3764762878417969,0.029939642100930815,2.0794415416798357
box_lam1em1,箱+λ,45,2,8,32,256,0.1,0.7220485210418701,0.11208434402942657,0.5498737096786499,0.14109200239181519,0.4340662956237793,0.5168313384056091,-1.5681568384170532,1.1217172145843506,2.689874053001404,0,0,0,0,0.0,0.0,8,0.15068969130516052,0.012737247347831727,0.6734446287155151,0.32655537128448486,0.03182120018204916,2.0794415416798357
box_lam3em1,箱+λ,45,2,8,32,256,0.3,0.6655182242393494,0.10186408460140228,0.49707475304603577,0.12547419965267181,0.44182533025741577,0.3030948340892792,-0.401357501745224,0.9827736020088196,1.3841311037540436,0,0,0,0,0.0,0.0,8,0.3481522500514984,0.03821174204349518,0.7014225721359253,0.2985774278640747,0.029039743005126756,2.0794415416798357
box_lam1e0,箱+λ,45,2,8,32,256,1.0,0.6144688129425049,0.10779181867837906,0.46811777353286743,0.13362623751163483,0.38064712285995483,0.19360850751399994,-0.029109520837664604,0.7591366767883301,0.7882461976259947,0,0,0,0,0.0,0.0,8,0.9401715993881226,0.12737247347831726,0.706531286239624,0.293468713760376,0.02677401406126114,2.0794415416798357
box_lam3e0,箱+λ,45,2,8,32,256,3.0,0.6085036993026733,0.15693651139736176,0.4546774923801422,0.2115965038537979,0.28616029024124146,0.13251011073589325,0.08591849356889725,0.6990170478820801,0.6130985543131828,0,0,0,0,0.0,0.0,8,2.158388614654541,0.3821174204349518,0.7020965218544006,0.29790347814559937,0.026713460785674752,2.0794415416798357
box_lam1e1,箱+λ,45,2,8,32,256,10.0,0.6039734482765198,0.24994954466819763,0.4840317368507385,0.2910026013851166,0.1777481734752655,0.10505086928606033,0.08523257076740265,0.5754582285881042,0.4902256578207016,0,0,0,0,0.0,0.0,8,4.222560882568359,1.2737247347831726,0.7075040936470032,0.2924959063529968,0.026413235071034772,2.0794415416798357
box_lam3e1,箱+λ,45,2,8,32,256,30.0,0.6019101738929749,0.3368593454360962,0.5075291395187378,0.35071489214897156,0.09680576622486115,0.0742977112531662,0.036892469972372055,0.3887050449848175,0.35181257501244545,0,0,0,0,0.0,0.0,8,7.057768821716309,3.821174204349518,0.7315908670425415,0.2684091329574585,0.02483635246739197,2.0794415416798357
box_lam1e2,箱+λ,45,2,8,32,256,100.0,0.6047264337539673,0.39629432559013367,0.5209940671920776,0.4078236222267151,0.03943656384944916,0.03566738963127136,0.012545830570161343,0.1828698068857193,0.17032397631555796,0,0,0,0,0.0,0.0,8,10.266138076782227,12.737247347831726,0.7616179585456848,0.23838204145431519,0.02310321666990973,2.0794415416798357
box_lam1e3,箱+λ,45,2,8,32,256,1000.0,0.6081863641738892,0.4291285574436188,0.5295169949531555,0.44414472579956055,0.004654907621443272,0.004609258379787207,0.0013387774815782905,0.02350386045873165,0.02216508297715336,0,0,0,0,0.0,0.0,8,12.716038703918457,127.37247347831726,0.7843921184539795,0.2156078815460205,0.022003791457278182,2.0794415416798357
nobox_lam1em3,无箱互校,45,2,8,32,256,0.001,0.7920847535133362,0.14845827221870422,0.6246283054351807,0.19041597843170166,-1.3463112115859985,4.849719047546387,-13.815510749816895,1.684840202331543,15.500350952148438,4,4,4,0,0.125,0.125,8,0.0027502593584358692,0.00012737247347831726,0.5310227870941162,0.4689772129058838,0.028260246855254884,2.0794415416798357
nobox_lam1em1,无箱互校,45,2,8,32,256,0.1,0.7220478653907776,0.11208400875329971,0.5498735904693604,0.14109228551387787,0.43406617641448975,0.516830325126648,-1.5681449174880981,1.1217176914215088,2.689862608909607,0,0,0,0,0.0,0.0,8,0.1506897509098053,0.012737247347831727,0.6734444499015808,0.3265555500984192,0.03182123140002912,2.0794415416798357
scalar,参照,45,2,8,32,256,0.001,0.6080114841461182,0.12102048099040985,0.43679746985435486,0.10193154215812683,0.5841326713562012,0.0,0.5841326713562012,0.5841326713562012,0.0,0,0,0,0,0.0,0.0,8,0.028871729969978333,0.0,0.7876566648483276,0.21234333515167236,0.02186181208442881,2.0794415416798357
nobeta,参照,45,2,8,32,256,0.001,0.6080115437507629,0.4320187568664551,0.5306664109230042,0.44812795519828796,0.0,0.0,0.0,0.0,0.0,0,0,0,0,0.0,0.0,8,0.0027502593584358692,0.00012737247347831726,0.7876566648483276,0.21234333515167236,0.021861826492727252,2.0794415416798357
box_lam1em3,箱+λ,45,2,8,64,256,0.001,0.7151475548744202,0.10712340474128723,0.5157644748687744,0.12692415714263916,-0.15966692566871643,0.8814526200294495,-2.9372963905334473,1.0026471614837646,3.939943552017212,0,0,0,0,0.0,0.0,8,3.0970602438173955e-06,6.631211936473847e-05,0.48511531949043274,0.5148846805095673,0.03163933623772872,1.3862943611198906
box_lam3em3,箱+λ,45,2,8,64,256,0.003,0.7094690203666687,0.10410121828317642,0.5126569271087646,0.12448959052562714,-0.09760233759880066,0.7698597311973572,-2.642244577407837,0.9809669256210327,3.6232115030288696,0,0,0,0,0.0,0.0,8,2.314882294740528e-05,0.0001989363580942154,0.5019734501838684,0.4980265498161316,0.03175927091396154,1.3862943611198906
box_lam1em2,箱+λ,45,2,8,64,256,0.01,0.6887246370315552,0.08947711437940598,0.5100010633468628,0.12734028697013855,0.033695951104164124,0.5503114461898804,-1.8032898902893066,0.9135359525680542,2.716825842857361,0,0,0,0,0.0,0.0,8,0.00022802710009273142,0.0006631211936473846,0.5511268973350525,0.4488731026649475,0.031971694859277866,1.3862943611198906
box_lam3em2,箱+λ,45,2,8,64,256,0.03,0.6385835409164429,0.07438730448484421,0.4820425808429718,0.09782692790031433,0.17279359698295593,0.3316546678543091,-0.8442748785018921,0.7908501625061035,1.6351250410079956,0,0,0,0,0.0,0.0,8,0.0016814209520816803,0.001989363580942154,0.6310356259346008,0.36896437406539917,0.0318164670560109,1.3862943611198906
box_lam1em1,箱+λ,45,2,8,64,256,0.1,0.628200352191925,0.07294876128435135,0.4672400951385498,0.08236123621463776,0.23019182682037354,0.20886769890785217,-0.5508363842964172,0.7017043828964233,1.2525407671928406,0,0,0,0,0.0,0.0,8,0.011080781929194927,0.006631211936473847,0.6808029413223267,0.31919705867767334,0.030840691459227177,1.3862943611198906
box_lam3em1,箱+λ,45,2,8,64,256,0.3,0.6057479381561279,0.06110584735870361,0.4611975848674774,0.08421746641397476,0.21789410710334778,0.15511469542980194,-0.2794875204563141,0.6599492430686951,0.9394367635250092,0,0,0,0,0.0,0.0,8,0.04094836860895157,0.01989363580942154,0.6828134059906006,0.3171865940093994,0.029623036552345137,1.3862943611198906
box_lam1e0,箱+λ,45,2,8,64,256,1.0,0.5983095169067383,0.0606527216732502,0.446516752243042,0.09069610387086868,0.1878603994846344,0.11511596292257309,-0.046713750809431076,0.5518560409545898,0.5985697917640209,0,0,0,0,0.0,0.0,8,0.1292732208967209,0.06631211936473846,0.6792895793914795,0.3207104206085205,0.028692382943516215,1.3862943611198906
box_lam3e0,箱+λ,45,2,8,64,256,3.0,0.582908570766449,0.07354699075222015,0.43251854181289673,0.12790322303771973,0.14676210284233093,0.08814830332994461,0.013095445930957794,0.4145386517047882,0.4014432057738304,0,0,0,0,0.0,0.0,8,0.35234272480010986,0.1989363580942154,0.6740674376487732,0.3259325623512268,0.0285717998938535,1.3862943611198906
box_lam1e1,箱+λ,45,2,8,64,256,10.0,0.5838190913200378,0.11463232338428497,0.4345608353614807,0.16430026292800903,0.09534497559070587,0.0658813938498497,0.02618374489247799,0.3612402379512787,0.3350564930588007,0,0,0,0,0.0,0.0,8,0.8548195362091064,0.6631211936473846,0.6730162501335144,0.3269837498664856,0.02891517846232785,1.3862943611198906
box_lam3e1,箱+λ,45,2,8,64,256,30.0,0.5838269591331482,0.15878964960575104,0.43582841753959656,0.2036723494529724,0.05540257319808006,0.04807664081454277,0.017714500427246094,0.284404456615448,0.2666899561882019,0,0,0,0,0.0,0.0,8,1.5898897647857666,1.989363580942154,0.6845033764839172,0.31549662351608276,0.028941497620815586,1.3862943611198906
box_lam1e2,箱+λ,45,2,8,64,256,100.0,0.5828735828399658,0.21302706003189087,0.4381963908672333,0.2500867545604706,0.024828195571899414,0.025879792869091034,0.006943264976143837,0.15808650851249695,0.1511432435363531,0,0,0,0,0.0,0.0,8,2.671326160430908,6.631211936473846,0.7058128714561462,0.29418712854385376,0.028583134421961358,1.3862943611198906
box_lam1e3,箱+λ,45,2,8,64,256,1000.0,0.5817715525627136,0.2520686388015747,0.4425881803035736,0.274681955575943,0.0031993219163268805,0.0037426664493978024,0.0008135108510032296,0.023296458646655083,0.022482947795651853,0,0,0,0,0.0,0.0,8,3.8685708045959473,66.31211936473846,0.7275199890136719,0.2724800109863281,0.02820379994472452,1.3862943611198906
nobox_lam1em3,无箱互校,45,2,8,64,256,0.001,0.7171928882598877,0.10923514515161514,0.5169405937194824,0.13482321798801422,-0.3029320538043976,1.314504623413086,-5.57487154006958,1.0180864334106445,6.592957973480225,4,0,4,0,0.0625,0.0,8,3.102148866673815e-06,6.631211936473847e-05,0.47200483083724976,0.5279951691627502,0.03161109117001588,1.3862943611198906
nobox_lam1em1,无箱互校,45,2,8,64,256,0.1,0.6281952857971191,0.07299276441335678,0.4672418236732483,0.08238734304904938,0.23010039329528809,0.2089657485485077,-0.5508715510368347,0.7018575668334961,1.2527291178703308,0,0,0,0,0.0,0.0,8,0.011080804280936718,0.006631211936473847,0.6807266473770142,0.31927335262298584,0.030840917189236105,1.3862943611198906
scalar,参照,45,2,8,64,256,0.001,0.5815899968147278,0.045255396515131,0.4366428852081299,0.08198396116495132,0.28315791487693787,0.0,0.28315791487693787,0.28315791487693787,0.0,0,0,0,0,0.0,0.0,8,0.005103172734379768,0.0,0.7311223149299622,0.26887768507003784,0.02814710569173756,1.3862943611198906
nobeta,参照,45,2,8,64,256,0.001,0.5815899968147278,0.25542593002319336,0.4435340464115143,0.27791664004325867,0.0,0.0,0.0,0.0,0.0,0,0,0,0,0.0,0.0,8,3.102148866673815e-06,6.631211936473847e-05,0.7311220169067383,0.2688779830932617,0.02814709848758834,1.3862943611198906
box_lam1em3,箱+λ,45,2,16,8,256,0.001,0.5333849787712097,0.23125192523002625,0.4206118881702423,0.2567509710788727,0.6600950956344604,1.656426191329956,-3.0,2.435439348220825,5.435439348220825,1,0,1,0,0.125,0.0,8,7.478812217712402,0.0007004812955856323,0.7675588130950928,0.23244118690490723,0.40211124565741896,3.4657359027997265
box_lam3em3,箱+λ,45,2,16,8,256,0.003,0.5261183977127075,0.24490778148174286,0.41436779499053955,0.23488830029964447,0.6801542043685913,1.6440742015838623,-3.0,2.3743972778320312,5.374397277832031,1,0,1,0,0.125,0.0,8,7.496372699737549,0.0021014438867568972,0.7835757732391357,0.21642422676086426,0.4010540793497735,3.4657359027997265
box_lam1em2,箱+λ,45,2,16,8,256,0.01,0.5244135856628418,0.24834215641021729,0.3994414806365967,0.23022115230560303,0.7150851488113403,1.6181260347366333,-3.0,2.2054507732391357,5.205450773239136,1,0,1,0,0.125,0.0,8,7.614026069641113,0.007004812955856324,0.8162910342216492,0.18370896577835083,0.3984587260772875,3.4657359027997265
box_lam3em2,箱+λ,45,2,16,8,256,0.03,0.5240704417228699,0.20093992352485657,0.38185444474220276,0.20808658003807068,0.7332587838172913,1.5833324193954468,-3.0,1.9182424545288086,4.918242454528809,1,0,1,0,0.125,0.0,8,7.997842311859131,0.021014438867568968,0.844505786895752,0.15549421310424805,0.39485663545458405,3.4657359027997265
box_lam1em1,箱+λ,45,2,16,8,256,0.1,0.5365505218505859,0.20688189566135406,0.39396506547927856,0.2084197998046875,0.9717491865158081,0.734570324420929,-0.6698266267776489,1.7332677841186523,2.4030944108963013,0,0,0,0,0.0,0.0,8,9.453695297241211,0.07004812955856324,0.8900645971298218,0.10993540287017822,0.333051667891001,3.4657359027997265
box_lam3em1,箱+λ,45,2,16,8,256,0.3,0.5455690026283264,0.21265338361263275,0.4027574062347412,0.2237226516008377,0.9593040347099304,0.2993052005767822,0.3156294822692871,1.371099591255188,1.0554701089859009,0,0,0,0,0.0,0.0,8,12.699189186096191,0.2101443886756897,0.905769944190979,0.094230055809021,0.3348486145525206,3.4657359027997265
box_lam1e0,箱+λ,45,2,16,8,256,1.0,0.5532810688018799,0.25699034333229065,0.418777734041214,0.3040027320384979,0.7949002385139465,0.13041183352470398,0.6073341965675354,0.9802016019821167,0.3728674054145813,0,0,0,0,0.0,0.0,8,17.982563018798828,0.7004812955856323,0.8748936653137207,0.1251063346862793,0.33964182988624303,3.4657359027997265
box_lam3e0,箱+λ,45,2,16,8,256,3.0,0.5555771589279175,0.3735191822052002,0.45486360788345337,0.37411803007125854,0.5800723433494568,0.15554825961589813,0.3935664892196655,0.8823740482330322,0.4888075590133667,0,0,0,0,0.0,0.0,8,26.442638397216797,2.101443886756897,0.8525665402412415,0.14743345975875854,0.34227370783571387,3.4657359027997265
box_lam1e1,箱+λ,45,2,16,8,256,10.0,0.5548937916755676,0.5184335708618164,0.5124601721763611,0.5127333402633667,0.3245531916618347,0.12998341023921967,0.1880475878715515,0.5867631435394287,0.3987155556678772,0,0,0,0,0.0,0.0,8,42.5326042175293,7.004812955856323,0.8623647093772888,0.13763529062271118,0.3425763075211035,3.4657359027997265
box_lam3e1,箱+λ,45,2,16,8,256,30.0,0.5536506772041321,0.6108420491218567,0.5870261788368225,0.5942091345787048,0.14858832955360413,0.07219541817903519,0.0783548578619957,0.29781079292297363,0.21945593506097794,0,0,0,0,0.0,0.0,8,56.3040771484375,21.01443886756897,0.8858922719955444,0.11410772800445557,0.3419287986700953,3.4657359027997265
box_lam1e2,箱+λ,45,2,16,8,256,100.0,0.5502843260765076,0.6541162729263306,0.6264510154724121,0.6370189189910889,0.0517769530415535,0.02767307125031948,0.025935199111700058,0.10983775556087494,0.08390255644917488,0,0,0,0,0.0,0.0,8,64.15318298339844,70.04812955856323,0.9031152725219727,0.09688472747802734,0.34145153943205,3.4657359027997265
box_lam1e3,箱+λ,45,2,16,8,256,1000.0,0.5434406995773315,0.6709433197975159,0.6421297192573547,0.6579027771949768,0.0055351476185023785,0.0030922438018023968,0.0027042983565479517,0.012072354555130005,0.009368056198582053,0,0,0,0,0.0,0.0,8,67.8718032836914,700.4812955856323,0.9121576547622681,0.08784234523773193,0.3412198878940706,3.4657359027997265
nobox_lam1em3,无箱互校,45,2,16,8,256,0.001,0.5338689088821411,0.23111379146575928,0.4208584129810333,0.2581593990325928,-0.6880801320075989,5.356321334838867,-13.815510749816895,2.4343247413635254,16.24983549118042,1,1,1,0,0.125,0.125,8,7.453413009643555,0.0007004812955856323,0.7611066102981567,0.23889338970184326,0.40953096919051574,3.4657359027997265
nobox_lam1em1,无箱互校,45,2,16,8,256,0.1,0.5365505218505859,0.20688201487064362,0.39396506547927856,0.2084197998046875,0.9717491865158081,0.7345704436302185,-0.669826865196228,1.733267903327942,2.40309476852417,0,0,0,0,0.0,0.0,8,9.453694343566895,0.07004812955856324,0.8900645971298218,0.10993540287017822,0.3330516419501792,3.4657359027997265
scalar,参照,45,2,16,8,256,0.001,0.5434300303459167,0.24820461869239807,0.42430052161216736,0.2732270061969757,1.2863258123397827,0.0,1.2863258123397827,1.2863258123397827,0.0,0,0,0,0,0.0,0.0,8,0.15231269598007202,0.0,0.9132691025733948,0.08673089742660522,0.34119265003126226,3.4657359027997265
nobeta,参照,45,2,16,8,256,0.001,0.5434300303459167,0.6728931665420532,0.6438344120979309,0.6599172949790955,0.0,0.0,0.0,0.0,0.0,0,0,0,0,0.0,0.0,8,7.453413009643555,0.0007004812955856323,0.9132691025733948,0.08673089742660522,0.34119262409044054,3.4657359027997265
box_lam1em3,箱+λ,45,2,16,16,256,0.001,0.548481822013855,0.1525583267211914,0.42645904421806335,0.12019331753253937,0.23148062825202942,1.7501838207244873,-3.0,2.62066912651062,5.62066912651062,3,0,3,0,0.1875,0.0,16,0.3662755489349365,0.0003885195851325989,0.6515502333641052,0.3484497666358948,0.18147672278181273,2.772588722239781
box_lam3em3,箱+λ,45,2,16,16,256,0.003,0.5564690828323364,0.16052031517028809,0.432858407497406,0.11277404427528381,0.24461020529270172,1.73721182346344,-3.0,2.5765576362609863,5.576557636260986,3,0,3,0,0.1875,0.0,16,0.3817209005355835,0.0011655587553977967,0.6621646881103516,0.33783531188964844,0.17700835138810672,2.772588722239781
box_lam1em2,箱+λ,45,2,16,16,256,0.01,0.5360212922096252,0.14670038223266602,0.4294516146183014,0.12370045483112335,0.4873170852661133,1.3194606304168701,-3.0,2.4327800273895264,5.432780027389526,1,0,1,0,0.0625,0.0,16,0.4867839813232422,0.003885195851325989,0.7015737891197205,0.29842621088027954,0.16373608015502822,2.772588722239781
box_lam3em2,箱+λ,45,2,16,16,256,0.03,0.5159731507301331,0.13505646586418152,0.4062497913837433,0.11894278973340988,0.7860248684883118,0.6981204152107239,-0.43645384907722473,2.065890312194824,2.502344161272049,0,0,0,0,0.0,0.0,16,0.9361265301704407,0.011655587553977966,0.8030319213867188,0.19696807861328125,0.11817179205419683,2.772588722239781
box_lam1em1,箱+λ,45,2,16,16,256,0.1,0.5320754051208496,0.12391383200883865,0.4220748245716095,0.1191827580332756,0.8231855630874634,0.48720356822013855,-0.23595796525478363,1.6007354259490967,1.8366933912038803,0,0,0,0,0.0,0.0,16,1.9024560451507568,0.03885195851325989,0.8450296521186829,0.15497034788131714,0.10322253748965309,2.772588722239781
box_lam3em1,箱+λ,45,2,16,16,256,0.3,0.5421155691146851,0.13521118462085724,0.41023746132850647,0.13716648519039154,0.7673959136009216,0.30976399779319763,0.09534217417240143,1.1794638633728027,1.0841216892004013,0,0,0,0,0.0,0.0,16,3.7172420024871826,0.11655587553977965,0.8355645537376404,0.16443544626235962,0.10220604639046806,2.772588722239781
box_lam1e0,箱+λ,45,2,16,16,256,1.0,0.5474106073379517,0.1755690574645996,0.4049195349216461,0.2141914665699005,0.626570463180542,0.17173431813716888,0.28392675518989563,0.825602114200592,0.5416753590106964,0,0,0,0,0.0,0.0,16,7.228734493255615,0.3885195851325989,0.7951343059539795,0.2048656940460205,0.10756438901061441,2.772588722239781
box_lam3e0,箱+λ,45,2,16,16,256,3.0,0.5264493227005005,0.2374386340379715,0.426036536693573,0.25014498829841614,0.4601440131664276,0.15543964505195618,0.23411685228347778,0.8154435157775879,0.5813266634941101,0,0,0,0,0.0,0.0,16,12.180976867675781,1.1655587553977966,0.7632131576538086,0.2367868423461914,0.11257612334131936,2.772588722239781
box_lam1e1,箱+λ,45,2,16,16,256,10.0,0.5250642895698547,0.3757408559322357,0.4299696981906891,0.38654986023902893,0.27519553899765015,0.13790671527385712,0.12092289328575134,0.6406961679458618,0.5197732746601105,0,0,0,0,0.0,0.0,16,21.76224136352539,3.8851958513259888,0.7655986547470093,0.23440134525299072,0.11183927430029982,2.772588722239781
box_lam3e1,箱+λ,45,2,16,16,256,30.0,0.5468595623970032,0.4753192961215973,0.48577097058296204,0.48192304372787476,0.1372724175453186,0.08572755753993988,0.0538276806473732,0.3776654601097107,0.3238377794623375,0,0,0,0,0.0,0.0,16,33.2601318359375,11.655587553977966,0.7949929237365723,0.20500707626342773,0.10688293010917722,2.772588722239781
box_lam1e2,箱+λ,45,2,16,16,256,100.0,0.5725851655006409,0.54627925157547,0.5177323818206787,0.542091429233551,0.05091651901602745,0.03581568971276283,0.018593071028590202,0.15477710962295532,0.13618403859436512,0,0,0,0,0.0,0.0,16,41.99517822265625,38.85195851325989,0.823481559753418,0.17651844024658203,0.10260333656034923,2.772588722239781
box_lam1e3,箱+λ,45,2,16,16,256,1000.0,0.5820153951644897,0.5803200602531433,0.5359184145927429,0.5843784809112549,0.005634974222630262,0.004209169186651707,0.0019524098606780171,0.01806403137743473,0.016111621516756713,0,0,0,0,0.0,0.0,16,46.847991943359375,388.5195851325989,0.8409424424171448,0.15905755758285522,0.1001754637181073,2.772588722239781
nobox_lam1em3,无箱互校,45,2,16,16,256,0.001,0.5507219433784485,0.15299956500530243,0.42879369854927063,0.11852104216814041,-1.7939480543136597,6.004969596862793,-13.815510749816895,2.624279737472534,16.43979048728943,3,3,3,0,0.1875,0.1875,16,0.36128437519073486,0.0003885195851325989,0.6425065398216248,0.35749346017837524,0.18131972892874987,2.772588722239781
nobox_lam1em1,无箱互校,45,2,16,16,256,0.1,0.5320754647254944,0.1239139512181282,0.4220750629901886,0.11918285489082336,0.8231854438781738,0.48720359802246094,-0.2359580397605896,1.6007355451583862,1.8366935849189758,0,0,0,0,0.0,0.0,16,1.902456521987915,0.03885195851325989,0.8450298309326172,0.1549701690673828,0.10322257640088567,2.772588722239781
scalar,参照,45,2,16,16,256,0.001,0.5838190913200378,0.1450432687997818,0.4375365674495697,0.1876221001148224,0.9241256713867188,0.0,0.9241256713867188,0.9241256713867188,0.0,0,0,0,0,0.0,0.0,16,0.05175650864839554,0.0,0.8432173132896423,0.15678268671035767,0.09986891454261045,2.772588722239781
nobeta,参照,45,2,16,16,256,0.001,0.5838193893432617,0.5833756923675537,0.5385092496871948,0.589514434337616,0.0,0.0,0.0,0.0,0.0,0,0,0,0,0.0,0.0,16,0.36128437519073486,0.0003885195851325989,0.843217134475708,0.156782865524292,0.09986899236507561,2.772588722239781
box_lam1em3,箱+λ,45,2,16,32,256,0.001,0.5166047215461731,0.13984514772891998,0.3987087905406952,0.12166368961334229,-0.023498903959989548,1.4717284440994263,-3.0,1.62434720993042,4.62434720993042,5,0,5,0,0.15625,0.0,16,0.10792133957147598,0.00021043391525745391,0.5590775012969971,0.44092249870300293,0.07160642818748883,2.0794415416798357
box_lam3em3,箱+λ,45,2,16,32,256,0.003,0.5144634246826172,0.14528846740722656,0.3949388563632965,0.11738358438014984,0.0059351734817028046,1.4618362188339233,-3.0,1.6162731647491455,4.6162731647491455,5,0,5,0,0.15625,0.0,16,0.11340552568435669,0.0006313017457723617,0.569157600402832,0.43084239959716797,0.07063235681702505,2.0794415416798357
box_lam1em2,箱+λ,45,2,16,32,256,0.01,0.5063465237617493,0.12433171272277832,0.38154858350753784,0.11253006756305695,0.10753534734249115,1.3610029220581055,-3.0,1.5747545957565308,4.574754595756531,4,0,4,0,0.125,0.0,16,0.13436730206012726,0.002104339152574539,0.5991532802581787,0.4008467197418213,0.06849648034929383,2.0794415416798357
box_lam3em2,箱+λ,45,2,16,32,256,0.03,0.4829038381576538,0.10580641031265259,0.37813320755958557,0.0781603679060936,0.4032928943634033,0.7682409286499023,-1.451703667640686,1.4495134353637695,2.9012171030044556,0,0,0,0,0.0,0.0,16,0.2162119746208191,0.0063130174577236174,0.6702507734298706,0.3297492265701294,0.05970191272053588,2.0794415416798357
box_lam1em1,箱+λ,45,2,16,32,256,0.1,0.44499671459198,0.09706851840019226,0.3516384959220886,0.07968766987323761,0.5094382166862488,0.4436330199241638,-0.2599632740020752,1.2497080564498901,1.5096713304519653,0,0,0,0,0.0,0.0,16,0.4695799946784973,0.021043391525745393,0.7290184497833252,0.2709815502166748,0.04906100710569921,2.0794415416798357
box_lam3em1,箱+λ,45,2,16,32,256,0.3,0.4299944341182709,0.08854029327630997,0.334369033575058,0.08688195049762726,0.4942038357257843,0.28974997997283936,-0.08313244581222534,1.0117549896240234,1.0948874354362488,0,0,0,0,0.0,0.0,16,1.0273962020874023,0.06313017457723617,0.7389258742332458,0.26107412576675415,0.046583383009996794,2.0794415416798357
box_lam1e0,箱+λ,45,2,16,32,256,1.0,0.42160749435424805,0.09413055330514908,0.33251330256462097,0.09927859157323837,0.4131285846233368,0.179388165473938,0.12966938316822052,0.7074093818664551,0.5777399986982346,0,0,0,0,0.0,0.0,16,2.3775768280029297,0.21043391525745392,0.7167063355445862,0.2832936644554138,0.05066338787649406,2.0794415416798357
box_lam3e0,箱+λ,45,2,16,32,256,3.0,0.4166065454483032,0.129161074757576,0.3285015821456909,0.16190528869628906,0.30979838967323303,0.1343107968568802,0.13012687861919403,0.6986435651779175,0.5685166865587234,0,0,0,0,0.0,0.0,16,4.496905326843262,0.6313017457723618,0.691012442111969,0.308987557888031,0.0558622625377058,2.0794415416798357
box_lam1e1,箱+λ,45,2,16,32,256,10.0,0.41562023758888245,0.20647230744361877,0.33020728826522827,0.22189611196517944,0.19624537229537964,0.11439352482557297,0.06291720271110535,0.6123769879341125,0.5494597852230072,0,0,0,0,0.0,0.0,16,8.326725006103516,2.104339152574539,0.6870549917221069,0.31294500827789307,0.05736367190254964,2.0794415416798357
box_lam3e1,箱+λ,45,2,16,32,256,30.0,0.4143455922603607,0.3002890348434448,0.34713155031204224,0.30151963233947754,0.10752306133508682,0.07933992147445679,0.028677625581622124,0.4179438054561615,0.3892661798745394,0,0,0,0,0.0,0.0,16,14.20707893371582,6.3130174577236176,0.7123114466667175,0.28768855333328247,0.05413601758579008,2.0794415416798357
box_lam1e2,箱+λ,45,2,16,32,256,100.0,0.4126598536968231,0.3698268234729767,0.39039477705955505,0.3812088966369629,0.043493058532476425,0.03712248057126999,0.010338797233998775,0.1951843500137329,0.18484555277973413,0,0,0,0,0.0,0.0,16,20.665443420410156,21.043391525745392,0.7460833787918091,0.2539166212081909,0.04989164194505271,2.0794415416798357
box_lam1e3,箱+λ,45,2,16,32,256,1000.0,0.4125843644142151,0.4020586609840393,0.4039590656757355,0.4318028688430786,0.0050898389890789986,0.0047160182148218155,0.001135181519202888,0.024877259507775307,0.02374207798857242,0,0,0,0,0.0,0.0,16,25.332763671875,210.43391525745392,0.7715795636177063,0.2284204363822937,0.046883969039100255,2.0794415416798357
nobox_lam1em3,无箱互校,45,2,16,32,256,0.001,0.5186461806297302,0.14271631836891174,0.3983105719089508,0.12478284537792206,-1.7153537273406982,5.335691452026367,-13.815510749816895,1.6379423141479492,15.453453063964844,5,5,5,0,0.15625,0.15625,16,0.1049482524394989,0.00021043391525745391,0.5467017889022827,0.4532982110977173,0.07166852402948638,2.0794415416798357
nobox_lam1em1,无箱互校,45,2,16,32,256,0.1,0.44499653577804565,0.09706860035657883,0.35163864493370056,0.07968775928020477,0.5094382166862488,0.44363296031951904,-0.2599615752696991,1.249707818031311,1.5096693933010101,0,0,0,0,0.0,0.0,16,0.46958035230636597,0.021043391525745393,0.7290184497833252,0.2709815502166748,0.04906099413528835,2.0794415416798357
scalar,参照,45,2,16,32,256,0.001,0.41226518154144287,0.11825952678918839,0.32877117395401,0.12095128744840622,0.6032145619392395,0.0,0.6032145619392395,0.6032145619392395,0.0,0,0,0,0,0.0,0.0,16,0.025261731818318367,0.0,0.7752078175544739,0.22479218244552612,0.046469564412087855,2.0794415416798357
nobeta,参照,45,2,16,32,256,0.001,0.4122650623321533,0.409999817609787,0.4070708453655243,0.4401876926422119,0.0,0.0,0.0,0.0,0.0,0,0,0,0,0.0,0.0,16,0.1049482524394989,0.00021043391525745391,0.7752078175544739,0.22479218244552612,0.046469528743457986,2.0794415416798357
box_lam1em3,箱+λ,45,2,16,64,256,0.001,0.4368850588798523,0.0711522251367569,0.33202430605888367,0.056728463619947433,0.01206744834780693,0.8154545426368713,-3.0,1.1599899530410767,4.159989953041077,1,0,1,0,0.015625,0.0,16,0.00024907823535613716,0.00011035363376140595,0.5697181820869446,0.4302818179130554,0.040510526396333735,1.3862943611198906
box_lam3em3,箱+λ,45,2,16,64,256,0.003,0.4339044392108917,0.06758274883031845,0.3319888114929199,0.05697207897901535,0.050366245210170746,0.7530218362808228,-2.918889045715332,1.133119821548462,4.052008867263794,0,0,0,0,0.0,0.0,16,0.00046280527021735907,0.0003310609012842178,0.5826795101165771,0.41732048988342285,0.04013813293010046,1.3862943611198906
box_lam1em2,箱+λ,45,2,16,64,256,0.01,0.4270367920398712,0.06388205289840698,0.3304370641708374,0.05576411262154579,0.14910654723644257,0.5626526474952698,-1.671382188796997,1.053187370300293,2.72456955909729,0,0,0,0,0.0,0.0,16,0.001985919661819935,0.0011035363376140596,0.6191393136978149,0.38086068630218506,0.039270097911028964,1.3862943611198906
box_lam3em2,箱+λ,45,2,16,64,256,0.03,0.42290645837783813,0.055464860051870346,0.3203107416629791,0.04815691336989403,0.24899929761886597,0.37789174914360046,-0.6889456510543823,0.9166604280471802,1.6056060791015625,0,0,0,0,0.0,0.0,16,0.010619478300213814,0.0033106090128421782,0.6718377470970154,0.3281622529029846,0.03777994037760713,1.3862943611198906
box_lam1em1,箱+λ,45,2,16,64,256,0.1,0.40092340111732483,0.05315575376152992,0.30612480640411377,0.041096266359090805,0.2771683931350708,0.2601560056209564,-0.47358477115631104,0.7902631759643555,1.2638479471206665,0,0,0,0,0.0,0.0,16,0.05504630133509636,0.011035363376140596,0.6961212158203125,0.3038787841796875,0.03579516919640781,1.3862943611198906
box_lam3em1,箱+λ,45,2,16,64,256,0.3,0.3854600191116333,0.05215226486325264,0.29291126132011414,0.03976256400346756,0.25757068395614624,0.17719291150569916,-0.23808740079402924,0.6699318289756775,0.9080192297697067,0,0,0,0,0.0,0.0,16,0.1682233214378357,0.033106090128421785,0.6930716037750244,0.3069283962249756,0.03454926071251422,1.3862943611198906
box_lam1e0,箱+λ,45,2,16,64,256,1.0,0.3810019791126251,0.05249304324388504,0.2913390100002289,0.05409831926226616,0.21503514051437378,0.11904935538768768,-0.0236772820353508,0.5021275281906128,0.5258048102259636,0,0,0,0,0.0,0.0,16,0.4243009090423584,0.11035363376140594,0.6784492135047913,0.32155078649520874,0.0350909504665121,1.3862943611198906
box_lam3e0,箱+λ,45,2,16,64,256,3.0,0.38364723324775696,0.06504809111356735,0.290714293718338,0.06886280328035355,0.1639961153268814,0.09052566438913345,0.010172663256525993,0.41636914014816284,0.40619647689163685,0,0,0,0,0.0,0.0,16,0.9020889401435852,0.33106090128421783,0.6611416935920715,0.33885830640792847,0.03656357524705243,1.3862943611198906
box_lam1e1,箱+λ,45,2,16,64,256,10.0,0.38152337074279785,0.0969231054186821,0.2865009903907776,0.10964404046535492,0.10734061151742935,0.07234643399715424,0.020655058324337006,0.41188469529151917,0.39122963696718216,0,0,0,0,0.0,0.0,16,1.864766001701355,1.1035363376140594,0.6525318026542664,0.34746819734573364,0.03754349303021185,1.3862943611198906
box_lam3e1,箱+λ,45,2,16,64,256,30.0,0.3789159655570984,0.1467258632183075,0.2954696714878082,0.1555158495903015,0.06336775422096252,0.05359305813908577,0.01839541643857956,0.33005377650260925,0.3116583600640297,0,0,0,0,0.0,0.0,16,3.419020891189575,3.3106090128421783,0.6643108129501343,0.3356891870498657,0.03674588085691073,1.3862943611198906
box_lam1e2,箱+λ,45,2,16,64,256,100.0,0.3786877691745758,0.19867275655269623,0.29758909344673157,0.20722872018814087,0.0283955167979002,0.028306540101766586,0.009003162384033203,0.18110720813274384,0.17210404574871063,0,0,0,0,0.0,0.0,16,5.789377212524414,11.035363376140594,0.6896814107894897,0.31031858921051025,0.03492172875860994,1.3862943611198906
box_lam1e3,箱+λ,45,2,16,64,256,1000.0,0.37899842858314514,0.24140428006649017,0.3124150335788727,0.24533683061599731,0.0036209148820489645,0.003998136147856712,0.001053374377079308,0.026181655004620552,0.025128280627541244,0,0,0,0,0.0,0.0,16,8.279311180114746,110.35363376140594,0.7152338624000549,0.28476613759994507,0.03324206703730189,1.3862943611198906
nobox_lam1em3,无箱互校,45,2,16,64,256,0.001,0.4378437101840973,0.0731564462184906,0.331851989030838,0.05697671324014664,-0.19107164442539215,1.9093095064163208,-13.815510749816895,1.1719826459884644,14.987493395805359,2,1,2,0,0.03125,0.015625,16,0.0002573987585492432,0.00011035363376140595,0.5612255334854126,0.4387744665145874,0.04071278698330185,1.3862943611198906
nobox_lam1em1,无箱互校,45,2,16,64,256,0.1,0.4009215533733368,0.05314471572637558,0.30612847208976746,0.041096340864896774,0.27713948488235474,0.2601830065250397,-0.4735051691532135,0.790324330329895,1.2638294994831085,0,0,0,0,0.0,0.0,16,0.05504642054438591,0.011035363376140596,0.6961004734039307,0.30389952659606934,0.03579564261640424,1.3862943611198906
scalar,参照,45,2,16,64,256,0.001,0.3790266215801239,0.045269325375556946,0.2910330295562744,0.07302497327327728,0.30712807178497314,0.0,0.30712807178497314,0.30712807178497314,0.0,0,0,0,0,0.0,0.0,16,0.0054538981057703495,0.0,0.719396710395813,0.280603289604187,0.03298447467760029,1.3862943611198906
nobeta,参照,45,2,16,64,256,0.001,0.379026859998703,0.24859508872032166,0.3154568672180176,0.25070974230766296,0.0,0.0,0.0,0.0,0.0,0,0,0,0,0.0,0.0,16,0.0002573987585492432,0.00011035363376140595,0.719396710395813,0.280603289604187,0.03298449413321658,1.3862943611198906
box_lam1em3,箱+λ,45,2,32,8,256,0.001,0.48662269115448,0.262017160654068,0.35879629850387573,0.21609576046466827,1.0260215997695923,0.7318683862686157,-0.24510113894939423,2.2598659992218018,2.504967138171196,0,0,0,0,0.0,0.0,8,4.340391159057617,0.0005489428043365478,0.8494874238967896,0.15051257610321045,0.35157693394775835,3.4657359027997265
box_lam3em3,箱+λ,45,2,32,8,256,0.003,0.48740220069885254,0.26798370480537415,0.3582078218460083,0.21512627601623535,1.0326696634292603,0.7092307806015015,-0.18881209194660187,2.2320003509521484,2.4208124428987503,0,0,0,0,0.0,0.0,8,4.345165252685547,0.0016468284130096435,0.854405403137207,0.14559459686279297,0.3514340729831554,3.4657359027997265
box_lam1em2,箱+λ,45,2,32,8,256,0.01,0.48978349566459656,0.25454461574554443,0.35643109679222107,0.20737843215465546,1.048940658569336,0.6434280872344971,-0.03228868544101715,2.1435461044311523,2.1758347898721695,0,0,0,0,0.0,0.0,8,4.3881025314331055,0.005489428043365479,0.8678600192070007,0.13213998079299927,0.35113863541363644,3.4657359027997265
box_lam3em2,箱+λ,45,2,32,8,256,0.03,0.4946593940258026,0.22842293977737427,0.35654017329216003,0.18576423823833466,1.0645852088928223,0.519487738609314,0.23169434070587158,1.9468077421188354,1.7151134014129639,0,0,0,0,0.0,0.0,8,4.60471773147583,0.016468284130096433,0.887512743473053,0.11248725652694702,0.35123319185668306,3.4657359027997265
box_lam1em1,箱+λ,45,2,32,8,256,0.1,0.5032617449760437,0.207646444439888,0.3556509017944336,0.22178992629051208,1.0354950428009033,0.32392945885658264,0.5553791522979736,1.557953953742981,1.0025748014450073,0,0,0,0,0.0,0.0,8,5.3935418128967285,0.05489428043365479,0.8940761685371399,0.10592383146286011,0.35392702418347793,3.4657359027997265
box_lam3em1,箱+λ,45,2,32,8,256,0.3,0.5124239325523376,0.24603186547756195,0.35699015855789185,0.25108182430267334,0.9199157953262329,0.1608826071023941,0.7057656645774841,1.1198995113372803,0.41413384675979614,0,0,0,0,0.0,0.0,8,6.968132972717285,0.16468284130096436,0.8642174601554871,0.13578253984451294,0.36041977450267343,3.4657359027997265
box_lam1e0,箱+λ,45,2,32,8,256,1.0,0.5048739314079285,0.32050764560699463,0.3859619200229645,0.3563535213470459,0.6978603601455688,0.13370850682258606,0.48278605937957764,0.8752389550209045,0.3924528956413269,0,0,0,0,0.0,0.0,8,10.33483600616455,0.5489428043365479,0.8067649006843567,0.1932350993156433,0.37100722248379947,3.4657359027997265
box_lam3e0,箱+λ,45,2,32,8,256,3.0,0.5167139768600464,0.444501131772995,0.45745936036109924,0.4558577835559845,0.46225792169570923,0.16959737241268158,0.2384742945432663,0.8022499084472656,0.5637756139039993,0,0,0,0,0.0,0.0,8,15.339704513549805,1.6468284130096436,0.7691518068313599,0.23084819316864014,0.37904116756265205,3.4657359027997265
box_lam1e1,箱+λ,45,2,32,8,256,10.0,0.5141624212265015,0.5612638592720032,0.5152511596679688,0.5632641911506653,0.2407316416501999,0.14072585105895996,0.09422686696052551,0.5590393543243408,0.4648124873638153,0,0,0,0,0.0,0.0,8,22.98978042602539,5.4894280433654785,0.7758280634880066,0.2241719365119934,0.37932531583180723,3.4657359027997265
box_lam3e1,箱+λ,45,2,32,8,256,30.0,0.5032581090927124,0.6361659169197083,0.5782966613769531,0.6377264261245728,0.10784187912940979,0.07919998466968536,0.03589678555727005,0.2930285334587097,0.25713174790143967,0,0,0,0,0.0,0.0,8,29.61125946044922,16.468284130096436,0.8055675625801086,0.19443243741989136,0.37491133622958944,3.4657359027997265
box_lam1e2,箱+λ,45,2,32,8,256,100.0,0.5032281875610352,0.670689582824707,0.6403536200523376,0.6669016480445862,0.03742959350347519,0.030730564147233963,0.011440860107541084,0.11018012464046478,0.0987392645329237,0,0,0,0,0.0,0.0,8,33.60314178466797,54.894280433654785,0.8290231227874756,0.17097687721252441,0.3713164124737615,3.4657359027997265
box_lam1e3,箱+λ,45,2,32,8,256,1000.0,0.4998425543308258,0.6834510564804077,0.6531643271446228,0.6800620555877686,0.004001537803560495,0.003458599792793393,0.0011743560899049044,0.012230400927364826,0.011056044837459922,0,0,0,0,0.0,0.0,8,35.559715270996094,548.9428043365479,0.8417693972587585,0.15823060274124146,0.3693809816614022,3.4657359027997265
nobox_lam1em3,无箱互校,45,2,32,8,256,0.001,0.48662275075912476,0.26201730966567993,0.35879623889923096,0.21609576046466827,1.0260217189788818,0.7318682074546814,-0.24510091543197632,2.2598655223846436,2.50496643781662,0,0,0,0,0.0,0.0,8,4.340391159057617,0.0005489428043365478,0.8494874835014343,0.15051251649856567,0.35157693394775835,3.4657359027997265
nobox_lam1em1,无箱互校,45,2,32,8,256,0.1,0.5032617449760437,0.207646444439888,0.3556509017944336,0.22178992629051208,1.0354950428009033,0.32392945885658264,0.5553791522979736,1.557953953742981,1.0025748014450073,0,0,0,0,0.0,0.0,8,5.3935418128967285,0.05489428043365479,0.8940761685371399,0.10592383146286011,0.35392702418347793,3.4657359027997265
scalar,参照,45,2,32,8,256,0.001,0.4998258650302887,0.2273789346218109,0.3621492385864258,0.26239436864852905,1.253730297088623,0.0,1.253730297088623,1.253730297088623,0.0,0,0,0,0,0.0,0.0,8,0.15242590010166168,0.0,0.843355655670166,0.15664434432983398,0.36914181954369646,3.4657359027997265
nobeta,参照,45,2,32,8,256,0.001,0.4998258650302887,0.6847746968269348,0.6546795964241028,0.6829810738563538,0.0,0.0,0.0,0.0,0.0,0,0,0,0,0.0,0.0,8,4.340391159057617,0.0005489428043365478,0.8433555364608765,0.15664446353912354,0.36914178533369535,3.4657359027997265
box_lam1em3,箱+λ,45,2,32,16,256,0.001,0.43211573362350464,0.14592455327510834,0.3066776692867279,0.08997723460197449,0.29382967948913574,1.5972447395324707,-3.0,2.2947139739990234,5.294713973999023,2,0,2,0,0.125,0.0,16,0.9757320880889893,0.00029469072818756104,0.6986080408096313,0.30139195919036865,0.22704575635538168,2.772588722239781
box_lam3em3,箱+λ,45,2,32,16,256,0.003,0.4299088716506958,0.14804725348949432,0.30687084794044495,0.09521690011024475,0.33723798394203186,1.5511382818222046,-3.0,2.2203519344329834,5.220351934432983,2,0,2,0,0.125,0.0,16,0.9885743856430054,0.0008840721845626831,0.7126773595809937,0.28732264041900635,0.22322372950723654,2.772588722239781
box_lam1em2,箱+λ,45,2,32,16,256,0.01,0.42269274592399597,0.1341409534215927,0.31765216588974,0.10359054803848267,0.39531803131103516,1.490659236907959,-3.0,2.01070499420166,5.01070499420166,2,0,2,0,0.125,0.0,16,1.0536768436431885,0.0029469072818756104,0.738976240158081,0.26102375984191895,0.2189311269889295,2.772588722239781
box_lam3em2,箱+λ,45,2,32,16,256,0.03,0.39232301712036133,0.12943045794963837,0.31504300236701965,0.1007196232676506,0.706434965133667,0.7352338433265686,-0.9263363480567932,1.6345055103302002,2.5608418583869934,0,0,0,0,0.0,0.0,16,1.3072391748428345,0.00884072184562683,0.7953739762306213,0.20462602376937866,0.19969740911922187,2.772588722239781
box_lam1em1,箱+λ,45,2,32,16,256,0.1,0.38845816254615784,0.1382317692041397,0.30833202600479126,0.10897720605134964,0.7565323114395142,0.4045426547527313,-0.10775647312402725,1.2053858041763306,1.3131422773003578,0,0,0,0,0.0,0.0,16,1.8734714984893799,0.029469072818756104,0.816689133644104,0.183310866355896,0.19737448162437748,2.772588722239781
box_lam3em1,箱+λ,45,2,32,16,256,0.3,0.39286184310913086,0.1182340607047081,0.3108404576778412,0.12314849346876144,0.6893738508224487,0.22298242151737213,0.23887786269187927,0.9770359992980957,0.7381581366062164,0,0,0,0,0.0,0.0,16,2.7192180156707764,0.08840721845626831,0.7929940819740295,0.20700591802597046,0.20112878977534074,2.772588722239781
box_lam1e0,箱+λ,45,2,32,16,256,1.0,0.42993488907814026,0.15196703374385834,0.3249574303627014,0.2076277881860733,0.5423488616943359,0.14235761761665344,0.2698523700237274,0.8577376008033752,0.5878852307796478,0,0,0,0,0.0,0.0,16,4.386073589324951,0.29469072818756104,0.7441489100456238,0.2558510899543762,0.20870922997458144,2.772588722239781
box_lam3e0,箱+λ,45,2,32,16,256,3.0,0.43464717268943787,0.25863116979599,0.34733718633651733,0.2910907566547394,0.375579833984375,0.14570221304893494,0.19869834184646606,0.7250742316246033,0.5263758897781372,0,0,0,0,0.0,0.0,16,7.071697235107422,0.8840721845626831,0.7047893404960632,0.29521065950393677,0.21630964881446585,2.772588722239781
box_lam1e1,箱+λ,45,2,32,16,256,10.0,0.4305594563484192,0.367096483707428,0.378542423248291,0.3896443247795105,0.20901353657245636,0.12773826718330383,0.084040068089962,0.6063662767410278,0.5223262086510658,0,0,0,0,0.0,0.0,16,11.69759750366211,2.9469072818756104,0.7005695104598999,0.2994304895401001,0.21858981380793244,2.772588722239781
box_lam3e1,箱+λ,45,2,32,16,256,30.0,0.42046916484832764,0.45386847853660583,0.41182053089141846,0.4807255268096924,0.10104916989803314,0.08128903806209564,0.03417504206299782,0.37426796555519104,0.3400929234921932,0,0,0,0,0.0,0.0,16,16.99346351623535,8.840721845626831,0.7313047051429749,0.26869529485702515,0.21444171433428127,2.772588722239781
box_lam1e2,箱+λ,45,2,32,16,256,100.0,0.41068464517593384,0.5006839036941528,0.44297564029693604,0.5406711101531982,0.03724552318453789,0.034997981041669846,0.011382756754755974,0.1584998369216919,0.14711708016693592,0,0,0,0,0.0,0.0,16,21.266956329345703,29.469072818756104,0.7650237083435059,0.23497629165649414,0.20987668047219651,2.772588722239781
box_lam1e3,箱+λ,45,2,32,16,256,1000.0,0.4044971466064453,0.5299923419952393,0.4773208498954773,0.5623185038566589,0.004125918727368116,0.004199586343020201,0.0011957883834838867,0.01886368729174137,0.017667898908257484,0,0,0,0,0.0,0.0,16,23.771930694580078,294.69072818756104,0.7869563102722168,0.2130436897277832,0.2071549327845022,2.772588722239781
nobox_lam1em3,无箱互校,45,2,32,16,256,0.001,0.4347107708454132,0.14639487862586975,0.30713433027267456,0.09103404730558395,-1.055991768836975,5.069962024688721,-13.815510749816895,2.29844331741333,16.113954067230225,2,2,2,0,0.125,0.125,16,0.9695162177085876,0.00029469072818756104,0.6917733550071716,0.30822664499282837,0.22738178409120846,2.772588722239781
nobox_lam1em1,无箱互校,45,2,32,16,256,0.1,0.3884582817554474,0.13823185861110687,0.3083321750164032,0.10897707939147949,0.7565321922302246,0.4045427739620209,-0.10775693506002426,1.2053860425949097,1.313142977654934,0,0,0,0,0.0,0.0,16,1.8734712600708008,0.029469072818756104,0.8166889548301697,0.18331104516983032,0.19737446451937693,2.772588722239781
scalar,参照,45,2,32,16,256,0.001,0.40368539094924927,0.21049481630325317,0.3209008574485779,0.17410296201705933,0.8927789330482483,6.155941179031288e-08,0.8927789926528931,0.8927789926528931,0.0,0,0,0,0,0.0,0.0,16,0.06782249361276627,0.0,0.7898796796798706,0.2101203203201294,0.20681131042843073,2.772588722239781
nobeta,参照,45,2,32,16,256,0.001,0.4036851227283478,0.5327361226081848,0.4821048378944397,0.5645791888237,0.0,0.0,0.0,0.0,0.0,0,0,0,0,0.0,0.0,16,0.9695162177085876,0.00029469072818756104,0.7898796796798706,0.2101203203201294,0.20681134463843184,2.772588722239781
box_lam1em3,箱+λ,45,2,32,32,256,0.001,0.4050324559211731,0.08826424926519394,0.3089805245399475,0.05304044485092163,0.202000692486763,1.4026371240615845,-3.0,1.8348976373672485,4.8348976373672485,4,0,4,0,0.125,0.0,32,0.37178680300712585,0.00015509165823459625,0.6568309664726257,0.34316903352737427,0.12454270636274813,2.0794415416798357
box_lam3em3,箱+λ,45,2,32,32,256,0.003,0.40481412410736084,0.09234443306922913,0.3098257780075073,0.054443370550870895,0.23183536529541016,1.3471113443374634,-3.0,1.7896950244903564,4.7896950244903564,3,0,3,0,0.09375,0.0,32,0.3817806541919708,0.00046527497470378877,0.6642517447471619,0.33574825525283813,0.12243260783726105,2.0794415416798357
box_lam1em2,箱+λ,45,2,32,32,256,0.01,0.3795183300971985,0.0906723290681839,0.3068154752254486,0.0566478855907917,0.29195696115493774,1.2378063201904297,-3.0,1.6440577507019043,4.644057750701904,3,0,3,0,0.09375,0.0,32,0.4198908805847168,0.0015509165823459625,0.6850242018699646,0.3149757981300354,0.11450858804445027,2.0794415416798357
box_lam3em2,箱+λ,45,2,32,32,256,0.03,0.3436063528060913,0.0749390572309494,0.279497355222702,0.06712842732667923,0.4630507230758667,0.7552036046981812,-2.285832405090332,1.4262796640396118,3.712112069129944,0,0,0,0,0.0,0.0,32,0.5383346676826477,0.004652749747037888,0.7230215668678284,0.27697843313217163,0.10485845133102425,2.0794415416798357
box_lam1em1,箱+λ,45,2,32,32,256,0.1,0.3187751770019531,0.0733904093503952,0.2716037929058075,0.0915861651301384,0.5181282758712769,0.32994914054870605,-0.2040388435125351,1.103958010673523,1.307996854186058,0,0,0,0,0.0,0.0,32,0.7991302013397217,0.015509165823459625,0.7354675531387329,0.2645324468612671,0.0961800839089085,2.0794415416798357
box_lam3em1,箱+λ,45,2,32,32,256,0.3,0.3230915069580078,0.08105844259262085,0.27943387627601624,0.09138642996549606,0.4592885375022888,0.20701958239078522,0.06013992428779602,0.8133184313774109,0.7531785070896149,0,0,0,0,0.0,0.0,32,1.1557865142822266,0.046527497470378876,0.709356963634491,0.29064303636550903,0.09763190504068597,2.0794415416798357
box_lam1e0,箱+λ,45,2,32,32,256,1.0,0.33689603209495544,0.09289821982383728,0.2787201702594757,0.10846664756536484,0.36172670125961304,0.1453205794095993,0.13431739807128906,0.6470359563827515,0.5127185583114624,0,0,0,0,0.0,0.0,32,1.8154219388961792,0.15509165823459625,0.6695170402526855,0.33048295974731445,0.10130792360412676,2.0794415416798357
box_lam3e0,箱+λ,45,2,32,32,256,3.0,0.33661893010139465,0.12869197130203247,0.29113805294036865,0.15697446465492249,0.25903135538101196,0.12539388239383698,0.07459650933742523,0.5830232501029968,0.5084267407655716,0,0,0,0,0.0,0.0,32,2.885106325149536,0.46527497470378876,0.6372972726821899,0.36270272731781006,0.10489008702954356,2.0794415416798357
box_lam1e1,箱+λ,45,2,32,32,256,10.0,0.3389560282230377,0.21572645008563995,0.32084763050079346,0.24859778583049774,0.15327970683574677,0.10578684508800507,0.03287550434470177,0.5680992603302002,0.5352237559854984,0,0,0,0,0.0,0.0,32,4.874975681304932,1.5509165823459625,0.6266142725944519,0.3733857274055481,0.10623047763523075,2.0794415416798357
box_lam3e1,箱+λ,45,2,32,32,256,30.0,0.3371545076370239,0.28913527727127075,0.3291400671005249,0.30530792474746704,0.08035994321107864,0.07371405512094498,0.01399947702884674,0.4161125719547272,0.40211309492588043,0,0,0,0,0.0,0.0,32,7.677293300628662,4.652749747037888,0.6491597294807434,0.3508402705192566,0.1028604675316495,2.0794415416798357
box_lam1e2,箱+λ,45,2,32,32,256,100.0,0.3381337821483612,0.3531404137611389,0.3515326678752899,0.37217703461647034,0.03216104209423065,0.03572755679488182,0.004878759849816561,0.20529687404632568,0.20041811419650912,0,0,0,0,0.0,0.0,32,10.880133628845215,15.509165823459625,0.6859017610549927,0.3140982389450073,0.09807662650251484,2.0794415416798357
box_lam1e3,箱+λ,45,2,32,32,256,1000.0,0.3330329656600952,0.38880887627601624,0.3709363043308258,0.4309212863445282,0.0037776613608002663,0.004701371770352125,0.0005286726518534124,0.0271955244243145,0.026666851772461087,0,0,0,0,0.0,0.0,32,13.381444931030273,155.09165823459625,0.716510534286499,0.283489465713501,0.09482161331763878,2.0794415416798357
nobox_lam1em3,无箱互校,45,2,32,32,256,0.001,0.4046645760536194,0.08472689241170883,0.3093169629573822,0.053259484469890594,-0.8709087371826172,4.394774436950684,-13.815510749816895,1.8315664529800415,15.647077202796936,4,3,4,0,0.125,0.09375,32,0.368648886680603,0.00015509165823459625,0.6451236605644226,0.3548763394355774,0.1249799700443367,2.0794415416798357
nobox_lam1em1,无箱互校,45,2,32,32,256,0.1,0.31877559423446655,0.07339050620794296,0.2716025114059448,0.09158605337142944,0.5181280374526978,0.32994943857192993,-0.2040424942970276,1.103958249092102,1.3080007433891296,0,0,0,0,0.0,0.0,32,0.7991302013397217,0.015509165823459625,0.7354670763015747,0.2645329236984253,0.0961801181189096,2.0794415416798357
scalar,参照,45,2,32,32,256,0.001,0.3331339657306671,0.13088147342205048,0.25593826174736023,0.12808595597743988,0.5976660251617432,0.0,0.5976660251617432,0.5976660251617432,0.0,0,0,0,0,0.0,0.0,32,0.030391214415431023,0.0,0.7210527062416077,0.27894729375839233,0.09440013755155889,2.0794415416798357
nobeta,参照,45,2,32,32,256,0.001,0.33313366770744324,0.3953113555908203,0.37354254722595215,0.4344556927680969,0.0,0.0,0.0,0.0,0.0,0,0,0,0,0.0,0.0,32,0.368648886680603,0.00015509165823459625,0.7210527062416077,0.27894729375839233,0.09440015465655943,2.0794415416798357
box_lam1em3,箱+λ,45,2,32,64,256,0.001,0.34097132086753845,0.04620400071144104,0.2451907843351364,0.018122954294085503,0.2939937710762024,0.7749216556549072,-3.0,1.2526435852050781,4.252643585205078,2,0,2,0,0.03125,0.0,32,0.027965553104877472,8.019337058067321e-05,0.7373049259185791,0.2626950740814209,0.048701353292900616,1.3862943611198906
box_lam3em3,箱+λ,45,2,32,64,256,0.003,0.3399229049682617,0.04683627933263779,0.2444576472043991,0.017410067841410637,0.2997898757457733,0.7598039507865906,-3.0,1.2312781810760498,4.23127818107605,2,0,2,0,0.03125,0.0,32,0.030114611610770226,0.00024058011174201967,0.738655149936676,0.261344850063324,0.04826822046894514,1.3862943611198906
box_lam1em2,箱+λ,45,2,32,64,256,0.01,0.3357468843460083,0.04479590058326721,0.23928360641002655,0.017850439995527267,0.3262284994125366,0.654106616973877,-3.0,1.1613740921020508,4.161374092102051,1,0,1,0,0.015625,0.0,32,0.038619864732027054,0.0008019337058067322,0.7435124516487122,0.25648754835128784,0.046965396720718346,1.3862943611198906
box_lam3em2,箱+λ,45,2,32,64,256,0.03,0.30088210105895996,0.04145188629627228,0.22592806816101074,0.01747179962694645,0.3406849503517151,0.5379480719566345,-3.0,0.9991363286972046,3.9991363286972046,1,0,1,0,0.015625,0.0,32,0.06586263328790665,0.0024058011174201963,0.7421085834503174,0.2578914165496826,0.0442215408198117,1.3862943611198906
box_lam1em1,箱+λ,45,2,32,64,256,0.1,0.265310138463974,0.041278570890426636,0.2100697010755539,0.030793311074376106,0.3307040333747864,0.2320244014263153,-0.8340069055557251,0.7144719362258911,1.5484788417816162,0,0,0,0,0.0,0.0,32,0.14407119154930115,0.008019337058067321,0.7139780521392822,0.2860219478607178,0.043812094145369386,1.3862943611198906
box_lam3em1,箱+λ,45,2,32,64,256,0.3,0.2538576126098633,0.04121924191713333,0.21158689260482788,0.03815102577209473,0.269642174243927,0.12629567086696625,-0.18422454595565796,0.5619193315505981,0.7461438775062561,0,0,0,0,0.0,0.0,32,0.25271058082580566,0.024058011174201966,0.6734088063240051,0.3265911936759949,0.04669487258450209,1.3862943611198906
box_lam1e0,箱+λ,45,2,32,64,256,1.0,0.2521422803401947,0.042783305048942566,0.21687443554401398,0.06114320456981659,0.20074573159217834,0.09394991397857666,0.0365552082657814,0.5507098436355591,0.5141546353697777,0,0,0,0,0.0,0.0,32,0.42507290840148926,0.08019337058067322,0.6364278197288513,0.3635721802711487,0.0499552225295501,1.3862943611198906
box_lam3e0,箱+λ,45,2,32,64,256,3.0,0.25883927941322327,0.057688478380441666,0.22273147106170654,0.08446886390447617,0.14335641264915466,0.08245299756526947,0.052509110420942307,0.49503040313720703,0.4425212927162647,0,0,0,0,0.0,0.0,32,0.7038707733154297,0.24058011174201965,0.6122936010360718,0.3877063989639282,0.0524584025202022,1.3862943611198906
box_lam1e1,箱+λ,45,2,32,64,256,10.0,0.2637864053249359,0.10647744685411453,0.222273051738739,0.13099095225334167,0.08803406357765198,0.0669979676604271,0.022527849301695824,0.3527386486530304,0.33021079935133457,0,0,0,0,0.0,0.0,32,1.2735563516616821,0.8019337058067322,0.6001067161560059,0.39989328384399414,0.05407053599339491,1.3862943611198906
box_lam3e1,箱+λ,45,2,32,64,256,30.0,0.2612520754337311,0.15656183660030365,0.22792558372020721,0.1618352085351944,0.048982884734869,0.04813200607895851,0.00990157388150692,0.3122287392616272,0.3023271653801203,0,0,0,0,0.0,0.0,32,2.1023242473602295,2.4058011174201965,0.6084175705909729,0.3915824294090271,0.05316394530668469,1.3862943611198906
box_lam1e2,箱+λ,45,2,32,64,256,100.0,0.2618870139122009,0.19567063450813293,0.23292529582977295,0.21318164467811584,0.021341092884540558,0.02591247297823429,0.0038761973846703768,0.1860322505235672,0.18215605313889682,0,0,0,0,0.0,0.0,32,3.26780366897583,8.019337058067322,0.6331098675727844,0.3668901324272156,0.05009002703889348,1.3862943611198906
box_lam1e3,箱+λ,45,2,32,64,256,1000.0,0.26096707582473755,0.22786544263362885,0.23767748475074768,0.25057634711265564,0.002721652388572693,0.0038252058438956738,0.0004686211177613586,0.028655964881181717,0.02818734376342036,0,0,0,0,0.0,0.0,32,4.569479465484619,80.19337058067322,0.6616748571395874,0.3383251428604126,0.04684097067045935,1.3862943611198906
nobox_lam1em3,无箱互校,45,2,32,64,256,0.001,0.3407890200614929,0.04417290538549423,0.244964599609375,0.018109140917658806,-0.04636088013648987,2.5416152477264404,-13.815510749816895,1.2479093074798584,15.063420057296753,2,2,2,0,0.03125,0.03125,32,0.028206994757056236,8.019337058067321e-05,0.7311667799949646,0.2688332200050354,0.04871735502091619,1.3862943611198906
nobox_lam1em1,无箱互校,45,2,32,64,256,0.1,0.26531553268432617,0.041289255023002625,0.21007193624973297,0.03078492358326912,0.33066725730895996,0.23208552598953247,-0.8347081542015076,0.7144237160682678,1.5491318702697754,0,0,0,0,0.0,0.0,32,0.14407916367053986,0.008019337058067321,0.7139557600021362,0.28604423999786377,0.043813902999177666,1.3862943611198906
scalar,参照,45,2,32,64,256,0.001,0.2598939836025238,0.0625734031200409,0.21086657047271729,0.07817866653203964,0.31588390469551086,0.0,0.31588390469551086,0.31588390469551086,0.0,0,0,0,0,0.0,0.0,32,0.00816574227064848,0.0,0.6666437983512878,0.33335620164871216,0.046320033602424836,1.3862943611198906
nobeta,参照,45,2,32,64,256,0.001,0.2598936855792999,0.23146316409111023,0.24012690782546997,0.254374623298645,0.0,0.0,0.0,0.0,0.0,0,0,0,0,0.0,0.0,32,0.028206994757056236,8.019337058067321e-05,0.6666436195373535,0.3333563804626465,0.04632005498367552,1.3862943611198906
box_lam1em3,箱+λ,46,0,8,8,256,0.001,0.6564751863479614,0.24868807196617126,0.5232667326927185,0.24908439815044403,0.8881431818008423,0.5282182097434998,0.06688085943460464,1.6440391540527344,1.5771582946181297,0,0,0,0,0.0,0.0,8,0.0013369868975132704,0.00013241511583328249,0.9546961784362793,0.0453038215637207,0.040038482431178246,3.4657359027997265
box_lam3em3,箱+λ,46,0,8,8,256,0.003,0.6602030992507935,0.25537925958633423,0.5233728289604187,0.22141335904598236,0.870200514793396,0.49219825863838196,0.12347286194562912,1.5655635595321655,1.4420906975865364,0,0,0,0,0.0,0.0,8,0.0026021739467978477,0.00039724534749984743,0.9558520317077637,0.04414796829223633,0.03984048132947346,3.4657359027997265
box_lam1em2,箱+λ,46,0,8,8,256,0.01,0.6684960722923279,0.27117466926574707,0.5234960317611694,0.2478703409433365,0.8099908828735352,0.4000559151172638,0.16707219183444977,1.3485532999038696,1.1814811080694199,0,0,0,0,0.0,0.0,8,0.01064517442137003,0.0013241511583328247,0.9536305665969849,0.04636943340301514,0.040201051270269086,3.4657359027997265
box_lam3em2,箱+λ,46,0,8,8,256,0.03,0.6681767702102661,0.3501792550086975,0.5239260196685791,0.3126489222049713,0.6789921522140503,0.26004350185394287,0.1947309523820877,0.9906355738639832,0.7959046214818954,0,0,0,0,0.0,0.0,8,0.03598439320921898,0.003972453474998474,0.936381995677948,0.063618004322052,0.04352022669416564,3.4657359027997265
box_lam1em1,箱+λ,46,0,8,8,256,0.1,0.7145390510559082,0.41117003560066223,0.5595434308052063,0.4057120382785797,0.4572925865650177,0.10378360003232956,0.22865687310695648,0.5702486038208008,0.3415917307138443,0,0,0,0,0.0,0.0,8,0.08583911508321762,0.013241511583328248,0.8935637474060059,0.10643625259399414,0.05211957700219862,3.4657359027997265
box_lam3em1,箱+λ,46,0,8,8,256,0.3,0.7380608916282654,0.4800911545753479,0.6164568662643433,0.4918358325958252,0.2634674906730652,0.04630333557724953,0.21802718937397003,0.35764163732528687,0.13961444795131683,0,0,0,0,0.0,0.0,8,0.13236507773399353,0.03972453474998474,0.8532142639160156,0.14678573608398438,0.05876135835240871,3.4657359027997265
box_lam1e0,箱+λ,46,0,8,8,256,1.0,0.7915382981300354,0.5413198471069336,0.615370512008667,0.5341758131980896,0.1263042688369751,0.0580536313354969,0.08347304910421371,0.24305863678455353,0.1595855876803398,0,0,0,0,0.0,0.0,8,0.1702912151813507,0.13241511583328247,0.8293461203575134,0.17065387964248657,0.06208337369821634,3.4657359027997265
box_lam3e0,箱+λ,46,0,8,8,256,3.0,0.7841380834579468,0.5659072995185852,0.6625397801399231,0.5670913457870483,0.06349372863769531,0.05980416387319565,0.0314786322414875,0.20622147619724274,0.17474284395575523,0,0,0,0,0.0,0.0,8,0.19467224180698395,0.3972453474998474,0.8261143565177917,0.17388564348220825,0.062387183716910266,3.4657359027997265
box_lam1e1,箱+λ,46,0,8,8,256,10.0,0.779706597328186,0.5812969207763672,0.6709258556365967,0.5858696103096008,0.029117343947291374,0.04140297323465347,0.010048517026007175,0.13063845038414001,0.12058993335813284,0,0,0,0,0.0,0.0,8,0.2280784249305725,1.3241511583328247,0.8353310823440552,0.16466891765594482,0.06033809532260021,3.4657359027997265
box_lam3e1,箱+λ,46,0,8,8,256,30.0,0.7710173726081848,0.5927667617797852,0.6388043761253357,0.5949746966362,0.01252012513577938,0.02072169817984104,0.0034818758722394705,0.06355908513069153,0.06007720925845206,0,0,0,0,0.0,0.0,8,0.2640987038612366,3.972453474998474,0.8453435897827148,0.15465641021728516,0.05834472177967051,3.4657359027997265
box_lam1e2,箱+λ,46,0,8,8,256,100.0,0.7653626799583435,0.5989781618118286,0.6197311282157898,0.6019713878631592,0.004262695088982582,0.007483223918825388,0.0010662352433428168,0.022716999053955078,0.02165076381061226,0,0,0,0,0.0,0.0,8,0.28942519426345825,13.241511583328247,0.8515042662620544,0.14849573373794556,0.05722265476679855,3.4657359027997265
box_lam1e3,箱+λ,46,0,8,8,256,1000.0,0.7559334635734558,0.6019068956375122,0.6104172468185425,0.607455313205719,0.00045129397767595947,0.0008112315554171801,0.00010764019680209458,0.002452701097354293,0.0023450609005521983,0,0,0,0,0.0,0.0,8,0.30285361409187317,132.41511583328247,0.8545386791229248,0.1454613208770752,0.05670110541879541,3.4657359027997265
nobox_lam1em3,无箱互校,46,0,8,8,256,0.001,0.6564815044403076,0.24893182516098022,0.5232678651809692,0.24908669292926788,0.8880928754806519,0.5282976627349854,0.06648273766040802,1.6439225673675537,1.5774398297071457,0,0,0,0,0.0,0.0,8,0.0013372385874390602,0.00013241511583328249,0.9546524286270142,0.04534757137298584,0.040043173694588326,3.4657359027997265
nobox_lam1em1,无箱互校,46,0,8,8,256,0.1,0.714539647102356,0.41116994619369507,0.559543251991272,0.40571194887161255,0.4572926163673401,0.10378365218639374,0.22865676879882812,0.5702486634254456,0.34159189462661743,0,0,0,0,0.0,0.0,8,0.08583910018205643,0.013241511583328248,0.8935637474060059,0.10643625259399414,0.052119479428028075,3.4657359027997265
scalar,参照,46,0,8,8,256,0.001,0.7548040151596069,0.3138013184070587,0.6197391748428345,0.2377648800611496,0.7743440270423889,0.0,0.7743440270423889,0.7743440270423889,0.0,0,0,0,0,0.0,0.0,8,0.0988333448767662,0.0,0.8549044728279114,0.14509552717208862,0.05663934096884136,3.4657359027997265
nobeta,参照,46,0,8,8,256,0.001,0.754804790019989,0.6022553443908691,0.6092970371246338,0.6081101298332214,0.0,0.0,0.0,0.0,0.0,0,0,0,0,0.0,0.0,8,0.0013372385874390602,0.00013241511583328249,0.8549044728279114,0.14509552717208862,0.05663932042691072,3.4657359027997265
box_lam1em3,箱+λ,46,0,8,16,256,0.001,0.4980020225048065,0.1803830862045288,0.4449695646762848,0.1834348440170288,0.42843103408813477,0.41016507148742676,-0.1435920000076294,1.0563637018203735,1.199955701828003,0,0,0,0,0.0,0.0,8,0.0005570039502345026,6.660006195306778e-05,0.7213187217712402,0.27868127822875977,0.026998457157210713,2.772588722239781
box_lam3em3,箱+λ,46,0,8,16,256,0.003,0.49124714732170105,0.17513340711593628,0.4398801326751709,0.1854705512523651,0.44990596175193787,0.36499500274658203,-0.03422374278306961,1.0395339727401733,1.073757715523243,0,0,0,0,0.0,0.0,8,0.0005890496540814638,0.00019980018585920333,0.7311718463897705,0.2688281536102295,0.025350791468258062,2.772588722239781
box_lam1em2,箱+λ,46,0,8,16,256,0.01,0.4850013256072998,0.19163097441196442,0.4372391700744629,0.17586888372898102,0.4765423834323883,0.2819730341434479,0.09862392395734787,0.9901517629623413,0.8915278390049934,0,0,0,0,0.0,0.0,8,0.0011600571451708674,0.0006660006195306778,0.7483043074607849,0.2516956925392151,0.022286564513285104,2.772588722239781
box_lam3em2,箱+λ,46,0,8,16,256,0.03,0.49659791588783264,0.20519940555095673,0.4462181031703949,0.17200230062007904,0.45035484433174133,0.21459221839904785,0.10904128104448318,0.8879199028015137,0.7788786217570305,0,0,0,0,0.0,0.0,8,0.004812625236809254,0.0019980018585920335,0.7519218921661377,0.2480781078338623,0.020618025655060126,2.772588722239781
box_lam1em1,箱+λ,46,0,8,16,256,0.1,0.5326184630393982,0.26273298263549805,0.4460923373699188,0.24019895493984222,0.34033074975013733,0.1526428908109665,0.1385965198278427,0.6678327918052673,0.5292362719774246,0,0,0,0,0.0,0.0,8,0.020689550787210464,0.006660006195306778,0.733695387840271,0.266304612159729,0.02109075196941288,2.772588722239781
box_lam3em1,箱+λ,46,0,8,16,256,0.3,0.5582340359687805,0.30747416615486145,0.47468191385269165,0.3077598810195923,0.21206645667552948,0.0977034941315651,0.0919792652130127,0.40124791860580444,0.30926865339279175,0,0,0,0,0.0,0.0,8,0.04794886335730553,0.019980018585920332,0.7113105058670044,0.2886894941329956,0.022116194876033442,2.772588722239781
box_lam1e0,箱+λ,46,0,8,16,256,1.0,0.5597663521766663,0.3672569692134857,0.4931721091270447,0.3719361424446106,0.10286707431077957,0.05845126137137413,0.036880865693092346,0.23243585228919983,0.19555498659610748,0,0,0,0,0.0,0.0,8,0.07843507826328278,0.06660006195306778,0.6959368586540222,0.3040631413459778,0.02257481658726,2.772588722239781
box_lam3e0,箱+λ,46,0,8,16,256,3.0,0.5667099356651306,0.39802321791648865,0.5093520879745483,0.4090471565723419,0.0486588180065155,0.041963882744312286,0.01412195898592472,0.17386570572853088,0.15974374674260616,0,0,0,0,0.0,0.0,8,0.09819526970386505,0.19980018585920334,0.6929749250411987,0.30702507495880127,0.022434908065407228,2.772588722239781
box_lam1e1,箱+λ,46,0,8,16,256,10.0,0.5642116665840149,0.41686195135116577,0.5105208158493042,0.43535932898521423,0.02146259881556034,0.030785739421844482,0.004597806371748447,0.1316642463207245,0.12706643994897604,0,0,0,0,0.0,0.0,8,0.1149863600730896,0.6660006195306778,0.6982640027999878,0.3017359972000122,0.021736310384952856,2.772588722239781
box_lam3e1,箱+λ,46,0,8,16,256,30.0,0.5564740896224976,0.4257114827632904,0.5028291940689087,0.44608595967292786,0.009663281962275505,0.018051419407129288,0.0015836328966543078,0.07616625726222992,0.07458262436557561,0,0,0,0,0.0,0.0,8,0.13436128199100494,1.9980018585920334,0.706635594367981,0.29336440563201904,0.020859358675580898,2.772588722239781
box_lam1e2,箱+λ,46,0,8,16,256,100.0,0.5558071136474609,0.433708131313324,0.4965158998966217,0.4505127966403961,0.0034905881620943546,0.007331304717808962,0.0004839917819481343,0.03068692237138748,0.030202930589439347,0,0,0,0,0.0,0.0,8,0.15355119109153748,6.660006195306778,0.7135159969329834,0.2864840030670166,0.02020738219058636,2.772588722239781
box_lam1e3,箱+λ,46,0,8,16,256,1000.0,0.5554220676422119,0.44100379943847656,0.4932124614715576,0.453597754240036,0.0003839048440568149,0.0008476893417537212,4.875540980719961e-05,0.003535450901836157,0.0034866954920289572,0,0,0,0,0.0,0.0,8,0.16652312874794006,66.60006195306778,0.7175735235214233,0.28242647647857666,0.0198485801396965,2.772588722239781
nobox_lam1em3,无箱互校,46,0,8,16,256,0.001,0.5000031590461731,0.18123377859592438,0.44622209668159485,0.18248367309570312,0.42125555872917175,0.4206761121749878,-0.1712052971124649,1.057659387588501,1.2288646847009659,0,0,0,0,0.0,0.0,8,0.0005690837861038744,6.660006195306778e-05,0.7187577486038208,0.2812422513961792,0.02739042543899072,2.772588722239781
nobox_lam1em1,无箱互校,46,0,8,16,256,0.1,0.5326184630393982,0.26273298263549805,0.4460923969745636,0.24019895493984222,0.3403307795524597,0.1526428610086441,0.1385965198278427,0.6678327918052673,0.5292362719774246,0,0,0,0,0.0,0.0,8,0.020689547061920166,0.006660006195306778,0.733695387840271,0.266304612159729,0.021090744266188892,2.772588722239781
scalar,参照,46,0,8,16,256,0.001,0.555372416973114,0.1881936490535736,0.506729781627655,0.14123409986495972,0.5034322738647461,0.0,0.5034322738647461,0.5034322738647461,0.0,0,0,0,0,0.0,0.0,8,0.022025322541594505,0.0,0.7180985808372498,0.28190141916275024,0.019803517563224033,2.772588722239781
nobeta,参照,46,0,8,16,256,0.001,0.5553721189498901,0.4421041011810303,0.49281489849090576,0.45422816276550293,0.0,0.0,0.0,0.0,0.0,0,0,0,0,0.0,0.0,8,0.0005690837861038744,6.660006195306778e-05,0.7180985808372498,0.28190141916275024,0.019803516279353367,2.772588722239781
box_lam1em3,箱+λ,46,0,8,32,256,0.001,0.47964879870414734,0.16478726267814636,0.4452452063560486,0.14213226735591888,-0.1625920981168747,0.6206963658332825,-1.3478846549987793,0.8843294382095337,2.232214093208313,0,0,0,0,0.0,0.0,8,0.00040150186396203935,3.337138146162033e-05,0.45646464824676514,0.5435353517532349,0.02717872030180722,2.0794415416798357
box_lam3em3,箱+λ,46,0,8,32,256,0.003,0.4733062982559204,0.1604907512664795,0.44119787216186523,0.13823704421520233,-0.08670282363891602,0.5378727316856384,-1.0154139995574951,0.8511562347412109,1.866570234298706,0,0,0,0,0.0,0.0,8,0.0003840670979116112,0.000100114144384861,0.47084805369377136,0.5291519463062286,0.025912715980935582,2.0794415416798357
box_lam1em2,箱+λ,46,0,8,32,256,0.01,0.4644116461277008,0.14295905828475952,0.432422935962677,0.15054434537887573,0.0654076486825943,0.3722178339958191,-0.4616524577140808,0.756697416305542,1.2183498740196228,0,0,0,0,0.0,0.0,8,0.00040277690277434886,0.0003337138146162033,0.5072564482688904,0.4927435517311096,0.022610931869067753,2.0794415416798357
box_lam3em2,箱+λ,46,0,8,32,256,0.03,0.453481525182724,0.13056480884552002,0.4252082109451294,0.13016676902770996,0.19436486065387726,0.2118609994649887,-0.04032245650887489,0.6141394376754761,0.654461894184351,0,0,0,0,0.0,0.0,8,0.0008657968719489872,0.0010011414438486099,0.549525260925293,0.45047473907470703,0.01882297289763081,2.0794415416798357
box_lam1em1,箱+λ,46,0,8,32,256,0.1,0.4618120789527893,0.1515912115573883,0.4234456717967987,0.13727423548698425,0.1971701979637146,0.13780833780765533,0.059780992567539215,0.4870263934135437,0.4272454008460045,0,0,0,0,0.0,0.0,8,0.004023361951112747,0.0033371381461620333,0.5598919987678528,0.4401080012321472,0.01758987418190431,2.0794415416798357
box_lam3em1,箱+λ,46,0,8,32,256,0.3,0.49449679255485535,0.20894411206245422,0.4319058358669281,0.18212765455245972,0.13754931092262268,0.09958294779062271,0.03871849551796913,0.3481414020061493,0.30942290648818016,0,0,0,0,0.0,0.0,8,0.012871437706053257,0.0100114144384861,0.5530505180358887,0.44694948196411133,0.017665735531760575,2.0794415416798357
box_lam1e0,箱+λ,46,0,8,32,256,1.0,0.4933833181858063,0.2613784670829773,0.43611645698547363,0.24476876854896545,0.07260000705718994,0.059934258460998535,0.01816658489406109,0.2577027380466461,0.23953615315258503,0,0,0,0,0.0,0.0,8,0.02808813378214836,0.03337138146162033,0.548391580581665,0.45160841941833496,0.017645098594690618,2.0794415416798357
box_lam3e0,箱+λ,46,0,8,32,256,3.0,0.49307963252067566,0.30035218596458435,0.44918256998062134,0.29132503271102905,0.03464224189519882,0.03493146225810051,0.007251490838825703,0.1477113515138626,0.1404598606750369,0,0,0,0,0.0,0.0,8,0.0413508303463459,0.10011414438486099,0.549474835395813,0.450525164604187,0.01743973321085112,2.0794415416798357
box_lam1e1,箱+λ,46,0,8,32,256,10.0,0.4932165741920471,0.32006320357322693,0.45880579948425293,0.3154984414577484,0.01465813908725977,0.021749300882220268,0.0024023978039622307,0.11553237587213516,0.11312997806817293,0,0,0,0,0.0,0.0,8,0.05146495997905731,0.3337138146162033,0.5539527535438538,0.44604724645614624,0.017134747166628012,2.0794415416798357
box_lam3e1,箱+λ,46,0,8,32,256,30.0,0.4923038184642792,0.33147114515304565,0.4589029848575592,0.32641661167144775,0.006685519590973854,0.014082495123147964,0.0008540081907995045,0.08003228902816772,0.07917828083736822,0,0,0,0,0.0,0.0,8,0.06009849160909653,1.00114144384861,0.5599707961082458,0.44002920389175415,0.0167333539902959,2.0794415416798357
box_lam1e2,箱+λ,46,0,8,32,256,100.0,0.4911175072193146,0.3368320167064667,0.4583374559879303,0.3337495028972626,0.0025788177736103535,0.00664157047867775,0.0002698534226510674,0.03811853006482124,0.037848676642170176,0,0,0,0,0.0,0.0,8,0.07124767452478409,3.337138146162033,0.5662615895271301,0.4337384104728699,0.016324365435109376,2.0794415416798357
box_lam1e3,箱+λ,46,0,8,32,256,1000.0,0.4903072714805603,0.3399603068828583,0.45797550678253174,0.33844199776649475,0.0003018800634890795,0.0008560947026126087,2.7894584491150454e-05,0.004919211380183697,0.004891316795692546,0,0,0,0,0.0,0.0,8,0.08201413601636887,33.37138146162033,0.571020781993866,0.42897921800613403,0.016031844491173203,2.0794415416798357
nobox_lam1em3,无箱互校,46,0,8,32,256,0.001,0.4830772578716278,0.16742613911628723,0.4469040632247925,0.14481361210346222,-0.20077452063560486,0.6621589660644531,-1.5370982885360718,0.8975026607513428,2.4346009492874146,0,0,0,0,0.0,0.0,8,0.00041664691525511444,3.337138146162033e-05,0.4500986337661743,0.5499013662338257,0.02772103497394682,2.0794415416798357
nobox_lam1em1,无箱互校,46,0,8,32,256,0.1,0.4618165194988251,0.1515941172838211,0.42344748973846436,0.1372784823179245,0.19714723527431488,0.13783380389213562,0.05972641706466675,0.4870564937591553,0.4273300766944885,0,0,0,0,0.0,0.0,8,0.004023375920951366,0.0033371381461620333,0.5598838329315186,0.44011616706848145,0.017590549497874124,2.0794415416798357
scalar,参照,46,0,8,32,256,0.001,0.49019989371299744,0.11784687638282776,0.44575220346450806,0.10702314972877502,0.32651522755622864,0.0,0.32651522755622864,0.32651522755622864,0.0,0,0,0,0,0.0,0.0,8,0.008237875066697598,0.0,0.5717145800590515,0.4282854199409485,0.015990574468645286,2.0794415416798357
nobeta,参照,46,0,8,32,256,0.001,0.490200012922287,0.34038057923316956,0.45793524384498596,0.33909186720848083,0.0,0.0,0.0,0.0,0.0,0,0,0,0,0.0,0.0,8,0.00041664691525511444,3.337138146162033e-05,0.5717145800590515,0.4282854199409485,0.01599059629444659,2.0794415416798357
box_lam1em3,箱+λ,46,0,8,64,256,0.001,0.47475478053092957,0.15507064759731293,0.43920284509658813,0.1285758912563324,-0.7600553035736084,0.7366448640823364,-2.325272560119629,0.845955491065979,3.171228051185608,0,0,0,0,0.0,0.0,8,0.0002935267984867096,1.67042538523674e-05,0.2697499096393585,0.7302500903606415,0.028759547683937556,1.3862943611198906
box_lam3em3,箱+λ,46,0,8,64,256,0.003,0.47268781065940857,0.14935672283172607,0.43674203753471375,0.12496854364871979,-0.6543313264846802,0.6507377624511719,-1.864206314086914,0.8207852840423584,2.6849915981292725,0,0,0,0,0.0,0.0,8,0.00026917061768472195,5.01127615571022e-05,0.2807926535606384,0.7192073464393616,0.028177371395389592,1.3862943611198906
box_lam1em2,箱+λ,46,0,8,64,256,0.01,0.46628445386886597,0.13398762047290802,0.4308522939682007,0.11430342495441437,-0.4155259132385254,0.4724239110946655,-1.1137185096740723,0.7402881383895874,1.8540066480636597,0,0,0,0,0.0,0.0,8,0.00020731710537802428,0.000167042538523674,0.3143719732761383,0.6856280267238617,0.026290646420863966,1.3862943611198906
box_lam3em2,箱+λ,46,0,8,64,256,0.03,0.45447689294815063,0.09806748479604721,0.4204880893230438,0.09811219573020935,-0.12364593148231506,0.25811493396759033,-0.4280910789966583,0.5683408379554749,0.9964319169521332,0,0,0,0,0.0,0.0,8,0.00015715780318714678,0.000501127615571022,0.37797731161117554,0.6220226883888245,0.022639911397719183,1.3862943611198906
box_lam1em1,箱+λ,46,0,8,64,256,0.1,0.4436926543712616,0.08272062987089157,0.40921440720558167,0.07325349003076553,0.0631081834435463,0.09859804064035416,-0.03371994569897652,0.3747500479221344,0.4084699936211109,0,0,0,0,0.0,0.0,8,0.00046541597112081945,0.0016704253852367402,0.4400273859500885,0.5599726140499115,0.01943477706951605,1.3862943611198906
box_lam3em1,箱+λ,46,0,8,64,256,0.3,0.44191524386405945,0.09953641891479492,0.40704646706581116,0.08301820605993271,0.06327682733535767,0.06536636501550674,0.0033509552013128996,0.26312458515167236,0.25977362995035946,0,0,0,0,0.0,0.0,8,0.0019416740396991372,0.00501127615571022,0.44646763801574707,0.5535323619842529,0.019088748247872735,1.3862943611198906
box_lam1e0,箱+λ,46,0,8,64,256,1.0,0.44125229120254517,0.12865731120109558,0.4047029912471771,0.1137394979596138,0.03743831440806389,0.04081190377473831,0.004241755697876215,0.173332080245018,0.1690903245471418,0,0,0,0,0.0,0.0,8,0.00576008390635252,0.0167042538523674,0.4469648003578186,0.5530351996421814,0.019044057993893134,1.3862943611198906
box_lam3e0,箱+λ,46,0,8,64,256,3.0,0.4410479664802551,0.15055760741233826,0.40802687406539917,0.14366494119167328,0.01880466565489769,0.022816473618149757,0.0033237473107874393,0.12281645089387894,0.1194927035830915,0,0,0,0,0.0,0.0,8,0.010173429735004902,0.0501127615571022,0.4496215581893921,0.5503784418106079,0.018936008722593493,1.3862943611198906
box_lam1e1,箱+λ,46,0,8,64,256,10.0,0.44192060828208923,0.1631157249212265,0.41232314705848694,0.1613779217004776,0.007758252322673798,0.011547697708010674,0.001388658070936799,0.06349856406450272,0.06210990599356592,0,0,0,0,0.0,0.0,8,0.014057858847081661,0.167042538523674,0.45344051718711853,0.5465594828128815,0.018797800045501245,1.3862943611198906
box_lam3e1,箱+λ,46,0,8,64,256,30.0,0.4419134557247162,0.17085759341716766,0.4139561057090759,0.16858597099781036,0.003397898515686393,0.007080461364239454,0.0004895919119007885,0.05167150869965553,0.051181916787754744,0,0,0,0,0.0,0.0,8,0.016412954777479172,0.501127615571022,0.45674628019332886,0.5432537198066711,0.01866849372760043,1.3862943611198906
box_lam1e2,箱+λ,46,0,8,64,256,100.0,0.44075408577919006,0.17856940627098083,0.4130522608757019,0.17577704787254333,0.0013443274656310678,0.0038165166042745113,0.00015233787416946143,0.029928022995591164,0.029775685121421702,0,0,0,0,0.0,0.0,8,0.01904120296239853,1.6704253852367401,0.46025899052619934,0.5397410094738007,0.01851408388658596,1.3862943611198906
box_lam1e3,箱+λ,46,0,8,64,256,1000.0,0.4395804703235626,0.18503133952617645,0.4097510278224945,0.17980727553367615,0.00016950683493632823,0.0005798925994895399,1.5735502529423684e-05,0.00462284404784441,0.004607108545314986,0,0,0,0,0.0,0.0,8,0.02277098409831524,16.7042538523674,0.4637514054775238,0.5362485945224762,0.01835955207785831,1.3862943611198906
nobox_lam1em3,无箱互校,46,0,8,64,256,0.001,0.47643691301345825,0.15941238403320312,0.441330224275589,0.13204966485500336,-0.8676053881645203,0.8343914151191711,-2.977768659591675,0.8659177422523499,3.8436864018440247,0,0,0,0,0.0,0.0,8,0.00031662758556194603,1.67042538523674e-05,0.2605787217617035,0.7394212782382965,0.02921924014329876,1.3862943611198906
nobox_lam1em1,无箱互校,46,0,8,64,256,0.1,0.44375109672546387,0.08302809298038483,0.4092348515987396,0.07353048771619797,0.06211249902844429,0.09939777106046677,-0.03557581454515457,0.37547317147254944,0.411048986017704,0,0,0,0,0.0,0.0,8,0.00046569929691031575,0.0016704253852367402,0.4396612048149109,0.5603387951850891,0.019451454549455002,1.3862943611198906
scalar,参照,46,0,8,64,256,0.001,0.4394802749156952,0.04712802916765213,0.4070170223712921,0.04010128974914551,0.16423065960407257,0.0,0.16423065960407257,0.16423065960407257,0.0,0,0,0,0,0.0,0.0,8,0.0023331460542976856,0.0,0.46436402201652527,0.5356359779834747,0.018333026026047788,1.3862943611198906
nobeta,参照,46,0,8,64,256,0.001,0.4394799768924713,0.18545019626617432,0.4091806709766388,0.1804874986410141,0.0,0.0,0.0,0.0,0.0,0,0,0,0,0.0,0.0,8,0.00031662758556194603,1.67042538523674e-05,0.464364230632782,0.535635769367218,0.018333026026047788,1.3862943611198906
box_lam1em3,箱+λ,46,0,16,8,256,0.001,0.5304781794548035,0.2333337515592575,0.41551825404167175,0.18366266787052155,0.9040459394454956,0.6379215121269226,0.06633314490318298,2.0677990913391113,2.0014659464359283,0,0,0,0,0.0,0.0,8,0.07558313757181168,0.00013558848202228547,0.8780114054679871,0.12198859453201294,0.23163246380077343,3.4657359027997265
box_lam3em3,箱+λ,46,0,16,8,256,0.003,0.530923068523407,0.24755333364009857,0.4149913489818573,0.172363743185997,0.9089534878730774,0.590973436832428,0.07686582207679749,1.9743760824203491,1.8975102603435516,0,0,0,0,0.0,0.0,8,0.07891041785478592,0.00040676544606685637,0.8946609497070312,0.10533905029296875,0.23352005307222964,3.4657359027997265
box_lam1em2,箱+λ,46,0,16,8,256,0.01,0.5273172855377197,0.26110121607780457,0.4273494482040405,0.16178111732006073,0.889109194278717,0.49025508761405945,0.10712990164756775,1.7233295440673828,1.616199642419815,0,0,0,0,0.0,0.0,8,0.09508881717920303,0.0013558848202228546,0.92080157995224,0.07919842004776001,0.23978768756336283,3.4657359027997265
box_lam3em2,箱+λ,46,0,16,8,256,0.03,0.5288625359535217,0.29996785521507263,0.45589780807495117,0.24449175596237183,0.792994499206543,0.346696674823761,0.15878048539161682,1.3251526355743408,1.166372150182724,0,0,0,0,0.0,0.0,8,0.1392965465784073,0.004067654460668564,0.9242111444473267,0.07578885555267334,0.2529135477241221,3.4657359027997265
box_lam1em1,箱+λ,46,0,16,8,256,0.1,0.5414317846298218,0.3823049068450928,0.490030974149704,0.33169814944267273,0.577405571937561,0.16928242146968842,0.2225591540336609,0.8076007962226868,0.5850416421890259,0,0,0,0,0.0,0.0,8,0.22978737950325012,0.013558848202228546,0.8799123167991638,0.12008768320083618,0.2745278564917403,3.4657359027997265
box_lam3em1,箱+λ,46,0,16,8,256,0.3,0.5650874972343445,0.46118563413619995,0.5584169030189514,0.4281715154647827,0.35136833786964417,0.06741813570261002,0.2612684667110443,0.46398264169692993,0.20271417498588562,0,0,0,0,0.0,0.0,8,0.32332995533943176,0.040676544606685634,0.8208507895469666,0.17914921045303345,0.29305392865250385,3.4657359027997265
box_lam1e0,箱+λ,46,0,16,8,256,1.0,0.5877376794815063,0.515741765499115,0.5733284950256348,0.5102038979530334,0.1712009459733963,0.05661774054169655,0.10970284789800644,0.26724773645401,0.15754488855600357,0,0,0,0,0.0,0.0,8,0.4029516577720642,0.13558848202228546,0.7771540284156799,0.22284597158432007,0.30554642427456447,3.4657359027997265
box_lam3e0,箱+λ,46,0,16,8,256,3.0,0.5924525260925293,0.5399706959724426,0.5791581869125366,0.5470903515815735,0.08412964642047882,0.06232967600226402,0.04504983872175217,0.23035567998886108,0.18530584126710892,0,0,0,0,0.0,0.0,8,0.45000597834587097,0.4067654460668564,0.7660514712333679,0.23394852876663208,0.3090739601166915,3.4657359027997265
box_lam1e1,箱+λ,46,0,16,8,256,10.0,0.5888937711715698,0.5713118314743042,0.599699079990387,0.5722008347511292,0.03734753280878067,0.04498970881104469,0.016759196296334267,0.14731411635875702,0.13055492006242275,0,0,0,0,0.0,0.0,8,0.5012108087539673,1.3558848202228546,0.7764030694961548,0.22359693050384521,0.30672013236322454,3.4657359027997265
box_lam3e1,箱+λ,46,0,16,8,256,30.0,0.5840885639190674,0.5954536199569702,0.6117808818817139,0.5867611169815063,0.015801668167114258,0.0228745024651289,0.006181525997817516,0.07206861674785614,0.06588709075003862,0,0,0,0,0.0,0.0,8,0.5515425205230713,4.067654460668564,0.7903487086296082,0.20965129137039185,0.30310704980068603,3.4657359027997265
box_lam1e2,箱+λ,46,0,16,8,256,100.0,0.5810234546661377,0.604312539100647,0.6206693053245544,0.5942448377609253,0.005344674456864595,0.008317144587635994,0.0019093393348157406,0.025837738066911697,0.023928398732095957,0,0,0,0,0.0,0.0,8,0.5862210392951965,13.558848202228546,0.7993325591087341,0.20066744089126587,0.3006957304003338,3.4657359027997265
box_lam1e3,箱+λ,46,0,16,8,256,1000.0,0.5794979333877563,0.6100060939788818,0.6252427697181702,0.5968572497367859,0.0005643258919008076,0.0009043217869475484,0.0001935771433636546,0.0027938163839280605,0.002600239240564406,0,0,0,0,0.0,0.0,8,0.6044973134994507,135.58848202228546,0.8038360476493835,0.19616395235061646,0.29946647893378336,3.4657359027997265
nobox_lam1em3,无箱互校,46,0,16,8,256,0.001,0.530463695526123,0.2334120273590088,0.4155168831348419,0.18384547531604767,0.9039324522018433,0.6381011009216309,0.06637319922447205,2.0677621364593506,2.0013889372348785,0,0,0,0,0.0,0.0,8,0.07557930052280426,0.00013558848202228547,0.8779551982879639,0.12204480171203613,0.2316364666079811,3.4657359027997265
nobox_lam1em1,无箱互校,46,0,16,8,256,0.1,0.541431725025177,0.3823048770427704,0.490030974149704,0.33169814944267273,0.5774055123329163,0.16928242146968842,0.2225591540336609,0.8076006770133972,0.5850415229797363,0,0,0,0,0.0,0.0,8,0.22978739440441132,0.013558848202228546,0.8799121975898743,0.12008780241012573,0.2745278564917403,3.4657359027997265
scalar,参照,46,0,16,8,256,0.001,0.5793136358261108,0.27851417660713196,0.45978519320487976,0.21239140629768372,0.9943069815635681,0.0,0.9943069815635681,0.9943069815635681,0.0,0,0,0,0,0.0,0.0,8,0.14882361888885498,0.0,0.8043819665908813,0.19561803340911865,0.2993165684903956,3.4657359027997265
nobeta,参照,46,0,16,8,256,0.001,0.5793138146400452,0.6106842756271362,0.6247962713241577,0.597112238407135,0.0,0.0,0.0,0.0,0.0,0,0,0,0,0.0,0.0,8,0.07557930052280426,0.00013558848202228547,0.8043818473815918,0.1956181526184082,0.2993165684903956,3.4657359027997265
box_lam1em3,箱+λ,46,0,16,16,256,0.001,0.48951736092567444,0.132947638630867,0.44930320978164673,0.06621090322732925,0.7118422985076904,0.3868834674358368,0.016578180715441704,1.175313115119934,1.1587349344044924,0,0,0,0,0.0,0.0,16,0.013996021822094917,6.856144964694977e-05,0.8791664242744446,0.12083357572555542,0.07582025312759809,2.772588722239781
box_lam3em3,箱+λ,46,0,16,16,256,0.003,0.4927021563053131,0.12891754508018494,0.45019859075546265,0.060252901166677475,0.7090680599212646,0.3631049394607544,0.01906253583729267,1.1403021812438965,1.1212396454066038,0,0,0,0,0.0,0.0,16,0.014607198536396027,0.0002056843489408493,0.8807237148284912,0.11927628517150879,0.0760814097305934,2.772588722239781
box_lam1em2,箱+λ,46,0,16,16,256,0.01,0.49285322427749634,0.13818882405757904,0.4492551386356354,0.08906909823417664,0.6917705535888672,0.30559930205345154,0.02847002074122429,1.063979148864746,1.0355091281235218,0,0,0,0,0.0,0.0,16,0.017397504299879074,0.0006856144964694976,0.8801800608634949,0.11981993913650513,0.07751414903789075,2.772588722239781
box_lam3em2,箱+λ,46,0,16,16,256,0.03,0.5043920278549194,0.15791095793247223,0.4501056373119354,0.1014336347579956,0.6325768828392029,0.23057076334953308,0.0531417652964592,0.9436779022216797,0.8905361369252205,0,0,0,0,0.0,0.0,16,0.027160771191120148,0.002056843489408493,0.8657161593437195,0.13428384065628052,0.08195458174064077,2.772588722239781
box_lam1em1,箱+λ,46,0,16,16,256,0.1,0.4976733922958374,0.21050237119197845,0.4518139958381653,0.16568684577941895,0.4938758611679077,0.1503174901008606,0.10343804210424423,0.7202099561691284,0.6167719140648842,0,0,0,0,0.0,0.0,16,0.060442350804805756,0.006856144964694977,0.8270924091339111,0.17290759086608887,0.09231447555360286,2.772588722239781
box_lam3em1,箱+λ,46,0,16,16,256,0.3,0.5112387537956238,0.2957030236721039,0.45259997248649597,0.26012828946113586,0.32237789034843445,0.09113433212041855,0.15506483614444733,0.4664238691329956,0.3113590329885483,0,0,0,0,0.0,0.0,16,0.12008775770664215,0.02056843489408493,0.7801122069358826,0.21988779306411743,0.10687282706015105,2.772588722239781
box_lam1e0,箱+λ,46,0,16,16,256,1.0,0.5573452711105347,0.352346807718277,0.48588794469833374,0.3469293713569641,0.1602533608675003,0.05482421815395355,0.09235084801912308,0.30084219574928284,0.20849134773015976,0,0,0,0,0.0,0.0,16,0.19191351532936096,0.06856144964694977,0.739887535572052,0.260112464427948,0.12157676739522563,2.772588722239781
box_lam3e0,箱+λ,46,0,16,16,256,3.0,0.5704591274261475,0.40036821365356445,0.49207988381385803,0.4032524526119232,0.07419226318597794,0.04124253988265991,0.038120824843645096,0.18775753676891327,0.14963671192526817,0,0,0,0,0.0,0.0,16,0.23836733400821686,0.2056843489408493,0.7244240045547485,0.27557599544525146,0.1284408555833727,2.772588722239781
box_lam1e1,箱+λ,46,0,16,16,256,10.0,0.5688840746879578,0.4298545718193054,0.49231162667274475,0.43567994236946106,0.030897585675120354,0.032095491886138916,0.012647420167922974,0.1446775197982788,0.13203009963035583,0,0,0,0,0.0,0.0,16,0.2708962857723236,0.6856144964694977,0.72684645652771,0.27315354347229004,0.1285819811047472,2.772588722239781
box_lam3e1,箱+λ,46,0,16,16,256,30.0,0.5718550086021423,0.44558802247047424,0.4942372441291809,0.45185643434524536,0.013293234631419182,0.01930074393749237,0.004534794948995113,0.08421749621629715,0.07968270126730204,0,0,0,0,0.0,0.0,16,0.2996335029602051,2.056843489408493,0.7377719283103943,0.2622280716896057,0.12513927466581076,2.772588722239781
box_lam1e2,箱+λ,46,0,16,16,256,100.0,0.5617180466651917,0.4554285705089569,0.4955291152000427,0.4612964987754822,0.004684715066105127,0.007919665426015854,0.0014271085383370519,0.03402918577194214,0.03260207723360509,0,0,0,0,0.0,0.0,16,0.3257642388343811,6.856144964694977,0.7476463913917542,0.25235360860824585,0.12184357397830609,2.772588722239781
box_lam1e3,箱+λ,46,0,16,16,256,1000.0,0.5549526810646057,0.46490025520324707,0.4964979290962219,0.4652436077594757,0.0005093014915473759,0.0009197125327773392,0.0001461399078834802,0.003925951663404703,0.003779811755521223,0,0,0,0,0.0,0.0,16,0.342999130487442,68.56144964694977,0.7536196708679199,0.24638032913208008,0.1198246182419861,2.772588722239781
nobox_lam1em3,无箱互校,46,0,16,16,256,0.001,0.48946356773376465,0.13281534612178802,0.44917041063308716,0.06679050624370575,0.711047351360321,0.3871762752532959,0.016995735466480255,1.1747701168060303,1.15777438133955,0,0,0,0,0.0,0.0,16,0.01402715127915144,6.856144964694977e-05,0.8785858154296875,0.1214141845703125,0.07589642158952968,2.772588722239781
nobox_lam1em1,无箱互校,46,0,16,16,256,0.1,0.49767202138900757,0.21050237119197845,0.4518139958381653,0.16568684577941895,0.4938758611679077,0.1503174751996994,0.10343804210424423,0.7202099561691284,0.6167719140648842,0,0,0,0,0.0,0.0,16,0.06044234707951546,0.006856144964694977,0.8270925879478455,0.17290741205215454,0.09231453754397997,2.772588722239781
scalar,参照,46,0,16,16,256,0.001,0.5540536642074585,0.14886263012886047,0.4756757915019989,0.10548640042543411,0.6582209467887878,0.0,0.6582209467887878,0.6582209467887878,0.0,0,0,0,0,0.0,0.0,16,0.053250327706336975,0.0,0.7543979287147522,0.2456020712852478,0.11956084918738404,2.772588722239781
nobeta,参照,46,0,16,16,256,0.001,0.5540542006492615,0.4661460220813751,0.4966350197792053,0.4656369090080261,0.0,0.0,0.0,0.0,0.0,0,0,0,0,0.0,0.0,16,0.01402715127915144,6.856144964694977e-05,0.7543979287147522,0.2456020712852478,0.11956100859121088,2.772588722239781
box_lam1em3,箱+λ,46,0,16,32,256,0.001,0.39696207642555237,0.07717334479093552,0.32402196526527405,0.05722920224070549,0.3055479824542999,0.3465157747268677,-0.4348510205745697,0.8956322073936462,1.330483227968216,0,0,0,0,0.0,0.0,16,0.004057892598211765,3.4465622156858444e-05,0.689767599105835,0.31023240089416504,0.031000823037376512,2.0794415416798357
box_lam3em3,箱+λ,46,0,16,32,256,0.003,0.3989870846271515,0.07532091438770294,0.32541021704673767,0.061920683830976486,0.3184799253940582,0.3167807161808014,-0.3332531154155731,0.8673446178436279,1.200597733259201,0,0,0,0,0.0,0.0,16,0.004107479937374592,0.00010339686647057534,0.6950977444648743,0.30490225553512573,0.03029109963773082,2.0794415416798357
box_lam1em2,箱+λ,46,0,16,32,256,0.01,0.4014587998390198,0.07126045972108841,0.3293261229991913,0.0671059787273407,0.3448938727378845,0.24725119769573212,-0.10663636773824692,0.7877665758132935,0.8944029435515404,0,0,0,0,0.0,0.0,16,0.004381611943244934,0.00034465622156858443,0.70722496509552,0.29277503490448,0.0286366141096857,2.0794415416798357
box_lam3em2,箱+λ,46,0,16,32,256,0.03,0.3983485698699951,0.07771064341068268,0.33509188890457153,0.06804897636175156,0.35610654950141907,0.16962936520576477,-0.008297800086438656,0.6678717136383057,0.6761695137247443,0,0,0,0,0.0,0.0,16,0.005672002211213112,0.0010339686647057532,0.7155134081840515,0.2844865918159485,0.027120234286072988,2.0794415416798357
box_lam1em1,箱+λ,46,0,16,32,256,0.1,0.40137431025505066,0.0959150642156601,0.3339194059371948,0.07507748901844025,0.3045320510864258,0.12982076406478882,0.022804975509643555,0.5851764678955078,0.5623714923858643,0,0,0,0,0.0,0.0,16,0.011796476319432259,0.0034465622156858444,0.7009217143058777,0.2990782856941223,0.027541153374532414,2.0794415416798357
box_lam3em1,箱+λ,46,0,16,32,256,0.3,0.4061743915081024,0.13151809573173523,0.34052568674087524,0.12344005703926086,0.21858131885528564,0.1023540124297142,0.0630798414349556,0.4458625316619873,0.3827826902270317,0,0,0,0,0.0,0.0,16,0.02909623458981514,0.010339686647057533,0.6778217554092407,0.3221782445907593,0.028918701320723713,2.0794415416798357
box_lam1e0,箱+λ,46,0,16,32,256,1.0,0.40726253390312195,0.2022637277841568,0.3648855984210968,0.20430879294872284,0.11956682056188583,0.06417244672775269,0.04924119636416435,0.2852906584739685,0.23604946210980415,0,0,0,0,0.0,0.0,16,0.06287927180528641,0.034465622156858444,0.6556752920150757,0.3443247079849243,0.03066139029962788,2.0794415416798357
box_lam3e0,箱+λ,46,0,16,32,256,3.0,0.409597784280777,0.2478419840335846,0.38231945037841797,0.24883519113063812,0.056684546172618866,0.03626631572842598,0.020758163183927536,0.1732899695634842,0.15253180637955666,0,0,0,0,0.0,0.0,16,0.09332534670829773,0.10339686647057533,0.6458819508552551,0.3541180491447449,0.03171954389747128,2.0794415416798357
box_lam1e1,箱+λ,46,0,16,32,256,10.0,0.41262486577033997,0.2712390124797821,0.38108065724372864,0.28207895159721375,0.022601410746574402,0.021152667701244354,0.0074363332241773605,0.11176198720932007,0.10432565398514271,0,0,0,0,0.0,0.0,16,0.1146795004606247,0.34465622156858444,0.6456369757652283,0.35436302423477173,0.031853881472552234,2.0794415416798357
box_lam3e1,箱+λ,46,0,16,32,256,30.0,0.4118196368217468,0.28931331634521484,0.37736356258392334,0.29789823293685913,0.009568770416080952,0.013560978695750237,0.0028785718604922295,0.07838406413793564,0.07550549227744341,0,0,0,0,0.0,0.0,16,0.12772996723651886,1.0339686647057533,0.6517248749732971,0.3482751250267029,0.031117524350169734,2.0794415416798357
box_lam1e2,箱+λ,46,0,16,32,256,100.0,0.40794864296913147,0.3049639165401459,0.38125526905059814,0.307564914226532,0.0034876565914601088,0.006412605755031109,0.0009047467028722167,0.03742668777704239,0.03652194107417017,0,0,0,0,0.0,0.0,16,0.14076460897922516,3.4465622156858444,0.6596055030822754,0.3403944969177246,0.03014970622936955,2.0794415416798357
box_lam1e3,箱+λ,46,0,16,32,256,1000.0,0.40467679500579834,0.31344106793403625,0.3838472366333008,0.3134188950061798,0.0003952673578169197,0.0008277730084955692,9.274052717955783e-05,0.004829290322959423,0.004736549795779865,0,0,0,0,0.0,0.0,16,0.1523692011833191,34.465622156858444,0.6658479571342468,0.3341520428657532,0.0294160943951162,2.0794415416798357
nobox_lam1em3,无箱互校,46,0,16,32,256,0.001,0.3958011865615845,0.07770858705043793,0.3250296711921692,0.05811843276023865,0.29759514331817627,0.35889557003974915,-0.4751839339733124,0.9073866009712219,1.3825705349445343,0,0,0,0,0.0,0.0,16,0.004116800148040056,3.4465622156858444e-05,0.6866539716720581,0.3133460283279419,0.03140278414015055,2.0794415416798357
nobox_lam1em1,无箱互校,46,0,16,32,256,0.1,0.4013735353946686,0.09591525048017502,0.333917498588562,0.07507642358541489,0.3045242130756378,0.1298314779996872,0.022806257009506226,0.5851879119873047,0.5623816549777985,0,0,0,0,0.0,0.0,16,0.011796603910624981,0.0034465622156858444,0.7009180188179016,0.2990819811820984,0.027541591735056263,2.0794415416798357
scalar,参照,46,0,16,32,256,0.001,0.4043648838996887,0.10644897818565369,0.3549934923648834,0.07042910158634186,0.4042210280895233,3.027918893394599e-08,0.4042209982872009,0.4042209982872009,0.0,0,0,0,0,0.0,0.0,16,0.027673790231347084,0.0,0.6667668223381042,0.33323317766189575,0.029311087124176325,2.0794415416798357
nobeta,参照,46,0,16,32,256,0.001,0.40436506271362305,0.31392934918403625,0.3842133581638336,0.3142144978046417,0.0,0.0,0.0,0.0,0.0,0,0,0,0,0.0,0.0,16,0.004116800148040056,3.4465622156858444e-05,0.6667668223381042,0.33323317766189575,0.029311038417451456,2.0794415416798357
box_lam1em3,箱+λ,46,0,16,64,256,0.001,0.3860674500465393,0.07396075874567032,0.32076549530029297,0.05076315253973007,-0.27194738388061523,0.6037697792053223,-1.6956523656845093,0.829235315322876,2.5248876810073853,0,0,0,0,0.0,0.0,16,0.002413536421954632,1.7266299575567244e-05,0.4526374638080597,0.5473625361919403,0.03092278158047939,1.3862943611198906
box_lam3em3,箱+λ,46,0,16,64,256,0.003,0.38485512137413025,0.07337015122175217,0.32096418738365173,0.04960620030760765,-0.22628208994865417,0.5462124943733215,-1.4372929334640503,0.8052210211753845,2.242513954639435,0,0,0,0,0.0,0.0,16,0.0023408690467476845,5.179889872670174e-05,0.4613904356956482,0.5386095643043518,0.030441734040165525,1.3862943611198906
box_lam1em2,箱+λ,46,0,16,64,256,0.01,0.38851702213287354,0.06580052524805069,0.3191375136375427,0.0473945327103138,-0.11479087918996811,0.4111236035823822,-0.914094090461731,0.728796660900116,1.642890751361847,0,0,0,0,0.0,0.0,16,0.0021423790603876114,0.00017266299575567246,0.48687097430229187,0.5131290256977081,0.02905053935524192,1.3862943611198906
box_lam3em2,箱+λ,46,0,16,64,256,0.03,0.3850885331630707,0.05372452363371849,0.31650593876838684,0.04577495530247688,0.031739652156829834,0.23200508952140808,-0.3519268333911896,0.5678785443305969,0.9198053777217865,0,0,0,0,0.0,0.0,16,0.0018935601692646742,0.0005179889872670173,0.5303180813789368,0.46968191862106323,0.026816003226754547,1.3862943611198906
box_lam1em1,箱+λ,46,0,16,64,256,0.1,0.3750033676624298,0.05637703463435173,0.31430599093437195,0.04399208724498749,0.12039488554000854,0.09601885825395584,-0.011179056018590927,0.4255557954311371,0.436734851449728,0,0,0,0,0.0,0.0,16,0.0023089696187525988,0.0017266299575567246,0.5638667941093445,0.4361332058906555,0.025375280444462273,1.3862943611198906
box_lam3em1,箱+λ,46,0,16,64,256,0.3,0.3712802231311798,0.06012747809290886,0.31155407428741455,0.046043962240219116,0.10087492316961288,0.07030241191387177,0.017046481370925903,0.32436951994895935,0.30732303857803345,0,0,0,0,0.0,0.0,16,0.004748005885630846,0.005179889872670173,0.5594908595085144,0.4405091404914856,0.02568299403460906,1.3862943611198906
box_lam1e0,箱+λ,46,0,16,64,256,1.0,0.36948922276496887,0.09634491801261902,0.3124055862426758,0.08451121300458908,0.06213163956999779,0.04801151528954506,0.013143097050487995,0.19541291892528534,0.18226982187479734,0,0,0,0,0.0,0.0,16,0.011743470095098019,0.017266299575567245,0.5518317818641663,0.44816821813583374,0.026123156707276992,1.3862943611198906
box_lam3e0,箱+λ,46,0,16,64,256,3.0,0.37251633405685425,0.12131574004888535,0.3179933428764343,0.11292272061109543,0.03205779194831848,0.02787301130592823,0.0071624889969825745,0.14516963064670563,0.13800714164972305,0,0,0,0,0.0,0.0,16,0.021070891991257668,0.051798898726701736,0.5489387512207031,0.4510612487792969,0.026364449822292697,1.3862943611198906
box_lam1e1,箱+λ,46,0,16,64,256,10.0,0.3771377503871918,0.146623894572258,0.32392024993896484,0.1340116262435913,0.013071472756564617,0.01386860478669405,0.002949770539999008,0.07118219137191772,0.06823242083191872,0,0,0,0,0.0,0.0,16,0.02966776117682457,0.17266299575567245,0.5499250292778015,0.4500749707221985,0.026405901459100777,1.3862943611198906
box_lam3e1,箱+λ,46,0,16,64,256,30.0,0.37840893864631653,0.15808364748954773,0.325632780790329,0.14927566051483154,0.005475890357047319,0.008241761475801468,0.0011136289685964584,0.05916926637291908,0.058055637404322624,0,0,0,0,0.0,0.0,16,0.03451450541615486,0.5179889872670174,0.5530786514282227,0.44692134857177734,0.026239882373432652,1.3862943611198906
box_lam1e2,箱+λ,46,0,16,64,256,100.0,0.3771747052669525,0.1650959849357605,0.3249328136444092,0.15731404721736908,0.002054814714938402,0.004403622820973396,0.00035696811391972005,0.034506890922784805,0.034149922808865085,0,0,0,0,0.0,0.0,16,0.038893766701221466,1.7266299575567245,0.5577985644340515,0.4422014355659485,0.02592486498849711,1.3862943611198906
box_lam1e3,箱+λ,46,0,16,64,256,1000.0,0.3751578629016876,0.16913039982318878,0.32344356179237366,0.16161173582077026,0.00024871190544217825,0.0006682693492621183,3.766942609217949e-05,0.005339527502655983,0.0053018580765638035,0,0,0,0,0.0,0.0,16,0.044420577585697174,17.266299575567245,0.5629500150680542,0.4370499849319458,0.025583849282190138,1.3862943611198906
nobox_lam1em3,无箱互校,46,0,16,64,256,0.001,0.38762131333351135,0.07438764721155167,0.32055389881134033,0.051250915974378586,-0.3160449266433716,0.6596466898918152,-1.9732921123504639,0.8484684228897095,2.8217605352401733,0,0,0,0,0.0,0.0,16,0.0025069459807127714,1.7266299575567244e-05,0.4449060559272766,0.5550939440727234,0.0313924870957242,1.3862943611198906
nobox_lam1em1,无箱互校,46,0,16,64,256,0.1,0.37505626678466797,0.05639303848147392,0.314289391040802,0.04399074241518974,0.1198248565196991,0.09667006880044937,-0.01279463805258274,0.4259986877441406,0.43879332579672337,0,0,0,0,0.0,0.0,16,0.0023119221441447735,0.0017266299575567246,0.5636377334594727,0.43636226654052734,0.025385395945641365,1.3862943611198906
scalar,参照,46,0,16,64,256,0.001,0.3747900724411011,0.05997752770781517,0.31406369805336,0.03893781825900078,0.20022711157798767,1.5018958521295644e-08,0.20022709667682648,0.20022709667682648,0.0,0,0,0,0,0.0,0.0,16,0.00733039528131485,0.0,0.5638710856437683,0.4361289143562317,0.025524967279704016,1.3862943611198906
nobeta,参照,46,0,16,64,256,0.001,0.3747911751270294,0.16953103244304657,0.3231862783432007,0.1631104201078415,0.0,0.0,0.0,0.0,0.0,0,0,0,0,0.0,0.0,16,0.0025069459807127714,1.7266299575567244e-05,0.5638712048530579,0.43612879514694214,0.025524978349414213,1.3862943611198906
box_lam1em3,箱+λ,46,0,32,8,256,0.001,0.4321296513080597,0.27595245838165283,0.37524983286857605,0.22248494625091553,0.8175841569900513,0.6920801997184753,-0.13824142515659332,1.8315887451171875,1.9698301702737808,0,0,0,0,0.0,0.0,8,0.2543705701828003,0.0001545422226190567,0.8806875348091125,0.11931246519088745,0.321675006416799,3.4657359027997265
box_lam3em3,箱+λ,46,0,32,8,256,0.003,0.43030861020088196,0.2816520929336548,0.3768098056316376,0.21894976496696472,0.8328756093978882,0.6206018328666687,0.05067196860909462,1.7722694873809814,1.7215975187718868,0,0,0,0,0.0,0.0,8,0.2563426196575165,0.0004636266678571701,0.8939166069030762,0.10608339309692383,0.3218913210223697,3.4657359027997265
box_lam1em2,箱+λ,46,0,32,8,256,0.01,0.4312247037887573,0.24925415217876434,0.38096415996551514,0.22860579192638397,0.842619001865387,0.4807485044002533,0.19718848168849945,1.6056116819381714,1.408423200249672,0,0,0,0,0.0,0.0,8,0.2683301866054535,0.001545422226190567,0.913975715637207,0.08602428436279297,0.3233123937378161,3.4657359027997265
box_lam3em2,箱+λ,46,0,32,8,256,0.03,0.4240173399448395,0.27319374680519104,0.37970513105392456,0.2223244607448578,0.8056389093399048,0.3345550298690796,0.22641929984092712,1.3162314891815186,1.0898121893405914,0,0,0,0,0.0,0.0,8,0.30342739820480347,0.0046362666785717006,0.9160196185112,0.08398038148880005,0.32784725968041556,3.4657359027997265
box_lam1em1,箱+λ,46,0,32,8,256,0.1,0.4230075776576996,0.2840114235877991,0.3932870626449585,0.26661989092826843,0.6868801116943359,0.19954060018062592,0.27421846985816956,0.9080396294593811,0.6338211596012115,0,0,0,0,0.0,0.0,8,0.38520437479019165,0.01545422226190567,0.8850066065788269,0.1149933934211731,0.33777856644698306,3.4657359027997265
box_lam3em1,箱+λ,46,0,32,8,256,0.3,0.4198996424674988,0.3745664358139038,0.40464457869529724,0.35221219062805176,0.507717490196228,0.10264649242162704,0.32463952898979187,0.6202583312988281,0.29561880230903625,0,0,0,0,0.0,0.0,8,0.5328269600868225,0.04636266678571701,0.8335114121437073,0.16648858785629272,0.3499848868052824,3.4657359027997265
box_lam1e0,箱+λ,46,0,32,8,256,1.0,0.4158540964126587,0.45454666018486023,0.4207986295223236,0.44728514552116394,0.290315717458725,0.056863732635974884,0.21943087875843048,0.3632540702819824,0.14382319152355194,0,0,0,0,0.0,0.0,8,0.7584116458892822,0.1545422226190567,0.7743471264839172,0.22565287351608276,0.3622585785930561,3.4657359027997265
box_lam3e0,箱+λ,46,0,32,8,256,3.0,0.42248064279556274,0.4939885139465332,0.44601544737815857,0.5107450485229492,0.14897747337818146,0.07152503728866577,0.09564902633428574,0.3126300573348999,0.21698103100061417,0,0,0,0,0.0,0.0,8,0.9297769665718079,0.4636266678571701,0.7481248378753662,0.2518751621246338,0.3675169667097176,3.4657359027997265
box_lam1e1,箱+λ,46,0,32,8,256,10.0,0.4242823123931885,0.5425816774368286,0.47687676548957825,0.5482156276702881,0.06499457359313965,0.05716945603489876,0.0339704193174839,0.2040417492389679,0.170071329921484,0,0,0,0,0.0,0.0,8,1.0897321701049805,1.545422226190567,0.7557752132415771,0.24422478675842285,0.366407847201984,3.4657359027997265
box_lam3e1,箱+λ,46,0,32,8,256,30.0,0.4203510582447052,0.5785765647888184,0.48881468176841736,0.5766637921333313,0.027006378397345543,0.030136968940496445,0.012331551872193813,0.10094761848449707,0.08861606661230326,0,0,0,0,0.0,0.0,8,1.2234594821929932,4.636266678571701,0.77369225025177,0.22630774974822998,0.3632657067251868,3.4657359027997265
box_lam1e2,箱+λ,46,0,32,8,256,100.0,0.4173673391342163,0.5971978902816772,0.4962227940559387,0.596224844455719,0.009055710397660732,0.011127132922410965,0.0038545848801732063,0.036419693380594254,0.03256510850042105,0,0,0,0,0.0,0.0,8,1.310394048690796,15.45422226190567,0.786121666431427,0.213878333568573,0.36103059816002553,3.4657359027997265
box_lam1e3,箱+λ,46,0,32,8,256,1000.0,0.4179426431655884,0.6072688102722168,0.4999672472476959,0.6026414036750793,0.00095271912869066,0.001217987504787743,0.0003927174839191139,0.003950411919504404,0.00355769443558529,0,0,0,0,0.0,0.0,8,1.3551831245422363,154.5422226190567,0.7925052046775818,0.2074947953224182,0.35986836092461605,3.4657359027997265
nobox_lam1em3,无箱互校,46,0,32,8,256,0.001,0.4321276545524597,0.2759694755077362,0.3752571940422058,0.22249193489551544,0.8176019787788391,0.6920124888420105,-0.1380978524684906,1.8315619230270386,1.9696597754955292,0,0,0,0,0.0,0.0,8,0.2543715536594391,0.0001545422226190567,0.880700409412384,0.11929959058761597,0.32167473949354436,3.4657359027997265
nobox_lam1em1,无箱互校,46,0,32,8,256,0.1,0.423007607460022,0.2840114235877991,0.3932870626449585,0.2666199803352356,0.6868801116943359,0.19954060018062592,0.27421846985816956,0.9080396294593811,0.6338211596012115,0,0,0,0,0.0,0.0,8,0.38520434498786926,0.01545422226190567,0.8850067257881165,0.11499327421188354,0.33777856644698306,3.4657359027997265
scalar,参照,46,0,32,8,256,0.001,0.41801297664642334,0.328743040561676,0.3706868886947632,0.20894528925418854,0.9755600690841675,1.2744008870413381e-07,0.9755599498748779,0.9755599498748779,0.0,0,0,0,0,0.0,0.0,8,0.14305181801319122,0.0,0.7932848930358887,0.20671510696411133,0.35972577052198046,3.4657359027997265
nobeta,参照,46,0,32,8,256,0.001,0.4180128276348114,0.6084692478179932,0.5004239678382874,0.6028919816017151,0.0,0.0,0.0,0.0,0.0,0,0,0,0,0.0,0.0,8,0.2543715536594391,0.0001545422226190567,0.7932847738265991,0.20671522617340088,0.35972577052198046,3.4657359027997265
box_lam1em3,箱+λ,46,0,32,16,256,0.001,0.3063923716545105,0.1183915063738823,0.2632124423980713,0.07452885806560516,0.6227276921272278,0.488535076379776,-0.05255885422229767,1.3506468534469604,1.4032057076692581,0,0,0,0,0.0,0.0,16,0.046303339302539825,7.890075445175172e-05,0.864039957523346,0.13596004247665405,0.16500788544677047,2.772588722239781
box_lam3em3,箱+λ,46,0,32,16,256,0.003,0.30465561151504517,0.12764829397201538,0.26344236731529236,0.06893867254257202,0.6265881061553955,0.4581888020038605,0.00014673586701974273,1.309479832649231,1.3093330967822112,0,0,0,0,0.0,0.0,16,0.047142088413238525,0.00023670226335525512,0.8676300048828125,0.1323699951171875,0.16508019495645596,2.772588722239781
box_lam1em2,箱+λ,46,0,32,16,256,0.01,0.29933005571365356,0.13648319244384766,0.2633129358291626,0.06968078017234802,0.6281322836875916,0.3829824924468994,0.029120728373527527,1.1890108585357666,1.159890130162239,0,0,0,0,0.0,0.0,16,0.05074838548898697,0.0007890075445175171,0.8730635643005371,0.1269364356994629,0.1655871489478554,2.772588722239781
box_lam3em2,箱+λ,46,0,32,16,256,0.03,0.29952844977378845,0.14915911853313446,0.26628825068473816,0.08948856592178345,0.6044977903366089,0.2810760736465454,0.052850306034088135,0.9761166572570801,0.9232663512229919,0,0,0,0,0.0,0.0,16,0.06189538538455963,0.002367022633552551,0.868780255317688,0.131219744682312,0.16744947249556846,2.772588722239781
box_lam1em1,箱+λ,46,0,32,16,256,0.1,0.3104758560657501,0.18799050152301788,0.2680944800376892,0.12345845252275467,0.5246104001998901,0.18091624975204468,0.09824353456497192,0.7609169483184814,0.6626734137535095,0,0,0,0,0.0,0.0,16,0.09467868506908417,0.007890075445175171,0.8411678075790405,0.15883219242095947,0.17273646143896607,2.772588722239781
box_lam3em1,箱+λ,46,0,32,16,256,0.3,0.3295319378376007,0.18333467841148376,0.26877719163894653,0.19143706560134888,0.40311554074287415,0.12522177398204803,0.15672561526298523,0.5549493432044983,0.39822372794151306,0,0,0,0,0.0,0.0,16,0.1617371290922165,0.023670226335525513,0.8000549077987671,0.1999450922012329,0.18126675477267426,2.772588722239781
box_lam1e0,箱+λ,46,0,32,16,256,1.0,0.33826932311058044,0.2833908498287201,0.2910785973072052,0.2882626950740814,0.24539150297641754,0.08187685161828995,0.11116451025009155,0.39246633648872375,0.2813018262386322,0,0,0,0,0.0,0.0,16,0.2967604100704193,0.07890075445175171,0.7534312605857849,0.2465687394142151,0.19277596501295943,2.772588722239781
box_lam3e0,箱+λ,46,0,32,16,256,3.0,0.3368470072746277,0.359538197517395,0.31979039311408997,0.36268752813339233,0.12746024131774902,0.054407939314842224,0.056303005665540695,0.23507380485534668,0.17877079918980598,0,0,0,0,0.0,0.0,16,0.43501222133636475,0.23670226335525513,0.7252053022384644,0.27479469776153564,0.2006368415163237,2.772588722239781
box_lam1e1,箱+λ,46,0,32,16,256,10.0,0.334306538105011,0.3965395390987396,0.3258080780506134,0.4096951484680176,0.05454747751355171,0.040258247405290604,0.02284832112491131,0.18877242505550385,0.16592410393059254,0,0,0,0,0.0,0.0,16,0.5451247692108154,0.7890075445175171,0.7213529348373413,0.2786470651626587,0.20255096152160215,2.772588722239781
box_lam3e1,箱+λ,46,0,32,16,256,30.0,0.3332756459712982,0.4265356957912445,0.3292365074157715,0.43859249353408813,0.023126130923628807,0.024529453366994858,0.008967719040811062,0.1113470047712326,0.10237928573042154,0,0,0,0,0.0,0.0,16,0.6253929734230042,2.3670226335525513,0.7340313196182251,0.2659686803817749,0.2001468771900829,2.772588722239781
box_lam1e2,箱+λ,46,0,32,16,256,100.0,0.3326331377029419,0.45270565152168274,0.3315024673938751,0.4506487250328064,0.008031588047742844,0.010160736739635468,0.002968074521049857,0.04521631821990013,0.042248243698850274,0,0,0,0,0.0,0.0,16,0.6890811920166016,7.890075445175171,0.7470749616622925,0.2529250383377075,0.19741750683428091,2.772588722239781
box_lam1e3,箱+λ,46,0,32,16,256,1000.0,0.33218106627464294,0.4582712948322296,0.3418520987033844,0.4566223621368408,0.0008660485618747771,0.0011852787574753165,0.0003121604095213115,0.005227468442171812,0.0049153080326505005,0,0,0,0,0.0,0.0,16,0.7287752032279968,78.90075445175171,0.7552025318145752,0.2447974681854248,0.19568373352600865,2.772588722239781
nobox_lam1em3,无箱互校,46,0,32,16,256,0.001,0.30641093850135803,0.11838144063949585,0.2632081210613251,0.07449379563331604,0.6226353049278259,0.4883308708667755,-0.05316482484340668,1.3496659994125366,1.4028308242559433,0,0,0,0,0.0,0.0,16,0.046319156885147095,7.890075445175172e-05,0.8639853596687317,0.1360146403312683,0.1650060970609643,2.772588722239781
nobox_lam1em1,无箱互校,46,0,32,16,256,0.1,0.31047606468200684,0.18799073994159698,0.2680946886539459,0.12345845252275467,0.5246103405952454,0.18091629445552826,0.09824353456497192,0.7609169483184814,0.6626734137535095,0,0,0,0,0.0,0.0,16,0.09467868506908417,0.007890075445175171,0.8411678075790405,0.15883219242095947,0.1727364747851288,2.772588722239781
scalar,参照,46,0,32,16,256,0.001,0.3321158289909363,0.1840990036725998,0.2980276942253113,0.1435103714466095,0.621812641620636,0.0,0.621812641620636,0.621812641620636,0.0,0,0,0,0,0.0,0.0,16,0.04452528804540634,0.0,0.7562689781188965,0.24373102188110352,0.19545516714304942,2.772588722239781
nobeta,参照,46,0,32,16,256,0.001,0.33211609721183777,0.4588044285774231,0.34340110421180725,0.4573529064655304,0.0,0.0,0.0,0.0,0.0,0,0,0,0,0.0,0.0,16,0.046319156885147095,7.890075445175172e-05,0.7562689781188965,0.24373102188110352,0.1954551537968867,2.772588722239781
box_lam1em3,箱+λ,46,0,32,32,256,0.001,0.25184306502342224,0.06655436009168625,0.21301156282424927,0.054918140172958374,0.34280455112457275,0.3733111321926117,-0.48864829540252686,0.9625633955001831,1.45121169090271,0,0,0,0,0.0,0.0,32,0.01502804271876812,3.983379900455475e-05,0.7067828178405762,0.29321718215942383,0.0751963113768586,2.0794415416798357
box_lam3em3,箱+λ,46,0,32,32,256,0.003,0.2505524158477783,0.07397449761629105,0.21434083580970764,0.055301863700151443,0.3517761826515198,0.3467633128166199,-0.42257997393608093,0.9374850988388062,1.360065072774887,0,0,0,0,0.0,0.0,32,0.015244580805301666,0.00011950139701366425,0.7101563215255737,0.28984367847442627,0.07451364180692116,2.0794415416798357
box_lam1em2,箱+λ,46,0,32,32,256,0.01,0.25178179144859314,0.07548990845680237,0.21872828900814056,0.056383173912763596,0.36918291449546814,0.2803550064563751,-0.25781765580177307,0.8629169464111328,1.1207346022129059,0,0,0,0,0.0,0.0,32,0.016173377633094788,0.0003983379900455475,0.7171449065208435,0.2828550934791565,0.07296740210428665,2.0794415416798357
box_lam3em2,箱+λ,46,0,32,32,256,0.03,0.25087276101112366,0.08189278095960617,0.22203823924064636,0.05716944858431816,0.3709884285926819,0.19057804346084595,-0.04605281725525856,0.7269817590713501,0.7730345763266087,0,0,0,0,0.0,0.0,32,0.01922718994319439,0.0011950139701366424,0.7179868221282959,0.2820131778717041,0.07185223011175379,2.0794415416798357
box_lam1em1,箱+λ,46,0,32,32,256,0.1,0.24846132099628448,0.08852249383926392,0.21980617940425873,0.06418406963348389,0.320636123418808,0.1300930231809616,0.03709178790450096,0.5500705242156982,0.5129787363111973,0,0,0,0,0.0,0.0,32,0.02779415249824524,0.003983379900455475,0.6962420344352722,0.3037579655647278,0.07356346175117061,2.0794415416798357
box_lam3em1,箱+λ,46,0,32,32,256,0.3,0.24730709195137024,0.11941144615411758,0.2192956656217575,0.09659624099731445,0.2503523528575897,0.11345615237951279,0.07446229457855225,0.4961261749267578,0.42166388034820557,0,0,0,0,0.0,0.0,32,0.045006293803453445,0.011950139701366424,0.668960690498352,0.33103930950164795,0.07669171554564447,2.0794415416798357
box_lam1e0,箱+λ,46,0,32,32,256,1.0,0.25368523597717285,0.16793997585773468,0.227937251329422,0.15490509569644928,0.16411061584949493,0.08974746614694595,0.056210603564977646,0.3641371428966522,0.3079265393316746,0,0,0,0,0.0,0.0,32,0.08915972709655762,0.03983379900455475,0.64261394739151,0.35738605260849,0.08138314532326058,2.0794415416798357
box_lam3e0,箱+λ,46,0,32,32,256,3.0,0.26104429364204407,0.21997776627540588,0.2408185601234436,0.2102140337228775,0.0916486382484436,0.05787992104887962,0.025559591129422188,0.22789575159549713,0.20233616046607494,0,0,0,0,0.0,0.0,32,0.15664875507354736,0.11950139701366425,0.6263670325279236,0.3736329674720764,0.08625657672206173,2.0794415416798357
box_lam1e1,箱+λ,46,0,32,32,256,10.0,0.26189690828323364,0.26688721776008606,0.24161238968372345,0.25968676805496216,0.04015204682946205,0.032896772027015686,0.009254061616957188,0.15798737108707428,0.1487333094701171,0,0,0,0,0.0,0.0,32,0.2250691056251526,0.3983379900455475,0.6215643286705017,0.3784356713294983,0.08880813615177671,2.0794415416798357
box_lam3e1,箱+λ,46,0,32,32,256,30.0,0.2628774344921112,0.28602665662765503,0.24962864816188812,0.28662556409835815,0.01733117736876011,0.020154600962996483,0.0034086955711245537,0.1133512556552887,0.10994256008416414,0,0,0,0,0.0,0.0,32,0.26994121074676514,1.1950139701366425,0.628838837146759,0.37116116285324097,0.08725301457784362,2.0794415416798357
box_lam1e2,箱+λ,46,0,32,32,256,100.0,0.2613939344882965,0.30821239948272705,0.25539931654930115,0.3020644783973694,0.0062904939986765385,0.009406753815710545,0.0010924329981207848,0.05451109632849693,0.05341866333037615,0,0,0,0,0.0,0.0,32,0.309574693441391,3.983379900455475,0.640304446220398,0.35969555377960205,0.08423516024149419,2.0794415416798357
box_lam1e3,箱+λ,46,0,32,32,256,1000.0,0.2604812979698181,0.3172930181026459,0.2556319236755371,0.30892202258110046,0.0007080393843352795,0.001209900132380426,0.00011359999916749075,0.007048621773719788,0.006935021774552297,0,0,0,0,0.0,0.0,32,0.3419727683067322,39.83379900455475,0.6497051119804382,0.35029488801956177,0.0817999926969706,2.0794415416798357
nobox_lam1em3,无箱互校,46,0,32,32,256,0.001,0.25159353017807007,0.06707294285297394,0.2123299241065979,0.05516102910041809,0.3377217650413513,0.3790791630744934,-0.5261213779449463,0.9670702815055847,1.493191659450531,0,0,0,0,0.0,0.0,32,0.015131593681871891,3.983379900455475e-05,0.7049869298934937,0.29501307010650635,0.0754805446045757,2.0794415416798357
nobox_lam1em1,无箱互校,46,0,32,32,256,0.1,0.2484620064496994,0.08852249383926392,0.21980658173561096,0.06418401002883911,0.32063183188438416,0.13009895384311676,0.037091903388500214,0.5500761270523071,0.5129842236638069,0,0,0,0,0.0,0.0,32,0.027794288471341133,0.003983379900455475,0.696240246295929,0.30375975370407104,0.07356380207832029,2.0794415416798357
scalar,参照,46,0,32,32,256,0.001,0.2605879306793213,0.1081009954214096,0.22579026222229004,0.06936632096767426,0.3922932744026184,3.027918893394599e-08,0.3922933042049408,0.3922933042049408,0.0,0,0,0,0,0.0,0.0,32,0.020867951214313507,0.0,0.6510963439941406,0.3489036560058594,0.08144848146291823,2.0794415416798357
nobeta,参照,46,0,32,32,256,0.001,0.2605877220630646,0.3180452883243561,0.2556546628475189,0.3097808361053467,0.0,0.0,0.0,0.0,0.0,0,0,0,0,0.0,0.0,32,0.015131593681871891,3.983379900455475e-05,0.6510963439941406,0.3489036560058594,0.08144848146291823,2.0794415416798357
box_lam1em3,箱+λ,46,0,32,64,256,0.001,0.21695168316364288,0.04418449476361275,0.17846983671188354,0.031869858503341675,-0.09081386774778366,0.5138224363327026,-2.495291233062744,0.7984585762023926,3.2937498092651367,0,0,0,0,0.0,0.0,32,0.006599740590900183,1.999565400183201e-05,0.49879029393196106,0.5012097060680389,0.050909828600030946,1.3862943611198906
box_lam3em3,箱+λ,46,0,32,64,256,0.003,0.2165318876504898,0.04187845066189766,0.1777743399143219,0.03163996338844299,-0.06013806164264679,0.45047348737716675,-1.9422767162322998,0.7774948477745056,2.7197715640068054,0,0,0,0,0.0,0.0,32,0.006436504423618317,5.998696200549603e-05,0.5048777461051941,0.4951222538948059,0.04988033229916029,1.3862943611198906
box_lam1em2,箱+λ,46,0,32,64,256,0.01,0.21524430811405182,0.03976186364889145,0.17597542703151703,0.032339908182621,0.010139722377061844,0.3322473168373108,-1.1194944381713867,0.7108490467071533,1.83034348487854,0,0,0,0,0.0,0.0,32,0.005998794920742512,0.0001999565400183201,0.522091269493103,0.477908730506897,0.04705748541957887,1.3862943611198906
box_lam3em2,箱+λ,46,0,32,64,256,0.03,0.2130797952413559,0.04334495961666107,0.17602375149726868,0.03109823353588581,0.10001659393310547,0.19061121344566345,-0.41279715299606323,0.5694370269775391,0.9822341799736023,0,0,0,0,0.0,0.0,32,0.00548272579908371,0.0005998696200549602,0.549193263053894,0.45080673694610596,0.043013788294406836,1.3862943611198906
box_lam1em1,箱+λ,46,0,32,64,256,0.1,0.21192632615566254,0.04482787847518921,0.17702871561050415,0.03676339238882065,0.1423686444759369,0.08695890009403229,-0.021970737725496292,0.4063713252544403,0.4283420629799366,0,0,0,0,0.0,0.0,32,0.0062577323988080025,0.001999565400183201,0.5628988742828369,0.4371011257171631,0.0410572608570454,1.3862943611198906
box_lam3em1,箱+λ,46,0,32,64,256,0.3,0.21189706027507782,0.050486091524362564,0.17696763575077057,0.0437995046377182,0.11344245076179504,0.07044386118650436,0.02123536542057991,0.37263599038124084,0.35140062496066093,0,0,0,0,0.0,0.0,32,0.009356912225484848,0.0059986962005496025,0.550969660282135,0.449030339717865,0.04230724243934069,1.3862943611198906
box_lam1e0,箱+λ,46,0,32,64,256,1.0,0.21076835691928864,0.06094752252101898,0.17598167061805725,0.06818170100450516,0.07757684588432312,0.0592440702021122,0.02040945738554001,0.286293625831604,0.265884168446064,0,0,0,0,0.0,0.0,32,0.0170401893556118,0.01999565400183201,0.5391378402709961,0.4608621597290039,0.04380782158272614,1.3862943611198906
box_lam3e0,箱+λ,46,0,32,64,256,3.0,0.21022772789001465,0.09400274604558945,0.18440748751163483,0.0971304327249527,0.04728870093822479,0.04166514426469803,0.013009904883801937,0.17685075104236603,0.1638408461585641,0,0,0,0,0.0,0.0,32,0.0321803018450737,0.059986962005496025,0.5331035852432251,0.4668964147567749,0.04513599499593131,1.3862943611198906
box_lam1e1,箱+λ,46,0,32,64,256,10.0,0.21006223559379578,0.12462104856967926,0.18881914019584656,0.12619751691818237,0.02216719463467598,0.022332655265927315,0.005645877216011286,0.09650980681180954,0.09086392959579825,0,0,0,0,0.0,0.0,32,0.054668210446834564,0.19995654001832008,0.5316811800003052,0.4683188199996948,0.046230036676317705,1.3862943611198906
box_lam3e1,箱+λ,46,0,32,64,256,30.0,0.2102283388376236,0.13878220319747925,0.19175875186920166,0.14249905943870544,0.009736555628478527,0.012384900823235512,0.0024129818193614483,0.07903692126274109,0.07662393944337964,0,0,0,0,0.0,0.0,32,0.07083292305469513,0.5998696200549603,0.5348259210586548,0.4651740789413452,0.046075878487133626,1.3862943611198906
box_lam1e2,箱+λ,46,0,32,64,256,100.0,0.21058332920074463,0.148636594414711,0.1937791109085083,0.1566123515367508,0.0036566206254065037,0.0062489896081388,0.0008039817912504077,0.046721912920475006,0.0459179311292246,0,0,0,0,0.0,0.0,32,0.0840471014380455,1.9995654001832008,0.5412514209747314,0.45874857902526855,0.04488995848595503,1.3862943611198906
box_lam1e3,箱+λ,46,0,32,64,256,1000.0,0.21096131205558777,0.15856845676898956,0.19563788175582886,0.1679198443889618,0.00043644284596666694,0.0009245655382983387,8.582700684200972e-05,0.007224033586680889,0.007138206579838879,0,0,0,0,0.0,0.0,32,0.09808556735515594,19.99565400183201,0.5486217141151428,0.4513782858848572,0.04345184605723971,1.3862943611198906
nobox_lam1em3,无箱互校,46,0,32,64,256,0.001,0.21787633001804352,0.04419834911823273,0.1790238320827484,0.03225655481219292,-0.1243852749466896,0.5956122279167175,-3.284820079803467,0.8117454648017883,4.096565544605255,1,0,1,0,0.015625,0.0,32,0.006823761388659477,1.999565400183201e-05,0.49311932921409607,0.5068806707859039,0.051892152888723064,1.3862943611198906
nobox_lam1em1,无箱互校,46,0,32,64,256,0.1,0.211936816573143,0.04486297070980072,0.17702531814575195,0.03676603361964226,0.14199820160865784,0.08736105263233185,-0.023420855402946472,0.4065023362636566,0.4299231916666031,0,0,0,0,0.0,0.0,32,0.006263921037316322,0.001999565400183201,0.5627604126930237,0.4372395873069763,0.041073576540986055,1.3862943611198906
scalar,参照,46,0,32,64,256,0.001,0.21102631092071533,0.053330738097429276,0.17505516111850739,0.03634120151400566,0.1947721540927887,1.5018958521295644e-08,0.1947721689939499,0.1947721689939499,0.0,0,0,0,0,0.0,0.0,32,0.005532713606953621,0.0,0.5499420762062073,0.4500579237937927,0.043202743266375604,1.3862943611198906
nobeta,参照,46,0,32,64,256,0.001,0.21102631092071533,0.16026146709918976,0.19598691165447235,0.16864147782325745,0.0,0.0,0.0,0.0,0.0,0,0,0,0,0.0,0.0,32,0.006823761388659477,1.999565400183201e-05,0.5499420762062073,0.4500579237937927,0.04320270656442809,1.3862943611198906
box_lam1em3,箱+λ,46,1,8,8,256,0.001,0.6012961864471436,0.29104694724082947,0.487675279378891,0.3255837559700012,-0.15231147408485413,2.4237043857574463,-3.0,2.314966917037964,5.314966917037964,3,0,3,0,0.375,0.0,8,2.950169801712036,0.00044552791118621825,0.5449436902999878,0.4550563097000122,0.3448946354716029,3.4657359027997265
box_lam3em3,箱+λ,46,1,8,8,256,0.003,0.6018269062042236,0.2829972207546234,0.48820018768310547,0.322314977645874,-0.1447421759366989,2.4238150119781494,-3.0,2.29575252532959,5.29575252532959,3,0,3,0,0.375,0.0,8,2.9532220363616943,0.001336583733558655,0.5485097765922546,0.45149022340774536,0.34492814895638024,3.4657359027997265
box_lam1em2,箱+λ,46,1,8,8,256,0.01,0.6018003821372986,0.22400353848934174,0.48920565843582153,0.31813573837280273,-0.01610349863767624,2.2880141735076904,-3.0,2.2288362979888916,5.228836297988892,2,0,2,0,0.25,0.0,8,2.989384651184082,0.004455279111862183,0.5691558122634888,0.43084418773651123,0.3383761728820649,3.4657359027997265
box_lam3em2,箱+λ,46,1,8,8,256,0.03,0.6152532696723938,0.27366718649864197,0.4913923144340515,0.3407135307788849,0.44007912278175354,1.7912589311599731,-3.0,2.014522075653076,5.014522075653076,1,0,1,0,0.125,0.0,8,3.301696538925171,0.013365837335586547,0.6754517555236816,0.32454824447631836,0.30524336968202204,3.4657359027997265
box_lam1em1,箱+λ,46,1,8,8,256,0.1,0.7218573689460754,0.3030458688735962,0.5642613172531128,0.3577890992164612,0.9594679474830627,0.7276280522346497,-0.5331270694732666,1.7943401336669922,2.327467203140259,0,0,0,0,0.0,0.0,8,4.447461128234863,0.04455279111862183,0.8170254826545715,0.18297451734542847,0.1985127448225917,3.4657359027997265
box_lam3em1,箱+λ,46,1,8,8,256,0.3,0.8318617939949036,0.3527529537677765,0.6636687517166138,0.41512027382850647,0.9830313920974731,0.4089038670063019,0.1813783049583435,1.570730447769165,1.3893521428108215,0,0,0,0,0.0,0.0,8,6.250932216644287,0.13365837335586547,0.8699977397918701,0.13000226020812988,0.15837691642888752,3.4657359027997265
box_lam1e0,箱+λ,46,1,8,8,256,1.0,0.8383007049560547,0.4339272379875183,0.6895990371704102,0.4954945147037506,0.8673182129859924,0.227504700422287,0.5157313346862793,1.2064788341522217,0.6907474994659424,0,0,0,0,0.0,0.0,8,10.498934745788574,0.44552791118621826,0.8895571231842041,0.1104428768157959,0.1464998523682062,3.4657359027997265
box_lam3e0,箱+λ,46,1,8,8,256,3.0,0.8410798907279968,0.5351707935333252,0.7258899211883545,0.6117252111434937,0.6657587885856628,0.1433752477169037,0.5452262163162231,0.9199650287628174,0.37473881244659424,0,0,0,0,0.0,0.0,8,18.64419174194336,1.3365837335586548,0.9005042910575867,0.09949570894241333,0.14507285321520338,3.4657359027997265
box_lam1e1,箱+λ,46,1,8,8,256,10.0,0.8519076108932495,0.6523385047912598,0.7641086578369141,0.716830313205719,0.391624391078949,0.11810450255870819,0.264818400144577,0.5990738272666931,0.3342554271221161,0,0,0,0,0.0,0.0,8,32.62696075439453,4.455279111862183,0.9150292873382568,0.08497071266174316,0.1415391741386105,3.4657359027997265
box_lam3e1,箱+λ,46,1,8,8,256,30.0,0.8787480592727661,0.723085880279541,0.8111653327941895,0.7730624079704285,0.18690556287765503,0.07131892442703247,0.11164098978042603,0.3063494563102722,0.1947084665298462,0,0,0,0,0.0,0.0,8,45.00556182861328,13.365837335586548,0.9304157495498657,0.06958425045013428,0.1343319519646831,3.4657359027997265
box_lam1e2,箱+λ,46,1,8,8,256,100.0,0.9172345399856567,0.7598486542701721,0.8434028029441833,0.797169029712677,0.06687875092029572,0.02855505608022213,0.037051696330308914,0.1141037791967392,0.07705208286643028,0,0,0,0,0.0,0.0,8,52.5261116027832,44.552791118621826,0.9406405687332153,0.05935943126678467,0.12884592381910473,3.4657359027997265
box_lam1e3,箱+λ,46,1,8,8,256,1000.0,0.932291567325592,0.7774945497512817,0.8520414233207703,0.8098326325416565,0.00724794901907444,0.0032549193128943443,0.0038549411110579967,0.012617874890565872,0.008762933779507875,0,0,0,0,0.0,0.0,8,56.22703170776367,445.52791118621826,0.9457855820655823,0.054214417934417725,0.12595587965889318,3.4657359027997265
nobox_lam1em3,无箱互校,46,1,8,8,256,0.001,0.6013752818107605,0.28975382447242737,0.4888801872730255,0.3184117376804352,-4.202141284942627,7.980061054229736,-13.815510749816895,2.3200418949127197,16.135552644729614,3,3,3,0,0.375,0.375,8,2.934126615524292,0.00044552791118621825,0.5281735062599182,0.4718264937400818,0.3471688109788124,3.4657359027997265
nobox_lam1em1,无箱互校,46,1,8,8,256,0.1,0.7218571901321411,0.30304571986198425,0.5642610788345337,0.3577890992164612,0.9594679474830627,0.7276281118392944,-0.5331271290779114,1.7943402528762817,2.327467381954193,0,0,0,0,0.0,0.0,8,4.447460174560547,0.04455279111862183,0.817025363445282,0.18297463655471802,0.19851287054305977,3.4657359027997265
scalar,参照,46,1,8,8,256,0.001,0.9328317046165466,0.28657999634742737,0.7403863072395325,0.2846405804157257,1.4358491897583008,0.0,1.4358491897583008,1.4358491897583008,0.0,0,0,0,0,0.0,0.0,8,0.1446843147277832,0.0,0.9464061260223389,0.05359387397766113,0.12560168020013787,3.4657359027997265
nobeta,参照,46,1,8,8,256,0.001,0.9328303337097168,0.7795710563659668,0.8539958596229553,0.8113241791725159,0.0,0.0,0.0,0.0,0.0,0,0,0,0,0.0,0.0,8,2.934126615524292,0.00044552791118621825,0.9464061260223389,0.05359387397766113,0.12560242554291293,3.4657359027997265
box_lam1em3,箱+λ,46,1,8,16,256,0.001,0.6854343414306641,0.11614914238452911,0.546201765537262,0.12688815593719482,0.31066781282424927,1.5516999959945679,-3.0,1.7179560661315918,4.717956066131592,2,0,2,0,0.125,0.0,8,0.00039325779653154314,0.0002729288339614868,0.707993745803833,0.292006254196167,0.05255348148710644,2.772588722239781
box_lam3em3,箱+λ,46,1,8,16,256,0.003,0.6822096705436707,0.11510717123746872,0.5460353493690491,0.12434813380241394,0.39643529057502747,1.393174409866333,-3.0,1.702226161956787,4.702226161956787,1,0,1,0,0.0625,0.0,8,0.002042715437710285,0.0008187865018844605,0.7228565812110901,0.2771434187889099,0.051984111447228074,2.772588722239781
box_lam1em2,箱+λ,46,1,8,16,256,0.01,0.6527608633041382,0.11084819585084915,0.5399122834205627,0.13333410024642944,0.5056285858154297,1.2211592197418213,-3.0,1.6628167629241943,4.662816762924194,1,0,1,0,0.0625,0.0,8,0.016063185408711433,0.002729288339614868,0.7575732469558716,0.24242675304412842,0.047586360083521524,2.772588722239781
box_lam3em2,箱+λ,46,1,8,16,256,0.03,0.6201676726341248,0.10963921993970871,0.5046362280845642,0.13891762495040894,0.661993145942688,0.7958600521087646,-1.137628197669983,1.599637746810913,2.737265944480896,0,0,0,0,0.0,0.0,8,0.09714318811893463,0.008187865018844604,0.8174422383308411,0.18255776166915894,0.037079384213952134,2.772588722239781
box_lam1em1,箱+λ,46,1,8,16,256,0.1,0.5060222148895264,0.13567395508289337,0.4195912778377533,0.12658418715000153,0.732207715511322,0.4920964241027832,-0.039362583309412,1.4378465414047241,1.4772091247141361,0,0,0,0,0.0,0.0,8,0.49250125885009766,0.027292883396148684,0.8855509161949158,0.11444908380508423,0.018829886377427284,2.772588722239781
box_lam3em1,箱+λ,46,1,8,16,256,0.3,0.5051491260528564,0.15551769733428955,0.41552409529685974,0.14557527005672455,0.7117213010787964,0.29470744729042053,0.1765815168619156,1.1612170934677124,0.9846355766057968,0,0,0,0,0.0,0.0,8,1.3837976455688477,0.08187865018844605,0.9118366241455078,0.08816337585449219,0.013786459384741427,2.772588722239781
box_lam1e0,箱+λ,46,1,8,16,256,1.0,0.5115900039672852,0.21521137654781342,0.4040256142616272,0.1934991180896759,0.61904376745224,0.17235876619815826,0.3161449134349823,0.9975064396858215,0.6813615262508392,0,0,0,0,0.0,0.0,8,3.160618543624878,0.2729288339614868,0.9065345525741577,0.09346544742584229,0.01347469282897228,2.772588722239781
box_lam3e0,箱+λ,46,1,8,16,256,3.0,0.5137277245521545,0.3130614459514618,0.4167311489582062,0.3057262599468231,0.48697441816329956,0.12148276716470718,0.3044176399707794,0.7440849542617798,0.43966731429100037,0,0,0,0,0.0,0.0,8,6.493390083312988,0.8187865018844604,0.9003605842590332,0.0996394157409668,0.013964422319832973,2.772588722239781
box_lam1e1,箱+λ,46,1,8,16,256,10.0,0.5156067609786987,0.41820934414863586,0.4572332501411438,0.4349590241909027,0.30733028054237366,0.09974201023578644,0.1818312257528305,0.5573763251304626,0.37554509937763214,0,0,0,0,0.0,0.0,8,13.532036781311035,2.729288339614868,0.9071178436279297,0.09288215637207031,0.01388162977907981,2.772588722239781
box_lam3e1,箱+λ,46,1,8,16,256,30.0,0.5142844915390015,0.4995362162590027,0.5055179595947266,0.5126187801361084,0.15861323475837708,0.06719707697629929,0.08218149095773697,0.32381725311279297,0.241635762155056,0,0,0,0,0.0,0.0,8,21.944129943847656,8.187865018844604,0.9220526814460754,0.07794731855392456,0.013379663870160489,2.772588722239781
box_lam1e2,箱+λ,46,1,8,16,256,100.0,0.5136800408363342,0.5482343435287476,0.5380154252052307,0.564290463924408,0.060174375772476196,0.029585814103484154,0.028759058564901352,0.13200820982456207,0.10324915125966072,0,0,0,0,0.0,0.0,8,28.705219268798828,27.29288339614868,0.9348433017730713,0.06515669822692871,0.012993923166470817,2.772588722239781
box_lam1e3,箱+λ,46,1,8,16,256,1000.0,0.5129181742668152,0.5771879553794861,0.5561606287956238,0.5960385799407959,0.006742187775671482,0.0035637314431369305,0.003088349476456642,0.015369312837719917,0.012280963361263275,0,0,0,0,0.0,0.0,8,32.658531188964844,272.9288339614868,0.942184329032898,0.05781567096710205,0.012810335362936763,2.772588722239781
nobox_lam1em3,无箱互校,46,1,8,16,256,0.001,0.6861000061035156,0.1171109601855278,0.5408341884613037,0.12624476850032806,-0.33246278762817383,3.787548303604126,-13.815510749816895,1.716448426246643,15.531959176063538,1,1,1,0,0.0625,0.0625,8,0.0002905448782257736,0.0002729288339614868,0.7019093632698059,0.2980906367301941,0.05201508358254352,2.772588722239781
nobox_lam1em1,无箱互校,46,1,8,16,256,0.1,0.5060223937034607,0.13567395508289337,0.41959095001220703,0.12658409774303436,0.7322076559066772,0.4920966327190399,-0.039366550743579865,1.4378468990325928,1.4772134497761726,0,0,0,0,0.0,0.0,8,0.49250125885009766,0.027292883396148684,0.8855509161949158,0.11444908380508423,0.018829826884705782,2.772588722239781
scalar,参照,46,1,8,16,256,0.001,0.5127997994422913,0.14407747983932495,0.3961750268936157,0.15743106603622437,0.8905743360519409,6.155941179031288e-08,0.8905742764472961,0.8905742764472961,0.0,0,0,0,0,0.0,0.0,8,0.05477873608469963,0.0,0.9431120753288269,0.056887924671173096,0.012789717206171248,2.772588722239781
nobeta,参照,46,1,8,16,256,0.001,0.5128002166748047,0.5807217955589294,0.5583981275558472,0.5999152660369873,0.0,0.0,0.0,0.0,0.0,0,0,0,0,0.0,0.0,8,0.0002905448782257736,0.0002729288339614868,0.9431127309799194,0.056887269020080566,0.012789732921229759,2.772588722239781
box_lam1em3,箱+λ,46,1,8,32,256,0.001,0.5106834173202515,0.08404665440320969,0.41795220971107483,0.08711999654769897,0.23344893753528595,0.714934229850769,-1.4207693338394165,1.4499692916870117,2.8707386255264282,0,0,0,0,0.0,0.0,8,1.7082618796848692e-05,0.00014952148497104646,0.6725348830223083,0.32746511697769165,0.024374235350145712,2.0794415416798357
box_lam3em3,箱+λ,46,1,8,32,256,0.003,0.5119348764419556,0.07973887026309967,0.41809746623039246,0.08524326980113983,0.2623935341835022,0.673254668712616,-1.192384123802185,1.441219687461853,2.633603811264038,0,0,0,0,0.0,0.0,8,0.00015139572496991605,0.00044856445491313937,0.6847283244132996,0.31527167558670044,0.02408482009759493,2.0794415416798357
box_lam1em2,箱+λ,46,1,8,32,256,0.01,0.5100730657577515,0.08042702078819275,0.4197470247745514,0.09673281759023666,0.3168385922908783,0.6067745089530945,-1.1436946392059326,1.4158366918563843,2.559531331062317,0,0,0,0,0.0,0.0,8,0.0015936160925775766,0.0014952148497104645,0.7128022313117981,0.2871977686882019,0.023328768632664344,2.0794415416798357
box_lam3em2,箱+λ,46,1,8,32,256,0.03,0.5007460713386536,0.08706430345773697,0.4179944396018982,0.11276055872440338,0.3639909625053406,0.5382947325706482,-1.0066852569580078,1.3660544157028198,2.3727396726608276,0,0,0,0,0.0,0.0,8,0.012393386103212833,0.004485644549131394,0.7434675693511963,0.2565324306488037,0.02225811516640768,2.0794415416798357
box_lam1em1,箱+λ,46,1,8,32,256,0.1,0.4882740080356598,0.09366565197706223,0.41415295004844666,0.11276721954345703,0.39037859439849854,0.42542845010757446,-0.6996768712997437,1.2485491037368774,1.948225975036621,0,0,0,0,0.0,0.0,8,0.08953408151865005,0.014952148497104646,0.7695520520210266,0.2304479479789734,0.020683145267480225,2.0794415416798357
box_lam3em1,箱+λ,46,1,8,32,256,0.3,0.47637227177619934,0.10639925301074982,0.4095039367675781,0.12436362355947495,0.39228296279907227,0.2952805459499359,-0.3661642074584961,1.035313367843628,1.401477575302124,0,0,0,0,0.0,0.0,8,0.34805718064308167,0.044856445491313936,0.7904239296913147,0.2095760703086853,0.01911607330795838,2.0794415416798357
box_lam1e0,箱+λ,46,1,8,32,256,1.0,0.4653845727443695,0.14921049773693085,0.3949756622314453,0.11252115666866302,0.3525835871696472,0.19250257313251495,-0.07422342151403427,0.7868493795394897,0.861072801053524,0,0,0,0,0.0,0.0,8,0.9348940253257751,0.14952148497104645,0.7970955967903137,0.20290440320968628,0.018225248378739272,2.0794415416798357
box_lam3e0,箱+λ,46,1,8,32,256,3.0,0.467263787984848,0.20732919871807098,0.3979749083518982,0.1766151338815689,0.2870407700538635,0.1441873162984848,0.10494537651538849,0.651195764541626,0.5462503880262375,0,0,0,0,0.0,0.0,8,1.9732515811920166,0.44856445491313934,0.7984496355056763,0.20155036449432373,0.017849761750727573,2.0794415416798357
box_lam1e1,箱+λ,46,1,8,32,256,10.0,0.4659572243690491,0.285286009311676,0.41315528750419617,0.25066062808036804,0.19552817940711975,0.10328242927789688,0.0670790821313858,0.49029654264450073,0.42321746051311493,0,0,0,0,0.0,0.0,8,4.477842807769775,1.4952148497104645,0.81032395362854,0.18967604637145996,0.017519366115598643,2.0794415416798357
box_lam3e1,箱+λ,46,1,8,32,256,30.0,0.4622708261013031,0.35917532444000244,0.4362019896507263,0.3333348333835602,0.11143109947443008,0.06719456613063812,0.03421398252248764,0.3246150314807892,0.29040104895830154,0,0,0,0,0.0,0.0,8,8.222163200378418,4.485644549131393,0.8296753168106079,0.1703246831893921,0.017233429503499535,2.0794415416798357
box_lam1e2,箱+λ,46,1,8,32,256,100.0,0.4624403119087219,0.4101356863975525,0.455976665019989,0.39075523614883423,0.04635513573884964,0.0315328873693943,0.01358901895582676,0.1494215577840805,0.13583253882825375,0,0,0,0,0.0,0.0,8,12.318489074707031,14.952148497104645,0.8489109873771667,0.15108901262283325,0.017016560573553198,2.0794415416798357
box_lam1e3,箱+λ,46,1,8,32,256,1000.0,0.46453797817230225,0.4408434331417084,0.47613465785980225,0.42507803440093994,0.005525034852325916,0.004047134891152382,0.0015797051601111889,0.018915390595793724,0.017335685435682535,0,0,0,0,0.0,0.0,8,15.445606231689453,149.52148497104645,0.8622557520866394,0.1377442479133606,0.016904916307879304,2.0794415416798357
nobox_lam1em3,无箱互校,46,1,8,32,256,0.001,0.5101011991500854,0.08608651161193848,0.41841065883636475,0.08736845850944519,0.22374598681926727,0.7295567393302917,-1.545761227607727,1.451432228088379,2.997193455696106,0,0,0,0,0.0,0.0,8,1.7082054910133593e-05,0.00014952148497104646,0.668973445892334,0.331026554107666,0.024430571589896782,2.0794415416798357
nobox_lam1em1,无箱互校,46,1,8,32,256,0.1,0.4882746934890747,0.0936654582619667,0.4141528010368347,0.11276721954345703,0.39037811756134033,0.42542868852615356,-0.6996765732765198,1.2485491037368774,1.9482256770133972,0,0,0,0,0.0,0.0,8,0.08953414112329483,0.014952148497104646,0.7695522308349609,0.23044776916503906,0.0206831520025053,2.0794415416798357
scalar,参照,46,1,8,32,256,0.001,0.46487170457839966,0.10071691125631332,0.37514182925224304,0.11191756278276443,0.5441747307777405,6.055837786789198e-08,0.5441747903823853,0.5441747903823853,0.0,0,0,0,0,0.0,0.0,8,0.029680395498871803,0.0,0.864108145236969,0.135891854763031,0.016892422836363614,2.0794415416798357
nobeta,参照,46,1,8,32,256,0.001,0.4648716449737549,0.4449019134044647,0.4783400893211365,0.428615927696228,0.0,0.0,0.0,0.0,0.0,0,0,0,0,0.0,0.0,8,1.7082054910133593e-05,0.00014952148497104646,0.864108145236969,0.135891854763031,0.01689241610133854,2.0794415416798357
box_lam1em3,箱+λ,46,1,8,64,256,0.001,0.4918281137943268,0.06290262192487717,0.4153549373149872,0.07714980095624924,-0.14875590801239014,0.5912888050079346,-1.6153564453125,1.1463944911956787,2.7617509365081787,0,0,0,0,0.0,0.0,8,9.789803243620554e-07,7.839661091566086e-05,0.5479755401611328,0.4520244598388672,0.02387923794717153,1.3862943611198906
box_lam3em3,箱+λ,46,1,8,64,256,0.003,0.4916456639766693,0.06489028036594391,0.4139823317527771,0.07610997557640076,-0.09948281198740005,0.5305424928665161,-1.3091676235198975,1.123319387435913,2.4324870109558105,0,0,0,0,0.0,0.0,8,8.785377758613322e-06,0.00023518983274698258,0.5655072927474976,0.43449270725250244,0.024042025748263023,1.3862943611198906
box_lam1em2,箱+λ,46,1,8,64,256,0.01,0.4871276915073395,0.06886199116706848,0.41008302569389343,0.07439824193716049,0.013133380562067032,0.4030340015888214,-0.7475844025611877,1.0538334846496582,1.801417887210846,0,0,0,0,0.0,0.0,8,9.530276292935014e-05,0.0007839661091566086,0.6146290898323059,0.3853709101676941,0.024593473886414564,1.3862943611198906
box_lam3em2,箱+λ,46,1,8,64,256,0.03,0.4822980463504791,0.06655692309141159,0.40440887212753296,0.08203903585672379,0.14304490387439728,0.26886165142059326,-0.5340352058410645,0.9288407564163208,1.4628759622573853,0,0,0,0,0.0,0.0,8,0.0008033882477320731,0.002351898327469826,0.6892553567886353,0.31074464321136475,0.025740926843611067,1.3862943611198906
box_lam1em1,箱+λ,46,1,8,64,256,0.1,0.48117151856422424,0.06778858602046967,0.40249505639076233,0.07591230422258377,0.20293986797332764,0.1982632428407669,-0.4299204349517822,0.8124200105667114,1.2423404455184937,0,0,0,0,0.0,0.0,8,0.007234714459627867,0.007839661091566086,0.7345379590988159,0.2654620409011841,0.02626956120682237,1.3862943611198906
box_lam3em1,箱+λ,46,1,8,64,256,0.3,0.48221611976623535,0.07620780169963837,0.3913618326187134,0.07923313975334167,0.19280032813549042,0.16053453087806702,-0.32454368472099304,0.7261632680892944,1.0507069528102875,0,0,0,0,0.0,0.0,8,0.0401226170361042,0.023518983274698257,0.73647141456604,0.26352858543395996,0.025448595325202446,1.3862943611198906
box_lam1e0,箱+λ,46,1,8,64,256,1.0,0.4824550151824951,0.08794376254081726,0.3883460462093353,0.0689317137002945,0.16516542434692383,0.11438433080911636,-0.1741446852684021,0.5609669089317322,0.7351115942001343,0,0,0,0,0.0,0.0,8,0.15580448508262634,0.07839661091566086,0.7324566841125488,0.26754331588745117,0.024648532716409582,1.3862943611198906
box_lam3e0,箱+λ,46,1,8,64,256,3.0,0.48403099179267883,0.10471618920564651,0.38669103384017944,0.08537368476390839,0.131652370095253,0.08811334520578384,-0.044321026653051376,0.39207640290260315,0.4363974295556545,0,0,0,0,0.0,0.0,8,0.359925240278244,0.23518983274698257,0.727673351764679,0.27232664823532104,0.024466713979462117,1.3862943611198906
box_lam1e1,箱+λ,46,1,8,64,256,10.0,0.4833447337150574,0.14286254346370697,0.3854210078716278,0.13786403834819794,0.09229566901922226,0.06632284075021744,0.011309327557682991,0.298968106508255,0.287658778950572,0,0,0,0,0.0,0.0,8,0.8259775638580322,0.7839661091566086,0.7305518388748169,0.2694481611251831,0.024582457630398843,1.3862943611198906
box_lam3e1,箱+λ,46,1,8,64,256,30.0,0.48221492767333984,0.18589536845684052,0.3930516242980957,0.18812550604343414,0.056803058832883835,0.04475541412830353,0.010714621283113956,0.23117415606975555,0.2204595347866416,0,0,0,0,0.0,0.0,8,1.6623303890228271,2.3518983274698257,0.7419806718826294,0.2580193281173706,0.02477106527262276,1.3862943611198906
box_lam1e2,箱+λ,46,1,8,64,256,100.0,0.4813215732574463,0.224153533577919,0.4002607762813568,0.22956323623657227,0.026207109913229942,0.023031039163470268,0.0037617175839841366,0.12396615743637085,0.12020443985238671,0,0,0,0,0.0,0.0,8,2.8681271076202393,7.839661091566086,0.7570510506629944,0.24294894933700562,0.02496425048688989,1.3862943611198906
box_lam1e3,箱+λ,46,1,8,64,256,1000.0,0.4807664155960083,0.25039297342300415,0.40745851397514343,0.2591228187084198,0.003430725773796439,0.003286037128418684,0.00041547726141288877,0.01781381107866764,0.017398333817254752,0,0,0,0,0.0,0.0,8,4.175238609313965,78.39661091566086,0.7706465125083923,0.22935348749160767,0.025133405131686413,1.3862943611198906
nobox_lam1em3,无箱互校,46,1,8,64,256,0.001,0.49201563000679016,0.06194001063704491,0.41618403792381287,0.07897761464118958,-0.1819857805967331,0.6344892978668213,-1.853902816772461,1.1593680381774902,3.013270854949951,0,0,0,0,0.0,0.0,8,9.785193242350942e-07,7.839661091566086e-05,0.5374888777732849,0.4625111222267151,0.023778284411301354,1.3862943611198906
nobox_lam1em1,无箱互校,46,1,8,64,256,0.1,0.48117220401763916,0.0678337961435318,0.4025002419948578,0.07592116296291351,0.2028106153011322,0.19835415482521057,-0.4300139844417572,0.8126093149185181,1.2426232993602753,0,0,0,0,0.0,0.0,8,0.0072346944361925125,0.007839661091566086,0.7344444394111633,0.26555556058883667,0.02626715904787865,1.3862943611198906
scalar,参照,46,1,8,64,256,0.001,0.48069119453430176,0.06320012360811234,0.3752959668636322,0.07403483241796494,0.2556476593017578,0.0,0.2556476593017578,0.2556476593017578,0.0,0,0,0,0,0.0,0.0,8,0.006472728215157986,0.0,0.7728248834609985,0.22717511653900146,0.025162100828526223,1.3862943611198906
nobeta,参照,46,1,8,64,256,0.001,0.48069140315055847,0.25537171959877014,0.40866994857788086,0.2631196677684784,0.0,0.0,0.0,0.0,0.0,0,0,0,0,0.0,0.0,8,9.785193242350942e-07,7.839661091566086e-05,0.7728248834609985,0.22717511653900146,0.025162132258643242,1.3862943611198906
box_lam1em3,箱+λ,46,1,16,8,256,0.001,0.4946902394294739,0.19731758534908295,0.3976534605026245,0.23156292736530304,1.1015974283218384,0.7878242135047913,-0.16495028138160706,2.122986078262329,2.287936359643936,0,0,0,0,0.0,0.0,8,6.710782527923584,0.0005329549908638001,0.7937321066856384,0.20626789331436157,0.3082193268600641,3.4657359027997265
box_lam3em3,箱+λ,46,1,16,8,256,0.003,0.4938525855541229,0.20009882748126984,0.3979204595088959,0.23232130706310272,1.1093106269836426,0.7674984335899353,-0.09970952570438385,2.1142754554748535,2.2139849811792374,0,0,0,0,0.0,0.0,8,6.71279239654541,0.0015988649725914002,0.7989183068275452,0.20108169317245483,0.3081172457573632,3.4657359027997265
box_lam1em2,箱+λ,46,1,16,8,256,0.01,0.4914037883281708,0.18797361850738525,0.3986603617668152,0.23477959632873535,1.1301288604736328,0.7097587585449219,0.08386852592229843,2.0852057933807373,2.001337267458439,0,0,0,0,0.0,0.0,8,6.733021259307861,0.005329549908638,0.8141947388648987,0.18580526113510132,0.3078330078019531,3.4657359027997265
box_lam3em2,箱+λ,46,1,16,8,256,0.03,0.49100461602211,0.16776442527770996,0.4039623737335205,0.2391413003206253,1.1610420942306519,0.6072908043861389,0.4012508690357208,2.012272834777832,1.6110219657421112,0,0,0,0,0.0,0.0,8,6.863541603088379,0.015988649725914,0.8420634269714355,0.15793657302856445,0.30730088070935513,3.4657359027997265
box_lam1em1,箱+λ,46,1,16,8,256,0.1,0.48663330078125,0.18885987997055054,0.4108031094074249,0.25300028920173645,1.178345799446106,0.46403205394744873,0.6269811987876892,1.8368886709213257,1.2099074721336365,0,0,0,0,0.0,0.0,8,7.590938091278076,0.05329549908638001,0.8756805062294006,0.12431949377059937,0.306441562657557,3.4657359027997265
box_lam3em1,箱+λ,46,1,16,8,256,0.3,0.4982196092605591,0.18968278169631958,0.409706175327301,0.29486149549484253,1.1405256986618042,0.3382107615470886,0.6712445616722107,1.6714320182800293,1.0001874566078186,0,0,0,0,0.0,0.0,8,9.882286071777344,0.15988649725914,0.8912642598152161,0.10873574018478394,0.3057835432775746,3.4657359027997265
box_lam1e0,箱+λ,46,1,16,8,256,1.0,0.4978518784046173,0.2855268716812134,0.4212123155593872,0.3785577416419983,1.0093001127243042,0.20400989055633545,0.7749785780906677,1.3456965684890747,0.570717990398407,0,0,0,0,0.0,0.0,8,16.968202590942383,0.5329549908638,0.8965053558349609,0.10349464416503906,0.30583134623014085,3.4657359027997265
box_lam3e0,箱+λ,46,1,16,8,256,3.0,0.4950752258300781,0.4188474714756012,0.46250829100608826,0.4936569035053253,0.7868938446044922,0.1541157364845276,0.5779722332954407,1.0511162281036377,0.473143994808197,0,0,0,0,0.0,0.0,8,31.338165283203125,1.5988649725914001,0.8967567682266235,0.10324323177337646,0.30653489837390063,3.4657359027997265
box_lam1e1,箱+λ,46,1,16,8,256,10.0,0.4918058514595032,0.5716344714164734,0.5568147897720337,0.6300267577171326,0.47249871492385864,0.1316957324743271,0.30554506182670593,0.716235876083374,0.4106908142566681,0,0,0,0,0.0,0.0,8,58.039405822753906,5.3295499086380005,0.9064323902130127,0.0935676097869873,0.3066626996836757,3.4657359027997265
box_lam3e1,箱+λ,46,1,16,8,256,30.0,0.4923926293849945,0.6677688956260681,0.6615036725997925,0.7119017839431763,0.22834420204162598,0.08001227676868439,0.1342880129814148,0.377186119556427,0.2428981065750122,0,0,0,0,0.0,0.0,8,81.57073974609375,15.988649725914001,0.9226657748222351,0.07733422517776489,0.3061052135504017,3.4657359027997265
box_lam1e2,箱+λ,46,1,16,8,256,100.0,0.4934799075126648,0.7145688533782959,0.7048672437667847,0.7522369623184204,0.08229578286409378,0.03252885490655899,0.04567595571279526,0.1433163285255432,0.09764037281274796,0,0,0,0,0.0,0.0,8,95.43061065673828,53.295499086380005,0.9346538782119751,0.0653461217880249,0.30563283369911154,3.4657359027997265
box_lam1e3,箱+λ,46,1,16,8,256,1000.0,0.49347570538520813,0.7326666712760925,0.73129802942276,0.7702346444129944,0.008953217417001724,0.003749917494133115,0.004823002498596907,0.016031062230467796,0.01120805973187089,0,0,0,0,0.0,0.0,8,102.11636352539062,532.9549908638,0.9409050345420837,0.05909496545791626,0.30538623444191737,3.4657359027997265
nobox_lam1em3,无箱互校,46,1,16,8,256,0.001,0.4946903884410858,0.1973176747560501,0.3976534903049469,0.23156292736530304,1.1015974283218384,0.7878239750862122,-0.16494937241077423,2.122986078262329,2.2879354506731033,0,0,0,0,0.0,0.0,8,6.710782051086426,0.0005329549908638001,0.7937322854995728,0.20626771450042725,0.3082193268600641,3.4657359027997265
nobox_lam1em1,无箱互校,46,1,16,8,256,0.1,0.48663315176963806,0.1888601928949356,0.41080304980278015,0.25300028920173645,1.178345799446106,0.4640321433544159,0.626981258392334,1.8368886709213257,1.2099074125289917,0,0,0,0,0.0,0.0,8,7.590939044952393,0.05329549908638001,0.8756805062294006,0.12431949377059937,0.306441562657557,3.4657359027997265
scalar,参照,46,1,16,8,256,0.001,0.4932551980018616,0.25529947876930237,0.39604902267456055,0.2869873344898224,1.4510937929153442,1.2744008870413381e-07,1.4510939121246338,1.4510939121246338,0.0,0,0,0,0,0.0,0.0,8,0.10864219814538956,0.0,0.9416662454605103,0.058333754539489746,0.30535648980926283,3.4657359027997265
nobeta,参照,46,1,16,8,256,0.001,0.4932553470134735,0.734771728515625,0.7342961430549622,0.7723327279090881,0.0,0.0,0.0,0.0,0.0,0,0,0,0,0.0,0.0,8,6.710782051086426,0.0005329549908638001,0.9416662454605103,0.058333754539489746,0.30535648980926283,3.4657359027997265
box_lam1em3,箱+λ,46,1,16,16,256,0.001,0.5383782982826233,0.13428372144699097,0.44833552837371826,0.12580105662345886,-0.0009672343730926514,1.8892574310302734,-3.0,2.1612188816070557,5.161218881607056,4,0,4,0,0.25,0.0,16,0.8974370360374451,0.00038440290093421937,0.6611601114273071,0.33883988857269287,0.19896969029667474,2.772588722239781
box_lam3em3,箱+λ,46,1,16,16,256,0.003,0.5415062308311462,0.1356322169303894,0.4451359808444977,0.1241534948348999,0.013474911451339722,1.8821771144866943,-3.0,2.134622097015381,5.134622097015381,4,0,4,0,0.25,0.0,16,0.9027742147445679,0.001153208702802658,0.6681291460990906,0.3318708539009094,0.19657364791679094,2.772588722239781
box_lam1em2,箱+λ,46,1,16,16,256,0.01,0.5333425998687744,0.13106989860534668,0.43974828720092773,0.12192078679800034,0.1657782942056656,1.7038531303405762,-3.0,2.0516529083251953,5.051652908325195,3,0,3,0,0.1875,0.0,16,0.947977602481842,0.003844029009342194,0.6955487132072449,0.3044512867927551,0.1905927581596364,2.772588722239781
box_lam3em2,箱+λ,46,1,16,16,256,0.03,0.5159345865249634,0.11705323308706284,0.41651326417922974,0.10798542201519012,0.42451757192611694,1.3304649591445923,-3.0,1.8587123155593872,4.858712315559387,1,0,1,0,0.0625,0.0,16,1.1739647388458252,0.011532087028026581,0.7711738348007202,0.22882616519927979,0.14946483137034441,2.772588722239781
box_lam1em1,箱+λ,46,1,16,16,256,0.1,0.5016117095947266,0.11209369450807571,0.38990500569343567,0.10142623633146286,0.6927245259284973,0.6036922335624695,-0.9108271598815918,1.525316596031189,2.4361437559127808,0,0,0,0,0.0,0.0,16,1.8139879703521729,0.03844029009342194,0.8483403921127319,0.15165960788726807,0.12658570107141917,2.772588722239781
box_lam3em1,箱+λ,46,1,16,16,256,0.3,0.5138002038002014,0.1596473902463913,0.3847838044166565,0.14692118763923645,0.7209513783454895,0.3412798345088959,-0.030458686873316765,1.1214170455932617,1.1518757324665785,0,0,0,0,0.0,0.0,16,2.829277515411377,0.1153208702802658,0.8776333928108215,0.12236660718917847,0.11554223871981967,2.772588722239781
box_lam1e0,箱+λ,46,1,16,16,256,1.0,0.5243985652923584,0.1749620884656906,0.38649454712867737,0.19256317615509033,0.6571923494338989,0.22004444897174835,0.26566994190216064,1.0161012411117554,0.7504312992095947,0,0,0,0,0.0,0.0,16,5.155412197113037,0.38440290093421936,0.8824498057365417,0.11755019426345825,0.11313119503560923,2.772588722239781
box_lam3e0,箱+λ,46,1,16,16,256,3.0,0.5266013741493225,0.26232627034187317,0.395876944065094,0.2563593089580536,0.5365262031555176,0.14071957767009735,0.2805846333503723,0.7857345342636108,0.5051499009132385,0,0,0,0,0.0,0.0,16,10.897156715393066,1.153208702802658,0.8856043815612793,0.1143956184387207,0.1122493685779212,2.772588722239781
box_lam1e1,箱+λ,46,1,16,16,256,10.0,0.5278066396713257,0.38974419236183167,0.4324913024902344,0.408965140581131,0.34691208600997925,0.09406382590532303,0.23677408695220947,0.5961523056030273,0.35937821865081787,0,0,0,0,0.0,0.0,16,23.945297241210938,3.8440290093421936,0.8962910175323486,0.10370898246765137,0.11076202085599406,2.772588722239781
box_lam3e1,箱+λ,46,1,16,16,256,30.0,0.5272473692893982,0.49209004640579224,0.47858673334121704,0.5062083601951599,0.17958466708660126,0.059732429683208466,0.10871006548404694,0.34429800510406494,0.235587939620018,0,0,0,0,0.0,0.0,16,39.18603515625,11.53208702802658,0.9115829467773438,0.08841705322265625,0.10845483830887576,2.772588722239781
box_lam1e2,箱+λ,46,1,16,16,256,100.0,0.5260814428329468,0.5442795157432556,0.5187273025512695,0.5628576874732971,0.06780031323432922,0.02586332894861698,0.038380470126867294,0.139425590634346,0.10104512050747871,0,0,0,0,0.0,0.0,16,50.79586410522461,38.440290093421936,0.924125611782074,0.07587438821792603,0.1064284755351843,2.772588722239781
box_lam1e3,箱+λ,46,1,16,16,256,1000.0,0.5252047181129456,0.5712960362434387,0.5417525172233582,0.595469057559967,0.007562363054603338,0.0030953213572502136,0.004137171432375908,0.016162680462002754,0.012025509029626846,0,0,0,0,0.0,0.0,16,57.3187255859375,384.40290093421936,0.9312978982925415,0.0687021017074585,0.10523329208122852,2.772588722239781
nobox_lam1em3,无箱互校,46,1,16,16,256,0.001,0.5435314774513245,0.1315142959356308,0.4492633044719696,0.12407472729682922,-2.7013280391693115,6.655158996582031,-13.815510749816895,2.1555168628692627,15.971027612686157,4,4,4,0,0.25,0.25,16,0.8863178491592407,0.00038440290093421937,0.6438217759132385,0.3561782240867615,0.19931493957578653,2.772588722239781
nobox_lam1em1,无箱互校,46,1,16,16,256,0.1,0.5016116499900818,0.11209369450807571,0.3899044990539551,0.10142610967159271,0.692724347114563,0.6036928296089172,-0.9108301401138306,1.5253164768218994,2.43614661693573,0,0,0,0,0.0,0.0,16,1.8139874935150146,0.03844029009342194,0.8483402132987976,0.1516597867012024,0.12658573976781898,2.772588722239781
scalar,参照,46,1,16,16,256,0.001,0.525083065032959,0.1485760658979416,0.3908136188983917,0.15084078907966614,0.9201887845993042,6.155941179031288e-08,0.9201887249946594,0.9201887249946594,0.0,0,0,0,0,0.0,0.0,16,0.04151558876037598,0.0,0.9322060346603394,0.06779396533966064,0.10508021557297703,2.772588722239781
nobeta,参照,46,1,16,16,256,0.001,0.5250827670097351,0.5750039219856262,0.5447458028793335,0.5995195508003235,0.0,0.0,0.0,0.0,0.0,0,0,0,0,0.0,0.0,16,0.8863178491592407,0.00038440290093421937,0.9322060346603394,0.06779396533966064,0.10508021557297703,2.772588722239781
box_lam1em3,箱+λ,46,1,16,32,256,0.001,0.5793023109436035,0.0866454467177391,0.46910560131073,0.08214281499385834,-0.47701746225357056,1.9006702899932861,-3.0,1.7550675868988037,4.755067586898804,11,0,11,0,0.34375,0.0,16,0.04641934484243393,0.000213340625166893,0.5691148638725281,0.4308851361274719,0.0733483164073402,2.0794415416798357
box_lam3em3,箱+λ,46,1,16,32,256,0.003,0.5813602805137634,0.08647184073925018,0.47055932879447937,0.07007655501365662,-0.46974584460258484,1.8996553421020508,-3.0,1.7141201496124268,4.714120149612427,11,0,11,0,0.34375,0.0,16,0.05353543907403946,0.0006400218755006791,0.5732653737068176,0.4267346262931824,0.07228016678456325,2.0794415416798357
box_lam1em2,箱+λ,46,1,16,32,256,0.01,0.5832739472389221,0.08565549552440643,0.46244552731513977,0.061087995767593384,-0.33162185549736023,1.7454417943954468,-3.0,1.5848263502120972,4.584826350212097,7,0,7,0,0.21875,0.0,16,0.08397281914949417,0.00213340625166893,0.5925987958908081,0.4074012041091919,0.07187463496394624,2.0794415416798357
box_lam3em2,箱+λ,46,1,16,32,256,0.03,0.5373414158821106,0.0772654116153717,0.41217246651649475,0.09020768851041794,0.04474680870771408,1.3094885349273682,-3.0,1.2685301303863525,4.2685301303863525,3,0,3,0,0.09375,0.0,16,0.20791295170783997,0.00640021875500679,0.6798354387283325,0.3201645612716675,0.06462789567738146,2.0794415416798357
box_lam1em1,箱+λ,46,1,16,32,256,0.1,0.4693969488143921,0.08170010149478912,0.3440127670764923,0.08771002292633057,0.298094242811203,0.8079571723937988,-3.0,0.9523117542266846,3.9523117542266846,1,0,1,0,0.03125,0.0,16,0.4769241511821747,0.021334062516689303,0.7557064890861511,0.24429351091384888,0.04871747103238051,2.0794415416798357
box_lam3em1,箱+λ,46,1,16,32,256,0.3,0.4216015934944153,0.09768206626176834,0.31900906562805176,0.0946245789527893,0.4012001156806946,0.31842368841171265,-0.4619998037815094,0.8344156742095947,1.2964154779911041,0,0,0,0,0.0,0.0,16,0.8783496618270874,0.0640021875500679,0.794559895992279,0.20544010400772095,0.045967827400425765,2.0794415416798357
box_lam1e0,箱+λ,46,1,16,32,256,1.0,0.4005148708820343,0.11700701713562012,0.31717923283576965,0.09249894320964813,0.3784244656562805,0.18216781318187714,-0.00740905711427331,0.7907192707061768,0.7981283278204501,0,0,0,0,0.0,0.0,16,1.569269061088562,0.213340625166893,0.8022132515907288,0.19778674840927124,0.04336645224904601,2.0794415416798357
box_lam3e0,箱+λ,46,1,16,32,256,3.0,0.40462103486061096,0.15706828236579895,0.3287525773048401,0.14383305609226227,0.3197740912437439,0.13961420953273773,0.1543920636177063,0.6621143221855164,0.5077222585678101,0,0,0,0,0.0,0.0,16,2.9922807216644287,0.640021875500679,0.8034622073173523,0.1965377926826477,0.04247081117662553,2.0794415416798357
box_lam1e1,箱+λ,46,1,16,32,256,10.0,0.40541693568229675,0.20974315702915192,0.3457667827606201,0.22730866074562073,0.22545821964740753,0.10418495535850525,0.09187367558479309,0.5183804035186768,0.42650672793388367,0,0,0,0,0.0,0.0,16,7.120509147644043,2.13340625166893,0.8143120408058167,0.18568795919418335,0.040693856373814515,2.0794415416798357
box_lam3e1,箱+λ,46,1,16,32,256,30.0,0.4034668505191803,0.3030247390270233,0.37005186080932617,0.31055086851119995,0.13020475208759308,0.06881409883499146,0.04459036886692047,0.34731313586235046,0.30272276699543,0,0,0,0,0.0,0.0,16,14.011350631713867,6.40021875500679,0.8333931565284729,0.1666068434715271,0.038538357264554506,2.0794415416798357
box_lam1e2,箱+λ,46,1,16,32,256,100.0,0.4011283218860626,0.37208712100982666,0.3936825692653656,0.37510430812835693,0.05404951795935631,0.03196224197745323,0.016729772090911865,0.15956881642341614,0.14283904433250427,0,0,0,0,0.0,0.0,16,21.615713119506836,21.3340625166893,0.8530496954917908,0.14695030450820923,0.03667466448156762,2.0794415416798357
box_lam1e3,箱+λ,46,1,16,32,256,1000.0,0.39964625239372253,0.41255706548690796,0.4113638699054718,0.4117352366447449,0.006402736995369196,0.00405065156519413,0.0018766188295558095,0.020095212385058403,0.018218593555502594,0,0,0,0,0.0,0.0,16,27.20943832397461,213.340625166893,0.8666882514953613,0.13331174850463867,0.03549131890125397,2.0794415416798357
nobox_lam1em3,无箱互校,46,1,16,32,256,0.001,0.5821695923805237,0.0837964341044426,0.47482049465179443,0.08059518039226532,-4.189942836761475,7.089837074279785,-13.815510749816895,1.7440574169158936,15.559568166732788,11,11,11,0,0.34375,0.34375,16,0.04104691371321678,0.000213340625166893,0.5420867204666138,0.45791327953338623,0.07254396659147332,2.0794415416798357
nobox_lam1em1,无箱互校,46,1,16,32,256,0.1,0.46976718306541443,0.08123745769262314,0.34436047077178955,0.08743017911911011,-0.03913174942135811,2.570791482925415,-13.815510749816895,0.9516125917434692,14.767123341560364,1,1,1,0,0.03125,0.03125,16,0.47326406836509705,0.021334062516689303,0.7526929378509521,0.24730706214904785,0.048679332505667,2.0794415416798357
scalar,参照,46,1,16,32,256,0.001,0.3994596004486084,0.09896553307771683,0.3051490783691406,0.09733519703149796,0.5525365471839905,6.055837786789198e-08,0.5525366067886353,0.5525366067886353,0.0,0,0,0,0,0.0,0.0,16,0.01912529394030571,0.0,0.8685727715492249,0.13142722845077515,0.0353331667152273,2.0794415416798357
nobeta,参照,46,1,16,32,256,0.001,0.39946016669273376,0.4178219437599182,0.4157083034515381,0.4164469540119171,0.0,0.0,0.0,0.0,0.0,0,0,0,0,0.0,0.0,16,0.04104691371321678,0.000213340625166893,0.8685727715492249,0.13142722845077515,0.035333186063427204,2.0794415416798357
box_lam1em3,箱+λ,46,1,16,64,256,0.001,0.45126309990882874,0.06927429139614105,0.35671794414520264,0.05006679147481918,-0.06983833760023117,0.8260740637779236,-3.0,0.9930447936058044,3.9930447936058044,1,0,1,0,0.015625,0.0,16,8.906479342840612e-05,0.00011327439546585084,0.5840295553207397,0.41597044467926025,0.05317218767979776,1.3862943611198906
box_lam3em3,箱+λ,46,1,16,64,256,0.003,0.4466872215270996,0.06983141601085663,0.35388463735580444,0.05070214346051216,-0.0294134933501482,0.7691793441772461,-3.0,0.9542793035507202,3.95427930355072,1,0,1,0,0.015625,0.0,16,0.0002086476015392691,0.0003398231863975525,0.5998780131340027,0.4001219868659973,0.05198436621590599,1.3862943611198906
box_lam1em2,箱+λ,46,1,16,64,256,0.01,0.43502277135849,0.058658991008996964,0.3465964198112488,0.04287395253777504,0.06673403829336166,0.6361122131347656,-3.0,0.8399434685707092,3.8399434685707092,1,0,1,0,0.015625,0.0,16,0.0011325456434860826,0.0011327439546585084,0.644182562828064,0.35581743717193604,0.04884162520647342,1.3862943611198906
box_lam3em2,箱+λ,46,1,16,64,256,0.03,0.41715478897094727,0.057913389056921005,0.3373014032840729,0.036891087889671326,0.15839704871177673,0.5327065587043762,-3.0,0.7487829923629761,3.748782992362976,1,0,1,0,0.015625,0.0,16,0.006667272187769413,0.0033982318639755246,0.7030755877494812,0.2969244122505188,0.04446439165027729,1.3862943611198906
box_lam1em1,箱+λ,46,1,16,64,256,0.1,0.4020492434501648,0.052716214209795,0.3200952708721161,0.03765950724482536,0.20759302377700806,0.32674694061279297,-1.5160034894943237,0.6912614703178406,2.2072649598121643,0,0,0,0,0.0,0.0,16,0.037726715207099915,0.011327439546585084,0.734570324420929,0.26542967557907104,0.041619677413387415,1.3862943611198906
box_lam3em1,箱+λ,46,1,16,64,256,0.3,0.3903037905693054,0.060051657259464264,0.3069057762622833,0.055217545479536057,0.2012321949005127,0.190979465842247,-0.49575573205947876,0.6412013173103333,1.136957049369812,0,0,0,0,0.0,0.0,16,0.12424954026937485,0.033982318639755246,0.7376894354820251,0.26231056451797485,0.04010839596817731,1.3862943611198906
box_lam1e0,箱+λ,46,1,16,64,256,1.0,0.38275644183158875,0.06532878428697586,0.2973741590976715,0.07162859290838242,0.17191748321056366,0.12456869333982468,-0.24352435767650604,0.549356997013092,0.7928813546895981,0,0,0,0,0.0,0.0,16,0.2994075119495392,0.11327439546585083,0.7311984896659851,0.2688015103340149,0.039023313445783164,1.3862943611198906
box_lam3e0,箱+λ,46,1,16,64,256,3.0,0.3795901834964752,0.08100606501102448,0.2948225438594818,0.06118170544505119,0.14108078181743622,0.0979866161942482,-0.07808564603328705,0.42999452352523804,0.5080801695585251,0,0,0,0,0.0,0.0,16,0.5858643651008606,0.3398231863975525,0.7277510762214661,0.27224892377853394,0.038570604264396825,1.3862943611198906
box_lam1e1,箱+λ,46,1,16,64,256,10.0,0.3791406452655792,0.11123023182153702,0.29809874296188354,0.10633345693349838,0.10349689424037933,0.07279335707426071,0.030494187027215958,0.3289830982685089,0.29848891124129295,0,0,0,0,0.0,0.0,16,1.3706426620483398,1.1327439546585083,0.7338034510612488,0.2661965489387512,0.037886251984343186,1.3862943611198906
box_lam3e1,箱+λ,46,1,16,64,256,30.0,0.3797578811645508,0.16277320683002472,0.3027549982070923,0.16006304323673248,0.06552374362945557,0.048366956412792206,0.01855691336095333,0.25147128105163574,0.2329143676906824,0,0,0,0,0.0,0.0,16,2.8966798782348633,3.398231863975525,0.7476292848587036,0.2523707151412964,0.03701755972969093,1.3862943611198906
box_lam1e2,箱+λ,46,1,16,64,256,100.0,0.3803853988647461,0.20888057351112366,0.3130788803100586,0.2066546231508255,0.030426567420363426,0.024293040856719017,0.00729646161198616,0.13320928812026978,0.12591282650828362,0,0,0,0,0.0,0.0,16,5.146209716796875,11.327439546585083,0.7647075057029724,0.2352924942970276,0.03615860284429107,1.3862943611198906
box_lam1e3,箱+λ,46,1,16,64,256,1000.0,0.38092276453971863,0.24428816139698029,0.3257289528846741,0.2403489351272583,0.003953132778406143,0.0033670603297650814,0.0008625839254818857,0.018821455538272858,0.017958871612790972,0,0,0,0,0.0,0.0,16,7.486979961395264,113.27439546585083,0.779513955116272,0.22048604488372803,0.035508525900369826,1.3862943611198906
nobox_lam1em3,无箱互校,46,1,16,64,256,0.001,0.4550287425518036,0.06885514408349991,0.35802799463272095,0.050229478627443314,-0.28866952657699585,1.9403808116912842,-13.815510749816895,1.008739709854126,14.82425045967102,2,1,2,0,0.03125,0.015625,16,8.94127952051349e-05,0.00011327439546585084,0.5728939175605774,0.4271060824394226,0.05350090069739042,1.3862943611198906
nobox_lam1em1,无箱互校,46,1,16,64,256,0.1,0.40205633640289307,0.052740428596735,0.320098340511322,0.037666961550712585,0.2074979990720749,0.3269970715045929,-1.5187861919403076,0.6913463473320007,2.2101325392723083,0,0,0,0,0.0,0.0,16,0.03772679716348648,0.011327439546585084,0.7345123887062073,0.2654876112937927,0.04162137683027911,1.3862943611198906
scalar,参照,46,1,16,64,256,0.001,0.38101768493652344,0.04857510328292847,0.29273995757102966,0.05771830305457115,0.2643185555934906,0.0,0.2643185555934906,0.2643185555934906,0.0,0,0,0,0,0.0,0.0,16,0.005407331045717001,0.0,0.7818284034729004,0.2181715965270996,0.03541330050983546,1.3862943611198906
nobeta,参照,46,1,16,64,256,0.001,0.3810177743434906,0.2495502531528473,0.32780012488365173,0.24470952153205872,0.0,0.0,0.0,0.0,0.0,0,0,0,0,0.0,0.0,16,8.94127952051349e-05,0.00011327439546585084,0.7818282246589661,0.21817177534103394,0.03541330695923543,1.3862943611198906
box_lam1em3,箱+λ,46,1,32,8,256,0.001,0.5056263208389282,0.21390239894390106,0.41247761249542236,0.1997644454240799,0.6909796595573425,1.5993417501449585,-3.0,1.949427843093872,4.949427843093872,1,0,1,0,0.125,0.0,8,11.31475830078125,0.0006850660443305969,0.7456283569335938,0.25437164306640625,0.3933994007916276,3.4657359027997265
box_lam3em3,箱+λ,46,1,32,8,256,0.003,0.5057092905044556,0.21490082144737244,0.4124680459499359,0.20118111371994019,0.6920648813247681,1.5979195833206177,-3.0,1.94526207447052,4.94526207447052,1,0,1,0,0.125,0.0,8,11.315499305725098,0.002055198132991791,0.7466248273849487,0.25337517261505127,0.39339638016354767,3.4657359027997265
box_lam1em2,箱+λ,46,1,32,8,256,0.01,0.5059827566146851,0.2182864248752594,0.41257163882255554,0.1950850486755371,0.6952944397926331,1.5933854579925537,-3.0,1.9310603141784668,4.931060314178467,1,0,1,0,0.125,0.0,8,11.32353687286377,0.00685066044330597,0.7498898506164551,0.2501101493835449,0.3933876343915489,3.4657359027997265
box_lam3em2,箱+λ,46,1,32,8,256,0.03,0.5066639184951782,0.21581460535526276,0.4127410054206848,0.18792018294334412,0.7011064291000366,1.5830183029174805,-3.0,1.8933120965957642,4.893312096595764,1,0,1,0,0.125,0.0,8,11.385514259338379,0.020551981329917906,0.7577354311943054,0.24226456880569458,0.39337017797113366,3.4657359027997265
box_lam1em1,箱+λ,46,1,32,8,256,0.1,0.4774535298347473,0.21336279809474945,0.39400652050971985,0.22652748227119446,1.0153273344039917,0.6082573533058167,-0.07554366439580917,1.7954761981964111,1.8710198625922203,0,0,0,0,0.0,0.0,8,12.333915710449219,0.0685066044330597,0.8726533651351929,0.12734663486480713,0.3684576883764986,3.4657359027997265
box_lam3em1,箱+λ,46,1,32,8,256,0.3,0.47331303358078003,0.2498650699853897,0.41594091057777405,0.28354138135910034,1.0049078464508057,0.3632296323776245,0.56595379114151,1.5793050527572632,1.0133512616157532,0,0,0,0,0.0,0.0,8,14.982943534851074,0.20551981329917907,0.9137316942214966,0.08626830577850342,0.36925077886538366,3.4657359027997265
box_lam1e0,箱+λ,46,1,32,8,256,1.0,0.4706428050994873,0.33622050285339355,0.42206287384033203,0.37831437587738037,0.8810026049613953,0.20293650031089783,0.6567376852035522,1.182876706123352,0.5261390209197998,0,0,0,0,0.0,0.0,8,21.989038467407227,0.6850660443305969,0.9157828688621521,0.0842171311378479,0.3717973790782322,3.4657359027997265
box_lam3e0,箱+λ,46,1,32,8,256,3.0,0.4748886525630951,0.4765148162841797,0.4704875648021698,0.5088645219802856,0.6755184531211853,0.1437154859304428,0.4664081037044525,0.8685311079025269,0.40212300419807434,0,0,0,0,0.0,0.0,8,34.533042907714844,2.0551981329917908,0.9055274724960327,0.09447252750396729,0.37441657973574527,3.4657359027997265
box_lam1e1,箱+λ,46,1,32,8,256,10.0,0.48008015751838684,0.6126770377159119,0.5620750188827515,0.6319668292999268,0.39621788263320923,0.11188336461782455,0.23949895799160004,0.615495502948761,0.37599654495716095,0,0,0,0,0.0,0.0,8,56.80144119262695,6.850660443305969,0.9100276231765747,0.08997237682342529,0.3754650186681287,3.4657359027997265
box_lam3e1,箱+λ,46,1,32,8,256,30.0,0.47653836011886597,0.6925902366638184,0.6383813619613647,0.7031788229942322,0.187311053276062,0.065277598798275,0.10366988182067871,0.3245217204093933,0.2208518385887146,0,0,0,0,0.0,0.0,8,76.19682312011719,20.551981329917908,0.9256875514984131,0.07431244850158691,0.3750514384862588,3.4657359027997265
box_lam1e2,箱+λ,46,1,32,8,256,100.0,0.4725174307823181,0.7305662035942078,0.6819734573364258,0.7379911541938782,0.06647326052188873,0.02599325403571129,0.03497527539730072,0.12250221520662308,0.08752693980932236,0,0,0,0,0.0,0.0,8,87.58077239990234,68.50660443305969,0.9379746913909912,0.06202530860900879,0.3745408820935913,3.4657359027997265
box_lam1e3,箱+λ,46,1,32,8,256,1000.0,0.4700896143913269,0.7475642561912537,0.7027134299278259,0.7534803748130798,0.007170473225414753,0.0029653003439307213,0.00367881846614182,0.013631001114845276,0.009952182648703456,0,0,0,0,0.0,0.0,8,93.06488037109375,685.0660443305969,0.9445490837097168,0.0554509162902832,0.3742474245632709,3.4657359027997265
nobox_lam1em3,无箱互校,46,1,32,8,256,0.001,0.5293222069740295,0.20989036560058594,0.43218258023262024,0.1986638456583023,-0.6585189700126648,5.347760200500488,-13.815510749816895,1.948533058166504,15.764043807983398,1,1,1,0,0.125,0.125,8,11.295931816101074,0.0006850660443305969,0.7315451502799988,0.2684548497200012,0.4029733166144488,3.4657359027997265
nobox_lam1em1,无箱互校,46,1,32,8,256,0.1,0.47745373845100403,0.2133627086877823,0.3940066695213318,0.22652766108512878,1.0153274536132812,0.6082570552825928,-0.07554270327091217,1.7954760789871216,1.8710187822580338,0,0,0,0,0.0,0.0,8,12.333915710449219,0.0685066044330597,0.8726534843444824,0.12734651565551758,0.36845772350008094,3.4657359027997265
scalar,参照,46,1,32,8,256,0.001,0.46977704763412476,0.2426639348268509,0.3712845742702484,0.20958185195922852,1.3914854526519775,1.2744008870413381e-07,1.391485571861267,1.391485571861267,0.0,0,0,0,0,0.0,0.0,8,0.1520974338054657,0.0,0.945359468460083,0.05464053153991699,0.3742107555433242,3.4657359027997265
nobeta,参照,46,1,32,8,256,0.001,0.46977707743644714,0.7495476603507996,0.7051897048950195,0.7552843689918518,0.0,0.0,0.0,0.0,0.0,0,0,0,0,0.0,0.0,8,11.295931816101074,0.0006850660443305969,0.945359468460083,0.05464053153991699,0.3742107555433242,3.4657359027997265
box_lam1em3,箱+λ,46,1,32,16,256,0.001,0.4362851083278656,0.13916288316249847,0.34444892406463623,0.16423611342906952,0.5113240480422974,1.1064947843551636,-3.0,1.6205638647079468,4.620563864707947,1,0,1,0,0.0625,0.0,16,3.7313482761383057,0.0004287517070770264,0.8044255971908569,0.19557440280914307,0.22940630608793672,2.772588722239781
box_lam3em3,箱+λ,46,1,32,16,256,0.003,0.43639904260635376,0.1402304619550705,0.34454724192619324,0.16449415683746338,0.5130012631416321,1.103940725326538,-3.0,1.6095932722091675,4.6095932722091675,1,0,1,0,0.0625,0.0,16,3.7320306301116943,0.001286255121231079,0.8060205578804016,0.1939794421195984,0.22936953169724308,2.772588722239781
box_lam1em2,箱+λ,46,1,32,16,256,0.01,0.43668609857559204,0.14371244609355927,0.3433753252029419,0.1641407310962677,0.5182509422302246,1.0957030057907104,-3.0,1.575945258140564,4.575945258140564,1,0,1,0,0.0625,0.0,16,3.7387285232543945,0.004287517070770264,0.8111417889595032,0.18885821104049683,0.22926164961413367,2.772588722239781
box_lam3em2,箱+λ,46,1,32,16,256,0.03,0.43873468041419983,0.15094880759716034,0.3405991494655609,0.17489048838615417,0.5291981101036072,1.0762407779693604,-3.0,1.5048633813858032,4.504863381385803,1,0,1,0,0.0625,0.0,16,3.7818644046783447,0.01286255121231079,0.8226026892662048,0.17739731073379517,0.2290612871387641,2.772588722239781
box_lam1em1,箱+λ,46,1,32,16,256,0.1,0.44286057353019714,0.15105238556861877,0.33488336205482483,0.16309934854507446,0.5425533056259155,1.0343267917633057,-3.0,1.3612682819366455,4.3612682819366455,1,0,1,0,0.0625,0.0,16,4.04450798034668,0.04287517070770264,0.8427086472511292,0.15729135274887085,0.2289153486542062,2.772588722239781
box_lam3em1,箱+λ,46,1,32,16,256,0.3,0.42179617285728455,0.16758723556995392,0.3224271833896637,0.13763190805912018,0.6191740036010742,0.6414279937744141,-1.5248342752456665,1.1723459959030151,2.6971802711486816,0,0,0,0,0.0,0.0,16,5.0320940017700195,0.1286255121231079,0.8647894859313965,0.13521051406860352,0.22045790614273084,2.772588722239781
box_lam1e0,箱+λ,46,1,32,16,256,1.0,0.42209917306900024,0.19346803426742554,0.3304015100002289,0.22702981531620026,0.6220570206642151,0.23946383595466614,-0.045439042150974274,0.9894153475761414,1.0348543897271156,0,0,0,0,0.0,0.0,16,8.295489311218262,0.42875170707702637,0.883754551410675,0.11624544858932495,0.21407790059320578,2.772588722239781
box_lam3e0,箱+λ,46,1,32,16,256,3.0,0.4241147041320801,0.27147945761680603,0.3450482487678528,0.3240935504436493,0.49917367100715637,0.13710692524909973,0.21820631623268127,0.7135303616523743,0.495324045419693,0,0,0,0,0.0,0.0,16,14.242506980895996,1.286255121231079,0.8720583319664001,0.12794166803359985,0.2176155302431285,2.772588722239781
box_lam1e1,箱+λ,46,1,32,16,256,10.0,0.4234165549278259,0.3843480944633484,0.40038394927978516,0.44076356291770935,0.31447020173072815,0.10699041187763214,0.19813518226146698,0.5852513313293457,0.3871161490678787,0,0,0,0,0.0,0.0,16,26.23107147216797,4.287517070770264,0.8702561259269714,0.12974387407302856,0.21948824940550102,2.772588722239781
box_lam3e1,箱+λ,46,1,32,16,256,30.0,0.4235091209411621,0.48663321137428284,0.45151275396347046,0.5289049744606018,0.16031453013420105,0.06822587549686432,0.0959182009100914,0.35256505012512207,0.25664684921503067,0,0,0,0,0.0,0.0,16,40.54798126220703,12.862551212310791,0.8870888948440552,0.11291110515594482,0.21884870165674714,2.772588722239781
box_lam1e2,箱+λ,46,1,32,16,256,100.0,0.4238849878311157,0.53654944896698,0.492413192987442,0.588780403137207,0.05998212844133377,0.029100023210048676,0.03412608057260513,0.1454923003911972,0.11136621981859207,0,0,0,0,0.0,0.0,16,51.504554748535156,42.87517070770264,0.9043675661087036,0.09563243389129639,0.21778991882936916,2.772588722239781
box_lam1e3,箱+λ,46,1,32,16,256,1000.0,0.42414000630378723,0.5593525767326355,0.5159326791763306,0.6107691526412964,0.006659472361207008,0.0034559948835521936,0.0036825004499405622,0.017017416656017303,0.013334916206076741,0,0,0,0,0.0,0.0,16,57.630733489990234,428.75170707702637,0.9148778915405273,0.08512210845947266,0.2171127186003635,2.772588722239781
nobox_lam1em3,无箱互校,46,1,32,16,256,0.001,0.43632906675338745,0.14039011299610138,0.345012366771698,0.16425728797912598,-0.16286513209342957,3.6878557205200195,-13.815510749816895,1.6205863952636719,15.436097145080566,1,1,1,0,0.0625,0.0625,16,3.7194929122924805,0.0004287517070770264,0.800990104675293,0.19900989532470703,0.23013615656684666,2.772588722239781
nobox_lam1em1,无箱互校,46,1,32,16,256,0.1,0.4430384039878845,0.15160678327083588,0.3367777168750763,0.16315311193466187,-0.13255611062049866,3.6729848384857178,-13.815510749816895,1.3613125085830688,15.176823258399963,1,1,1,0,0.0625,0.0625,16,4.030506134033203,0.04287517070770264,0.8385429382324219,0.16145706176757812,0.2296665893947517,2.772588722239781
scalar,参照,46,1,32,16,256,0.001,0.42417365312576294,0.18159997463226318,0.3319636881351471,0.1489221751689911,0.9236916899681091,6.155941179031288e-08,0.9236916303634644,0.9236916303634644,0.0,0,0,0,0,0.0,0.0,16,0.06603865325450897,0.0,0.9162351489067078,0.08376485109329224,0.217024962329926,2.772588722239781
nobeta,参照,46,1,32,16,256,0.001,0.4241736829280853,0.5621503591537476,0.518938422203064,0.6138105392456055,0.0,0.0,0.0,0.0,0.0,0,0,0,0,0.0,0.0,16,3.7194929122924805,0.0004287517070770264,0.9162351489067078,0.08376485109329224,0.217024962329926,2.772588722239781
box_lam1em3,箱+λ,46,1,32,32,256,0.001,0.3913523554801941,0.1008874848484993,0.3166058361530304,0.03132518380880356,-0.15955089032649994,1.617616057395935,-3.0,1.8586852550506592,4.858685255050659,6,0,6,0,0.1875,0.0,32,0.3721744120121002,0.0002406405657529831,0.6460807919502258,0.35391920804977417,0.14785530137787636,2.0794415416798357
box_lam3em3,箱+λ,46,1,32,32,256,0.003,0.3927009701728821,0.098953977227211,0.31295955181121826,0.03162514418363571,-0.11605660617351532,1.5750056505203247,-3.0,1.8062121868133545,4.8062121868133545,6,0,6,0,0.1875,0.0,32,0.37968510389328003,0.0007219216972589493,0.6590188145637512,0.3409811854362488,0.1445205806630417,2.0794415416798357
box_lam1em2,箱+λ,46,1,32,32,256,0.01,0.38060420751571655,0.08970595896244049,0.29158759117126465,0.035091277211904526,0.003913275897502899,1.4525067806243896,-3.0,1.6555339097976685,4.6555339097976685,5,0,5,0,0.15625,0.0,32,0.4083287715911865,0.002406405657529831,0.6931920647621155,0.3068079352378845,0.1346525663045227,2.0794415416798357
box_lam3em2,箱+λ,46,1,32,32,256,0.03,0.3737766444683075,0.09258530288934708,0.2845636308193207,0.05025345832109451,0.255848228931427,1.0206754207611084,-3.0,1.4038912057876587,4.403891205787659,1,0,1,0,0.03125,0.0,32,0.5231279134750366,0.007219216972589492,0.7617177963256836,0.2382822036743164,0.11187474754923556,2.0794415416798357
box_lam1em1,箱+λ,46,1,32,32,256,0.1,0.35567063093185425,0.10733302682638168,0.2809780240058899,0.06295479834079742,0.37694695591926575,0.7203220725059509,-3.0,1.0472040176391602,4.04720401763916,1,0,1,0,0.03125,0.0,32,0.8214492201805115,0.02406405657529831,0.8065857291221619,0.19341427087783813,0.09358256149259797,2.0794415416798357
box_lam3em1,箱+λ,46,1,32,32,256,0.3,0.34969231486320496,0.11124829202890396,0.27678483724594116,0.06617312878370285,0.41484570503234863,0.37011921405792236,-1.1683135032653809,0.8896729946136475,2.0579864978790283,0,0,0,0,0.0,0.0,32,1.301997184753418,0.07219216972589493,0.8160112500190735,0.1839887499809265,0.08616842987048666,2.0794415416798357
box_lam1e0,箱+λ,46,1,32,32,256,1.0,0.32381245493888855,0.1344030648469925,0.26694974303245544,0.0797690749168396,0.3823610246181488,0.18659372627735138,-0.20392708480358124,0.701625645160675,0.9055527299642563,0,0,0,0,0.0,0.0,32,2.288080930709839,0.2406405657529831,0.8127816319465637,0.18721836805343628,0.0805499738329193,2.0794415416798357
box_lam3e0,箱+λ,46,1,32,32,256,3.0,0.31615158915519714,0.16862697899341583,0.27565932273864746,0.15318156778812408,0.31071317195892334,0.12740373611450195,0.09342947602272034,0.5744323134422302,0.4810028374195099,0,0,0,0,0.0,0.0,32,4.13898229598999,0.7219216972589493,0.7999460101127625,0.20005398988723755,0.08264655314723642,2.0794415416798357
box_lam1e1,箱+λ,46,1,32,32,256,10.0,0.31588777899742126,0.24614405632019043,0.29447412490844727,0.23982150852680206,0.20930401980876923,0.10041141510009766,0.08439258486032486,0.49842575192451477,0.4140331670641899,0,0,0,0,0.0,0.0,32,8.330194473266602,2.406405657529831,0.7959244847297668,0.20407551527023315,0.08410693023401604,2.0794415416798357
box_lam3e1,箱+λ,46,1,32,32,256,30.0,0.3188466429710388,0.3213127553462982,0.3159595727920532,0.3214377462863922,0.11769568920135498,0.06851956248283386,0.042137619107961655,0.3549402058124542,0.31280258670449257,0,0,0,0,0.0,0.0,32,15.008628845214844,7.219216972589493,0.8115473985671997,0.1884526014328003,0.08246516618721762,2.0794415416798357
box_lam1e2,箱+λ,46,1,32,32,256,100.0,0.32198426127433777,0.37926873564720154,0.3376792073249817,0.3780561089515686,0.04804714024066925,0.031830597668886185,0.01595703512430191,0.16715076565742493,0.15119373053312302,0,0,0,0,0.0,0.0,32,22.346450805664062,24.06405657529831,0.8333041667938232,0.16669583320617676,0.0798203867808768,2.0794415416798357
box_lam1e3,箱+λ,46,1,32,32,256,1000.0,0.3235029876232147,0.4134538769721985,0.35502415895462036,0.4136381149291992,0.005635522771626711,0.00401922594755888,0.0017934442730620503,0.02127072587609291,0.01947728160303086,0,0,0,0,0.0,0.0,32,27.656620025634766,240.6405657529831,0.8494064211845398,0.1505935788154602,0.07788988932558062,2.0794415416798357
nobox_lam1em3,无箱互校,46,1,32,32,256,0.001,0.392735093832016,0.09609755873680115,0.3174927234649658,0.031319040805101395,-2.187314033508301,5.738146781921387,-13.815510749816895,1.8491873741149902,15.664698123931885,6,6,6,0,0.1875,0.1875,32,0.36608439683914185,0.0002406405657529831,0.6322970986366272,0.3677029013633728,0.1502025752610339,2.0794415416798357
nobox_lam1em1,无箱互校,46,1,32,32,256,0.1,0.35595250129699707,0.10716187208890915,0.281096875667572,0.06300997734069824,0.039098430424928665,2.555551528930664,-13.815510749816895,1.0453436374664307,14.860854387283325,1,1,1,0,0.03125,0.03125,32,0.8175132274627686,0.02406405657529831,0.8026519417762756,0.19734805822372437,0.09389687364992347,2.0794415416798357
scalar,参照,46,1,32,32,256,0.001,0.323490709066391,0.1106136366724968,0.2611832320690155,0.09596851468086243,0.5580120086669922,0.0,0.5580120086669922,0.5580120086669922,0.0,0,0,0,0,0.0,0.0,32,0.024236705154180527,0.0,0.8516631722450256,0.14833682775497437,0.07762382818947326,2.0794415416798357
nobeta,参照,46,1,32,32,256,0.001,0.3234901428222656,0.41789716482162476,0.35683363676071167,0.4182491600513458,0.0,0.0,0.0,0.0,0.0,0,0,0,0,0.0,0.0,32,0.36608439683914185,0.0002406405657529831,0.8516631722450256,0.14833682775497437,0.07762382818947326,2.0794415416798357
box_lam1em3,箱+λ,46,1,32,64,256,0.001,0.3863392770290375,0.05462868511676788,0.30433496832847595,0.008063219487667084,-0.03104066662490368,1.0180052518844604,-3.0,1.1577574014663696,4.15775740146637,4,0,4,0,0.0625,0.0,32,0.02104458212852478,0.0001273770034313202,0.6370295882225037,0.36297041177749634,0.07824478678228197,1.3862943611198906
box_lam3em3,箱+λ,46,1,32,64,256,0.003,0.3828412592411041,0.053599972277879715,0.29928091168403625,0.00893242098391056,-0.007288367487490177,0.9925664663314819,-3.0,1.1439971923828125,4.1439971923828125,4,0,4,0,0.0625,0.0,32,0.022164642810821533,0.0003821310102939606,0.6466928720474243,0.3533071279525757,0.07625778426392141,1.3862943611198906
box_lam1em2,箱+λ,46,1,32,64,256,0.01,0.36824339628219604,0.052563879638910294,0.28856807947158813,0.013182666152715683,0.08578141033649445,0.821623682975769,-3.0,1.085577368736267,4.085577368736267,2,0,2,0,0.03125,0.0,32,0.02922782674431801,0.0012737700343132018,0.6845849752426147,0.31541502475738525,0.07014406376334102,1.3862943611198906
box_lam3em2,箱+λ,46,1,32,64,256,0.03,0.3106515109539032,0.05359368398785591,0.25451505184173584,0.016182763502001762,0.21320126950740814,0.48200318217277527,-1.450792670249939,0.9527366161346436,2.4035292863845825,0,0,0,0,0.0,0.0,32,0.058227915316820145,0.0038213101029396057,0.7424784302711487,0.2575215697288513,0.060009926802445594,1.3862943611198906
box_lam1em1,箱+λ,46,1,32,64,256,0.1,0.29704174399375916,0.05731566250324249,0.23828768730163574,0.02613852545619011,0.23899784684181213,0.29769691824913025,-0.8831443190574646,0.7406527400016785,1.623797059059143,0,0,0,0,0.0,0.0,32,0.1415831297636032,0.01273770034313202,0.7641658186912537,0.23583418130874634,0.052984810806816,1.3862943611198906
box_lam3em1,箱+λ,46,1,32,64,256,0.3,0.2928241789340973,0.06282344460487366,0.23451602458953857,0.03582998737692833,0.21518641710281372,0.19681082665920258,-0.6307835578918457,0.618641197681427,1.2494247555732727,0,0,0,0,0.0,0.0,32,0.2792043089866638,0.038213101029396054,0.7556998133659363,0.24430018663406372,0.049396186105806025,1.3862943611198906
box_lam1e0,箱+λ,46,1,32,64,256,1.0,0.29105547070503235,0.06649510562419891,0.23038199543952942,0.0356379933655262,0.1785200834274292,0.12228965759277344,-0.2652248442173004,0.5016409158706665,0.7668657600879669,0,0,0,0,0.0,0.0,32,0.5344743728637695,0.1273770034313202,0.742355465888977,0.25764453411102295,0.04711142341829034,1.3862943611198906
box_lam3e0,箱+λ,46,1,32,64,256,3.0,0.28221815824508667,0.07704129815101624,0.23195725679397583,0.04958903789520264,0.1410406231880188,0.08539605885744095,-0.036132581532001495,0.36426204442977905,0.40039462596178055,0,0,0,0,0.0,0.0,32,0.9350986480712891,0.38213101029396057,0.7315249443054199,0.2684750556945801,0.04682528915488458,1.3862943611198906
box_lam1e1,箱+λ,46,1,32,64,256,10.0,0.28144586086273193,0.10931961983442307,0.23186370730400085,0.09891945868730545,0.09794948995113373,0.06323838233947754,0.032241664826869965,0.2920903265476227,0.2598486617207527,0,0,0,0,0.0,0.0,32,1.756583333015442,1.273770034313202,0.7271388173103333,0.27286118268966675,0.046897555925517045,1.3862943611198906
box_lam3e1,箱+λ,46,1,32,64,256,30.0,0.2820119559764862,0.15865713357925415,0.23727962374687195,0.1497473269701004,0.060036562383174896,0.045209966599941254,0.015313902869820595,0.2516951262950897,0.23638122342526913,0,0,0,0,0.0,0.0,32,3.1494431495666504,3.8213101029396057,0.7352242469787598,0.26477575302124023,0.0461942852175311,1.3862943611198906
box_lam1e2,箱+λ,46,1,32,64,256,100.0,0.28178566694259644,0.19821061193943024,0.24293267726898193,0.19111250340938568,0.02738891914486885,0.02346588671207428,0.005968485958874226,0.14056247472763062,0.1345939887687564,0,0,0,0,0.0,0.0,32,5.293531894683838,12.737700343132019,0.7516193389892578,0.2483806610107422,0.044871908685704065,1.3862943611198906
box_lam1e3,箱+λ,46,1,32,64,256,1000.0,0.2815552055835724,0.22880470752716064,0.25357985496520996,0.21986298263072968,0.003515159711241722,0.0032685077749192715,0.0007020154735073447,0.02026788331568241,0.019565867842175066,0,0,0,0,0.0,0.0,32,7.557222366333008,127.37700343132019,0.7675708532333374,0.2324291467666626,0.043680767028784366,1.3862943611198906
nobox_lam1em3,无箱互校,46,1,32,64,256,0.001,0.38897624611854553,0.05671170726418495,0.3101646304130554,0.008363336324691772,-0.7184785008430481,3.476256847381592,-13.815510749816895,1.1631301641464233,14.978640913963318,4,4,4,0,0.0625,0.0625,32,0.02035735547542572,0.0001273770034313202,0.6221500039100647,0.3778499960899353,0.08001014193438438,1.3862943611198906
nobox_lam1em1,无箱互校,46,1,32,64,256,0.1,0.2970433533191681,0.057319559156894684,0.23828928172588348,0.02613840252161026,0.23897559940814972,0.29771679639816284,-0.8833001255989075,0.7406642436981201,1.6239643692970276,0,0,0,0,0.0,0.0,32,0.1415846049785614,0.01273770034313202,0.7641503214836121,0.23584967851638794,0.05298713774414499,1.3862943611198906
scalar,参照,46,1,32,64,256,0.001,0.28154024481773376,0.04830498620867729,0.22668571770191193,0.06252316385507584,0.2654748857021332,0.0,0.2654748857021332,0.2654748857021332,0.0,0,0,0,0,0.0,0.0,32,0.007489128969609737,0.0,0.7701208591461182,0.22987914085388184,0.04349966105742416,1.3862943611198906
nobeta,参照,46,1,32,64,256,0.001,0.2815403640270233,0.2333368957042694,0.2555862069129944,0.22658929228782654,0.0,0.0,0.0,0.0,0.0,0,0,0,0,0.0,0.0,32,0.02035735547542572,0.0001273770034313202,0.7701212167739868,0.22987878322601318,0.04349966105742416,1.3862943611198906
box_lam1em3,箱+λ,46,2,8,8,256,0.001,0.8582993149757385,0.2385319322347641,0.8157950043678284,0.2830066978931427,0.6527122259140015,1.6149075031280518,-3.0,1.9445422887802124,4.944542288780212,1,0,1,0,0.125,0.0,8,1.1597731113433838,0.00024314965307712557,0.7874157428741455,0.2125842571258545,0.1791409218122978,3.4657359027997265
box_lam3em3,箱+λ,46,2,8,8,256,0.003,0.9126965403556824,0.2561260163784027,0.8333163857460022,0.2894223928451538,0.6736173629760742,1.6068415641784668,-3.0,1.942499041557312,4.942499041557312,1,0,1,0,0.125,0.0,8,1.1619327068328857,0.0007294489592313767,0.8003418445587158,0.19965815544128418,0.17466713383542237,3.4657359027997265
box_lam1em2,箱+λ,46,2,8,8,256,0.01,0.9675107598304749,0.24404276907444,0.8416323661804199,0.3078899681568146,0.9239250421524048,0.9993734359741211,-1.1048095226287842,1.902679443359375,3.007488965988159,0,0,0,0,0.0,0.0,8,1.177837610244751,0.0024314965307712555,0.8532322645187378,0.1467677354812622,0.168279666651135,3.4657359027997265
box_lam3em2,箱+λ,46,2,8,8,256,0.03,0.9371809363365173,0.25938838720321655,0.8312285542488098,0.26857638359069824,1.0538779497146606,0.6590567827224731,-0.09512566775083542,1.774585247039795,1.8697109147906303,0,0,0,0,0.0,0.0,8,1.2418301105499268,0.007294489592313766,0.919185221195221,0.08081477880477905,0.15802605762779412,3.4657359027997265
box_lam1em1,箱+λ,46,2,8,8,256,0.1,0.896956741809845,0.24166271090507507,0.8575512766838074,0.25312796235084534,1.0571298599243164,0.4826011061668396,0.13116711378097534,1.524523138999939,1.3933560252189636,0,0,0,0,0.0,0.0,8,1.5192387104034424,0.024314965307712558,0.953864336013794,0.046135663986206055,0.15361899526525752,3.4657359027997265
box_lam3em1,箱+λ,46,2,8,8,256,0.3,0.9320194125175476,0.27428770065307617,0.8963070511817932,0.22752465307712555,0.9874873757362366,0.26730525493621826,0.5088085532188416,1.2956725358963013,0.7868639826774597,0,0,0,0,0.0,0.0,8,2.368856906890869,0.07294489592313766,0.9628430008888245,0.03715699911117554,0.15072618143938882,3.4657359027997265
box_lam1e0,箱+λ,46,2,8,8,256,1.0,1.0639451742172241,0.40696442127227783,0.9855034947395325,0.36970606446266174,0.795772910118103,0.1043991819024086,0.6635140180587769,0.9482082724571228,0.28469425439834595,0,0,0,0,0.0,0.0,8,4.467254638671875,0.24314965307712555,0.9285967350006104,0.07140326499938965,0.15062807330522768,3.4657359027997265
box_lam3e0,箱+λ,46,2,8,8,256,3.0,1.114297866821289,0.5415393710136414,0.9508256912231445,0.49138882756233215,0.5598772168159485,0.1252787858247757,0.4173365831375122,0.8206788301467896,0.40334224700927734,0,0,0,0,0.0,0.0,8,7.523961067199707,0.7294489592313766,0.8937608003616333,0.1062391996383667,0.15275209930593003,3.4657359027997265
box_lam1e1,箱+λ,46,2,8,8,256,10.0,1.1063785552978516,0.6417521238327026,0.9564518332481384,0.6097255349159241,0.31032124161720276,0.12608349323272705,0.2026287317276001,0.6000893115997314,0.39746057987213135,0,0,0,0,0.0,0.0,8,12.261014938354492,2.4314965307712555,0.8902179002761841,0.10978209972381592,0.15331617912211626,3.4657359027997265
box_lam3e1,箱+λ,46,2,8,8,256,30.0,1.0944666862487793,0.6956494450569153,0.9333397746086121,0.6738194227218628,0.14453719556331635,0.07751826196908951,0.08154761046171188,0.32536593079566956,0.24381832033395767,0,0,0,0,0.0,0.0,8,16.597454071044922,7.2944895923137665,0.9080714583396912,0.09192854166030884,0.1521756007385842,3.4657359027997265
box_lam1e2,箱+λ,46,2,8,8,256,100.0,1.0784448385238647,0.7220945358276367,0.9417984485626221,0.7027263641357422,0.051230933517217636,0.03145887702703476,0.02662702463567257,0.1251518875360489,0.09852486290037632,0,0,0,0,0.0,0.0,8,19.32559585571289,24.314965307712555,0.9236351251602173,0.07636487483978271,0.1511567596806089,3.4657359027997265
box_lam1e3,箱+λ,46,2,8,8,256,1000.0,1.0702295303344727,0.7348207235336304,0.9248260855674744,0.718513548374176,0.005533013958483934,0.0036194217391312122,0.0027620759792625904,0.014068948104977608,0.011306872125715017,0,0,0,0,0.0,0.0,8,20.693073272705078,243.14965307712555,0.9322496056556702,0.06775039434432983,0.150595616731251,3.4657359027997265
nobox_lam1em3,无箱互校,46,2,8,8,256,0.001,0.860491931438446,0.23889602720737457,0.8161263465881348,0.28202223777770996,-0.6986805200576782,5.340472221374512,-13.815510749816895,1.9458345174789429,15.761345267295837,1,1,1,0,0.125,0.125,8,1.1587271690368652,0.00024314965307712557,0.7770379185676575,0.22296208143234253,0.17959606904229858,3.4657359027997265
nobox_lam1em1,无箱互校,46,2,8,8,256,0.1,0.8969559073448181,0.2416624277830124,0.8575522899627686,0.2531281113624573,1.0571297407150269,0.48260098695755005,0.1311674267053604,1.5245227813720703,1.39335535466671,0,0,0,0,0.0,0.0,8,1.5192387104034424,0.024314965307712558,0.953864574432373,0.04613542556762695,0.1536188274442959,3.4657359027997265
scalar,参照,46,2,8,8,256,0.001,1.0692296028137207,0.23505671322345734,0.9947502613067627,0.20739153027534485,1.210593342781067,1.2744008870413381e-07,1.2105934619903564,1.2105934619903564,0.0,0,0,0,0,0.0,0.0,8,0.10623257607221603,0.0,0.9333231449127197,0.06667685508728027,0.15052587033960307,3.4657359027997265
nobeta,参照,46,2,8,8,256,0.001,1.0692254304885864,0.7363091111183167,0.9222049117088318,0.7208752632141113,0.0,0.0,0.0,0.0,0.0,0,0,0,0,0.0,0.0,8,1.1587271690368652,0.00024314965307712557,0.9333229064941406,0.06667709350585938,0.15052585355750692,3.4657359027997265
box_lam1em3,箱+λ,46,2,8,16,256,0.001,0.59238600730896,0.1847149133682251,0.5673941969871521,0.15843424201011658,0.21940284967422485,1.3264521360397339,-3.0,2.0701234340667725,5.0701234340667725,1,0,1,0,0.0625,0.0,8,0.0006245498661883175,0.0001456373929977417,0.6377044320106506,0.36229556798934937,0.04716466317526135,2.772588722239781
box_lam3em3,箱+λ,46,2,8,16,256,0.003,0.5855773687362671,0.17374871671199799,0.5567498803138733,0.16065238416194916,0.2771387994289398,1.2490143775939941,-3.0,2.0322306156158447,5.032230615615845,1,0,1,0,0.0625,0.0,8,0.002836870728060603,0.0004369121789932251,0.6623391509056091,0.33766084909439087,0.04259981974013671,2.772588722239781
box_lam1em2,箱+λ,46,2,8,16,256,0.01,0.6020663976669312,0.16122721135616302,0.5539368391036987,0.1652848720550537,0.39408165216445923,1.0466798543930054,-2.152088165283203,1.919015884399414,4.071104049682617,0,0,0,0,0.0,0.0,8,0.017151860520243645,0.001456373929977417,0.7145130634307861,0.28548693656921387,0.034236569103829106,2.772588722239781
box_lam3em2,箱+λ,46,2,8,16,256,0.03,0.6030375957489014,0.14571315050125122,0.5580798387527466,0.15444374084472656,0.5821068286895752,0.6736844778060913,-0.8824243545532227,1.6882171630859375,2.57064151763916,0,0,0,0,0.0,0.0,8,0.06991737335920334,0.004369121789932251,0.7895934581756592,0.21040654182434082,0.025359647872680923,2.772588722239781
box_lam1em1,箱+λ,46,2,8,16,256,0.1,0.6052333116531372,0.1551280915737152,0.5602304935455322,0.12914083898067474,0.6397445201873779,0.4939729571342468,-0.34623363614082336,1.3129695653915405,1.659203201532364,0,0,0,0,0.0,0.0,8,0.20518973469734192,0.01456373929977417,0.847932755947113,0.15206724405288696,0.019141105072832936,2.772588722239781
box_lam3em1,箱+λ,46,2,8,16,256,0.3,0.5940271615982056,0.1987622231245041,0.5568435788154602,0.11085648089647293,0.62738436460495,0.34095001220703125,-0.10798041522502899,0.9650239944458008,1.0730044096708298,0,0,0,0,0.0,0.0,8,0.4771382808685303,0.04369121789932251,0.8713300824165344,0.12866991758346558,0.01720911659850861,2.772588722239781
box_lam1e0,箱+λ,46,2,8,16,256,1.0,0.5953713655471802,0.2879416346549988,0.5330124497413635,0.21256867051124573,0.5369083881378174,0.21053490042686462,0.08477455377578735,0.8003994822502136,0.7156249284744263,0,0,0,0,0.0,0.0,8,1.244337797164917,0.1456373929977417,0.8660392761230469,0.13396072387695312,0.01737445905429848,2.772588722239781
box_lam3e0,箱+λ,46,2,8,16,256,3.0,0.589788019657135,0.39364781975746155,0.544084370136261,0.3408539891242981,0.40018755197525024,0.1386038362979889,0.079082190990448,0.5611050128936768,0.48202282190322876,0,0,0,0,0.0,0.0,8,2.732170343399048,0.4369121789932251,0.8457502126693726,0.15424978733062744,0.018457436039398627,2.772588722239781
box_lam1e1,箱+λ,46,2,8,16,256,10.0,0.5901188254356384,0.4953729808330536,0.5704103708267212,0.4523952603340149,0.23811209201812744,0.09996842592954636,0.04665865749120712,0.5058012008666992,0.4591425433754921,0,0,0,0,0.0,0.0,8,5.207312107086182,1.456373929977417,0.8380222916603088,0.16197770833969116,0.018375623320610462,2.772588722239781
box_lam3e1,箱+λ,46,2,8,16,256,30.0,0.582744300365448,0.5599505305290222,0.603844165802002,0.519071102142334,0.11943971365690231,0.06384964287281036,0.023880939930677414,0.31995126605033875,0.29607032611966133,0,0,0,0,0.0,0.0,8,7.894032955169678,4.369121789932251,0.8525086641311646,0.14749133586883545,0.016886922378705666,2.772588722239781
box_lam1e2,箱+λ,46,2,8,16,256,100.0,0.5781421661376953,0.5965990424156189,0.6274936199188232,0.5560215711593628,0.044758863747119904,0.02784247137606144,0.00893274787813425,0.13635794818401337,0.12742520030587912,0,0,0,0,0.0,0.0,8,10.071706771850586,14.56373929977417,0.8700880408287048,0.12991195917129517,0.015515816731248754,2.772588722239781
box_lam1e3,箱+λ,46,2,8,16,256,1000.0,0.5719203948974609,0.6129909157752991,0.6395247578620911,0.5741697549819946,0.004989439155906439,0.003359238151460886,0.0009889479260891676,0.016241852194070816,0.015252904267981648,0,0,0,0,0.0,0.0,8,11.3667573928833,145.6373929977417,0.8814907073974609,0.11850929260253906,0.014730792228046012,2.772588722239781
nobox_lam1em3,无箱互校,46,2,8,16,256,0.001,0.5956254601478577,0.18640413880348206,0.5711801052093506,0.15712223947048187,-0.4661613702774048,3.705584764480591,-13.815510749816895,2.0687944889068604,15.884305238723755,1,1,1,0,0.0625,0.0625,8,0.0006218769703991711,0.0001456373929977417,0.634340763092041,0.365659236907959,0.04659176856306622,2.772588722239781
nobox_lam1em1,无箱互校,46,2,8,16,256,0.1,0.6052323579788208,0.1551280915737152,0.560230016708374,0.129140704870224,0.6397442817687988,0.4939732551574707,-0.3462330400943756,1.3129695653915405,1.6592026054859161,0,0,0,0,0.0,0.0,8,0.2051897644996643,0.01456373929977417,0.8479323387145996,0.1520676612854004,0.0191411638101695,2.772588722239781
scalar,参照,46,2,8,16,256,0.001,0.571483850479126,0.2006279081106186,0.501876950263977,0.136078879237175,0.7954846620559692,6.155941179031288e-08,0.795484721660614,0.795484721660614,0.0,0,0,0,0,0.0,0.0,8,0.04649830237030983,0.0,0.8829973936080933,0.11700260639190674,0.014631930997319605,2.772588722239781
nobeta,参照,46,2,8,16,256,0.001,0.5714848041534424,0.6149873733520508,0.640607476234436,0.5763705372810364,0.0,0.0,0.0,0.0,0.0,0,0,0,0,0.0,0.0,8,0.0006218769703991711,0.0001456373929977417,0.8829972147941589,0.11700278520584106,0.014631938339486675,2.772588722239781
box_lam1em3,箱+λ,46,2,8,32,256,0.001,0.6063160300254822,0.10529590398073196,0.5334347486495972,0.12306629866361618,0.04982718825340271,0.9215564131736755,-2.6618542671203613,1.4411507844924927,4.103005051612854,0,0,0,0,0.0,0.0,8,1.1265202374488581e-05,7.724706828594207e-05,0.5987991690635681,0.4012008309364319,0.023676670043441508,2.0794415416798357
box_lam3em3,箱+λ,46,2,8,32,256,0.003,0.5954740643501282,0.10955590009689331,0.526749849319458,0.11875799298286438,0.13671329617500305,0.7655444741249084,-1.734740972518921,1.4173154830932617,3.1520564556121826,0,0,0,0,0.0,0.0,8,9.755582868820056e-05,0.00023174120485782625,0.6200995445251465,0.3799004554748535,0.023234543622300166,2.0794415416798357
box_lam1em2,箱+λ,46,2,8,32,256,0.01,0.5702478885650635,0.10816722363233566,0.5131704807281494,0.11927662789821625,0.26833224296569824,0.566749632358551,-1.2141938209533691,1.3500767946243286,2.5642706155776978,0,0,0,0,0.0,0.0,8,0.0009738464723341167,0.0007724706828594208,0.668700098991394,0.33129990100860596,0.021815153786424096,2.0794415416798357
box_lam3em2,箱+λ,46,2,8,32,256,0.03,0.5506275296211243,0.12588466703891754,0.5044316053390503,0.12733663618564606,0.3587716221809387,0.42915406823158264,-0.8301020860671997,1.238012433052063,2.0681145191192627,0,0,0,0,0.0,0.0,8,0.00670710951089859,0.002317412048578262,0.716547966003418,0.28345203399658203,0.020147766524518877,2.0794415416798357
box_lam1em1,箱+λ,46,2,8,32,256,0.1,0.5534744262695312,0.1477322280406952,0.49874603748321533,0.12417502701282501,0.37824714183807373,0.33395251631736755,-0.584751307964325,1.0561556816101074,1.6409069895744324,0,0,0,0,0.0,0.0,8,0.03755871579051018,0.0077247068285942085,0.7364449501037598,0.26355504989624023,0.01950567932984916,2.0794415416798357
box_lam3em1,箱+λ,46,2,8,32,256,0.3,0.5553669929504395,0.15998806059360504,0.49746954441070557,0.07774369418621063,0.36399325728416443,0.24511347711086273,-0.2906207740306854,0.8483354449272156,1.138956218957901,0,0,0,0,0.0,0.0,8,0.1175372302532196,0.023174120485782622,0.7435824871063232,0.25641751289367676,0.01912813461026198,2.0794415416798357
box_lam1e0,箱+λ,46,2,8,32,256,1.0,0.5418835878372192,0.19449104368686676,0.499660462141037,0.13984380662441254,0.3164903521537781,0.16738630831241608,0.01720128394663334,0.7006134390830994,0.683412155136466,0,0,0,0,0.0,0.0,8,0.32302016019821167,0.07724706828594208,0.7433621287345886,0.2566378712654114,0.01896040175465008,2.0794415416798357
box_lam3e0,箱+λ,46,2,8,32,256,3.0,0.5347432494163513,0.2576412856578827,0.5066385865211487,0.22137008607387543,0.2463112324476242,0.12352297455072403,0.07344496250152588,0.4971748888492584,0.42372992634773254,0,0,0,0,0.0,0.0,8,0.7563208341598511,0.23174120485782623,0.7379559278488159,0.2620440721511841,0.01914606837777275,2.0794415416798357
box_lam1e1,箱+λ,46,2,8,32,256,10.0,0.5337321162223816,0.33551064133644104,0.5187561511993408,0.30812665820121765,0.1570451557636261,0.09206204861402512,0.04502328485250473,0.43346530199050903,0.3884420171380043,0,0,0,0,0.0,0.0,8,1.6550121307373047,0.7724706828594208,0.7371224761009216,0.26287752389907837,0.019167215916698482,2.0794415416798357
box_lam3e1,箱+λ,46,2,8,32,256,30.0,0.531962513923645,0.39333033561706543,0.5329494476318359,0.37103888392448425,0.08620607107877731,0.06255201250314713,0.023863013833761215,0.32980918884277344,0.3059461750090122,0,0,0,0,0.0,0.0,8,2.88930606842041,2.3174120485782623,0.751815915107727,0.24818408489227295,0.018435136829123802,2.0794415416798357
box_lam1e2,箱+λ,46,2,8,32,256,100.0,0.5278289318084717,0.43411579728126526,0.5407993793487549,0.41425710916519165,0.03539005294442177,0.030128883197903633,0.008017381653189659,0.16447117924690247,0.1564537975937128,0,0,0,0,0.0,0.0,8,4.294160842895508,7.724706828594208,0.773878812789917,0.226121187210083,0.01744157799901609,2.0794415416798357
box_lam1e3,箱+λ,46,2,8,32,256,1000.0,0.5241881012916565,0.45943886041641235,0.5421294569969177,0.43783411383628845,0.004205565433949232,0.003938327543437481,0.0008511496125720441,0.02179410681128502,0.020942957198712975,0,0,0,0,0.0,0.0,8,5.414857864379883,77.24706828594208,0.7916507720947266,0.20834922790527344,0.016723807746181256,2.0794415416798357
nobox_lam1em3,无箱互校,46,2,8,32,256,0.001,0.6099450588226318,0.10791513323783875,0.5355507731437683,0.12291527539491653,0.003760889172554016,1.027432918548584,-3.4436423778533936,1.4466432332992554,4.890285611152649,1,0,1,0,0.03125,0.0,8,1.1258272934355773e-05,7.724706828594207e-05,0.5916044116020203,0.40839558839797974,0.02382518530118627,2.0794415416798357
nobox_lam1em1,无箱互校,46,2,8,32,256,0.1,0.553473949432373,0.14773133397102356,0.4987461566925049,0.12417490035295486,0.3782455027103424,0.3339540660381317,-0.5847537517547607,1.0561572313308716,1.6409109830856323,0,0,0,0,0.0,0.0,8,0.03755869343876839,0.0077247068285942085,0.7364440560340881,0.26355594396591187,0.01950571289404148,2.0794415416798357
scalar,参照,46,2,8,32,256,0.001,0.523654580116272,0.15221476554870605,0.4840450882911682,0.12840504944324493,0.49677497148513794,3.027918893394599e-08,0.4967750012874603,0.4967750012874603,0.0,0,0,0,0,0.0,0.0,8,0.01985945552587509,0.0,0.7942438125610352,0.20575618743896484,0.016625158389418894,2.0794415416798357
nobeta,参照,46,2,8,32,256,0.001,0.523653507232666,0.46275150775909424,0.5422149300575256,0.44009366631507874,0.0,0.0,0.0,0.0,0.0,0,0,0,0,0.0,0.0,8,1.1258272934355773e-05,7.724706828594207e-05,0.7942438125610352,0.20575618743896484,0.016625182513682123,2.0794415416798357
box_lam1em3,箱+λ,46,2,8,64,256,0.001,0.5853968262672424,0.09016726166009903,0.535845935344696,0.10261255502700806,-0.3337150812149048,0.7254524230957031,-2.4500534534454346,1.0838807821273804,3.533934235572815,0,0,0,0,0.0,0.0,8,2.8569377263920614e-07,4.010952264070511e-05,0.4485315978527069,0.5514684021472931,0.028692158911271557,1.3862943611198906
box_lam3em3,箱+λ,46,2,8,64,256,0.003,0.5803435444831848,0.08831357955932617,0.5291522741317749,0.10070312023162842,-0.2584863305091858,0.6306312084197998,-1.9206507205963135,1.0574393272399902,2.9780900478363037,0,0,0,0,0.0,0.0,8,2.5442654987273272e-06,0.00012032856792211533,0.4669252038002014,0.5330747961997986,0.028427108777780125,1.3862943611198906
box_lam1em2,箱+λ,46,2,8,64,256,0.01,0.5655300617218018,0.08286308497190475,0.5167315006256104,0.08644431084394455,-0.09813990443944931,0.4540333151817322,-1.1180574893951416,0.9766276478767395,2.094685137271881,0,0,0,0,0.0,0.0,8,2.7413743737270124e-05,0.0004010952264070511,0.5194859504699707,0.4805140495300293,0.027338901023082587,1.3862943611198906
box_lam3em2,箱+λ,46,2,8,64,256,0.03,0.5407828688621521,0.07200673222541809,0.4995419383049011,0.05449066683650017,0.07972583174705505,0.2738352119922638,-0.5746657848358154,0.8252772092819214,1.3999429941177368,0,0,0,0,0.0,0.0,8,0.00022713950602337718,0.0012032856792211532,0.6032966375350952,0.3967033624649048,0.02512920451923689,1.3862943611198906
box_lam1em1,箱+λ,46,2,8,64,256,0.1,0.5265111327171326,0.07612839341163635,0.49458348751068115,0.0544988177716732,0.1655859798192978,0.18317317962646484,-0.43451640009880066,0.6738461256027222,1.1083625257015228,0,0,0,0,0.0,0.0,8,0.0019699835684150457,0.004010952264070511,0.6576868295669556,0.34231317043304443,0.023689556595531656,1.3862943611198906
box_lam3em1,箱+λ,46,2,8,64,256,0.3,0.5278457999229431,0.07125400006771088,0.49260205030441284,0.05743275582790375,0.15893471240997314,0.15877887606620789,-0.33885660767555237,0.5755905508995056,0.914447158575058,0,0,0,0,0.0,0.0,8,0.010826598852872849,0.012032856792211532,0.6593425869941711,0.34065741300582886,0.023410298319877346,1.3862943611198906
box_lam1e0,箱+λ,46,2,8,64,256,1.0,0.52947598695755,0.08900462090969086,0.47984421253204346,0.06860478222370148,0.1382882446050644,0.12243038415908813,-0.1604597568511963,0.4785783290863037,0.6390380859375,0,0,0,0,0.0,0.0,8,0.04932861030101776,0.04010952264070511,0.659250795841217,0.34074920415878296,0.023127238899442418,1.3862943611198906
box_lam3e0,箱+λ,46,2,8,64,256,3.0,0.5237302780151367,0.11201007664203644,0.4782230257987976,0.09545578062534332,0.11052901297807693,0.08738742768764496,-0.03459327295422554,0.3673175573348999,0.40191083028912544,0,0,0,0,0.0,0.0,8,0.1450023204088211,0.12032856792211533,0.6602010130882263,0.3397989869117737,0.022996445535244384,1.3862943611198906
box_lam1e1,箱+λ,46,2,8,64,256,10.0,0.519733726978302,0.16337759792804718,0.4792328178882599,0.14537674188613892,0.0740380585193634,0.05801722779870033,-0.005142298061400652,0.21990038454532623,0.22504268260672688,0,0,0,0,0.0,0.0,8,0.35160747170448303,0.4010952264070511,0.6625542640686035,0.3374457359313965,0.02308056159673074,1.3862943611198906
box_lam3e1,箱+λ,46,2,8,64,256,30.0,0.517895519733429,0.2044835388660431,0.4811687767505646,0.19133897125720978,0.04339928552508354,0.03842262178659439,0.006539374124258757,0.2076025903224945,0.20106321619823575,0,0,0,0,0.0,0.0,8,0.6386715173721313,1.2032856792211533,0.6703059077262878,0.32969409227371216,0.023043355689540305,1.3862943611198906
box_lam1e2,箱+λ,46,2,8,64,256,100.0,0.5158594250679016,0.23545604944229126,0.4841606020927429,0.22337453067302704,0.01955169439315796,0.020198879763484,0.004273093305528164,0.12758837640285492,0.12331528309732676,0,0,0,0,0.0,0.0,8,1.0259734392166138,4.010952264070511,0.6845735907554626,0.31542640924453735,0.02271434479205269,1.3862943611198906
box_lam1e3,箱+λ,46,2,8,64,256,1000.0,0.5137999057769775,0.2566852569580078,0.48695600032806396,0.24193401634693146,0.002544284798204899,0.002948542358353734,0.0004974558250978589,0.019812660291790962,0.019315204466693103,0,0,0,0,0.0,0.0,8,1.4632102251052856,40.10952264070511,0.6999516487121582,0.3000483512878418,0.02230818869627188,1.3862943611198906
nobox_lam1em3,无箱互校,46,2,8,64,256,0.001,0.5883679389953613,0.09099040925502777,0.5399479866027832,0.10724382102489471,-0.39884883165359497,0.8334323167800903,-3.2547805309295654,1.0989059209823608,4.353686451911926,2,0,2,0,0.03125,0.0,8,2.85423084278591e-07,4.010952264070511e-05,0.43680089712142944,0.5631991028785706,0.028815675139021484,1.3862943611198906
nobox_lam1em1,无箱互校,46,2,8,64,256,0.1,0.5265352129936218,0.07621774822473526,0.4945967495441437,0.05445080250501633,0.16537730395793915,0.1833404004573822,-0.4347422122955322,0.6741358041763306,1.1088780164718628,0,0,0,0,0.0,0.0,8,0.0019699863623827696,0.004010952264070511,0.6575502753257751,0.34244972467422485,0.023692468289215705,1.3862943611198906
scalar,参照,46,2,8,64,256,0.001,0.5134595632553101,0.07661814242601395,0.46891409158706665,0.05675025284290314,0.24068163335323334,1.5018958521295644e-08,0.24068161845207214,0.24068161845207214,0.0,0,0,0,0,0.0,0.0,8,0.0052747586742043495,0.0,0.7025775909423828,0.2974224090576172,0.02223945762144174,1.3862943611198906
nobeta,参照,46,2,8,64,256,0.001,0.5134601593017578,0.2597846984863281,0.48643529415130615,0.24461160600185394,0.0,0.0,0.0,0.0,0.0,0,0,0,0,0.0,0.0,8,2.85423084278591e-07,4.010952264070511e-05,0.7025775909423828,0.2974224090576172,0.02223945762144174,1.3862943611198906
box_lam1em3,箱+λ,46,2,16,8,256,0.001,0.4565052092075348,0.25075143575668335,0.4349754750728607,0.17128202319145203,0.568158745765686,1.6793802976608276,-3.0,2.1809475421905518,5.180947542190552,1,0,1,0,0.125,0.0,8,1.4574991464614868,0.0003083538115024567,0.7696298360824585,0.2303701639175415,0.3079838210240364,3.4657359027997265
box_lam3em3,箱+λ,46,2,16,8,256,0.003,0.4610578715801239,0.25043830275535583,0.4326779246330261,0.17782729864120483,0.590207576751709,1.6580466032028198,-3.0,2.1601626873016357,5.160162687301636,1,0,1,0,0.125,0.0,8,1.459991216659546,0.00092506143450737,0.7779773473739624,0.2220226526260376,0.307420630054835,3.4657359027997265
box_lam1em2,箱+λ,46,2,16,8,256,0.01,0.46401724219322205,0.22271910309791565,0.42952221632003784,0.1843269020318985,0.6363847255706787,1.6157110929489136,-3.0,2.0944769382476807,5.094476938247681,1,0,1,0,0.125,0.0,8,1.4829673767089844,0.0030835381150245665,0.7998685836791992,0.20013141632080078,0.30693193691633064,3.4657359027997265
box_lam3em2,箱+λ,46,2,16,8,256,0.03,0.4556339979171753,0.19992218911647797,0.42900773882865906,0.20725686848163605,0.6819814443588257,1.5687357187271118,-3.0,1.9495046138763428,4.949504613876343,1,0,1,0,0.125,0.0,8,1.6040302515029907,0.0092506143450737,0.8311513066291809,0.1688486933708191,0.30702919459944467,3.4657359027997265
box_lam1em1,箱+λ,46,2,16,8,256,0.1,0.4825570285320282,0.19182461500167847,0.44143596291542053,0.18010292947292328,1.0051606893539429,0.5914469361305237,-0.23359352350234985,1.6310663223266602,1.86465984582901,0,0,0,0,0.0,0.0,8,2.1457457542419434,0.03083538115024567,0.9003809690475464,0.09961903095245361,0.2764303583493263,3.4657359027997265
box_lam3em1,箱+λ,46,2,16,8,256,0.3,0.49903663992881775,0.2359514981508255,0.4687389135360718,0.18621692061424255,1.0079625844955444,0.2711341977119446,0.5522346496582031,1.3121048212051392,0.759870171546936,0,0,0,0,0.0,0.0,8,3.091984272003174,0.092506143450737,0.9248823523521423,0.07511764764785767,0.27272317431971876,3.4657359027997265
box_lam1e0,箱+λ,46,2,16,8,256,1.0,0.5130333304405212,0.2702662944793701,0.4835633337497711,0.2240811437368393,0.8660578727722168,0.14544455707073212,0.6385989189147949,1.1636590957641602,0.5250601768493652,0,0,0,0,0.0,0.0,8,5.4482598304748535,0.30835381150245667,0.9202226400375366,0.07977735996246338,0.27268491736394834,3.4657359027997265
box_lam3e0,箱+λ,46,2,16,8,256,3.0,0.5287466645240784,0.3957981467247009,0.5085713863372803,0.38754791021347046,0.6463988423347473,0.13515004515647888,0.5241429209709167,0.8829841613769531,0.3588412404060364,0,0,0,0,0.0,0.0,8,10.459381103515625,0.92506143450737,0.9150601625442505,0.08493983745574951,0.272792134000628,3.4657359027997265
box_lam1e1,箱+λ,46,2,16,8,256,10.0,0.540389895439148,0.5582024455070496,0.5638020038604736,0.5394318699836731,0.36893394589424133,0.12192350625991821,0.26007571816444397,0.601327121257782,0.341251403093338,0,0,0,0,0.0,0.0,8,19.383342742919922,3.0835381150245667,0.9230336546897888,0.07696634531021118,0.2729584728153046,3.4657359027997265
box_lam3e1,箱+λ,46,2,16,8,256,30.0,0.5289497375488281,0.6494049429893494,0.6088014245033264,0.6221192479133606,0.17227785289287567,0.07312121987342834,0.1089058369398117,0.32192227244377136,0.21301643550395966,0,0,0,0,0.0,0.0,8,27.082401275634766,9.2506143450737,0.9384166598320007,0.06158334016799927,0.27294708074403073,3.4657359027997265
box_lam1e2,箱+λ,46,2,16,8,256,100.0,0.5271157622337341,0.6903015375137329,0.6456733345985413,0.6698271632194519,0.06087515875697136,0.029325390234589577,0.03621507063508034,0.12254935503005981,0.08633428439497948,0,0,0,0,0.0,0.0,8,31.62928009033203,30.835381150245667,0.9493817687034607,0.05061823129653931,0.27291499348144493,3.4657359027997265
box_lam1e3,箱+λ,46,2,16,8,256,1000.0,0.5227413773536682,0.705761730670929,0.6613895893096924,0.6880236268043518,0.0065575712360441685,0.003353363834321499,0.003786182263866067,0.013694030232727528,0.00990784796886146,0,0,0,0,0.0,0.0,8,33.831871032714844,308.35381150245667,0.9549399614334106,0.045060038566589355,0.2729015853293273,3.4657359027997265
nobox_lam1em3,无箱互校,46,2,16,8,256,0.001,0.4579143524169922,0.2505376935005188,0.435088574886322,0.17140129208564758,-0.7814029455184937,5.3361897468566895,-13.815510749816895,2.18300724029541,15.998517990112305,1,1,1,0,0.125,0.125,8,1.44955313205719,0.0003083538115024567,0.7631534337997437,0.23684656620025635,0.30835419693615496,3.4657359027997265
nobox_lam1em1,无箱互校,46,2,16,8,256,0.1,0.48255684971809387,0.19182461500167847,0.4414356052875519,0.18010292947292328,1.0051602125167847,0.5914483666419983,-0.23359841108322144,1.6310665607452393,1.8646649718284607,0,0,0,0,0.0,0.0,8,2.145744562149048,0.03083538115024567,0.9003806710243225,0.09961932897567749,0.27643038263945696,3.4657359027997265
scalar,参照,46,2,16,8,256,0.001,0.5226019620895386,0.19251753389835358,0.5137091875076294,0.1859406977891922,1.2146854400634766,0.0,1.2146854400634766,1.2146854400634766,0.0,0,0,0,0,0.0,0.0,8,0.07047553360462189,0.0,0.9556095600128174,0.04439043998718262,0.27290032224253363,3.4657359027997265
nobeta,参照,46,2,16,8,256,0.001,0.5226015448570251,0.7075533866882324,0.6633083820343018,0.6901338696479797,0.0,0.0,0.0,0.0,0.0,0,0,0,0,0.0,0.0,8,1.44955313205719,0.0003083538115024567,0.9556090831756592,0.04439091682434082,0.27290032224253363,3.4657359027997265
box_lam1em3,箱+λ,46,2,16,16,256,0.001,0.5486697554588318,0.3148627281188965,0.5263320803642273,0.20257125794887543,-0.6594120860099792,2.172049045562744,-3.0,2.13071870803833,5.13071870803833,6,0,6,0,0.375,0.0,16,0.2652330696582794,0.00018678298592567444,0.469334214925766,0.530665785074234,0.2596825804590616,2.772588722239781
box_lam3em3,箱+λ,46,2,16,16,256,0.003,0.5461795330047607,0.30904698371887207,0.4911089837551117,0.2088860720396042,-0.4686121940612793,2.0219178199768066,-3.0,2.1128151416778564,5.1128151416778564,5,0,5,0,0.3125,0.0,16,0.2685154974460602,0.0005603489577770233,0.4944131076335907,0.5055868923664093,0.2472391837505129,2.772588722239781
box_lam1em2,箱+λ,46,2,16,16,256,0.01,0.5089491009712219,0.2842949330806732,0.4774155914783478,0.21723003685474396,-0.1237717717885971,1.7355942726135254,-3.0,2.0301239490509033,5.030123949050903,3,0,3,0,0.1875,0.0,16,0.29780852794647217,0.0018678298592567444,0.569318413734436,0.43068158626556396,0.2065109015077532,2.772588722239781
box_lam3em2,箱+λ,46,2,16,16,256,0.03,0.5272221565246582,0.20613892376422882,0.5010355114936829,0.18347477912902832,0.39350175857543945,1.1206191778182983,-3.0,1.7824509143829346,4.782450914382935,1,0,1,0,0.0625,0.0,16,0.45269539952278137,0.005603489577770233,0.722634494304657,0.277365505695343,0.15696792517392907,2.772588722239781
box_lam1em1,箱+λ,46,2,16,16,256,0.1,0.544049084186554,0.14927735924720764,0.5055686235427856,0.1232457235455513,0.49331748485565186,0.9991205930709839,-3.0,1.4034318923950195,4.4034318923950195,1,0,1,0,0.0625,0.0,16,0.7174975275993347,0.018678298592567446,0.8016918897628784,0.19830811023712158,0.13767729852159685,2.772588722239781
box_lam3em1,箱+λ,46,2,16,16,256,0.3,0.5090305805206299,0.17345580458641052,0.47714951634407043,0.1284359246492386,0.6361564993858337,0.3249892592430115,-0.1718476265668869,1.0764943361282349,1.2483419626951218,0,0,0,0,0.0,0.0,16,1.0943611860275269,0.05603489577770233,0.828643798828125,0.171356201171875,0.12260573396707997,2.772588722239781
box_lam1e0,箱+λ,46,2,16,16,256,1.0,0.5003701448440552,0.20451530814170837,0.4683903753757477,0.14620229601860046,0.5793992280960083,0.19366958737373352,0.23792237043380737,0.9490020275115967,0.7110796570777893,0,0,0,0,0.0,0.0,16,1.8799326419830322,0.18678298592567444,0.8268426060676575,0.17315739393234253,0.11960283013054188,2.772588722239781
box_lam3e0,箱+λ,46,2,16,16,256,3.0,0.5066266059875488,0.29678916931152344,0.4710414409637451,0.24421533942222595,0.45976296067237854,0.1492810696363449,0.24492914974689484,0.7988510131835938,0.5539218634366989,0,0,0,0,0.0,0.0,16,3.837813377380371,0.5603489577770233,0.8245334029197693,0.1754665970802307,0.11952200472081112,2.772588722239781
box_lam1e1,箱+λ,46,2,16,16,256,10.0,0.519553005695343,0.418955534696579,0.4916815757751465,0.3947125971317291,0.28683215379714966,0.11830796301364899,0.13788972795009613,0.5464208722114563,0.40853114426136017,0,0,0,0,0.0,0.0,16,8.343292236328125,1.8678298592567444,0.8348870873451233,0.1651129126548767,0.11852835620133365,2.772588722239781
box_lam3e1,箱+λ,46,2,16,16,256,30.0,0.5241783261299133,0.5083773732185364,0.5360296368598938,0.48602059483528137,0.14575254917144775,0.07436694204807281,0.061983078718185425,0.34174734354019165,0.2797642648220062,0,0,0,0,0.0,0.0,16,13.728785514831543,5.603489577770233,0.8563110828399658,0.14368891716003418,0.1165536900303156,2.772588722239781
box_lam1e2,箱+λ,46,2,16,16,256,100.0,0.5255985260009766,0.5604081749916077,0.5439703464508057,0.5372491478919983,0.05462944880127907,0.03172602131962776,0.021467814221978188,0.14418134093284607,0.12271352671086788,0,0,0,0,0.0,0.0,16,17.93316650390625,18.678298592567444,0.8752604722976685,0.12473952770233154,0.11485674506805989,2.772588722239781
box_lam1e3,箱+λ,46,2,16,16,256,1000.0,0.5251297950744629,0.5879424810409546,0.5587039589881897,0.5621234774589539,0.006078741047531366,0.0037780373822897673,0.002290603704750538,0.01706663891673088,0.014776035211980343,0,0,0,0,0.0,0.0,16,20.332216262817383,186.78298592567444,0.8864497542381287,0.11355024576187134,0.11388198212516112,2.772588722239781
nobox_lam1em3,无箱互校,46,2,16,16,256,0.001,0.5646238923072815,0.3235669732093811,0.5322568416595459,0.20956340432167053,-4.677761554718018,7.377085208892822,-13.815510749816895,2.1379716396331787,15.953482389450073,6,6,6,0,0.375,0.375,16,0.2594698369503021,0.00018678298592567444,0.4523429274559021,0.5476570725440979,0.26196568270904624,2.772588722239781
nobox_lam1em1,无箱互校,46,2,16,16,256,0.1,0.5457134246826172,0.14900872111320496,0.506051778793335,0.12360167503356934,-0.18137690424919128,3.6535897254943848,-13.815510749816895,1.4028968811035156,15.21840763092041,1,1,1,0,0.0625,0.0625,16,0.7138820290565491,0.018678298592567446,0.7988356351852417,0.2011643648147583,0.137636211765606,2.772588722239781
scalar,参照,46,2,16,16,256,0.001,0.5251626372337341,0.14176173508167267,0.4978353679180145,0.13670742511749268,0.846558690071106,1.2311882358062576e-07,0.8465588092803955,0.8465588092803955,0.0,0,0,0,0,0.0,0.0,16,0.03727292641997337,0.0,0.8878844976425171,0.11211550235748291,0.11375879472758049,2.772588722239781
nobeta,参照,46,2,16,16,256,0.001,0.5251622200012207,0.5912824869155884,0.5605590343475342,0.565119743347168,0.0,0.0,0.0,0.0,0.0,0,0,0,0,0.0,0.0,16,0.2594698369503021,0.00018678298592567444,0.8878844976425171,0.11211550235748291,0.11375867327692725,2.772588722239781
box_lam1em3,箱+λ,46,2,16,32,256,0.001,0.5154340267181396,0.09756623953580856,0.4543302059173584,0.06771993637084961,0.06545953452587128,1.3872382640838623,-3.0,1.6823004484176636,4.682300448417664,4,0,4,0,0.125,0.0,16,0.010407082736492157,0.00010254116356372834,0.6680373549461365,0.3319626450538635,0.03988428521820372,2.0794415416798357
box_lam3em3,箱+λ,46,2,16,32,256,0.003,0.49624720215797424,0.09770766645669937,0.4479519724845886,0.06716540455818176,0.09138242900371552,1.3593294620513916,-3.0,1.6438709497451782,4.643870949745178,4,0,4,0,0.125,0.0,16,0.013756537809967995,0.000307623490691185,0.6787458062171936,0.3212541937828064,0.03818079406573841,2.0794415416798357
box_lam1em2,箱+λ,46,2,16,32,256,0.01,0.46696072816848755,0.09806212782859802,0.4244630038738251,0.06481563299894333,0.13164424896240234,1.311003565788269,-3.0,1.525583028793335,4.525583028793335,4,0,4,0,0.125,0.0,16,0.027056990191340446,0.0010254116356372834,0.6991742253303528,0.3008257746696472,0.03431304620001582,2.0794415416798357
box_lam3em2,箱+λ,46,2,16,32,256,0.03,0.4351658821105957,0.09892404824495316,0.3917859196662903,0.06318794190883636,0.3159242272377014,0.8662696480751038,-3.0,1.3125933408737183,4.312593340873718,1,0,1,0,0.03125,0.0,16,0.06919486820697784,0.00307623490691185,0.733178436756134,0.26682156324386597,0.03226278003362262,2.0794415416798357
box_lam1em1,箱+λ,46,2,16,32,256,0.1,0.40344521403312683,0.10496728122234344,0.3562033772468567,0.07110844552516937,0.4225952923297882,0.3855558931827545,-0.7064855694770813,1.0838533639907837,1.790338933467865,0,0,0,0,0.0,0.0,16,0.18237793445587158,0.010254116356372835,0.7627576589584351,0.23724234104156494,0.03234828736603577,2.0794415416798357
box_lam3em1,箱+λ,46,2,16,32,256,0.3,0.41573086380958557,0.1290486454963684,0.3485123813152313,0.06433241069316864,0.404778391122818,0.23148362338542938,-0.03257689252495766,0.8466564416885376,0.8792333342134953,0,0,0,0,0.0,0.0,16,0.3414304554462433,0.030762349069118497,0.7582866549491882,0.24171334505081177,0.03294725162514877,2.0794415416798357
box_lam1e0,箱+λ,46,2,16,32,256,1.0,0.3964497745037079,0.13770288228988647,0.3472842574119568,0.08555355668067932,0.34829190373420715,0.17618297040462494,0.10097067803144455,0.7002807855606079,0.5993101075291634,0,0,0,0,0.0,0.0,16,0.6097291707992554,0.10254116356372833,0.7401421070098877,0.2598578929901123,0.03490744391456702,2.0794415416798357
box_lam3e0,箱+λ,46,2,16,32,256,3.0,0.3854112923145294,0.17794641852378845,0.3380703628063202,0.13284863531589508,0.2804163992404938,0.1488214135169983,0.0681033506989479,0.6430951952934265,0.5749918445944786,0,0,0,0,0.0,0.0,16,1.2191842794418335,0.307623490691185,0.7321127653121948,0.2678872346878052,0.0358758094443064,2.0794415416798357
box_lam1e1,箱+λ,46,2,16,32,256,10.0,0.3792533278465271,0.2581026256084442,0.34948644042015076,0.2353772073984146,0.18851935863494873,0.11176303029060364,0.040807195007801056,0.48496487736701965,0.4441576823592186,0,0,0,0,0.0,0.0,16,2.893892288208008,1.0254116356372833,0.7399291396141052,0.2600708603858948,0.034872633121082304,2.0794415416798357
box_lam3e1,箱+λ,46,2,16,32,256,30.0,0.37851572036743164,0.3394082188606262,0.369208425283432,0.32303109765052795,0.10571977496147156,0.07202213257551193,0.021495699882507324,0.3147858679294586,0.2932901680469513,0,0,0,0,0.0,0.0,16,5.44224739074707,3.07623490691185,0.7609977126121521,0.2390022873878479,0.032621199128929836,2.0794415416798357
box_lam1e2,箱+λ,46,2,16,32,256,100.0,0.3785504400730133,0.4023655652999878,0.3847411572933197,0.38658109307289124,0.0433165617287159,0.03306083753705025,0.00748780369758606,0.15613962709903717,0.1486518234014511,0,0,0,0,0.0,0.0,16,8.180524826049805,10.254116356372833,0.7846648097038269,0.2153351902961731,0.030434176490722838,2.0794415416798357
box_lam1e3,箱+λ,46,2,16,32,256,1000.0,0.37890878319740295,0.4375217854976654,0.39501529932022095,0.4215875267982483,0.005108281504362822,0.0041856300085783005,0.0008101756684482098,0.020441576838493347,0.019631401170045137,0,0,0,0,0.0,0.0,16,10.205848693847656,102.54116356372833,0.8016979694366455,0.1983020305633545,0.02901319777529017,2.0794415416798357
nobox_lam1em3,无箱互校,46,2,16,32,256,0.001,0.5111632943153381,0.09676000475883484,0.4534664750099182,0.06867184489965439,-1.2862060070037842,4.866211891174316,-13.815510749816895,1.679254412651062,15.494765162467957,4,4,4,0,0.125,0.125,16,0.010328848846256733,0.00010254116356372834,0.6579018831253052,0.3420981168746948,0.03998868419972824,2.0794415416798357
nobox_lam1em1,无箱互校,46,2,16,32,256,0.1,0.40344497561454773,0.10496728122234344,0.3562048077583313,0.07110831141471863,0.4225950241088867,0.3855564296245575,-0.7064892053604126,1.0838531255722046,1.7903423309326172,0,0,0,0,0.0,0.0,16,0.18237805366516113,0.010254116356372835,0.7627571225166321,0.23724287748336792,0.03234828432976944,2.0794415416798357
scalar,参照,46,2,16,32,256,0.001,0.3790033757686615,0.10934095829725266,0.3471704423427582,0.09966350346803665,0.5366010665893555,0.0,0.5366010665893555,0.5366010665893555,0.0,0,0,0,0,0.0,0.0,16,0.014128387905657291,0.0,0.804083526134491,0.19591647386550903,0.028822930145659124,2.0794415416798357
nobeta,参照,46,2,16,32,256,0.001,0.3790031969547272,0.4422144591808319,0.3961033523082733,0.4261467158794403,0.0,0.0,0.0,0.0,0.0,0,0,0,0,0.0,0.0,16,0.010328848846256733,0.00010254116356372834,0.804083526134491,0.19591647386550903,0.028822933181925456,2.0794415416798357
box_lam1em3,箱+λ,46,2,16,64,256,0.001,0.4151439070701599,0.07960274815559387,0.36840519309043884,0.051686644554138184,-0.18811775743961334,1.0319889783859253,-3.0,1.2090860605239868,4.209086060523987,5,0,5,0,0.078125,0.0,16,0.00016066062380559742,5.392130464315414e-05,0.5518730878829956,0.4481269121170044,0.03537285192657908,1.3862943611198906
box_lam3em3,箱+λ,46,2,16,64,256,0.003,0.4129403233528137,0.08070360124111176,0.3662215769290924,0.050449661910533905,-0.14789871871471405,0.9838777184486389,-3.0,1.176730990409851,4.176730990409851,1,0,1,0,0.015625,0.0,16,0.0002902505802921951,0.00016176391392946243,0.5637246966362,0.43627530336380005,0.03499509181474351,1.3862943611198906
box_lam1em2,箱+λ,46,2,16,64,256,0.01,0.40734100341796875,0.0883641242980957,0.3590433895587921,0.05377795174717903,-0.01572072133421898,0.7670517563819885,-3.0,1.0806164741516113,4.080616474151611,1,0,1,0,0.015625,0.0,16,0.0011162145528942347,0.0005392130464315414,0.6004307270050049,0.3995692729949951,0.03405103766951631,1.3862943611198906
box_lam3em2,箱+λ,46,2,16,64,256,0.03,0.40445369482040405,0.08449897170066833,0.35088270902633667,0.050876714289188385,0.1415957659482956,0.46534907817840576,-1.7896454334259033,0.9137914776802063,2.7034369111061096,0,0,0,0,0.0,0.0,16,0.005609175190329552,0.0016176391392946244,0.6607202887535095,0.3392797112464905,0.032755635893266764,1.3862943611198906
box_lam1em1,箱+λ,46,2,16,64,256,0.1,0.40146031975746155,0.0789007768034935,0.34707826375961304,0.05681421607732773,0.20426109433174133,0.2556566298007965,-0.6407428979873657,0.7473407983779907,1.3880836963653564,0,0,0,0,0.0,0.0,16,0.026959678158164024,0.005392130464315414,0.6945189833641052,0.3054810166358948,0.0320445848262792,1.3862943611198906
box_lam3em1,箱+λ,46,2,16,64,256,0.3,0.39616578817367554,0.08405407518148422,0.34090614318847656,0.05257972702383995,0.18657559156417847,0.1597234606742859,-0.24519626796245575,0.6094738841056824,0.8546701520681381,0,0,0,0,0.0,0.0,16,0.07275575399398804,0.016176391392946243,0.6863778233528137,0.3136221766471863,0.0325208353453592,1.3862943611198906
box_lam1e0,箱+λ,46,2,16,64,256,1.0,0.3835439085960388,0.08629749715328217,0.33738791942596436,0.04837493225932121,0.15430791676044464,0.10339315235614777,-0.040584806352853775,0.44182687997817993,0.4824116863310337,0,0,0,0,0.0,0.0,16,0.14640262722969055,0.053921304643154144,0.6725051999092102,0.3274948000907898,0.033526443717914405,1.3862943611198906
box_lam3e0,箱+λ,46,2,16,64,256,3.0,0.3679446280002594,0.09838894009590149,0.3343450725078583,0.06567229330539703,0.12402893602848053,0.08474519848823547,0.011157972738146782,0.3971070945262909,0.3859491217881441,0,0,0,0,0.0,0.0,16,0.24788372218608856,0.16176391392946243,0.6653738021850586,0.3346261978149414,0.03427120037744221,1.3862943611198906
box_lam1e1,箱+λ,46,2,16,64,256,10.0,0.3579696714878082,0.13062652945518494,0.3335762917995453,0.10461924970149994,0.08887758105993271,0.06875782459974289,0.022359881550073624,0.3425843417644501,0.32022446021437645,0,0,0,0,0.0,0.0,16,0.5140288472175598,0.5392130464315414,0.6691699624061584,0.33083003759384155,0.03420316979403021,1.3862943611198906
box_lam3e1,箱+λ,46,2,16,64,256,30.0,0.355103462934494,0.17837731540203094,0.33951425552368164,0.1503593772649765,0.05529500171542168,0.04910650849342346,0.012699917890131474,0.2439674735069275,0.23126755561679602,0,0,0,0,0.0,0.0,16,1.0639114379882812,1.6176391392946243,0.6831027865409851,0.3168972134590149,0.03335270552218923,1.3862943611198906
box_lam1e2,箱+λ,46,2,16,64,256,100.0,0.35848572850227356,0.22183866798877716,0.34273412823677063,0.19504103064537048,0.025518057867884636,0.025662414729595184,0.004909009672701359,0.14571160078048706,0.1408025911077857,0,0,0,0,0.0,0.0,16,1.9490728378295898,5.392130464315414,0.702658474445343,0.297341525554657,0.03217925538312361,1.3862943611198906
box_lam1e3,箱+λ,46,2,16,64,256,1000.0,0.3610738515853882,0.2543100416660309,0.34643882513046265,0.22826211154460907,0.0033194459974765778,0.0036433227360248566,0.0005797850899398327,0.022053712978959084,0.02147392788901925,0,0,0,0,0.0,0.0,16,2.9294798374176025,53.921304643154144,0.7207297682762146,0.2792702317237854,0.03116566163011792,1.3862943611198906
nobox_lam1em3,无箱互校,46,2,16,64,256,0.001,0.4167398512363434,0.08164796978235245,0.3687644600868225,0.050376828759908676,-1.0545135736465454,3.8018436431884766,-13.815510749816895,1.2194427251815796,15.034953474998474,5,5,5,0,0.078125,0.078125,16,0.00016286470054183155,5.392130464315414e-05,0.538838267326355,0.461161732673645,0.03564911269123622,1.3862943611198906
nobox_lam1em1,无箱互校,46,2,16,64,256,0.1,0.4014649987220764,0.07889405637979507,0.34708285331726074,0.056829165667295456,0.20418114960193634,0.25574585795402527,-0.64128178358078,0.7474530339241028,1.3887348175048828,0,0,0,0,0.0,0.0,16,0.026959773153066635,0.005392130464315414,0.6944662928581238,0.3055337071418762,0.03204669503137923,1.3862943611198906
scalar,参照,46,2,16,64,256,0.001,0.3614620566368103,0.06747429072856903,0.3403702974319458,0.055010586977005005,0.26336535811424255,0.0,0.26336535811424255,0.26336535811424255,0.0,0,0,0,0,0.0,0.0,16,0.004276685416698456,0.0,0.7236246466636658,0.27637535333633423,0.03100972202762497,1.3862943611198906
nobeta,参照,46,2,16,64,256,0.001,0.36146166920661926,0.2590898871421814,0.3470904529094696,0.23384539783000946,0.0,0.0,0.0,0.0,0.0,0,0,0,0,0.0,0.0,16,0.00016286470054183155,5.392130464315414e-05,0.7236246466636658,0.27637535333633423,0.03100969470122799,1.3862943611198906
box_lam1em3,箱+λ,46,2,32,8,256,0.001,0.41299039125442505,0.1812657117843628,0.382575124502182,0.15262681245803833,1.0727747678756714,0.756096363067627,-0.5290494561195374,1.8257464170455933,2.3547958731651306,0,0,0,0,0.0,0.0,8,4.451996803283691,0.0006010954380035401,0.9097453951835632,0.09025460481643677,0.3376750691848335,3.4657359027997265
box_lam3em3,箱+λ,46,2,32,8,256,0.003,0.4126831591129303,0.1784587800502777,0.38275468349456787,0.15386001765727997,1.078691005706787,0.7291573286056519,-0.4579700231552124,1.8037395477294922,2.2617095708847046,0,0,0,0,0.0,0.0,8,4.454516887664795,0.00180328631401062,0.9135549068450928,0.08644509315490723,0.33762588351213424,3.4657359027997265
box_lam1em2,箱+λ,46,2,32,8,256,0.01,0.41190484166145325,0.16988299787044525,0.38321179151535034,0.1599215269088745,1.092383623123169,0.6542633175849915,-0.26657634973526,1.7350881099700928,2.001664459705353,0,0,0,0,0.0,0.0,8,4.4781951904296875,0.0060109543800354005,0.9239755868911743,0.07602441310882568,0.337557201432315,3.4657359027997265
box_lam3em2,箱+λ,46,2,32,8,256,0.03,0.41537731885910034,0.15653961896896362,0.3836899995803833,0.14500942826271057,1.1037970781326294,0.5234190225601196,0.04150322079658508,1.5957565307617188,1.5542533099651337,0,0,0,0,0.0,0.0,8,4.6114935874938965,0.0180328631401062,0.9395651817321777,0.060434818267822266,0.33767219603009996,3.4657359027997265
box_lam1em1,箱+λ,46,2,32,8,256,0.1,0.4210662841796875,0.15504615008831024,0.3836354613304138,0.1442466527223587,1.0789400339126587,0.33206719160079956,0.42368635535240173,1.3707209825515747,0.947034627199173,0,0,0,0,0.0,0.0,8,5.217958450317383,0.06010954380035401,0.9473985433578491,0.05260145664215088,0.33851396195856187,3.4657359027997265
box_lam3em1,箱+λ,46,2,32,8,256,0.3,0.42650288343429565,0.16693463921546936,0.4018825590610504,0.17183348536491394,0.9917502403259277,0.17787152528762817,0.6946339011192322,1.1610395908355713,0.4664056897163391,0,0,0,0,0.0,0.0,8,6.7167205810546875,0.180328631401062,0.9316787719726562,0.06832122802734375,0.3401334635099968,3.4657359027997265
box_lam1e0,箱+λ,46,2,32,8,256,1.0,0.42911627888679504,0.2839544415473938,0.42428144812583923,0.27248144149780273,0.8244867920875549,0.1436980664730072,0.6456424593925476,1.0681993961334229,0.42255693674087524,0,0,0,0,0.0,0.0,8,10.475052833557129,0.60109543800354,0.9076210260391235,0.09237897396087646,0.3421837330461147,3.4657359027997265
box_lam3e0,箱+λ,46,2,32,8,256,3.0,0.4302116930484772,0.4003278613090515,0.47269555926322937,0.401039183139801,0.6104624271392822,0.15929149091243744,0.4133782982826233,0.8473412394523621,0.43396294116973877,0,0,0,0,0.0,0.0,8,18.809560775756836,1.8032863140106201,0.9027389883995056,0.09726101160049438,0.34330193750500443,3.4657359027997265
box_lam1e1,箱+λ,46,2,32,8,256,10.0,0.43039682507514954,0.5555830001831055,0.5386539697647095,0.5542114973068237,0.34168094396591187,0.11878305673599243,0.2028297334909439,0.499370813369751,0.29654107987880707,0,0,0,0,0.0,0.0,8,34.673545837402344,6.0109543800354,0.9172778725624084,0.08272212743759155,0.3432321950942716,3.4657359027997265
box_lam3e1,箱+λ,46,2,32,8,256,30.0,0.4310559034347534,0.640842854976654,0.603053867816925,0.635793149471283,0.1549147665500641,0.06204674392938614,0.08481945842504501,0.24438685178756714,0.15956739336252213,0,0,0,0,0.0,0.0,8,47.2220573425293,18.0328631401062,0.9332881569862366,0.06671184301376343,0.34266368670349695,3.4657359027997265
box_lam1e2,箱+λ,46,2,32,8,256,100.0,0.43029075860977173,0.6796998977661133,0.6373391151428223,0.6762932538986206,0.05352545529603958,0.02296185865998268,0.028062215074896812,0.08781807869672775,0.05975586362183094,0,0,0,0,0.0,0.0,8,54.00390625,60.109543800354004,0.9428771138191223,0.057122886180877686,0.34224909731630127,3.4657359027997265
box_lam1e3,箱+λ,46,2,32,8,256,1000.0,0.430440217256546,0.6967005133628845,0.6611659526824951,0.6918566226959229,0.0056940531358122826,0.002520125126466155,0.002924334490671754,0.009516116231679916,0.0065917817410081625,0,0,0,0,0.0,0.0,8,57.13441848754883,601.09543800354,0.947462260723114,0.052537739276885986,0.34203631284490904,3.4657359027997265
nobox_lam1em3,无箱互校,46,2,32,8,256,0.001,0.4129904508590698,0.18126575648784637,0.38257506489753723,0.15262670814990997,1.0727746486663818,0.7560965418815613,-0.5290499925613403,1.825747013092041,2.3547970056533813,0,0,0,0,0.0,0.0,8,4.45199728012085,0.0006010954380035401,0.9097452759742737,0.09025472402572632,0.3376751033890565,3.4657359027997265
nobox_lam1em1,无箱互校,46,2,32,8,256,0.1,0.4210662841796875,0.1550464630126953,0.38363543152809143,0.14424656331539154,1.0789401531219482,0.33206725120544434,0.42368635535240173,1.3707208633422852,0.9470345079898834,0,0,0,0,0.0,0.0,8,5.217957973480225,0.06010954380035401,0.9473985433578491,0.05260145664215088,0.33851396195856187,3.4657359027997265
scalar,参照,46,2,32,8,256,0.001,0.4304584264755249,0.20912623405456543,0.39328670501708984,0.2370254099369049,1.2511310577392578,0.0,1.2511310577392578,1.2511310577392578,0.0,0,0,0,0,0.0,0.0,8,0.07827313989400864,0.0,0.9480072259902954,0.05199277400970459,0.34201038604386175,3.4657359027997265
nobeta,参照,46,2,32,8,256,0.001,0.4304583668708801,0.6986606121063232,0.6633284687995911,0.6933340430259705,0.0,0.0,0.0,0.0,0.0,0,0,0,0,0.0,0.0,8,4.45199728012085,0.0006010954380035401,0.9480072259902954,0.05199277400970459,0.34201038604386175,3.4657359027997265
box_lam1em3,箱+λ,46,2,32,16,256,0.001,0.41973569989204407,0.1668895035982132,0.35370323061943054,0.08440687507390976,0.3076862096786499,1.4558031558990479,-3.0,1.590565800666809,4.590565800666809,2,0,2,0,0.125,0.0,16,1.536548376083374,0.00034986090660095215,0.7371940016746521,0.2628059983253479,0.2851030415899684,2.772588722239781
box_lam3em3,箱+λ,46,2,32,16,256,0.003,0.41667962074279785,0.16667231917381287,0.3549753427505493,0.08933942019939423,0.32797127962112427,1.4308116436004639,-3.0,1.5908061265945435,4.5908061265945435,2,0,2,0,0.125,0.0,16,1.5391322374343872,0.0010495827198028565,0.7430965304374695,0.2569034695625305,0.28313270732304247,2.772588722239781
box_lam1em2,箱+λ,46,2,32,16,256,0.01,0.4153144955635071,0.15858040750026703,0.35315096378326416,0.09653215855360031,0.35238903760910034,1.3999006748199463,-3.0,1.598136305809021,4.598136305809021,2,0,2,0,0.125,0.0,16,1.552937388420105,0.0034986090660095214,0.7523694634437561,0.2476305365562439,0.2814339203826529,2.772588722239781
box_lam3em2,箱+λ,46,2,32,16,256,0.03,0.36829426884651184,0.14217199385166168,0.34981679916381836,0.10148915648460388,0.536923885345459,0.927965521812439,-2.051734447479248,1.5278998613357544,3.5796343088150024,0,0,0,0,0.0,0.0,16,1.651841402053833,0.010495827198028563,0.7935656309127808,0.20643436908721924,0.23669279572865212,2.772588722239781
box_lam1em1,箱+λ,46,2,32,16,256,0.1,0.36627185344696045,0.19043280184268951,0.35056063532829285,0.1098800078034401,0.6629709005355835,0.4373408555984497,-0.5120546817779541,1.277710199356079,1.7897648811340332,0,0,0,0,0.0,0.0,16,1.9877077341079712,0.03498609066009522,0.8416306376457214,0.15836936235427856,0.227482265452375,2.772588722239781
box_lam3em1,箱+λ,46,2,32,16,256,0.3,0.3671450912952423,0.1694967895746231,0.35573479533195496,0.12164291739463806,0.6435404419898987,0.2632732689380646,-0.061442796140909195,0.9738444089889526,1.0352872051298618,0,0,0,0,0.0,0.0,16,2.5466418266296387,0.10495827198028564,0.8432683944702148,0.15673160552978516,0.22746935335818586,2.772588722239781
box_lam1e0,箱+λ,46,2,32,16,256,1.0,0.3714243471622467,0.21286650002002716,0.36701345443725586,0.15233764052391052,0.5588017702102661,0.18436484038829803,0.12715944647789001,0.8699370622634888,0.7427776157855988,0,0,0,0,0.0,0.0,16,3.8870134353637695,0.34986090660095215,0.8248739838600159,0.17512601613998413,0.22877877652585518,2.772588722239781
box_lam3e0,箱+λ,46,2,32,16,256,3.0,0.3824174106121063,0.3124651610851288,0.3782958388328552,0.2531411349773407,0.43858981132507324,0.15861430764198303,0.17004598677158356,0.7752283215522766,0.605182334780693,0,0,0,0,0.0,0.0,16,6.996406078338623,1.0495827198028564,0.8168202042579651,0.1831797957420349,0.22975946290610286,2.772588722239781
box_lam1e1,箱+λ,46,2,32,16,256,10.0,0.38590624928474426,0.41189897060394287,0.4117017090320587,0.39286279678344727,0.27303746342658997,0.1212325245141983,0.12859918177127838,0.5253466367721558,0.3967474550008774,0,0,0,0,0.0,0.0,16,14.894023895263672,3.4986090660095215,0.8322210907936096,0.16777890920639038,0.229730491929207,2.772588722239781
box_lam3e1,箱+λ,46,2,32,16,256,30.0,0.3878110647201538,0.504758358001709,0.45341798663139343,0.4836876392364502,0.136227548122406,0.06965921819210052,0.06236104294657707,0.2793414294719696,0.21698038652539253,0,0,0,0,0.0,0.0,16,24.297950744628906,10.495827198028564,0.8568596243858337,0.14314037561416626,0.22899347643373635,2.772588722239781
box_lam1e2,箱+λ,46,2,32,16,256,100.0,0.38839903473854065,0.5559244751930237,0.4883924126625061,0.5369726419448853,0.04999108985066414,0.027711600065231323,0.021596034988760948,0.10995662212371826,0.08836058713495731,0,0,0,0,0.0,0.0,16,31.04410171508789,34.986090660095215,0.8754334449768066,0.12456655502319336,0.22835933013899098,2.772588722239781
box_lam1e3,箱+λ,46,2,32,16,256,1000.0,0.38732150197029114,0.5801649689674377,0.4988170862197876,0.5647212266921997,0.005485016852617264,0.0031659072265028954,0.0023010701406747103,0.01249662134796381,0.0101955512072891,0,0,0,0,0.0,0.0,16,34.65149688720703,349.86090660095215,0.8855754137039185,0.11442458629608154,0.22800567557510104,2.772588722239781
nobox_lam1em3,无箱互校,46,2,32,16,256,0.001,0.42418697476387024,0.16360166668891907,0.35975152254104614,0.08388998359441757,-1.0417332649230957,5.0306830406188965,-13.815510749816895,1.5947879552841187,15.410298705101013,2,2,2,0,0.125,0.125,16,1.5268737077713013,0.00034986090660095215,0.7246212959289551,0.2753787040710449,0.2919506928338587,2.772588722239781
nobox_lam1em1,无箱互校,46,2,32,16,256,0.1,0.3662719130516052,0.19043287634849548,0.3505604863166809,0.10988021641969681,0.6629709601402283,0.43734070658683777,-0.5120539665222168,1.277710199356079,1.789764165878296,0,0,0,0,0.0,0.0,16,1.9877077341079712,0.03498609066009522,0.8416308164596558,0.15836918354034424,0.227482265452375,2.772588722239781
scalar,参照,46,2,32,16,256,0.001,0.3871709108352661,0.15074676275253296,0.35622963309288025,0.17271889746189117,0.8684998154640198,0.0,0.8684998154640198,0.8684998154640198,0.0,0,0,0,0,0.0,0.0,16,0.0472419336438179,0.0,0.8868425488471985,0.11315745115280151,0.22796139820840483,2.772588722239781
nobeta,参照,46,2,32,16,256,0.001,0.38717103004455566,0.5830526947975159,0.5017457604408264,0.5675902962684631,0.0,0.0,0.0,0.0,0.0,0,0,0,0,0.0,0.0,16,1.5268737077713013,0.00034986090660095215,0.8868425488471985,0.11315745115280151,0.22796139820840483,2.772588722239781
box_lam1em3,箱+λ,46,2,32,32,256,0.001,0.35489293932914734,0.100748710334301,0.3211716115474701,0.053125716745853424,0.2544722259044647,1.1397780179977417,-3.0,1.947662115097046,4.947662115097046,1,0,1,0,0.03125,0.0,32,0.3903549909591675,0.0001921701729297638,0.7283018231391907,0.2716981768608093,0.11959043110864159,2.0794415416798357
box_lam3em3,箱+λ,46,2,32,32,256,0.003,0.3450906574726105,0.09836812317371368,0.3167504668235779,0.05661788582801819,0.3250950574874878,1.007436752319336,-3.0,1.8826686143875122,4.882668614387512,1,0,1,0,0.03125,0.0,32,0.4024962782859802,0.0005765105187892914,0.7523483037948608,0.24765169620513916,0.11578861461812949,2.0794415416798357
box_lam1em2,箱+λ,46,2,32,32,256,0.01,0.33545976877212524,0.10482393205165863,0.3064414858818054,0.056879568845033646,0.39713627099990845,0.8774718046188354,-3.0,1.6895123720169067,4.689512372016907,1,0,1,0,0.03125,0.0,32,0.4473802447319031,0.001921701729297638,0.7945083975791931,0.20549160242080688,0.10914929274558331,2.0794415416798357
box_lam3em2,箱+λ,46,2,32,32,256,0.03,0.3364610970020294,0.07922553271055222,0.29282668232917786,0.0695151761174202,0.43905842304229736,0.6788991689682007,-2.235088586807251,1.3352587223052979,3.570347309112549,0,0,0,0,0.0,0.0,32,0.555583655834198,0.0057651051878929134,0.8181129693984985,0.18188703060150146,0.10731370601523503,2.0794415416798357
box_lam1em1,箱+λ,46,2,32,32,256,0.1,0.3163434863090515,0.09876631945371628,0.2987467646598816,0.06424681842327118,0.4526958763599396,0.3226242661476135,-0.5412344932556152,1.126110553741455,1.6673450469970703,0,0,0,0,0.0,0.0,32,0.7879853248596191,0.019217017292976382,0.8228702545166016,0.17712974548339844,0.0935852767374619,2.0794415416798357
box_lam3em1,箱+λ,46,2,32,32,256,0.3,0.31088411808013916,0.12192758172750473,0.2990108132362366,0.06915529817342758,0.3989675045013428,0.20882061123847961,-0.08733300864696503,0.9033496379852295,0.9906826466321945,0,0,0,0,0.0,0.0,32,1.0994174480438232,0.05765105187892913,0.7987022995948792,0.20129770040512085,0.09353805780758619,2.0794415416798357
box_lam1e0,箱+λ,46,2,32,32,256,1.0,0.3159041106700897,0.135427787899971,0.2974487543106079,0.08842714875936508,0.328464150428772,0.15345913171768188,0.07019563764333725,0.6498705148696899,0.5796748772263527,0,0,0,0,0.0,0.0,32,1.6410282850265503,0.1921701729297638,0.7682985067367554,0.23170149326324463,0.09578283820894916,2.0794415416798357
box_lam3e0,箱+λ,46,2,32,32,256,3.0,0.32130831480026245,0.17991994321346283,0.3008273243904114,0.15431275963783264,0.2591862678527832,0.12888561189174652,0.10388855636119843,0.5979654788970947,0.4940769225358963,0,0,0,0,0.0,0.0,32,2.596121311187744,0.5765105187892914,0.7523369789123535,0.24766302108764648,0.09717852442706874,2.0794415416798357
box_lam1e1,箱+λ,46,2,32,32,256,10.0,0.3231295049190521,0.2624455392360687,0.3147161304950714,0.24448364973068237,0.1745373159646988,0.10188683867454529,0.052240319550037384,0.470186710357666,0.41794639080762863,0,0,0,0,0.0,0.0,32,4.99376916885376,1.921701729297638,0.7589992880821228,0.2410007119178772,0.09668291378660021,2.0794415416798357
box_lam3e1,箱+λ,46,2,32,32,256,30.0,0.32083237171173096,0.33908334374427795,0.3332853317260742,0.3263421654701233,0.09731560200452805,0.06481441855430603,0.02409333921968937,0.28319329023361206,0.2590999510139227,0,0,0,0,0.0,0.0,32,9.035791397094727,5.765105187892914,0.7822945713996887,0.21770542860031128,0.09457169232506502,2.0794415416798357
box_lam1e2,箱+λ,46,2,32,32,256,100.0,0.316719114780426,0.3965519964694977,0.3499296307563782,0.3778812885284424,0.03906487300992012,0.028329454362392426,0.00874936394393444,0.12029630690813065,0.1115469429641962,0,0,0,0,0.0,0.0,32,13.276216506958008,19.21701729297638,0.8056799173355103,0.19432008266448975,0.09244187231726401,2.0794415416798357
box_lam1e3,箱+λ,46,2,32,32,256,1000.0,0.31622862815856934,0.4255408048629761,0.3651285171508789,0.408885657787323,0.004518942441791296,0.0034356319811195135,0.0009625093080103397,0.014786296524107456,0.013823787216097116,0,0,0,0,0.0,0.0,32,16.186464309692383,192.1701729297638,0.8209584355354309,0.1790415644645691,0.09106994093203012,2.0794415416798357
nobox_lam1em3,无箱互校,46,2,32,32,256,0.001,0.35555946826934814,0.10118924081325531,0.32181280851364136,0.05307818949222565,-0.08497752249240875,2.6900928020477295,-13.815510749816895,1.9499750137329102,15.765485763549805,1,1,1,0,0.03125,0.03125,32,0.3886512219905853,0.0001921701729297638,0.7240809202194214,0.2759190797805786,0.11964323387792493,2.0794415416798357
nobox_lam1em1,无箱互校,46,2,32,32,256,0.1,0.3163449168205261,0.09876638650894165,0.2987464666366577,0.06424681842327118,0.45269575715065,0.3226245641708374,-0.5412380695343018,1.1261112689971924,1.6673493385314941,0,0,0,0,0.0,0.0,32,0.7879850268363953,0.019217017292976382,0.8228698372840881,0.17713016271591187,0.09358526818640615,2.0794415416798357
scalar,参照,46,2,32,32,256,0.001,0.31648725271224976,0.09134019911289215,0.30447232723236084,0.12235956639051437,0.5367758870124817,0.0,0.5367758870124817,0.5367758870124817,0.0,0,0,0,0,0.0,0.0,32,0.025535644963383675,0.0,0.8230118751525879,0.1769881248474121,0.09088700819627651,2.0794415416798357
nobeta,参照,46,2,32,32,256,0.001,0.3164868652820587,0.42906996607780457,0.3672066032886505,0.41279956698417664,0.0,0.0,0.0,0.0,0.0,0,0,0,0,0.0,0.0,32,0.3886512219905853,0.0001921701729297638,0.8230115175247192,0.17698848247528076,0.09088701674733227,2.0794415416798357
box_lam1em3,箱+λ,46,2,32,64,256,0.001,0.29324430227279663,0.058313071727752686,0.2811446487903595,0.012263726443052292,0.08244279026985168,0.9193621277809143,-3.0,1.2713778018951416,4.271377801895142,2,0,2,0,0.03125,0.0,32,0.030358292162418365,9.99957025051117e-05,0.6818633675575256,0.31813663244247437,0.05367529335935185,1.3862943611198906
box_lam3em3,箱+λ,46,2,32,64,256,0.003,0.28938257694244385,0.05404716730117798,0.28027188777923584,0.01242195162922144,0.12146920710802078,0.8424399495124817,-3.0,1.24510657787323,4.24510657787323,2,0,2,0,0.03125,0.0,32,0.03215408697724342,0.0002999871075153351,0.6930221915245056,0.3069778084754944,0.052654784712456014,1.3862943611198906
box_lam1em2,箱+λ,46,2,32,64,256,0.01,0.2841407358646393,0.05971366912126541,0.2792651057243347,0.015081970021128654,0.18329018354415894,0.7435312271118164,-3.0,1.1636080741882324,4.163608074188232,2,0,2,0,0.03125,0.0,32,0.039734043180942535,0.0009999570250511169,0.7184107899665833,0.28158921003341675,0.049894935743255396,1.3862943611198906
box_lam3em2,箱+λ,46,2,32,64,256,0.03,0.2778725326061249,0.0611969418823719,0.26747167110443115,0.016322297975420952,0.25016048550605774,0.5578188300132751,-3.0,1.0005830526351929,4.000583052635193,1,0,1,0,0.015625,0.0,32,0.0656827986240387,0.002999871075153351,0.7429898977279663,0.2570101022720337,0.04664407660158211,1.3862943611198906
box_lam1em1,箱+λ,46,2,32,64,256,0.1,0.2807997465133667,0.0667983740568161,0.2523193657398224,0.019146742299199104,0.26374387741088867,0.25377073884010315,-0.7250970602035522,0.7795659303665161,1.5046629905700684,0,0,0,0,0.0,0.0,32,0.1455545276403427,0.00999957025051117,0.7396994829177856,0.26030051708221436,0.046199216477015866,1.3862943611198906
box_lam3em1,箱+λ,46,2,32,64,256,0.3,0.27104809880256653,0.06678491830825806,0.24314409494400024,0.02406514808535576,0.21555674076080322,0.14646224677562714,-0.20010678470134735,0.6999958753585815,0.9001026600599289,0,0,0,0,0.0,0.0,32,0.26689743995666504,0.029998710751533507,0.7115879654884338,0.28841203451156616,0.048074185094640974,1.3862943611198906
box_lam1e0,箱+λ,46,2,32,64,256,1.0,0.2725284993648529,0.07778195291757584,0.24329136312007904,0.036282870918512344,0.16127794981002808,0.09288732707500458,0.005027153994888067,0.5055887699127197,0.5005616159178317,0,0,0,0,0.0,0.0,32,0.4406336545944214,0.0999957025051117,0.6835042238235474,0.31649577617645264,0.05081010393431294,1.3862943611198906
box_lam3e0,箱+λ,46,2,32,64,256,3.0,0.2713059186935425,0.08748804032802582,0.2450544238090515,0.06169191375374794,0.12136778235435486,0.0785394012928009,0.03531572222709656,0.432200163602829,0.3968844413757324,0,0,0,0,0.0,0.0,32,0.6502638459205627,0.2999871075153351,0.6692001223564148,0.3307998776435852,0.05233013105415707,1.3862943611198906
box_lam1e1,箱+λ,46,2,32,64,256,10.0,0.269463449716568,0.12442847341299057,0.24754442274570465,0.10020602494478226,0.08423371613025665,0.06645297259092331,0.024949582293629646,0.3743102550506592,0.34936067275702953,0,0,0,0,0.0,0.0,32,1.1024820804595947,0.9999570250511169,0.6702407002449036,0.32975929975509644,0.052256292687717934,1.3862943611198906
box_lam3e1,箱+λ,46,2,32,64,256,30.0,0.26556482911109924,0.16635443270206451,0.255108505487442,0.14499269425868988,0.05209513381123543,0.04727283865213394,0.012460477650165558,0.25420618057250977,0.2417457029223442,0,0,0,0,0.0,0.0,32,2.048879861831665,2.999871075153351,0.6854304671287537,0.31456953287124634,0.05080369491802503,1.3862943611198906
box_lam1e2,箱+λ,46,2,32,64,256,100.0,0.26494497060775757,0.20508773624897003,0.2579273581504822,0.19368556141853333,0.023611025884747505,0.023461757227778435,0.004993704613298178,0.12099345773458481,0.11599975312128663,0,0,0,0,0.0,0.0,32,3.5515007972717285,9.99957025051117,0.7058696150779724,0.2941303849220276,0.04893709778398346,1.3862943611198906
box_lam1e3,箱+λ,46,2,32,64,256,1000.0,0.26449644565582275,0.23931662738323212,0.26811251044273376,0.23212996125221252,0.002989981323480606,0.003136176150292158,0.0005799042410217226,0.01578725501894951,0.015207350777927786,0,0,0,0,0.0,0.0,32,5.050302505493164,99.9957025051117,0.7228829860687256,0.2771170139312744,0.04746584161063448,1.3862943611198906
nobox_lam1em3,无箱互校,46,2,32,64,256,0.001,0.29501432180404663,0.05709187686443329,0.28151682019233704,0.012038713321089745,-0.2660194933414459,2.5651886463165283,-13.815510749816895,1.2756457328796387,15.091156482696533,2,2,2,0,0.03125,0.03125,32,0.030478622764348984,9.99957025051117e-05,0.6736805438995361,0.32631945610046387,0.05401485578335857,1.3862943611198906
nobox_lam1em1,无箱互校,46,2,32,64,256,0.1,0.2807977497577667,0.06679947674274445,0.2523181438446045,0.019146664068102837,0.26373493671417236,0.25377824902534485,-0.7250875234603882,0.779583752155304,1.5046712756156921,0,0,0,0,0.0,0.0,32,0.145555317401886,0.00999957025051117,0.7396936416625977,0.26030635833740234,0.04619972526483325,1.3862943611198906
scalar,参照,46,2,32,64,256,0.001,0.26442861557006836,0.054449811577796936,0.23917949199676514,0.06287060678005219,0.27807581424713135,0.0,0.27807581424713135,0.27807581424713135,0.0,0,0,0,0,0.0,0.0,32,0.008945661596953869,0.0,0.7254526019096375,0.27454739809036255,0.047250359281151795,1.3862943611198906
nobeta,参照,46,2,32,64,256,0.001,0.26442888379096985,0.2446032017469406,0.26960229873657227,0.2374190241098404,0.0,0.0,0.0,0.0,0.0,0,0,0,0,0.0,0.0,32,0.030478622764348984,9.99957025051117e-05,0.7254526019096375,0.27454739809036255,0.04725038065879118,1.3862943611198906
