spec,family,seed,dest,M,budget,L_s,eval_out_err_median,eval_abs_mass_median,eval_mixture_median,fit_abs_mass_median,beta_mean,beta_std,beta_min,beta_max,n_beta_le_m3,n_beta_le_m7,n_beta_at_clamp,frac_beta_le_m3,clamp_rate,support_size,rank_G_numeric,rank_upper_bound,cond_G,solver_residual,x_eff_budget,x_eff_budget_frac,x_eff_loss,x_col_mean_ratio,v_fit_resid_rel,beta_ideal_mass_preserving
unbound,基准,42,0,8,8,256,0.719307005405426,0.5560253262519836,0.6886907815933228,0.24753935635089874,-2.4020304679870605,7.05698299407959,-13.815510749816895,2.0277726650238037,2,2,2,0.25,0.25,6,8,8,57.64194240407075,5.974092483520508,5.38475227355957,0.6730940341949463,0.3269059658050537,1.0188197424509961e-07,0.30770956207598105,3.4657359027997265
box33,约束族,42,0,8,8,256,0.7196710109710693,0.5500155687332153,0.6886014342308044,0.24371331930160522,0.30156928300857544,2.078883647918701,-3.0,2.0140836238861084,2,0,0,0.25,0.0,6,8,8,57.64194240407075,6.03768253326416,5.48640251159668,0.685800313949585,0.31419968605041504,0.005140042908374175,0.30708714962229394,3.4657359027997265
box77,约束族,42,0,8,8,256,0.7192972898483276,0.5558872818946838,0.6886855363845825,0.24754975736141205,-0.6981577277183533,3.9120349884033203,-7.0,2.0275235176086426,2,2,0,0.25,0.0,6,8,8,57.64194240407075,5.975253105163574,5.387674331665039,0.6734592914581299,0.3265407085418701,9.292674828740942e-05,0.30771306542262833,3.4657359027997265
box33_lam1em2,约束族,42,0,8,8,256,0.7197182178497314,0.5517225861549377,0.6882007122039795,0.24202530086040497,0.30424320697784424,2.0777485370635986,-3.0,2.000396728515625,2,0,0,0.25,0.0,6,8,8,57.64194240407075,6.045351028442383,5.507689952850342,0.6884612441062927,0.3115387558937073,0.005221160075533432,0.3070205628350243,3.4657359027997265
noridge,正则族,42,0,8,8,256,0.7193050980567932,0.5571004748344421,0.6887355446815491,0.24741603434085846,-2.4024081230163574,7.056855201721191,-13.815510749816895,2.0293543338775635,2,2,2,0.25,0.25,6,8,8,57.64194240407075,5.974006652832031,5.382044315338135,0.6727555394172668,0.32724446058273315,1.0169630225615593e-07,0.3077168007789874,3.4657359027997265
lam1em4,正则族,42,0,8,8,256,0.7193052768707275,0.5569921731948853,0.6887310743331909,0.24742834270000458,-2.402369499206543,7.056868076324463,-13.815510749816895,2.02919602394104,2,2,2,0.25,0.25,6,8,8,57.64194240407075,5.974007606506348,5.382318019866943,0.6727897524833679,0.3272102475166321,1.0171486793381237e-07,0.3077160351469386,3.4657359027997265
lam1em2,正则族,42,0,8,8,256,0.71932053565979,0.5532662868499756,0.6882826685905457,0.2434745877981186,-2.399148941040039,7.0579094886779785,-13.815510749816895,2.0139596462249756,2,2,2,0.25,0.25,6,8,8,57.64194240407075,5.982039451599121,5.406527042388916,0.6758158802986145,0.3241841197013855,1.0350890837442207e-07,0.3076431144945385,3.4657359027997265
lam1em1,正则族,42,0,8,8,256,1.1697169542312622,0.37254276871681213,1.098137378692627,0.22683194279670715,-0.5873661041259766,5.352643966674805,-13.815510749816895,1.6527681350708008,1,1,1,0.125,0.125,7,8,8,57.64194240407075,6.763420581817627,6.3986382484436035,0.7998297810554504,0.20017021894454956,1.2281669081585784e-07,0.23690384060515243,3.4657359027997265
scalar,对照,42,0,8,8,256,1.25538969039917,0.3902040421962738,1.2034986019134521,0.19750221073627472,1.3750081062316895,0.0,1.3750081062316895,1.3750081062316895,0,0,0,0.0,0.0,8,8,8,57.64194240407075,0.07994602620601654,7.671451568603516,0.9589314460754395,0.04106855392456055,0.4559258896969431,0.08438864304105394,3.4657359027997265
nobeta,对照,42,0,8,8,256,1.2553926706314087,0.6706821918487549,1.1250152587890625,0.7378218173980713,0.0,0.0,0.0,0.0,0,0,0,0.0,0.0,6,8,8,57.64194240407075,5.974092483520508,7.671449661254883,0.9589312076568604,0.04106879234313965,0.4559258481075495,0.08438818482187324,3.4657359027997265
unbound,基准,42,0,8,16,256,0.6636714339256287,0.27468976378440857,0.6284839510917664,0.2081785649061203,-0.13338880240917206,3.717339277267456,-13.815510749816895,1.7635689973831177,1,1,1,0.0625,0.0625,15,8,8,8.965938744236164,0.0001413578720530495,11.825940132141113,0.7391212582588196,0.2608787417411804,1.6811410751958198e-07,0.018587307249804397,2.772588722239781
box33,约束族,42,0,8,16,256,0.6632948517799377,0.27437201142311096,0.6284583210945129,0.2075524926185608,0.5502023696899414,1.1691696643829346,-3.0,1.7680686712265015,1,0,0,0.0625,0.0,15,8,8,8.965938744236164,0.0001429937401553616,11.944883346557617,0.7465552091598511,0.2534447908401489,0.008410256661164312,0.018688089368463216,2.772588722239781
box77,约束族,42,0,8,16,256,0.6636655330657959,0.27468425035476685,0.6284836530685425,0.20816665887832642,0.2927306294441223,2.0707061290740967,-7.0,1.7636516094207764,1,1,0,0.0625,0.0,15,8,8,8.965938744236164,0.0001413989084539935,11.829349517822266,0.7393343448638916,0.2606656551361084,0.00015331378040892986,0.018589193778772987,2.772588722239781
box33_lam1em2,约束族,42,0,8,16,256,0.6578875780105591,0.25703364610671997,0.6266730427742004,0.19372457265853882,0.6368764638900757,1.0786820650100708,-3.0,1.733081579208374,1,0,0,0.0625,0.0,15,8,8,8.965938744236164,0.012683404609560966,12.526633262634277,0.7829145789146423,0.21708542108535767,0.008652185863306674,0.017670947191705807,2.772588722239781
noridge,正则族,42,0,8,16,256,0.6650550961494446,0.2784503400325775,0.6273941993713379,0.21287257969379425,-0.19021765887737274,3.7383365631103516,-13.815510749816895,1.7653437852859497,1,1,1,0.0625,0.0625,15,8,8,8.965938744236164,6.207301339600235e-11,11.638175010681152,0.727385938167572,0.272614061832428,1.667191945143483e-07,0.018845499257515184,2.772588722239781
lam1em4,正则族,42,0,8,16,256,0.6649112105369568,0.2780332863330841,0.6274956464767456,0.21235617995262146,-0.18174059689044952,3.734417676925659,-13.815510749816895,1.765202522277832,1,1,1,0.0625,0.0625,15,8,8,8.965938744236164,1.4273778106144164e-06,11.659751892089844,0.7287344932556152,0.27126550674438477,1.6687137165135013e-07,0.01881808150983021,2.772588722239781
lam1em2,正则族,42,0,8,16,256,0.6582961678504944,0.25836992263793945,0.626705527305603,0.1974523961544037,-0.03801390528678894,3.7042598724365234,-13.815510749816895,1.7294176816940308,1,1,1,0.0625,0.0625,15,8,8,8.965938744236164,0.012537791393697262,12.436976432800293,0.7773110270500183,0.2226889729499817,1.7321999544885075e-07,0.017552787545637598,2.772588722239781
lam1em1,正则族,42,0,8,16,256,0.660818874835968,0.22015559673309326,0.6250684261322021,0.1636093407869339,0.7555833458900452,0.5842007398605347,-1.018863320350647,1.42082941532135,0,0,0,0.0,0.0,16,8,8,8.965938744236164,0.5580945014953613,13.036428451538086,0.8147767782211304,0.18522322177886963,0.0631757351709638,0.018278699531732324,2.772588722239781
scalar,对照,42,0,8,16,256,0.6292049288749695,0.24131418764591217,0.5805974006652832,0.16712351143360138,0.9399146437644958,6.155941179031288e-08,0.9399145841598511,0.9399145841598511,0,0,0,0.0,0.0,16,8,8,8.965938744236164,0.021605808287858963,14.737824440002441,0.9211140275001526,0.07888597249984741,0.3062854127947428,0.016675104956546907,2.772588722239781
nobeta,对照,42,0,8,16,256,0.6292060613632202,0.5307404398918152,0.6259179711341858,0.5749900937080383,0.0,0.0,0.0,0.0,0,0,0,0.0,0.0,15,8,8,8.965938744236164,0.0001413578720530495,14.737820625305176,0.9211137890815735,0.07888621091842651,0.3062854451078981,0.01667513975800367,2.772588722239781
unbound,基准,42,0,8,32,256,0.6514974236488342,0.19795061647891998,0.6091667413711548,0.15273356437683105,-0.7823247909545898,3.6009626388549805,-13.815510749816895,1.4385045766830444,3,2,2,0.09375,0.0625,30,8,8,8.940520934195263,2.014438359765336e-05,18.198888778686523,0.5687152743339539,0.43128472566604614,6.529930184086256e-08,0.024693588253839823,2.0794415416798357
box33,约束族,42,0,8,32,256,0.6515774726867676,0.19322209060192108,0.6088132858276367,0.14928993582725525,-0.04969199746847153,1.2504938840866089,-3.0,1.444776177406311,2,0,0,0.0625,0.0,30,8,8,8.940520934195263,2.0449229850783013e-05,18.566936492919922,0.5802167654037476,0.41978323459625244,0.003272859263276519,0.02511093312356203,2.0794415416798357
box77,约束族,42,0,8,32,256,0.6514984369277954,0.19785909354686737,0.6091597080230713,0.1526723951101303,-0.3552432954311371,2.0758161544799805,-7.0,1.4385991096496582,3,2,0,0.09375,0.0,30,8,8,8.940520934195263,2.014583151321858e-05,18.20779037475586,0.5689934492111206,0.4310065507888794,5.955196236237751e-05,0.024700220831474214,2.0794415416798357
box33_lam1em2,约束族,42,0,8,32,256,0.6440426111221313,0.17099137604236603,0.6044694185256958,0.15226396918296814,0.14726512134075165,1.0271517038345337,-3.0,1.4135099649429321,2,0,0,0.0625,0.0,30,8,8,8.940520934195263,0.0019450169056653976,20.35453987121582,0.6360793709754944,0.3639206290245056,0.0034216332479392523,0.02580539329310889,2.0794415416798357
noridge,正则族,42,0,8,32,256,0.6517379283905029,0.20262134075164795,0.6101201772689819,0.16056273877620697,-1.2328251600265503,4.1979217529296875,-13.815510749816895,1.4428157806396484,5,4,2,0.15625,0.0625,30,8,8,8.940520934195263,1.1368683772161603e-11,17.80630111694336,0.55644690990448,0.44355309009552,4.0939462767072496e-08,0.02451596741877383,2.0794415416798357
lam1em4,正则族,42,0,8,32,256,0.6517112851142883,0.20213446021080017,0.6100224256515503,0.1597355604171753,-0.9753941893577576,3.7578208446502686,-13.815510749816895,1.4423686265945435,5,2,2,0.15625,0.0625,30,8,8,8.940520934195263,2.0478319129324518e-07,17.850685119628906,0.5578339099884033,0.4421660900115967,6.48181682247911e-08,0.024534243983816217,2.0794415416798357
lam1em2,正则族,42,0,8,32,256,0.6462138295173645,0.17372608184814453,0.6046434044837952,0.1514449119567871,-0.5278235673904419,3.5382533073425293,-13.815510749816895,1.4087051153182983,2,2,2,0.0625,0.0625,30,8,8,8.940520934195263,0.0019117060583084822,20.134061813354492,0.6291894316673279,0.3708105683326721,6.845564696113142e-08,0.025534672760964095,2.0794415416798357
lam1em1,正则族,42,0,8,32,256,0.6261857151985168,0.12012100964784622,0.5896307229995728,0.1303335428237915,0.2522033751010895,0.9015941023826599,-3.603705406188965,1.2459404468536377,1,0,0,0.03125,0.0,32,8,8,8.940520934195263,0.12850388884544373,21.69891357421875,0.6780910491943359,0.32190895080566406,0.00534359433672593,0.026224147621829924,2.0794415416798357
scalar,对照,42,0,8,32,256,0.6116854548454285,0.1271948367357254,0.5605159997940063,0.113470159471035,0.5829563736915588,6.055837786789198e-08,0.5829564332962036,0.5829564332962036,0,0,0,0.0,0.0,32,8,8,8.940520934195263,0.02258218824863434,27.377857208251953,0.8555580377578735,0.14444196224212646,0.12076726550462989,0.023824642280456873,2.0794415416798357
nobeta,对照,42,0,8,32,256,0.611685574054718,0.39125683903694153,0.581759512424469,0.4414120614528656,0.0,0.0,0.0,0.0,0,0,0,0.0,0.0,30,8,8,8.940520934195263,2.014438359765336e-05,27.377851486206055,0.8555578589439392,0.1444421410560608,0.1207672430278648,0.023824659681185252,2.0794415416798357
unbound,基准,42,0,8,64,256,0.6518309116363525,0.16493631899356842,0.607712984085083,0.1399601846933365,-0.3394833505153656,0.9125672578811646,-3.759246826171875,1.0913726091384888,2,0,0,0.03125,0.0,64,8,8,7.991794111752607,9.311495432484662e-07,28.672990798950195,0.4480154812335968,0.5519845187664032,0.0016321130566207204,0.02901867269841292,1.3862943611198906
box33,约束族,42,0,8,64,256,0.6522238254547119,0.16327914595603943,0.6071756482124329,0.1395760178565979,-0.26879042387008667,0.7678229212760925,-2.646103858947754,1.079371452331543,0,0,0,0.0,0.0,64,8,8,7.991794111752607,9.292502909374889e-07,29.443368911743164,0.46005263924598694,0.5399473607540131,0.004138635849237311,0.029391492004330666,1.3862943611198906
box77,约束族,42,0,8,64,256,0.6518383622169495,0.16490644216537476,0.6077022552490234,0.13983307778835297,-0.3377268314361572,0.9082165956497192,-3.7224862575531006,1.0911340713500977,2,0,0,0.03125,0.0,64,8,8,7.991794111752607,9.304526429332327e-07,28.68729591369629,0.4482389986515045,0.5517610013484955,0.0016771018760532673,0.029025592388065593,1.3862943611198906
box33_lam1em2,约束族,42,0,8,64,256,0.6431748867034912,0.12735088169574738,0.6019594073295593,0.1245112493634224,-0.032226305454969406,0.47580987215042114,-1.4478373527526855,1.0000624656677246,0,0,0,0.0,0.0,64,8,8,7.991794111752607,9.163510549115017e-05,34.510746002197266,0.5392304062843323,0.4607695937156677,0.0157532797650001,0.03141506910964865,1.3862943611198906
noridge,正则族,42,0,8,64,256,0.6517897844314575,0.16667290031909943,0.6084064841270447,0.14677053689956665,-0.6080519556999207,1.9748982191085815,-11.380483627319336,1.1054913997650146,2,2,0,0.03125,0.0,64,8,8,7.991794111752607,3.410605131648481e-12,27.882396697998047,0.4356624484062195,0.5643375515937805,8.926013412514598e-07,0.02868631298610138,1.3862943611198906
lam1em4,正则族,42,0,8,64,256,0.6517968773841858,0.16649547219276428,0.6083387136459351,0.14606115221977234,-0.4558928310871124,1.2497280836105347,-6.096456527709961,1.1040579080581665,2,0,0,0.03125,0.0,64,8,8,7.991794111752607,9.200221029459499e-09,27.96559715270996,0.43696245551109314,0.5630375444889069,0.00015603051064568924,0.028719504875487304,1.3862943611198906
lam1em2,正则族,42,0,8,64,256,0.6443361043930054,0.13125069439411163,0.6023244857788086,0.1272333711385727,-0.04990670084953308,0.4976275861263275,-1.589789628982544,1.0065195560455322,0,0,0,0.0,0.0,64,8,8,7.991794111752607,9.162052447209135e-05,34.04340362548828,0.5319281816482544,0.4680718183517456,0.014786999708344897,0.031212185317095475,1.3862943611198906
lam1em1,正则族,42,0,8,64,256,0.611727774143219,0.07565311342477798,0.5674262642860413,0.07927247136831284,0.19412147998809814,0.24938587844371796,-0.5982840061187744,0.8296255469322205,0,0,0,0.0,0.0,64,8,8,7.991794111752607,0.008092526346445084,42.94480895996094,0.6710126399993896,0.32898736000061035,0.03766947604219624,0.03406643259360196,1.3862943611198906
scalar,对照,42,0,8,64,256,0.5968472361564636,0.05442740023136139,0.5511273145675659,0.08124018460512161,0.30018213391304016,0.0,0.30018213391304016,0.30018213391304016,0,0,0,0.0,0.0,64,8,8,7.991794111752607,0.00594317028298974,49.218231201171875,0.7690348625183105,0.23096513748168945,0.0726200461369558,0.03186597708429556,1.3862943611198906
nobeta,对照,42,0,8,64,256,0.5968472361564636,0.2593781054019928,0.5497336983680725,0.2603902816772461,0.0,0.0,0.0,0.0,0,0,0,0.0,0.0,64,8,8,7.991794111752607,9.311495432484662e-07,49.218231201171875,0.7690348625183105,0.23096513748168945,0.07262005367646251,0.03186601478587372,1.3862943611198906
unbound,基准,42,0,16,8,256,0.575421154499054,0.22943000495433807,0.5397434234619141,0.24672438204288483,-0.8830075263977051,5.340412616729736,-13.815510749816895,2.123817205429077,1,1,1,0.125,0.125,7,8,8,13.41409498959837,22.91216278076172,5.682910442352295,0.7103638052940369,0.28963619470596313,8.49467193082842e-08,0.4621499141713451,3.4657359027997265
box33,约束族,42,0,16,8,256,0.5758311152458191,0.22737334668636322,0.5386651754379272,0.24678421020507812,0.47619178891181946,1.769936442375183,-3.0,2.121955156326294,1,0,0,0.125,0.0,7,8,8,13.41409498959837,22.979066848754883,5.736189842224121,0.7170237302780151,0.28297626972198486,0.004236124616254248,0.4600530798713137,3.4657359027997265
box77,约束族,42,0,16,8,256,0.5753929018974304,0.2293921560049057,0.5397175550460815,0.24672554433345795,-0.03092944622039795,3.023634195327759,-7.0,2.1237831115722656,1,1,0,0.125,0.0,7,8,8,13.41409498959837,22.91338539123535,5.6844353675842285,0.7105544209480286,0.28944557905197144,7.746365497760113e-05,0.46212775566190645,3.4657359027997265
box33_lam1em2,约束族,42,0,16,8,256,0.5769221186637878,0.216628298163414,0.5410329699516296,0.2504308521747589,0.5250645875930786,1.7031115293502808,-3.0,2.1134462356567383,1,0,0,0.125,0.0,7,8,8,13.41409498959837,23.00430679321289,5.802251815795898,0.7252814769744873,0.2747185230255127,0.004268750201421391,0.45356836415319846,3.4657359027997265
noridge,正则族,42,0,16,8,256,0.5766398310661316,0.23068146407604218,0.5411850214004517,0.24622295796871185,-0.8915689587593079,5.342095375061035,-13.815510749816895,2.124753952026367,1,1,1,0.125,0.125,7,8,8,13.41409498959837,22.911867141723633,5.673907279968262,0.7092384099960327,0.2907615900039673,8.487355320348418e-08,0.46329210154022477,3.4657359027997265
lam1em4,正则族,42,0,16,8,256,0.5766763687133789,0.23055562376976013,0.5410372614860535,0.24627426266670227,-0.8906755447387695,5.341915607452393,-13.815510749816895,2.1246607303619385,1,1,1,0.125,0.125,7,8,8,13.41409498959837,22.911867141723633,5.6748247146606445,0.7093530893325806,0.29064691066741943,8.488085349310411e-08,0.46317463661273833,3.4657359027997265
lam1em2,正则族,42,0,16,8,256,0.5757387280464172,0.21862655878067017,0.5405070781707764,0.25044354796409607,-0.8302772045135498,5.331831455230713,-13.815510749816895,2.1153135299682617,1,1,1,0.125,0.125,7,8,8,13.41409498959837,22.93785858154297,5.750549793243408,0.718818724155426,0.281181275844574,8.560198701212899e-08,0.4550697117878113,3.4657359027997265
lam1em1,正则族,42,0,16,8,256,0.5797703266143799,0.2345922440290451,0.5519387125968933,0.25379177927970886,0.8812942504882812,0.8938113451004028,-0.8618300557136536,2.01605486869812,0,0,0,0.0,0.0,8,8,8,13.41409498959837,24.604873657226562,6.266218662261963,0.7832773327827454,0.21672266721725464,0.03929074782628129,0.41197712124579433,3.4657359027997265
scalar,对照,42,0,16,8,256,0.6097399592399597,0.41218116879463196,0.5713618993759155,0.26023557782173157,1.3753397464752197,1.2744008870413381e-07,1.3753398656845093,1.3753398656845093,0,0,0,0.0,0.0,8,8,8,13.41409498959837,0.14703166484832764,7.619288921356201,0.9524111151695251,0.047588884830474854,0.4156261474374735,0.38991174582230564,3.4657359027997265
nobeta,对照,42,0,16,8,256,0.6097398996353149,0.6631280183792114,0.6974166035652161,0.7361027598381042,0.0,0.0,0.0,0.0,0,0,0,0.0,0.0,7,8,8,13.41409498959837,22.91216278076172,7.619288921356201,0.9524111151695251,0.047588884830474854,0.41562624111498886,0.38991174582230564,3.4657359027997265
unbound,基准,42,0,16,16,256,0.5122411847114563,0.19863970577716827,0.47409576177597046,0.1282035857439041,-2.652107000350952,6.682787895202637,-13.815510749816895,2.065032958984375,4,4,4,0.25,0.25,12,16,16,75.02638270600022,1.273069977760315,10.75667953491211,0.6722924709320068,0.32770752906799316,1.0045107495803808e-07,0.2443463059715864,2.772588722239781
box33,约束族,42,0,16,16,256,0.5120617747306824,0.1986263245344162,0.4726904630661011,0.1276775747537613,0.05214740335941315,1.910278558731079,-3.0,2.048435688018799,4,0,0,0.25,0.0,12,16,16,75.02638270600022,1.3134934902191162,11.036660194396973,0.6897912621498108,0.3102087378501892,0.005080126901334542,0.24235821595316992,2.772588722239781
box77,约束族,42,0,16,16,256,0.5122489929199219,0.19867059588432312,0.4740820825099945,0.12819363176822662,-0.9482196569442749,3.656691551208496,-7.0,2.0647318363189697,4,4,0,0.25,0.0,12,16,16,75.02638270600022,1.2737956047058105,10.765040397644043,0.6728150248527527,0.3271849751472473,9.162555631685352e-05,0.2443298577783056,2.772588722239781
box33_lam1em2,约束族,42,0,16,16,256,0.5148111581802368,0.18521808087825775,0.47467902302742004,0.125675231218338,0.06878499686717987,1.8985826969146729,-3.0,2.0024304389953613,4,0,0,0.25,0.0,12,16,16,75.02638270600022,1.3610918521881104,11.209914207458496,0.700619637966156,0.299380362033844,0.005281600118531175,0.23663471020635887,2.772588722239781
noridge,正则族,42,0,16,16,256,0.5097222328186035,0.2032465636730194,0.47632282972335815,0.12831243872642517,-2.6556949615478516,6.6818718910217285,-13.815510749816895,2.070857286453247,4,4,4,0.25,0.25,12,16,16,75.02638270600022,1.2724136114120483,10.728436470031738,0.6705272793769836,0.32947272062301636,9.995586285907919e-08,0.24548829161734093,2.772588722239781
lam1em4,正则族,42,0,16,16,256,0.5099966526031494,0.20304490625858307,0.47606608271598816,0.12830282747745514,-2.655313014984131,6.681969165802002,-13.815510749816895,2.070267915725708,4,4,4,0.25,0.25,12,16,16,75.02638270600022,1.2724283933639526,10.731366157531738,0.6707103848457336,0.32928961515426636,1.0000589177858923e-07,0.24536885601009353,2.772588722239781
lam1em2,正则族,42,0,16,16,256,0.515243649482727,0.18726153671741486,0.47358450293540955,0.12646415829658508,-2.6332993507385254,6.687309741973877,-13.815510749816895,2.0179660320281982,4,4,4,0.25,0.25,12,16,16,75.02638270600022,1.321526288986206,10.937715530395508,0.6836072206497192,0.31639277935028076,1.0453425025281707e-07,0.23789276423488728,2.772588722239781
lam1em1,正则族,42,0,16,16,256,0.5300379395484924,0.1463702917098999,0.5006754398345947,0.11985365301370621,0.6009075045585632,1.033855676651001,-2.857776403427124,1.4117804765701294,0,0,0,0.0,0.0,16,16,16,75.02638270600022,3.3591468334198,13.22815990447998,0.8267599940299988,0.17324000597000122,0.0100194867720606,0.16671451125399664,2.772588722239781
scalar,对照,42,0,16,16,256,0.5215556025505066,0.2500455677509308,0.4667108356952667,0.17802433669567108,0.919041097164154,6.155941179031288e-08,0.9190410375595093,0.9190410375595093,0,0,0,0.0,0.0,16,16,16,75.02638270600022,0.04021184518933296,14.740857124328613,0.9213035702705383,0.07869642972946167,0.24385246997149276,0.08100220796820373,2.772588722239781
nobeta,对照,42,0,16,16,256,0.521554708480835,0.5082812309265137,0.5419124960899353,0.5593104362487793,0.0,0.0,0.0,0.0,0,0,0,0.0,0.0,12,16,16,75.02638270600022,1.273069977760315,14.740857124328613,0.9213035702705383,0.07869642972946167,0.24385246997149276,0.08100240969132888,2.772588722239781
unbound,基准,42,0,16,32,256,0.47597742080688477,0.1826290637254715,0.42573145031929016,0.09944833070039749,-1.6334396600723267,4.905226707458496,-13.815510749816895,1.6892635822296143,6,4,4,0.1875,0.125,28,16,16,29.93478947819157,0.0037056682631373405,19.287553787231445,0.6027360558509827,0.39726394414901733,7.49741435471714e-08,0.06624084673559362,2.0794415416798357
box33,约束族,42,0,16,32,256,0.4772225320339203,0.180147185921669,0.42628413438796997,0.10118286311626434,-0.17825812101364136,1.56696355342865,-3.0,1.695987343788147,4,0,0,0.125,0.0,28,16,16,29.93478947819157,0.003812201553955674,19.60127830505371,0.6125399470329285,0.38746005296707153,0.0031377325633663963,0.06711767509193103,2.0794415416798357
box77,约束族,42,0,16,32,256,0.47600093483924866,0.18258482217788696,0.4257422685623169,0.09947860240936279,-0.7749292850494385,2.7962682247161865,-7.0,1.689383625984192,6,4,0,0.1875,0.0,28,16,16,29.93478947819157,0.0037078778259456158,19.297016143798828,0.6030317544937134,0.3969682455062866,6.837765838015439e-05,0.0662577837195238,2.0794415416798357
box33_lam1em2,约束族,42,0,16,32,256,0.48074284195899963,0.17939554154872894,0.42406103014945984,0.08484898507595062,-0.005135834217071533,1.3708865642547607,-3.0,1.6180912256240845,2,0,0,0.0625,0.0,30,16,16,29.93478947819157,0.032038651406764984,20.651159286499023,0.6453487277030945,0.3546512722969055,0.004459140156754264,0.05897246771062952,2.0794415416798357
noridge,正则族,42,0,16,32,256,0.47500622272491455,0.18441344797611237,0.42624756693840027,0.09993042051792145,-1.552876591682434,4.6104559898376465,-13.815510749816895,1.6991522312164307,6,4,3,0.1875,0.09375,29,16,16,29.93478947819157,0.0025270474143326283,19.063201904296875,0.5957250595092773,0.40427494049072266,7.46626692551374e-08,0.06738855821466949,2.0794415416798357
lam1em4,正则族,42,0,16,32,256,0.47511929273605347,0.18423502147197723,0.4261934459209442,0.09987455606460571,-1.6926668882369995,4.9225850105285645,-13.815510749816895,1.6981263160705566,6,4,4,0.1875,0.125,28,16,16,29.93478947819157,0.002623082371428609,19.087186813354492,0.5964745879173279,0.4035254120826721,7.469644950312998e-08,0.06727590360785954,2.0794415416798357
lam1em2,正则族,42,0,16,32,256,0.4804905354976654,0.18054930865764618,0.42376673221588135,0.08365512639284134,-0.39658427238464355,2.8183116912841797,-13.815510749816895,1.6142245531082153,3,1,1,0.09375,0.03125,31,16,16,29.93478947819157,0.03164311498403549,20.489038467407227,0.6402824521064758,0.35971754789352417,1.5280220871281177e-07,0.05867420067365307,2.0794415416798357
lam1em1,正则族,42,0,16,32,256,0.452620267868042,0.14220105111598969,0.41963329911231995,0.11494109779596329,-0.07107014954090118,2.5863895416259766,-13.815510749816895,1.2659496068954468,1,1,1,0.03125,0.03125,31,16,16,29.93478947819157,0.7248359322547913,22.21489143371582,0.6942153573036194,0.3057846426963806,2.2294621298420558e-07,0.05011326908647044,2.0794415416798357
scalar,对照,42,0,16,32,256,0.42247864603996277,0.15174178779125214,0.37420132756233215,0.1229158490896225,0.5898874402046204,0.0,0.5898874402046204,0.5898874402046204,0,0,0,0.0,0.0,32,16,16,29.93478947819157,0.023837339133024216,27.00078773498535,0.8437746167182922,0.15622538328170776,0.09811301026538108,0.037173750862123926,2.0794415416798357
nobeta,对照,42,0,16,32,256,0.42247891426086426,0.3614862561225891,0.42014768719673157,0.39320793747901917,0.0,0.0,0.0,0.0,0,0,0,0.0,0.0,28,16,16,29.93478947819157,0.0037056682631373405,27.00079345703125,0.8437747955322266,0.15622520446777344,0.09811301214898974,0.03717376249999653,2.0794415416798357
unbound,基准,42,0,16,64,256,0.44295063614845276,0.13820716738700867,0.4154208302497864,0.08340299874544144,-0.22259148955345154,1.0845128297805786,-4.944293975830078,1.2245677709579468,4,0,0,0.0625,0.0,64,16,16,18.664946635525165,2.6026689738500863e-05,33.013458251953125,0.5158352851867676,0.4841647148132324,0.00045924973869615156,0.04493530801444186,1.3862943611198906
box33,约束族,42,0,16,64,256,0.44341525435447693,0.1350349485874176,0.41486451029777527,0.08538410067558289,-0.1451641023159027,0.8761729598045349,-2.8905529975891113,1.2159007787704468,0,0,0,0.0,0.0,64,16,16,18.664946635525165,2.589147334219888e-05,33.58330535888672,0.524739146232605,0.475260853767395,0.0036137762737029782,0.04502822091002398,1.3862943611198906
box77,约束族,42,0,16,64,256,0.4429592788219452,0.1381492167711258,0.4154108464717865,0.08343900740146637,-0.21974152326583862,1.0744630098342896,-4.82684326171875,1.224410057067871,4,0,0,0.0625,0.0,64,16,16,18.664946635525165,2.6020241421065293e-05,33.02424621582031,0.5160038471221924,0.4839961528778076,0.0005165707263062268,0.04493693343731559,1.3862943611198906
box33_lam1em2,约束族,42,0,16,64,256,0.44101428985595703,0.11699895560741425,0.40950366854667664,0.07027536630630493,0.0572228841483593,0.5704756379127502,-1.9224121570587158,1.1450940370559692,0,0,0,0.0,0.0,64,16,16,18.664946635525165,0.00161817017942667,37.53148651123047,0.5864294767379761,0.4135705232620239,0.009781458037302888,0.04517017968005164,1.3862943611198906
noridge,正则族,42,0,16,64,256,0.44286349415779114,0.14289814233779907,0.4161474108695984,0.08114428073167801,-0.5883529186248779,2.447436809539795,-13.815510749816895,1.2372008562088013,4,2,1,0.0625,0.015625,63,16,16,18.664946635525165,1.608984348422382e-06,32.325965881347656,0.5050932168960571,0.49490678310394287,6.376593326686752e-08,0.04492628090459176,1.3862943611198906
lam1em4,正则族,42,0,16,64,256,0.4428657293319702,0.14260578155517578,0.4160712957382202,0.08137284219264984,-0.39706751704216003,1.640993356704712,-8.431095123291016,1.2358912229537964,4,1,0,0.0625,0.0,64,16,16,18.664946635525165,2.515214191589621e-06,32.399436950683594,0.5062412023544312,0.49375879764556885,1.391525553870879e-05,0.04492534599549255,1.3862943611198906
lam1em2,正则族,42,0,16,64,256,0.44138234853744507,0.11871623992919922,0.40984824299812317,0.0696256160736084,0.04471759870648384,0.5884290337562561,-2.0652084350585938,1.146834373474121,0,0,0,0.0,0.0,64,16,16,18.664946635525165,0.0016186911379918456,37.23390197753906,0.5817797183990479,0.41822028160095215,0.008474537501957154,0.045126514382040184,1.3862943611198906
lam1em1,正则族,42,0,16,64,256,0.4200504422187805,0.06683863699436188,0.38986653089523315,0.054733552038669586,0.21866855025291443,0.3451029360294342,-0.8078085780143738,0.9891906380653381,0,0,0,0.0,0.0,64,16,16,18.664946635525165,0.07938031107187271,42.75670623779297,0.6680735349655151,0.33192646503448486,0.029787525548496816,0.04415007359479142,1.3862943611198906
scalar,对照,42,0,16,64,256,0.38560861349105835,0.07664157450199127,0.35251015424728394,0.06686133146286011,0.318971186876297,0.0,0.318971186876297,0.318971186876297,0,0,0,0.0,0.0,64,16,16,18.664946635525165,0.008438944816589355,48.187705993652344,0.7529329061508179,0.24706709384918213,0.06661410332332592,0.03688848720813738,1.3862943611198906
nobeta,对照,42,0,16,64,256,0.38560882210731506,0.22452406585216522,0.38120487332344055,0.2386450320482254,0.0,0.0,0.0,0.0,0,0,0,0.0,0.0,64,16,16,18.664946635525165,2.6026689738500863e-05,48.187705993652344,0.7529329061508179,0.24706709384918213,0.06661410332332592,0.036888514363173454,1.3862943611198906
unbound,基准,42,0,32,8,256,0.4806225895881653,0.13817384839057922,0.396821528673172,0.17564646899700165,1.0670621395111084,0.6029368042945862,0.18734565377235413,2.1586687564849854,0,0,0,0.0,0.0,8,8,8,7.833377484563316,4.889042854309082,7.047737121582031,0.8809671401977539,0.1190328598022461,0.21451376755129584,0.41646661788611616,3.4657359027997265
box33,约束族,42,0,32,8,256,0.4806225597858429,0.13817384839057922,0.3968214988708496,0.17564646899700165,1.0670621395111084,0.6029368042945862,0.1873454451560974,2.1586687564849854,0,0,0,0.0,0.0,8,8,8,7.833377484563316,4.889042854309082,7.047737121582031,0.8809671401977539,0.1190328598022461,0.21451386293756955,0.41646661788611616,3.4657359027997265
box77,约束族,42,0,32,8,256,0.4806225895881653,0.13817375898361206,0.3968215584754944,0.17564646899700165,1.0670621395111084,0.6029366254806519,0.1873459368944168,2.1586687564849854,0,0,0,0.0,0.0,8,8,8,7.833377484563316,4.88904333114624,7.047736167907715,0.8809670209884644,0.11903297901153564,0.21451407597667638,0.41646661788611616,3.4657359027997265
box33_lam1em2,约束族,42,0,32,8,256,0.48002249002456665,0.13358145952224731,0.3987767696380615,0.1846185177564621,1.0695163011550903,0.58067786693573,0.21022669970989227,2.129193067550659,0,0,0,0.0,0.0,8,8,8,7.833377484563316,4.9039530754089355,7.092947483062744,0.886618435382843,0.11338156461715698,0.23092380405567492,0.41639756276984435,3.4657359027997265
noridge,正则族,42,0,32,8,256,0.4806922972202301,0.1379527896642685,0.39658984541893005,0.17564524710178375,1.0666944980621338,0.6056117415428162,0.18466152250766754,2.162036180496216,0,0,0,0.0,0.0,8,8,8,7.833377484563316,4.888879776000977,7.042214393615723,0.8802767992019653,0.11972320079803467,0.2125619103773585,0.4164761945841894,3.4657359027997265
lam1em4,正则族,42,0,32,8,256,0.4806853234767914,0.13797511160373688,0.3966132700443268,0.17564524710178375,1.0667322874069214,0.6053422093391418,0.18493126332759857,2.161698341369629,0,0,0,0.0,0.0,8,8,8,7.833377484563316,4.888880729675293,7.042770862579346,0.8803463578224182,0.11965364217758179,0.2127583757192603,0.41647520525587606,3.4657359027997265
lam1em2,正则族,42,0,32,8,256,0.4800223708152771,0.13358177244663239,0.3987768590450287,0.18461845815181732,1.0695163011550903,0.5806779861450195,0.21022650599479675,2.129193067550659,0,0,0,0.0,0.0,8,8,8,7.833377484563316,4.903953552246094,7.092945575714111,0.8866181969642639,0.11338180303573608,0.23092357272846512,0.4163976023429769,3.4657359027997265
lam1em1,正则族,42,0,32,8,256,0.47579941153526306,0.13228954374790192,0.41067296266555786,0.20070780813694,1.0601630210876465,0.44014206528663635,0.3738677501678467,1.8941768407821655,0,0,0,0.0,0.0,8,8,8,7.833377484563316,5.709802627563477,7.322665691375732,0.9153332114219666,0.08466678857803345,0.32113119757321057,0.4166263350490233,3.4657359027997265
scalar,对照,42,0,32,8,256,0.47037261724472046,0.31773921847343445,0.43283647298812866,0.2567248046398163,1.307641863822937,0.0,1.307641863822937,1.307641863822937,0,0,0,0.0,0.0,8,8,8,7.833377484563316,0.13637186586856842,7.6198248863220215,0.9524781107902527,0.047521889209747314,0.41400358171703056,0.4280555306024259,3.4657359027997265
nobeta,对照,42,0,32,8,256,0.47037261724472046,0.6642237305641174,0.582457423210144,0.7374211549758911,0.0,0.0,0.0,0.0,0,0,0,0.0,0.0,8,8,8,7.833377484563316,4.889042854309082,7.6198248863220215,0.9524781107902527,0.047521889209747314,0.41400357565517787,0.42805557017555845,3.4657359027997265
unbound,基准,42,0,32,16,256,0.3907511830329895,0.13547927141189575,0.3602980971336365,0.07723081111907959,-0.9762295484542847,5.036384582519531,-13.815510749816895,1.5094952583312988,2,2,2,0.125,0.125,14,16,16,25.751177347842177,1.2746236324310303,12.839446067810059,0.8024653792381287,0.19753462076187134,1.3050608707859673e-07,0.2647921203560984,2.772588722239781
box33,约束族,42,0,32,16,256,0.39035606384277344,0.1303277313709259,0.36030295491218567,0.07478737831115723,0.37388527393341064,1.4063199758529663,-3.0,1.493295669555664,2,0,0,0.125,0.0,14,16,16,25.751177347842177,1.2767493724822998,12.979589462280273,0.8112243413925171,0.1887756586074829,0.0064761502069888115,0.26121437280340043,2.772588722239781
box77,约束族,42,0,32,16,256,0.3907605707645416,0.13538502156734467,0.36029788851737976,0.07716415077447891,-0.1243230476975441,2.72935152053833,-7.0,1.5092010498046875,2,2,0,0.125,0.0,14,16,16,25.751177347842177,1.2746561765670776,12.84398078918457,0.8027487993240356,0.19725120067596436,0.0001189990045136764,0.2647930898978455,2.772588722239781
box33_lam1em2,约束族,42,0,32,16,256,0.38333991169929504,0.1254892349243164,0.3447335958480835,0.07306888699531555,0.5294108986854553,1.000585913658142,-2.0199813842773438,1.446308970451355,0,0,0,0.0,0.0,16,16,16,25.751177347842177,1.290903091430664,13.269362449645996,0.8293351531028748,0.17066484689712524,0.02850306378626117,0.24394008706876572,2.772588722239781
noridge,正则族,42,0,32,16,256,0.39083099365234375,0.13660505414009094,0.3600003123283386,0.0768485963344574,-0.9770843982696533,5.036646366119385,-13.815510749816895,1.51145339012146,2,2,2,0.125,0.125,14,16,16,25.751177347842177,1.2745251655578613,12.828495025634766,0.8017809391021729,0.19821906089782715,1.3058610015434644e-07,0.2648561892576709,2.772588722239781
lam1em4,正则族,42,0,32,16,256,0.39082255959510803,0.13649024069309235,0.36003023386001587,0.07688823342323303,-0.9769936203956604,5.036619663238525,-13.815510749816895,1.511255145072937,2,2,2,0.125,0.125,14,16,16,25.751177347842177,1.2745264768600464,12.829632759094238,0.8018520474433899,0.1981479525566101,1.3057741189556825e-07,0.26484926395947744,2.772588722239781
lam1em2,正则族,42,0,32,16,256,0.3833393156528473,0.12548881769180298,0.34473443031311035,0.07306911796331406,0.5294086337089539,1.0005908012390137,-2.01997447013855,1.4463083744049072,0,0,0,0.0,0.0,16,16,16,25.751177347842177,1.290903091430664,13.269355773925781,0.8293347358703613,0.17066526412963867,0.028503258961785183,0.24394016621503078,2.772588722239781
lam1em1,正则族,42,0,32,16,256,0.3563888967037201,0.1384924054145813,0.3133978247642517,0.09507682174444199,0.6989004611968994,0.4226647913455963,-0.21115197241306305,1.3751791715621948,0,0,0,0.0,0.0,16,16,16,25.751177347842177,1.633205771446228,14.174755096435547,0.8859221935272217,0.11407780647277832,0.15477319313061588,0.21257915121167426,2.772588722239781
scalar,对照,42,0,32,16,256,0.34198716282844543,0.21250219643115997,0.3214905858039856,0.1568838208913803,0.8424040079116821,6.155941179031288e-08,0.8424040675163269,0.8424040675163269,0,0,0,0.0,0.0,16,16,16,25.751177347842177,0.051210157573223114,14.698003768920898,0.9186252355575562,0.08137476444244385,0.21833624275850919,0.21787807280423868,2.772588722239781
nobeta,对照,42,0,32,16,256,0.34198713302612305,0.5122069120407104,0.40915998816490173,0.5464785695075989,0.0,0.0,0.0,0.0,0,0,0,0.0,0.0,14,16,16,25.751177347842177,1.2746236324310303,14.698003768920898,0.9186252355575562,0.08137476444244385,0.21833624275850919,0.21787807280423868,2.772588722239781
unbound,基准,42,0,32,32,256,0.3799595832824707,0.13593804836273193,0.3158888518810272,0.04537520557641983,-1.6663967370986938,5.339243412017822,-13.815510749816895,1.4563231468200684,5,5,5,0.15625,0.15625,27,32,32,278.8269122228884,0.3586267828941345,21.771310806274414,0.6803534626960754,0.31964653730392456,5.970028787818823e-08,0.1414280142953749,2.0794415416798357
box33,约束族,42,0,32,32,256,0.37766560912132263,0.13476623594760895,0.3156196177005768,0.04670141264796257,0.02566574513912201,1.4262971878051758,-3.0,1.4581605195999146,5,0,0,0.15625,0.0,27,32,32,278.8269122228884,0.36125895380973816,22.24854850769043,0.6952671408653259,0.3047328591346741,0.0029917314835605038,0.1395001497842835,2.0794415416798357
box77,约束族,42,0,32,32,256,0.3799424171447754,0.13591675460338593,0.3158963918685913,0.04540605843067169,-0.6014277935028076,2.8492965698242188,-7.0,1.4563549757003784,5,5,0,0.15625,0.0,27,32,32,278.8269122228884,0.35867422819137573,21.785667419433594,0.6808021068572998,0.3191978931427002,5.444606208174912e-05,0.1414144209243495,2.0794415416798357
box33_lam1em2,约束族,42,0,32,32,256,0.3511859178543091,0.1145554855465889,0.3128034174442291,0.03909964859485626,0.2097889482975006,1.0933877229690552,-3.0,1.3173037767410278,2,0,0,0.0625,0.0,30,32,32,278.8269122228884,0.3933940827846527,23.510700225830078,0.7347093820571899,0.26529061794281006,0.005065825594883863,0.1338730284170485,2.0794415416798357
noridge,正则族,42,0,32,32,256,0.3806088864803314,0.13842010498046875,0.31682202219963074,0.04415066912770271,-1.671026349067688,5.339090824127197,-13.815510749816895,1.4732455015182495,5,5,5,0.15625,0.15625,27,32,32,278.8269122228884,0.35583823919296265,21.66566276550293,0.6770519614219666,0.32294803857803345,5.91920939571177e-08,0.14209090383845155,2.0794415416798357
lam1em4,正则族,42,0,32,32,256,0.3805336356163025,0.13816706836223602,0.316724568605423,0.04428192228078842,-1.6705245971679688,5.339112281799316,-13.815510749816895,1.4715511798858643,5,5,5,0.15625,0.15625,27,32,32,278.8269122228884,0.35611316561698914,21.676895141601562,0.6774029731750488,0.32259702682495117,5.9243673265222813e-08,0.14201848500591438,2.0794415416798357
lam1em2,正则族,42,0,32,32,256,0.3503018915653229,0.1167360469698906,0.3130132555961609,0.03932902216911316,-0.4647407531738281,3.5696089267730713,-13.815510749816895,1.3155293464660645,2,2,2,0.0625,0.0625,30,32,32,278.8269122228884,0.39153340458869934,23.263151168823242,0.7269734740257263,0.2730265259742737,1.017138529128296e-07,0.1355229906049201,2.0794415416798357
lam1em1,正则族,42,0,32,32,256,0.2983309328556061,0.0956728383898735,0.26556873321533203,0.04628113657236099,0.4227134585380554,0.3593231737613678,-0.9000627994537354,1.0301321744918823,0,0,0,0.0,0.0,32,32,32,278.8269122228884,0.5954627990722656,25.638015747070312,0.8011879920959473,0.19881200790405273,0.07118479820619383,0.09510562464803067,2.0794415416798357
scalar,对照,42,0,32,32,256,0.31411290168762207,0.09231562167406082,0.27499234676361084,0.08462859690189362,0.5182272791862488,0.0,0.5182272791862488,0.5182272791862488,0,0,0,0.0,0.0,32,32,32,278.8269122228884,0.023369399830698967,26.690290451049805,0.8340715765953064,0.1659284234046936,0.09814103936069599,0.08801380271288192,2.0794415416798357
nobeta,对照,42,0,32,32,256,0.3141127824783325,0.3648512363433838,0.33257752656936646,0.3874082863330841,0.0,0.0,0.0,0.0,0,0,0,0.0,0.0,27,32,32,278.8269122228884,0.3586267828941345,26.690290451049805,0.8340715765953064,0.1659284234046936,0.09814103936069599,0.08801375324646625,2.0794415416798357
unbound,基准,42,0,32,64,256,0.31321439146995544,0.08900541812181473,0.28085651993751526,0.017154419794678688,-0.9056391716003418,3.8677268028259277,-13.815510749816895,1.1640331745147705,6,5,5,0.09375,0.078125,59,32,32,77.79797007424038,0.06039993092417717,39.300331115722656,0.6140676736831665,0.3859323263168335,4.438617716928605e-08,0.07410985185005144,1.3862943611198906
box33,约束族,42,0,32,64,256,0.3111494481563568,0.09096545726060867,0.2802533805370331,0.018468044698238373,-0.046889275312423706,1.1379873752593994,-3.0,1.167745590209961,6,0,0,0.09375,0.0,58,32,32,77.79797007424038,0.06137273833155632,39.9910774230957,0.6248605847358704,0.37513941526412964,0.002228146398400368,0.07296848850814806,1.3862943611198906
box77,约束族,42,0,32,64,256,0.3131760060787201,0.08904515951871872,0.28084683418273926,0.017167208716273308,-0.3730188012123108,2.0955379009246826,-7.0,1.1640985012054443,6,5,0,0.09375,0.0,59,32,32,77.79797007424038,0.060417044907808304,39.318241119384766,0.614347517490387,0.38565248250961304,4.048126902891979e-05,0.07408827459953728,1.3862943611198906
box33_lam1em2,约束族,42,0,32,64,256,0.30097079277038574,0.07843216508626938,0.27337226271629333,0.018889186903834343,0.058288540691137314,0.9598859548568726,-3.0,1.0830060243606567,4,0,0,0.0625,0.0,60,32,32,77.79797007424038,0.07464225590229034,41.829856872558594,0.653591513633728,0.346408486366272,0.002347143757452265,0.06789059770071058,1.3862943611198906
noridge,正则族,42,0,32,64,256,0.31358954310417175,0.08888547122478485,0.28160855174064636,0.017071859911084175,-0.9474678039550781,3.8923821449279785,-13.815510749816895,1.1771996021270752,7,5,5,0.109375,0.078125,59,32,32,77.79797007424038,0.05903206393122673,38.97590255737305,0.6089984774589539,0.39100152254104614,4.404121878346529e-08,0.0749766963715666,1.3862943611198906
lam1em4,正则族,42,0,32,64,256,0.3135521113872528,0.0888989046216011,0.2815288007259369,0.017204081639647484,-0.9407307505607605,3.8873417377471924,-13.815510749816895,1.1758695840835571,7,5,5,0.109375,0.078125,59,32,32,77.79797007424038,0.05916852876543999,39.01079559326172,0.6095436811447144,0.39045631885528564,4.407637650964083e-08,0.07488700881331992,1.3862943611198906
lam1em2,正则族,42,0,32,64,256,0.3025114834308624,0.07881754636764526,0.27353066205978394,0.018338406458497047,-0.6207754611968994,3.4763009548187256,-13.815510749816895,1.0931942462921143,4,4,4,0.0625,0.0625,60,32,32,77.79797007424038,0.07337912917137146,41.296627044677734,0.6452597975730896,0.3547402024269104,4.6869923414300266e-08,0.06848016317584332,1.3862943611198906
lam1em1,正则族,42,0,32,64,256,0.2717154324054718,0.07303831726312637,0.25435709953308105,0.03140309453010559,0.2250608652830124,0.31720471382141113,-1.3120924234390259,0.673084020614624,0,0,0,0.0,0.0,64,32,32,77.79797007424038,0.19551950693130493,44.736663818359375,0.6990103721618652,0.30098962783813477,0.022182809227490885,0.05802459034881566,1.3862943611198906
scalar,对照,42,0,32,64,256,0.27002695202827454,0.05465443804860115,0.2491830587387085,0.054095834493637085,0.2812606990337372,0.0,0.2812606990337372,0.2812606990337372,0,0,0,0.0,0.0,64,32,32,77.79797007424038,0.008019983768463135,45.88947296142578,0.7170230150222778,0.28297698497772217,0.056318936180448836,0.05289341431842118,1.3862943611198906
nobeta,对照,42,0,32,64,256,0.27002668380737305,0.2279236614704132,0.2517470419406891,0.23884697258472443,0.0,0.0,0.0,0.0,0,0,0,0.0,0.0,59,32,32,77.79797007424038,0.06039993092417717,45.88945388793945,0.717022716999054,0.28297728300094604,0.056318919721643775,0.05289339453185491,1.3862943611198906
unbound,基准,42,1,8,8,256,0.6409444212913513,0.18573597073554993,0.4741336405277252,0.1960732787847519,-0.5737903714179993,5.4139180183410645,-13.815510749816895,2.4694933891296387,1,1,1,0.125,0.125,7,8,8,106.4377786317513,0.1510312855243683,6.095126628875732,0.7618908286094666,0.23810917139053345,8.513520633591608e-08,0.15358593707635007,3.4657359027997265
box33,约束族,42,1,8,8,256,0.6411324143409729,0.18637189269065857,0.4737575650215149,0.19682125747203827,0.778475821018219,1.7348589897155762,-3.0,2.468580484390259,1,0,0,0.125,0.0,7,8,8,106.4377786317513,0.15156316757202148,6.145515441894531,0.7681894302368164,0.2318105697631836,0.004228240744690835,0.15347588424369007,3.4657359027997265
box77,约束族,42,1,8,8,256,0.6409474015235901,0.18576210737228394,0.4741268754005432,0.19608525931835175,0.27815157175064087,3.0547335147857666,-7.0,2.469478130340576,1,1,0,0.125,0.0,7,8,8,106.4377786317513,0.15103958547115326,6.096590995788574,0.7620738744735718,0.23792612552642822,7.76293131087936e-05,0.15358633527746327,3.4657359027997265
box33_lam1em2,约束族,42,1,8,8,256,0.6795597672462463,0.1923045814037323,0.48545169830322266,0.20622241497039795,1.215786099433899,0.7107053995132446,0.32460832595825195,2.3709990978240967,0,0,0,0.0,0.0,8,8,8,106.4377786317513,0.20083603262901306,7.012580394744873,0.8765725493431091,0.12342745065689087,0.12759738970802803,0.11021150750775266,3.4657359027997265
noridge,正则族,42,1,8,8,256,0.639188289642334,0.17530883848667145,0.4722677171230316,0.18804900348186493,-0.5835278034210205,5.414816856384277,-13.815510749816895,2.476658582687378,1,1,1,0.125,0.125,7,8,8,106.4377786317513,0.148512601852417,6.030516147613525,0.7538145184516907,0.24618548154830933,8.330427217716461e-08,0.1540565776087236,3.4657359027997265
lam1em4,正则族,42,1,8,8,256,0.6393631100654602,0.17497430741786957,0.47243690490722656,0.18880517780780792,-0.5825831890106201,5.414740085601807,-13.815510749816895,2.4759483337402344,1,1,1,0.125,0.125,7,8,8,106.4377786317513,0.14866270124912262,6.036640644073486,0.7545800805091858,0.2454199194908142,8.346941275208405e-08,0.15400811321490482,3.4657359027997265
lam1em2,正则族,42,1,8,8,256,0.6795713901519775,0.19231301546096802,0.4854515790939331,0.2062462568283081,1.2157957553863525,0.7106754183769226,0.32472023367881775,2.370997667312622,0,0,0,0.0,0.0,8,8,8,106.4377786317513,0.20084011554718018,7.012613296508789,0.8765766620635986,0.12342333793640137,0.12761180750321316,0.11020985663230419,3.4657359027997265
lam1em1,正则族,42,1,8,8,256,0.6877868175506592,0.2301415503025055,0.5014606714248657,0.2263963520526886,1.2036840915679932,0.3892155885696411,0.6185619235038757,1.872567057609558,0,0,0,0.0,0.0,8,8,8,106.4377786317513,0.7263572216033936,7.509139537811279,0.9386424422264099,0.06135755777359009,0.34888938715392087,0.1075723134880439,3.4657359027997265
scalar,对照,42,1,8,8,256,0.8523538708686829,0.22830797731876373,0.572295606136322,0.3075721859931946,1.294920563697815,0.0,1.294920563697815,1.294920563697815,0,0,0,0.0,0.0,8,8,8,106.4377786317513,0.10086589306592941,7.253191947937012,0.9066489934921265,0.09335100650787354,0.2925580588684003,0.08112649999868327,3.4657359027997265
nobeta,对照,42,1,8,8,256,0.8523542881011963,0.763637125492096,0.9085976481437683,0.776750385761261,0.0,0.0,0.0,0.0,0,0,0,0.0,0.0,7,8,8,106.4377786317513,0.1510312855243683,7.253192901611328,0.906649112701416,0.09335088729858398,0.2925580588684003,0.08112642533597454,3.4657359027997265
unbound,基准,42,1,8,16,256,0.5554232597351074,0.17449136078357697,0.4147442579269409,0.17805156111717224,0.880034327507019,0.4263182580471039,-0.25792819261550903,1.4273017644882202,0,0,0,0.0,0.0,16,8,8,8.951774684914115,4.850099685427267e-06,13.600933074951172,0.8500583171844482,0.14994168281555176,0.09505227172281237,0.005883521516264579,2.772588722239781
box33,约束族,42,1,8,16,256,0.555375337600708,0.17392310500144958,0.41456156969070435,0.1778217852115631,0.883312463760376,0.41847658157348633,-0.22264626622200012,1.4242416620254517,0,0,0,0.0,0.0,16,8,8,8.951774684914115,4.8528936531511135e-06,13.627370834350586,0.8517106771469116,0.14828932285308838,0.09876018766695642,0.0058880075006804465,2.772588722239781
box77,约束族,42,1,8,16,256,0.5554231405258179,0.1744740754365921,0.41474077105522156,0.17804744839668274,0.880095362663269,0.4261716902256012,-0.2572692930698395,1.4272449016571045,0,0,0,0.0,0.0,16,8,8,8.951774684914115,4.850332516070921e-06,13.601426124572754,0.8500891327857971,0.14991086721420288,0.09512027928728059,0.005883578550278188,2.772588722239781
box33_lam1em2,约束族,42,1,8,16,256,0.5523514747619629,0.17084048688411713,0.41210493445396423,0.17425097525119781,0.9176603555679321,0.32893043756484985,0.1840924769639969,1.370127558708191,0,0,0,0.0,0.0,16,8,8,8.951774684914115,0.0004715191316790879,13.960539817810059,0.8725337386131287,0.12746626138687134,0.12234059541900996,0.005980123136060404,2.772588722239781
noridge,正则族,42,1,8,16,256,0.5555678606033325,0.17277634143829346,0.4153570532798767,0.17949503660202026,0.8683822751045227,0.4563947319984436,-0.39099690318107605,1.4387553930282593,0,0,0,0.0,0.0,16,8,8,8.951774684914115,8.29913915367797e-12,13.508871078491211,0.8443044424057007,0.15569555759429932,0.0823817556513594,0.005867114386022357,2.772588722239781
lam1em4,正则族,42,1,8,16,256,0.5555519461631775,0.1729927361011505,0.41529035568237305,0.17934206128120422,0.8697065711021423,0.4529511332511902,-0.3758090138435364,1.4375300407409668,0,0,0,0.0,0.0,16,8,8,8.951774684914115,4.885855275915674e-08,13.5189847946167,0.8449365496635437,0.1550634503364563,0.08373217064452802,0.005868750225230871,2.772588722239781
lam1em2,正则族,42,1,8,16,256,0.5523390769958496,0.17104215919971466,0.41214773058891296,0.17408621311187744,0.9171194434165955,0.3300260007381439,0.17858436703681946,1.3708959817886353,0,0,0,0.0,0.0,16,8,8,8.951774684914115,0.0004715225368272513,13.955222129821777,0.8722013831138611,0.12779861688613892,0.12192224510756233,0.00597869210080985,2.772588722239781
lam1em1,正则族,42,1,8,16,256,0.5556403398513794,0.1532401144504547,0.41374626755714417,0.18053489923477173,0.8842315077781677,0.28361427783966064,0.2763243019580841,1.2779192924499512,0,0,0,0.0,0.0,16,8,8,8.951774684914115,0.03679428622126579,13.903056144714355,0.8689410090446472,0.13105899095535278,0.12199079534275291,0.006162472802862253,2.772588722239781
scalar,对照,42,1,8,16,256,0.560398519039154,0.19923639297485352,0.4275425970554352,0.2509128451347351,0.9167336225509644,1.2311882358062576e-07,0.9167335033416748,0.9167335033416748,0,0,0,0.0,0.0,16,8,8,8.951774684914115,0.02835840918123722,13.629005432128906,0.8518128395080566,0.14818716049194336,0.11843043012839811,0.007372047052536536,2.772588722239781
nobeta,对照,42,1,8,16,256,0.560398280620575,0.6306524872779846,0.6898610591888428,0.650274395942688,0.0,0.0,0.0,0.0,0,0,0,0.0,0.0,16,8,8,8.951774684914115,4.850099685427267e-06,13.629005432128906,0.8518128395080566,0.14818716049194336,0.1184304110183476,0.007372047571027569,2.772588722239781
unbound,基准,42,1,8,32,256,0.5595335364341736,0.12696988880634308,0.4084080159664154,0.13201817870140076,0.31799688935279846,0.5207160711288452,-0.9268282651901245,1.0732009410858154,0,0,0,0.0,0.0,32,8,8,7.403563268058033,3.9584722344443435e-07,21.065031051635742,0.6582822203636169,0.34171777963638306,0.02936214402491728,0.009017428051527103,2.0794415416798357
box33,约束族,42,1,8,32,256,0.5595138072967529,0.12463124096393585,0.4078756272792816,0.1309739202260971,0.3315224349498749,0.49924513697624207,-0.836209237575531,1.0628559589385986,0,0,0,0.0,0.0,32,8,8,7.403563268058033,3.958034540119115e-07,21.246124267578125,0.6639413833618164,0.3360586166381836,0.031082727731535014,0.00906500893662596,2.0794415416798357
box77,约束族,42,1,8,32,256,0.5595345497131348,0.126889169216156,0.40839827060699463,0.1319991946220398,0.3182508945465088,0.520310640335083,-0.9250906109809875,1.0730139017105103,0,0,0,0.0,0.0,32,8,8,7.403563268058033,3.959439140999166e-07,21.068359375,0.65838623046875,0.34161376953125,0.029393421463043697,0.009018279413802977,2.0794415416798357
box33_lam1em2,约束族,42,1,8,32,256,0.559995174407959,0.11761747300624847,0.40600499510765076,0.10573282092809677,0.4384028911590576,0.331231027841568,-0.2125973105430603,0.9515432119369507,0,0,0,0.0,0.0,32,8,8,7.403563268058033,3.914488843292929e-05,22.96056365966797,0.717517614364624,0.282482385635376,0.04943939252585784,0.009564129144449636,2.0794415416798357
noridge,正则族,42,1,8,32,256,0.5595798492431641,0.13067932426929474,0.4093053936958313,0.13395848870277405,0.29289963841438293,0.5614898800849915,-1.1061455011367798,1.0910279750823975,0,0,0,0.0,0.0,32,8,8,7.403563268058033,1.5916157281026244e-12,20.747447967529297,0.6483577489852905,0.3516422510147095,0.024955796580663523,0.008935256555665398,2.0794415416798357
lam1em4,正则族,42,1,8,32,256,0.559584379196167,0.13028666377067566,0.4092146158218384,0.13376447558403015,0.29561832547187805,0.5570259094238281,-1.0860012769699097,1.0892117023468018,0,0,0,0.0,0.0,32,8,8,7.403563268058033,3.9825920339353615e-09,20.780672073364258,0.6493960022926331,0.35060399770736694,0.025488216645480608,0.008943863506810035,2.0794415416798357
lam1em2,正则族,42,1,8,32,256,0.5599574446678162,0.11738166213035583,0.4058910310268402,0.10666600614786148,0.4341210126876831,0.33779364824295044,-0.23489226400852203,0.9570504426956177,0,0,0,0.0,0.0,32,8,8,7.403563268058033,3.914539047400467e-05,22.88259506225586,0.7150810956954956,0.2849189043045044,0.04852453513870591,0.009540107454899575,2.0794415416798357
lam1em1,正则族,42,1,8,32,256,0.5548317432403564,0.12736037373542786,0.41190266609191895,0.10359055548906326,0.49789929389953613,0.214122012257576,0.12973272800445557,0.8639258146286011,0,0,0,0.0,0.0,32,8,8,7.403563268058033,0.0034959809854626656,24.317272186279297,0.759914755821228,0.24008524417877197,0.06779161454842975,0.01008555587348684,2.0794415416798357
scalar,对照,42,1,8,32,256,0.5468266010284424,0.1107763946056366,0.41191303730010986,0.10924016684293747,0.5727967619895935,0.0,0.5727967619895935,0.5727967619895935,0,0,0,0.0,0.0,32,8,8,7.403563268058033,0.0071072643622756,25.518081665039062,0.7974400520324707,0.2025599479675293,0.08352261479161087,0.011559691209634205,2.0794415416798357
nobeta,对照,42,1,8,32,256,0.5468261241912842,0.4673845171928406,0.5287915468215942,0.47877269983291626,0.0,0.0,0.0,0.0,0,0,0,0.0,0.0,32,8,8,7.403563268058033,3.9584722344443435e-07,25.518081665039062,0.7974400520324707,0.2025599479675293,0.08352261479161087,0.01155973476288096,2.0794415416798357
unbound,基准,42,1,8,64,256,0.5582459568977356,0.12211828678846359,0.41117244958877563,0.12377151101827621,-0.2754921019077301,0.6732602119445801,-2.2597594261169434,0.9104791879653931,0,0,0,0.0,0.0,64,8,8,7.172046498933287,4.214837190374965e-08,28.77862548828125,0.44966602325439453,0.5503339767456055,0.002878619261221513,0.01145289864858851,1.3862943611198906
box33,约束族,42,1,8,64,256,0.5582569241523743,0.11770452558994293,0.4106568396091461,0.12205182015895844,-0.23307673633098602,0.6220524907112122,-1.9043378829956055,0.8910045027732849,0,0,0,0.0,0.0,64,8,8,7.172046498933287,4.226752992053662e-08,29.45741081237793,0.46027204394340515,0.5397279560565948,0.00414547273203441,0.01164031241730781,1.3862943611198906
box77,约束族,42,1,8,64,256,0.5582451820373535,0.12203747779130936,0.4111633598804474,0.12374032288789749,-0.27466660737991333,0.6722196936607361,-2.2519760131835938,0.9101249575614929,0,0,0,0.0,0.0,64,8,8,7.172046498933287,4.2147519252466736e-08,28.79105567932129,0.44986024498939514,0.5501397550106049,0.0029016031242371436,0.011456254322552853,1.3862943611198906
box33_lam1em2,约束族,42,1,8,64,256,0.5517347455024719,0.11481565237045288,0.4084027409553528,0.09943695366382599,-0.042054321616888046,0.4168144166469574,-0.871580183506012,0.7774854302406311,0,0,0,0.0,0.0,64,8,8,7.172046498933287,4.183720648143208e-06,33.52214813232422,0.5237835645675659,0.4762164354324341,0.012334493378241038,0.012855141055108583,1.3862943611198906
noridge,正则族,42,1,8,64,256,0.5582722425460815,0.12462497502565384,0.4116005003452301,0.12522552907466888,-0.3175455629825592,0.7298474311828613,-2.7228872776031494,0.9270666837692261,0,0,0,0.0,0.0,64,8,8,7.172046498933287,2.2595258997171186e-12,28.186996459960938,0.44042181968688965,0.5595781803131104,0.0017972079604908337,0.011293188892734285,1.3862943611198906
lam1em4,正则族,42,1,8,64,256,0.5582674145698547,0.12452623248100281,0.4115567207336426,0.12507116794586182,-0.31292611360549927,0.7232197523117065,-2.664433479309082,0.9253690242767334,0,0,0,0.0,0.0,64,8,8,7.172046498933287,4.1157477426168043e-10,28.247772216796875,0.44137144088745117,0.5586285591125488,0.0019069408969022694,0.011309530693106373,1.3862943611198906
lam1em2,正则族,42,1,8,64,256,0.5522040724754333,0.11398520320653915,0.40804916620254517,0.10016495734453201,-0.06003433093428612,0.43534401059150696,-0.9471356868743896,0.7906543612480164,0,0,0,0.0,0.0,64,8,8,7.172046498933287,4.184691078989999e-06,33.0653076171875,0.5166454315185547,0.4833545684814453,0.011360172075121945,0.012710481019972684,1.3862943611198906
lam1em1,正则族,42,1,8,64,256,0.5464150905609131,0.09308958798646927,0.40496668219566345,0.07361412793397903,0.20382751524448395,0.15524211525917053,-0.013244088739156723,0.6330875754356384,0,0,0,0.0,0.0,64,8,8,7.172046498933287,0.00038251333171501756,41.83525466918945,0.6536758542060852,0.3463241457939148,0.02697548575858257,0.015873352019801043,1.3862943611198906
scalar,对照,42,1,8,64,256,0.5527451038360596,0.08851709961891174,0.4094238877296448,0.07462738454341888,0.30173054337501526,0.0,0.30173054337501526,0.30173054337501526,0,0,0,0.0,0.0,64,8,8,7.172046498933287,0.002556194318458438,45.7496452331543,0.7148382067680359,0.2851617932319641,0.03186216591431308,0.017881173286965358,1.3862943611198906
nobeta,对照,42,1,8,64,256,0.5527449250221252,0.2801123857498169,0.43777450919151306,0.294592022895813,0.0,0.0,0.0,0.0,0,0,0,0.0,0.0,64,8,8,7.172046498933287,4.214837190374965e-08,45.7496452331543,0.7148382067680359,0.2851617932319641,0.03186216591431308,0.017881135955610996,1.3862943611198906
unbound,基准,42,1,16,8,256,0.5775753855705261,0.2076529860496521,0.41081055998802185,0.21560177206993103,-0.620673418045044,5.386512279510498,-13.815510749816895,2.135371208190918,1,1,1,0.125,0.125,7,8,8,42.16311793573167,0.2090744823217392,6.202381134033203,0.7752976417541504,0.2247023582458496,1.0463775463923858e-07,0.29214062601805707,3.4657359027997265
box33,约束族,42,1,16,8,256,0.5776516199111938,0.20725926756858826,0.4112344980239868,0.21725785732269287,0.7287629246711731,1.6925392150878906,-3.0,2.135111093521118,1,0,0,0.125,0.0,7,8,8,42.16311793573167,0.2093285769224167,6.237695693969727,0.7797119617462158,0.22028803825378418,0.00519396918472717,0.2917707278317873,3.4657359027997265
box77,约束族,42,1,16,8,256,0.5775721669197083,0.20764563977718353,0.41081780195236206,0.21563197672367096,0.23121976852416992,3.021049976348877,-7.0,2.135366439819336,1,1,0,0.125,0.0,7,8,8,42.16311793573167,0.20907901227474213,6.203543663024902,0.7754429578781128,0.2245570421218872,9.541205096578833e-05,0.2921425012653977,3.4657359027997265
box33_lam1em2,约束族,42,1,16,8,256,0.6054629683494568,0.29430511593818665,0.43431276082992554,0.2449798583984375,0.7147836685180664,1.6215801239013672,-3.0,1.933687448501587,1,0,0,0.125,0.0,7,8,8,42.16311793573167,0.2595592141151428,6.495758533477783,0.8119698166847229,0.1880301833152771,0.006185695043155084,0.2896735235047471,3.4657359027997265
noridge,正则族,42,1,16,8,256,0.5745441317558289,0.2187739908695221,0.4088217616081238,0.2208418846130371,-0.6257275342941284,5.388678073883057,-13.815510749816895,2.177187204360962,1,1,1,0.125,0.125,7,8,8,42.16311793573167,0.2065333127975464,6.135645389556885,0.7669556736946106,0.2330443263053894,9.928303107226224e-08,0.2926258180257619,3.4657359027997265
lam1em4,正则族,42,1,16,8,256,0.5746307373046875,0.22011582553386688,0.4090079665184021,0.22221091389656067,-0.6250810623168945,5.388479709625244,-13.815510749816895,2.1713902950286865,1,1,1,0.125,0.125,7,8,8,42.16311793573167,0.2067323476076126,6.143015384674072,0.767876923084259,0.23212307691574097,9.982486279014481e-08,0.29257310776015183,3.4657359027997265
lam1em2,正则族,42,1,16,8,256,0.6053692698478699,0.2944176197052002,0.43413183093070984,0.2454342395067215,-0.6351404190063477,5.360570430755615,-13.815510749816895,1.933908462524414,1,1,1,0.125,0.125,7,8,8,42.16311793573167,0.2591405212879181,6.453813552856445,0.8067266941070557,0.19327330589294434,1.2427734561254757e-07,0.290116533743959,3.4657359027997265
lam1em1,正则族,42,1,16,8,256,0.6222944855690002,0.4657171666622162,0.5645166039466858,0.5095914602279663,0.7669175863265991,0.3916175067424774,0.024052608758211136,1.1767733097076416,0,0,0,0.0,0.0,8,8,8,42.16311793573167,0.7852150201797485,6.932249069213867,0.8665311336517334,0.1334688663482666,0.12281948312199605,0.2758388071727372,3.4657359027997265
scalar,对照,42,1,16,8,256,0.6649354100227356,0.2481195479631424,0.45512059330940247,0.30827081203460693,1.33378005027771,1.2744008870413381e-07,1.3337799310684204,1.3337799310684204,0,0,0,0.0,0.0,8,8,8,42.16311793573167,0.2511935234069824,6.920909404754639,0.8651136755943298,0.13488632440567017,0.2094543808506059,0.28299425397097466,3.4657359027997265
nobeta,对照,42,1,16,8,256,0.6649354696273804,0.7616960406303406,0.8652524352073669,0.7910685539245605,0.0,0.0,0.0,0.0,0,0,0,0.0,0.0,7,8,8,42.16311793573167,0.2090744823217392,6.920909404754639,0.8651136755943298,0.13488632440567017,0.20945435724993675,0.28299425397097466,3.4657359027997265
unbound,基准,42,1,16,16,256,0.5695098042488098,0.14465944468975067,0.4065468907356262,0.08921412378549576,-0.8164374232292175,5.091733455657959,-13.815510749816895,1.681330919265747,2,2,2,0.125,0.125,14,16,16,1954.8477058584388,0.024563847109675407,12.742499351501465,0.7964062094688416,0.20359379053115845,1.1949799029130945e-07,0.11626643089458301,2.772588722239781
box33,约束族,42,1,16,16,256,0.5682546496391296,0.14264008402824402,0.4059534966945648,0.08722502738237381,0.534210205078125,1.4428750276565552,-3.0,1.6856623888015747,2,0,0,0.125,0.0,14,16,16,1954.8477058584388,0.025163913145661354,12.883560180664062,0.8052225112915039,0.1947774887084961,0.006001662235229412,0.11608723180684795,2.772588722239781
box77,约束族,42,1,16,16,256,0.5695053935050964,0.14462339878082275,0.40653717517852783,0.08917953073978424,0.03547851741313934,2.778419256210327,-7.0,1.6814098358154297,2,2,0,0.125,0.0,14,16,16,1954.8477058584388,0.024574557319283485,12.746832847595215,0.7966770529747009,0.20332294702529907,0.00010898551144500954,0.11627455320083539,2.772588722239781
box33_lam1em2,约束族,42,1,16,16,256,0.5632553696632385,0.1261414736509323,0.41617903113365173,0.12354104220867157,0.6146214008331299,1.1964036226272583,-3.0,1.4465376138687134,1,0,0,0.0625,0.0,15,16,16,1954.8477058584388,0.035665735602378845,13.122207641601562,0.8201379776000977,0.17986202239990234,0.007363118639291428,0.10769292431671401,2.772588722239781
noridge,正则族,42,1,16,16,256,0.5696900486946106,0.14331983029842377,0.4027671217918396,0.09000445902347565,-0.8166679739952087,5.092723369598389,-13.815510749816895,1.713040828704834,2,2,2,0.125,0.125,14,16,16,1954.8477058584388,0.023831013590097427,12.716169357299805,0.7947605848312378,0.2052394151687622,1.193461671625232e-07,0.11661036933152316,2.772588722239781
lam1em4,正则族,42,1,16,16,256,0.5696734189987183,0.14309737086296082,0.4031585156917572,0.08991393446922302,-0.8166133165359497,5.092628002166748,-13.815510749816895,1.709810733795166,2,2,2,0.125,0.125,14,16,16,1954.8477058584388,0.023899797350168228,12.719079971313477,0.7949424982070923,0.20505750179290771,1.193637772567349e-07,0.11657286438471105,2.772588722239781
lam1em2,正则族,42,1,16,16,256,0.5632241368293762,0.1263226568698883,0.41644972562789917,0.12316853553056717,-0.060507163405418396,3.7356951236724854,-13.815510749816895,1.4413031339645386,1,1,1,0.0625,0.0625,15,16,16,1954.8477058584388,0.0351886972784996,13.044862747192383,0.8153039216995239,0.18469607830047607,1.4729128834988414e-07,0.1076723982660039,2.772588722239781
lam1em1,正则族,42,1,16,16,256,0.5884495377540588,0.21776685118675232,0.41731834411621094,0.22629572451114655,0.6682807803153992,0.4006584882736206,-0.36958882212638855,1.1012096405029297,0,0,0,0.0,0.0,16,16,16,1954.8477058584388,0.20096638798713684,13.657671928405762,0.8536044955253601,0.1463955044746399,0.10062250436217693,0.07179448834530158,2.772588722239781
scalar,对照,42,1,16,16,256,0.6475778818130493,0.18678279221057892,0.4515359401702881,0.20061929523944855,0.8879576325416565,6.155941179031288e-08,0.8879576921463013,0.8879576921463013,0,0,0,0.0,0.0,16,16,16,1954.8477058584388,0.07022326439619064,13.360856056213379,0.8350535035133362,0.16494649648666382,0.12739533336260242,0.07675551731656163,2.772588722239781
nobeta,对照,42,1,16,16,256,0.647577702999115,0.6175816655158997,0.6647576093673706,0.6347535848617554,0.0,0.0,0.0,0.0,0,0,0,0.0,0.0,14,16,16,1954.8477058584388,0.024563847109675407,13.360856056213379,0.8350535035133362,0.16494649648666382,0.1273953577646942,0.076755460833208,2.772588722239781
unbound,基准,42,1,16,32,256,0.5495768785476685,0.10109858214855194,0.37555718421936035,0.08570581674575806,-0.012111220508813858,2.582042932510376,-13.815510749816895,1.1015725135803223,1,1,1,0.03125,0.03125,31,16,16,88.56427208337293,0.0023101430851966143,21.854066848754883,0.6829395890235901,0.3170604109764099,1.2324826155718075e-07,0.04626265125450459,2.0794415416798357
box33,约束族,42,1,16,32,256,0.5496402978897095,0.1011904627084732,0.375175416469574,0.08372898399829865,0.33454430103302,0.8204312324523926,-3.0,1.1003183126449585,1,0,0,0.03125,0.0,31,16,16,88.56427208337293,0.00235593318939209,22.075693130493164,0.6898654103279114,0.3101345896720886,0.006191588756596895,0.0459664807897316,2.0794415416798357
box77,约束族,42,1,16,32,256,0.5495758056640625,0.10110099613666534,0.3755495846271515,0.08567077666521072,0.20103903114795685,1.4313430786132812,-7.0,1.1015465259552002,1,1,0,0.03125,0.0,31,16,16,88.56427208337293,0.0023108806926757097,21.859466552734375,0.6831083297729492,0.3168916702270508,0.00011240580895509153,0.046259270725789677,2.0794415416798357
box33_lam1em2,约束族,42,1,16,32,256,0.5355555415153503,0.10786718875169754,0.37404197454452515,0.08695611357688904,0.4118974506855011,0.6764198541641235,-2.541644334793091,1.0413100719451904,0,0,0,0.0,0.0,32,16,16,88.56427208337293,0.0032711101230233908,23.042516708374023,0.7200786471366882,0.27992135286331177,0.009941206756116277,0.043189471060045184,2.0794415416798357
noridge,正则族,42,1,16,32,256,0.5514105558395386,0.10009323060512543,0.37587863206863403,0.08754086494445801,-0.026355311274528503,2.5863592624664307,-13.815510749816895,1.1093506813049316,1,1,1,0.03125,0.03125,31,16,16,88.56427208337293,0.00227913330309093,21.6922550201416,0.677882969379425,0.32211703062057495,1.2297409690908502e-07,0.04666420553631777,2.0794415416798357
lam1em4,正则族,42,1,16,32,256,0.5512195229530334,0.10019668936729431,0.3758436441421509,0.08735334873199463,-0.024826183915138245,2.5858778953552246,-13.815510749816895,1.108559489250183,1,1,1,0.03125,0.03125,31,16,16,88.56427208337293,0.0022815426345914602,21.7091121673584,0.67840975522995,0.32159024477005005,1.2300239154319968e-07,0.04662342455499497,2.0794415416798357
lam1em2,正则族,42,1,16,32,256,0.5366033315658569,0.10755495727062225,0.374121755361557,0.08696571737527847,0.408313512802124,0.6790638566017151,-2.5373573303222656,1.0425965785980225,0,0,0,0.0,0.0,32,16,16,88.56427208337293,0.0032865828834474087,22.98472785949707,0.7182727456092834,0.28172725439071655,0.009970455656098843,0.04337689977240453,2.0794415416798357
lam1em1,正则族,42,1,16,32,256,0.5071743130683899,0.13408535718917847,0.36009055376052856,0.0961291640996933,0.4645695090293884,0.27583983540534973,-0.3969643712043762,0.8555970191955566,0,0,0,0.0,0.0,32,16,16,88.56427208337293,0.03239123523235321,24.41240692138672,0.762887716293335,0.23711228370666504,0.05116974437723093,0.03186031958100135,2.0794415416798357
scalar,对照,42,1,16,32,256,0.4830407500267029,0.10794141888618469,0.3424183428287506,0.1141311451792717,0.5711286067962646,0.0,0.5711286067962646,0.5711286067962646,0,0,0,0.0,0.0,32,16,16,88.56427208337293,0.02909362129867077,24.213172912597656,0.7566616535186768,0.24333834648132324,0.049081391139074136,0.029456478423760007,2.0794415416798357
nobeta,对照,42,1,16,32,256,0.4830401539802551,0.46745601296424866,0.5030905604362488,0.48232877254486084,0.0,0.0,0.0,0.0,0,0,0,0.0,0.0,31,16,16,88.56427208337293,0.0023101430851966143,24.213172912597656,0.7566616535186768,0.24333834648132324,0.04908138608717048,0.029456501017101462,2.0794415416798357
unbound,基准,42,1,16,64,256,0.5228783488273621,0.08900993317365646,0.3662797510623932,0.057423584163188934,-0.11982423067092896,0.6251886487007141,-2.0613486766815186,0.9384026527404785,0,0,0,0.0,0.0,64,16,16,67.7251584996529,0.0012511374661698937,31.555530548095703,0.49305516481399536,0.5069448351860046,0.009000808231963257,0.049348574093543526,1.3862943611198906
box33,约束族,42,1,16,64,256,0.5206353664398193,0.08719523996114731,0.3649498522281647,0.05522448197007179,-0.09324866533279419,0.5967441201210022,-1.9650975465774536,0.9209723472595215,0,0,0,0.0,0.0,64,16,16,67.7251584996529,0.0012147758388891816,32.066246032714844,0.5010350942611694,0.49896490573883057,0.00979277638010343,0.0488096607681987,1.3862943611198906
box77,约束族,42,1,16,64,256,0.52283775806427,0.0889764055609703,0.3662559390068054,0.05738314241170883,-0.11932238936424255,0.6246487498283386,-2.05948805809021,0.9380850195884705,0,0,0,0.0,0.0,64,16,16,67.7251584996529,0.0012504574842751026,31.564943313598633,0.49320223927497864,0.5067977607250214,0.009015292725684453,0.04933880812170044,1.3862943611198906
box33_lam1em2,约束族,42,1,16,64,256,0.5091283321380615,0.07798425108194351,0.3576531410217285,0.05049993470311165,0.024071328341960907,0.4564979374408722,-1.340914011001587,0.8267843723297119,0,0,0,0.0,0.0,64,16,16,67.7251584996529,0.0012962421169504523,34.74917221069336,0.5429558157920837,0.45704418420791626,0.013110179911586594,0.04475961791766807,1.3862943611198906
noridge,正则族,42,1,16,64,256,0.5244718194007874,0.08962108194828033,0.3671916425228119,0.05878585949540138,-0.14037172496318817,0.6504455208778381,-2.1939263343811035,0.9505102038383484,0,0,0,0.0,0.0,64,16,16,67.7251584996529,0.0012549555394798517,31.177444458007812,0.48714756965637207,0.5128524303436279,0.00840395128452265,0.049793866260242174,1.3862943611198906
lam1em4,正则族,42,1,16,64,256,0.5243123769760132,0.0895581915974617,0.36710086464881897,0.05864658206701279,-0.13823235034942627,0.6477910876274109,-2.1795809268951416,0.9492884278297424,0,0,0,0.0,0.0,64,16,16,67.7251584996529,0.0012544668279588223,31.21595001220703,0.48774921894073486,0.5122507810592651,0.00846440023266157,0.049749758409390415,1.3862943611198906
lam1em2,正则族,42,1,16,64,256,0.5105017423629761,0.07935357093811035,0.3586680591106415,0.05282597616314888,0.009373973123729229,0.4715725779533386,-1.3776859045028687,0.8408771753311157,0,0,0,0.0,0.0,64,16,16,67.7251584996529,0.0013174708001315594,34.38546371459961,0.5372728705406189,0.4627271294593811,0.012633150460780429,0.04522116316937452,1.3862943611198906
lam1em1,正则族,42,1,16,64,256,0.47927340865135193,0.07615642249584198,0.32817038893699646,0.05819941312074661,0.2187541425228119,0.18105708062648773,-0.31205734610557556,0.5807076692581177,0,0,0,0.0,0.0,64,16,16,67.7251584996529,0.00531805632635951,41.60090637207031,0.6500141620635986,0.34998583793640137,0.021424937386055897,0.032177295689084943,1.3862943611198906
scalar,对照,42,1,16,64,256,0.4729894995689392,0.06923728436231613,0.3251928389072418,0.05864866450428963,0.30538854002952576,0.0,0.30538854002952576,0.30538854002952576,0,0,0,0.0,0.0,64,16,16,67.7251584996529,0.008070825599133968,42.926570892333984,0.6707276701927185,0.3292723298072815,0.021860676651555885,0.03001209387677402,1.3862943611198906
nobeta,对照,42,1,16,64,256,0.47298964858055115,0.2861664295196533,0.3723640739917755,0.281990647315979,0.0,0.0,0.0,0.0,0,0,0,0.0,0.0,64,16,16,67.7251584996529,0.0012511374661698937,42.926570892333984,0.6707276701927185,0.3292723298072815,0.021860678779891802,0.030012119294283157,1.3862943611198906
unbound,基准,42,1,32,8,256,0.5508084893226624,0.21853478252887726,0.4023128151893616,0.23123860359191895,-0.5948611497879028,5.382108211517334,-13.815510749816895,2.080742120742798,1,1,1,0.125,0.125,7,8,8,22.152564560184594,0.8057630658149719,6.382026672363281,0.7977533340454102,0.20224666595458984,5.3453267491444054e-08,0.404433052867572,3.4657359027997265
box33,约束族,42,1,32,8,256,0.5495361089706421,0.21884740889072418,0.4012082815170288,0.23229700326919556,0.7559372186660767,1.6532540321350098,-3.0,2.0813865661621094,1,0,0,0.125,0.0,7,8,8,22.152564560184594,0.8091491460800171,6.406802654266357,0.8008503317832947,0.19914966821670532,0.002662339790868338,0.4015315952038712,3.4657359027997265
box77,约束族,42,1,32,8,256,0.5508106350898743,0.2185405194759369,0.40231090784072876,0.2312575727701187,0.2570571005344391,3.0048296451568604,-7.0,2.080753803253174,1,1,0,0.125,0.0,7,8,8,22.152564560184594,0.8058241605758667,6.382763862609863,0.7978454828262329,0.2021545171737671,4.874346258688325e-05,0.40443406378146574,3.4657359027997265
box33_lam1em2,约束族,42,1,32,8,256,0.5458524227142334,0.22418101131916046,0.4039910137653351,0.2592742145061493,0.7472129464149475,1.6117757558822632,-3.0,1.8752143383026123,1,0,0,0.125,0.0,7,8,8,22.152564560184594,0.8478550910949707,6.57532262802124,0.821915328502655,0.17808467149734497,0.002986779700760222,0.4032081958967244,3.4657359027997265
noridge,正则族,42,1,32,8,256,0.5514821410179138,0.2163362056016922,0.4024302661418915,0.22978557646274567,-0.5968054533004761,5.383633613586426,-13.815510749816895,2.1224894523620605,1,1,1,0.125,0.125,7,8,8,22.152564560184594,0.8047347068786621,6.343441009521484,0.7929301261901855,0.20706987380981445,5.2582558260167374e-08,0.4042035754136813,3.4657359027997265
lam1em4,正则族,42,1,32,8,256,0.5514472723007202,0.21763846278190613,0.4024113416671753,0.22996266186237335,-0.5965547561645508,5.383485794067383,-13.815510749816895,2.11818790435791,1,1,1,0.125,0.125,7,8,8,22.152564560184594,0.8047751188278198,6.347629070281982,0.7934536337852478,0.2065463662147522,5.267134522675258e-08,0.4042267253418491,3.4657359027997265
lam1em2,正则族,42,1,32,8,256,0.546092689037323,0.2250824272632599,0.4038681983947754,0.2581738233566284,-0.6038867831230164,5.366964817047119,-13.815510749816895,1.877339482307434,1,1,1,0.125,0.125,7,8,8,22.152564560184594,0.8444264531135559,6.547235488891602,0.8184044361114502,0.1815955638885498,5.997877369310188e-08,0.40620986882442967,3.4657359027997265
lam1em1,正则族,42,1,32,8,256,0.5786025524139404,0.34215763211250305,0.46459823846817017,0.41360360383987427,0.9181629419326782,0.4581198990345001,0.008103469386696815,1.335626244544983,0,0,0,0.0,0.0,8,8,8,22.152564560184594,1.4257885217666626,6.908658027648926,0.8635822534561157,0.13641774654388428,0.06541667518250269,0.38078781058891875,3.4657359027997265
scalar,对照,42,1,32,8,256,0.6075016260147095,0.23297527432441711,0.4108039438724518,0.2951417863368988,1.4099491834640503,1.2744008870413381e-07,1.4099490642547607,1.4099490642547607,0,0,0,0.0,0.0,8,8,8,22.152564560184594,0.2260303944349289,6.718835353851318,0.8398544192314148,0.1601455807685852,0.1119002655794594,0.39856452922846336,3.4657359027997265
nobeta,对照,42,1,32,8,256,0.6075016856193542,0.7571519613265991,0.8478687405586243,0.7893235087394714,0.0,0.0,0.0,0.0,0,0,0,0.0,0.0,7,8,8,22.152564560184594,0.8057630658149719,6.718835353851318,0.8398544192314148,0.1601455807685852,0.11190027578390768,0.3985644955313336,3.4657359027997265
unbound,基准,42,1,32,16,256,0.43420565128326416,0.17952118813991547,0.3199458420276642,0.1444385051727295,-0.08158707618713379,3.7286183834075928,-13.815510749816895,1.837052822113037,1,1,1,0.0625,0.0625,15,16,16,51.96564802813304,0.313865602016449,12.16397762298584,0.760248601436615,0.239751398563385,1.1212040070188327e-07,0.2644719905750102,2.772588722239781
box33,约束族,42,1,32,16,256,0.43420717120170593,0.17932726442813873,0.31978899240493774,0.14386163651943207,0.5938980579376221,1.1863818168640137,-3.0,1.8361144065856934,1,0,0,0.0625,0.0,15,16,16,51.96564802813304,0.31477171182632446,12.226685523986816,0.764167845249176,0.23583215475082397,0.005585749989418964,0.2643601834983569,2.772588722239781
box77,约束族,42,1,32,16,256,0.4342069625854492,0.17951786518096924,0.3199446201324463,0.1444278359413147,0.3443737328052521,2.079730749130249,-7.0,1.837035059928894,1,1,0,0.0625,0.0,15,16,16,51.96564802813304,0.313882052898407,12.165914535522461,0.7603696584701538,0.2396303415298462,0.00010224183550271883,0.26447473689108836,2.772588722239781
box33_lam1em2,约束族,42,1,32,16,256,0.4312773644924164,0.17072564363479614,0.32242873311042786,0.15133965015411377,0.6112361550331116,1.1470719575881958,-3.0,1.7148842811584473,1,0,0,0.0625,0.0,15,16,16,51.96564802813304,0.3261830508708954,12.550929069519043,0.7844330668449402,0.21556693315505981,0.006257385815290746,0.26454219854493405,2.772588722239781
noridge,正则族,42,1,32,16,256,0.4346773624420166,0.18062400817871094,0.3202894628047943,0.14806661009788513,-0.0881509929895401,3.7305104732513428,-13.815510749816895,1.8542063236236572,1,1,1,0.0625,0.0625,15,16,16,51.96564802813304,0.31333431601524353,12.097633361816406,0.7561020851135254,0.2438979148864746,1.1031864932611153e-07,0.2645922050855469,2.772588722239781
lam1em4,正则族,42,1,32,16,256,0.43462806940078735,0.18050260841846466,0.320260226726532,0.14742834866046906,-0.08740605413913727,3.7302985191345215,-13.815510749816895,1.8524490594863892,1,1,1,0.0625,0.0625,15,16,16,51.96564802813304,0.31337687373161316,12.104707717895508,0.7565442323684692,0.24345576763153076,1.1050202277888355e-07,0.2645752722778259,2.772588722239781
lam1em2,正则族,42,1,32,16,256,0.4313878118991852,0.17148162424564362,0.32371240854263306,0.1513274610042572,-0.06363759934902191,3.71956205368042,-13.815510749816895,1.7158105373382568,1,1,1,0.0625,0.0625,15,16,16,51.96564802813304,0.32530486583709717,12.489124298095703,0.7805702686309814,0.21942973136901855,1.256027918964285e-07,0.2646318497587484,2.772588722239781
lam1em1,正则族,42,1,32,16,256,0.4306865930557251,0.19420327246189117,0.3391799330711365,0.17539505660533905,0.6965087652206421,0.48902735114097595,-0.30935999751091003,1.289612054824829,0,0,0,0.0,0.0,16,16,16,51.96564802813304,0.533664882183075,13.162574768066406,0.8226609230041504,0.1773390769958496,0.0840229924986235,0.25614081329636595,2.772588722239781
scalar,对照,42,1,32,16,256,0.5042061805725098,0.1929835081100464,0.3682634234428406,0.21372872591018677,0.9863633513450623,0.0,0.9863633513450623,0.9863633513450623,0,0,0,0.0,0.0,16,16,16,51.96564802813304,0.13608990609645844,13.176204681396484,0.8235127925872803,0.17648720741271973,0.10900998057179606,0.2641024173040049,2.772588722239781
nobeta,对照,42,1,32,16,256,0.5042065382003784,0.6157789826393127,0.6222387552261353,0.6334025263786316,0.0,0.0,0.0,0.0,0,0,0,0.0,0.0,15,16,16,51.96564802813304,0.313865602016449,13.176204681396484,0.8235127925872803,0.17648720741271973,0.10900998877793748,0.2641024173040049,2.772588722239781
unbound,基准,42,1,32,32,256,0.3715190887451172,0.08999306708574295,0.2676006257534027,0.03883218392729759,0.5002732276916504,0.5702826976776123,-0.9684165716171265,1.3156827688217163,0,0,0,0.0,0.0,32,32,32,3096.728806148046,0.02054431475698948,24.81593132019043,0.7754978537559509,0.22450214624404907,0.03467453659992269,0.08803534377372507,2.0794415416798357
box33,约束族,42,1,32,32,256,0.37181293964385986,0.09073289483785629,0.26722684502601624,0.0388297438621521,0.503575325012207,0.5645010471343994,-0.9137343168258667,1.3114832639694214,0,0,0,0.0,0.0,32,32,32,3096.728806148046,0.020549792796373367,24.86679458618164,0.7770873308181763,0.22291266918182373,0.036695497571812945,0.08761614305481709,2.0794415416798357
box77,约束族,42,1,32,32,256,0.3715243637561798,0.0900065004825592,0.2675938010215759,0.03883207216858864,0.5003346800804138,0.5701735615730286,-0.9673923254013062,1.3156055212020874,0,0,0,0.0,0.0,32,32,32,3096.728806148046,0.02054438926279545,24.816879272460938,0.7755274772644043,0.2244725227355957,0.03471133131377681,0.08802772822239185,2.0794415416798357
box33_lam1em2,约束族,42,1,32,32,256,0.3608619272708893,0.09304021298885345,0.2545839548110962,0.042203906923532486,0.5392537117004395,0.4625890552997589,-0.41485410928726196,1.1917850971221924,0,0,0,0.0,0.0,32,32,32,3096.728806148046,0.02482667565345764,25.576011657714844,0.7992503643035889,0.20074963569641113,0.06146998525836477,0.0809763595090052,2.0794415416798357
noridge,正则族,42,1,32,32,256,0.37126269936561584,0.08881222456693649,0.2692936658859253,0.037951212376356125,0.4927361011505127,0.5893085598945618,-1.0796513557434082,1.3332951068878174,0,0,0,0.0,0.0,32,32,32,3096.728806148046,0.020172495394945145,24.694171905517578,0.7716928720474243,0.22830712795257568,0.030932118091497218,0.08919582237810302,2.0794415416798357
lam1em4,正则族,42,1,32,32,256,0.37128371000289917,0.08839335292577744,0.2691068649291992,0.038040198385715485,0.4935397505760193,0.5872879028320312,-1.0676515102386475,1.331504464149475,0,0,0,0.0,0.0,32,32,32,3096.728806148046,0.02020842954516411,24.70682716369629,0.772088348865509,0.22791165113449097,0.03131521217688204,0.0890754309576349,2.0794415416798357
lam1em2,正则族,42,1,32,32,256,0.3609013855457306,0.0927295833826065,0.2545211613178253,0.04225176200270653,0.5380210876464844,0.46423831582069397,-0.4318479597568512,1.1918011903762817,0,0,0,0.0,0.0,32,32,32,3096.728806148046,0.024823298677802086,25.551809310913086,0.7984940409660339,0.20150595903396606,0.060371038361651315,0.08114664795441437,2.0794415416798357
lam1em1,正则族,42,1,32,32,256,0.3565547466278076,0.12007776647806168,0.2660467028617859,0.07517755031585693,0.5224421620368958,0.27027788758277893,-0.12330522388219833,0.9573601484298706,0,0,0,0.0,0.0,32,32,32,3096.728806148046,0.07687542587518692,25.99371910095215,0.8123037219047546,0.18769627809524536,0.09753111982699061,0.07449635090410706,2.0794415416798357
scalar,对照,42,1,32,32,256,0.3889768123626709,0.10317122936248779,0.28271177411079407,0.11981523782014847,0.5983116626739502,0.0,0.5983116626739502,0.5983116626739502,0,0,0,0.0,0.0,32,32,32,3096.728806148046,0.031489305198192596,25.179845809936523,0.7868701815605164,0.21312981843948364,0.07294809025225177,0.0811572288531694,2.0794415416798357
nobeta,对照,42,1,32,32,256,0.38897740840911865,0.46669262647628784,0.44158607721328735,0.4727594554424286,0.0,0.0,0.0,0.0,0,0,0,0.0,0.0,32,32,32,3096.728806148046,0.02054431475698948,25.179845809936523,0.7868701815605164,0.21312981843948364,0.07294809656510964,0.08115721200460449,2.0794415416798357
unbound,基准,42,1,32,64,256,0.3375813364982605,0.08176727592945099,0.23762769997119904,0.020239096134901047,0.08322835713624954,0.492658793926239,-1.266448736190796,1.0564024448394775,0,0,0,0.0,0.0,64,32,32,175.15198711289153,0.0060638124123215675,39.180633544921875,0.6121973991394043,0.3878026008605957,0.006466237906282046,0.054880628254671646,1.3862943611198906
box33,约束族,42,1,32,64,256,0.33641210198402405,0.0818772092461586,0.2376115620136261,0.020508380606770515,0.09695567935705185,0.4739094078540802,-1.1650960445404053,1.0451247692108154,0,0,0,0.0,0.0,64,32,32,175.15198711289153,0.005956829059869051,39.52281951904297,0.6175440549850464,0.3824559450149536,0.007160768706623894,0.054142404171589185,1.3862943611198906
box77,约束族,42,1,32,64,256,0.33756041526794434,0.08176920562982559,0.23762822151184082,0.020244063809514046,0.08348609507083893,0.4923030734062195,-1.2644962072372437,1.0561962127685547,0,0,0,0.0,0.0,64,32,32,175.15198711289153,0.006061828229576349,39.18693923950195,0.612295925617218,0.387704074382782,0.006478957046178519,0.05486698091710546,1.3862943611198906
box33_lam1em2,约束族,42,1,32,64,256,0.33044424653053284,0.07801960408687592,0.2278580665588379,0.0253229271620512,0.1600031554698944,0.37452080845832825,-0.7257996201515198,0.9566714763641357,0,0,0,0.0,0.0,64,32,32,175.15198711289153,0.006248447112739086,41.386165618896484,0.6466588377952576,0.35334116220474243,0.011420837211627727,0.050196095392254114,1.3862943611198906
noridge,正则族,42,1,32,64,256,0.3381305932998657,0.08158066123723984,0.23777617514133453,0.019633175805211067,0.07242640107870102,0.5098814964294434,-1.359449863433838,1.0676124095916748,0,0,0,0.0,0.0,64,32,32,175.15198711289153,0.006058696657419205,38.90998077392578,0.6079684495925903,0.39203155040740967,0.005885782305750563,0.05547726542264616,1.3862943611198906
lam1em4,正则族,42,1,32,64,256,0.33807483315467834,0.08159913122653961,0.237760990858078,0.019694404676556587,0.0735471099615097,0.5080873966217041,-1.3495802879333496,1.0664820671081543,0,0,0,0.0,0.0,64,32,32,175.15198711289153,0.006058947648853064,38.937591552734375,0.6083998680114746,0.3916001319885254,0.005944777297648329,0.055416235708449724,1.3862943611198906
lam1em2,正则族,42,1,32,64,256,0.33084937930107117,0.07759589701890945,0.2290303260087967,0.02512884885072708,0.1522388905286789,0.38421279191970825,-0.7510911226272583,0.965544581413269,0,0,0,0.0,0.0,64,32,32,175.15198711289153,0.006318032741546631,41.15287399291992,0.6430136561393738,0.3569863438606262,0.010915071815643518,0.05066174760458182,1.3862943611198906
lam1em1,正则族,42,1,32,64,256,0.31518426537513733,0.06653349846601486,0.2032644897699356,0.04491373896598816,0.25379693508148193,0.17065739631652832,-0.21041341125965118,0.6444123983383179,0,0,0,0.0,0.0,64,32,32,175.15198711289153,0.014286324381828308,45.347633361816406,0.7085567712783813,0.29144322872161865,0.023332324978510947,0.04231439991577815,1.3862943611198906
scalar,对照,42,1,32,64,256,0.3049499988555908,0.053622182458639145,0.21760201454162598,0.06158085912466049,0.30917632579803467,0.0,0.30917632579803467,0.30917632579803467,0,0,0,0.0,0.0,64,32,32,175.15198711289153,0.007659959606826305,45.419189453125,0.7096748352050781,0.2903251647949219,0.024510947369936944,0.04051706661901769,1.3862943611198906
nobeta,对照,42,1,32,64,256,0.30494919419288635,0.2629181742668152,0.2845858931541443,0.28568655252456665,0.0,0.0,0.0,0.0,0,0,0,0.0,0.0,64,32,32,175.15198711289153,0.0060638124123215675,45.419189453125,0.7096748352050781,0.2903251647949219,0.024510950728372026,0.04051707504330014,1.3862943611198906
unbound,基准,42,2,8,8,256,0.8770240545272827,0.4408903419971466,0.7718809843063354,0.35310623049736023,-2.5251200199127197,7.071239471435547,-13.815510749816895,2.529407262802124,2,2,2,0.25,0.25,6,8,8,1185.6231024573851,4.743557929992676,4.43831205368042,0.5547890067100525,0.4452109932899475,8.61189614041543e-08,0.3549568208940634,3.4657359027997265
box33,约束族,42,2,8,8,256,0.8768143057823181,0.44325312972068787,0.7766947746276855,0.34976112842559814,0.14721661806106567,2.3196191787719727,-3.0,2.538747549057007,2,0,0,0.25,0.0,6,8,8,1185.6231024573851,4.765695571899414,4.491504192352295,0.5614380240440369,0.43856197595596313,0.004247387013398154,0.36047730104693515,3.4657359027997265
box77,约束族,42,2,8,8,256,0.876943051815033,0.44093358516693115,0.7718762755393982,0.35304510593414307,-0.82176673412323,3.9981391429901123,-7.0,2.52957820892334,2,2,0,0.25,0.0,6,8,8,1185.6231024573851,4.743961811065674,4.4404473304748535,0.5550559163093567,0.4449440836906433,7.851681887132214e-05,0.3550778672841878,3.4657359027997265
box33_lam1em2,约束族,42,2,8,8,256,0.8767191171646118,0.42533695697784424,0.789761483669281,0.38295039534568787,0.39703723788261414,2.2054202556610107,-3.0,2.320546865463257,2,0,0,0.25,0.0,6,8,8,1185.6231024573851,4.902912139892578,5.128251552581787,0.6410314440727234,0.3589685559272766,0.005231008777843414,0.28974877282222244,3.4657359027997265
noridge,正则族,42,2,8,8,256,0.9050788283348083,0.4464569091796875,0.7881959080696106,0.3519520163536072,-2.7052013874053955,7.052502632141113,-13.815510749816895,2.564140796661377,2,2,2,0.25,0.25,6,8,8,1185.6231024573851,4.740458965301514,4.2929534912109375,0.5366191864013672,0.4633808135986328,8.333388218720787e-08,0.3735114973922342,3.4657359027997265
lam1em4,正则族,42,2,8,8,256,0.9042673110961914,0.44586852192878723,0.7844936847686768,0.3516126275062561,-2.6697418689727783,7.053320407867432,-13.815510749816895,2.560526132583618,2,2,2,0.25,0.25,6,8,8,1185.6231024573851,4.7404937744140625,4.309840202331543,0.5387300252914429,0.46126997470855713,8.361921181398286e-08,0.3724336335616936,3.4657359027997265
lam1em2,正则族,42,2,8,8,256,0.8769322037696838,0.426032692193985,0.7894002199172974,0.38157838582992554,-2.3010058403015137,7.1392011642456055,-13.815510749816895,2.313615083694458,2,2,2,0.25,0.25,6,8,8,1185.6231024573851,4.8760786056518555,5.039161682128906,0.6298952102661133,0.3701047897338867,1.0583747954739484e-07,0.28956773774894873,3.4657359027997265
lam1em1,正则族,42,2,8,8,256,1.1083024740219116,0.40461331605911255,0.8868862986564636,0.3817474842071533,1.2808223962783813,0.4850446283817291,0.3984209895133972,1.8780782222747803,0,0,0,0.0,0.0,8,8,8,1185.6231024573851,7.992518424987793,7.410839557647705,0.9263549447059631,0.07364505529403687,0.23528255230809497,0.17144002936684768,3.4657359027997265
scalar,对照,42,2,8,8,256,1.0988677740097046,0.2860852777957916,0.9157316088676453,0.31452128291130066,1.5368813276290894,1.2744008870413381e-07,1.5368812084197998,1.5368812084197998,0,0,0,0.0,0.0,8,8,8,1185.6231024573851,0.11411511898040771,7.892722129821777,0.9865902662277222,0.013409733772277832,0.5911249737501041,0.171187924767307,3.4657359027997265
nobeta,对照,42,2,8,8,256,1.0988664627075195,0.8357836008071899,1.0654808282852173,0.8433424830436707,0.0,0.0,0.0,0.0,0,0,0,0.0,0.0,6,8,8,1185.6231024573851,4.743557929992676,7.8927202224731445,0.9865900278091431,0.013409972190856934,0.5911249248676165,0.17118804811620997,3.4657359027997265
unbound,基准,42,2,8,16,256,0.7311480641365051,0.290723592042923,0.6829873323440552,0.2773387134075165,-6.197173118591309,7.892709255218506,-13.815510749816895,2.6220600605010986,8,8,8,0.5,0.5,8,8,8,32.86358296351063,2.177553653717041,6.781039714813232,0.423814982175827,0.576185017824173,4.311651229303227e-08,0.23365411174925602,2.772588722239781
box33,约束族,42,2,8,16,256,0.7305295467376709,0.2921077013015747,0.6827183365821838,0.27835506200790405,-0.8010444641113281,2.3620336055755615,-3.0,2.6155223846435547,8,0,0,0.5,0.0,8,8,8,32.86358296351063,2.2247138023376465,7.101092338562012,0.44381827116012573,0.5561817288398743,0.0021591932179030144,0.23667003354341903,2.772588722239781
box77,约束族,42,2,8,16,256,0.7311378717422485,0.29074931144714355,0.6829909086227417,0.27742698788642883,-2.7896227836608887,4.392745494842529,-7.0,2.6219418048858643,8,8,0,0.5,0.0,8,8,8,32.86358296351063,2.178412437438965,6.791064262390137,0.42444151639938354,0.5755584836006165,3.932133525756135e-05,0.2337258596944894,2.772588722239781
box33_lam1em2,约束族,42,2,8,16,256,0.8398153781890869,0.2660476565361023,0.7305459976196289,0.26690927147865295,-0.6254526376724243,2.278183698654175,-3.0,2.4110074043273926,7,0,0,0.4375,0.0,9,8,8,32.86358296351063,2.4463798999786377,7.773256778717041,0.48582854866981506,0.5141714513301849,0.002605478855256626,0.2053394327446388,2.772588722239781
noridge,正则族,42,2,8,16,256,0.7310782074928284,0.31959718465805054,0.6820144057273865,0.2859692871570587,-6.48036527633667,7.759596824645996,-13.815510749816895,2.6609079837799072,9,8,8,0.5625,0.5,8,8,8,32.86358296351063,2.1379756927490234,6.417800426483154,0.40111252665519714,0.5988874733448029,4.159714768470599e-08,0.24619028689877318,2.772588722239781
lam1em4,正则族,42,2,8,16,256,0.731163740158081,0.32044368982315063,0.682106077671051,0.28448158502578735,-6.325620174407959,7.813398361206055,-13.815510749816895,2.65679669380188,8,8,8,0.5,0.5,8,8,8,32.86358296351063,2.1421215534210205,6.4788994789123535,0.4049312174320221,0.5950687825679779,4.175548100890802e-08,0.24607954014204758,2.772588722239781
lam1em2,正则族,42,2,8,16,256,0.8370928168296814,0.27489572763442993,0.733184278011322,0.27133238315582275,-4.737929344177246,7.41050386428833,-13.815510749816895,2.4192240238189697,7,6,6,0.4375,0.375,10,8,8,32.86358296351063,2.398505210876465,7.450832843780518,0.46567705273628235,0.5343229472637177,5.9388540408508296e-08,0.20540889873516704,2.772588722239781
lam1em1,正则族,42,2,8,16,256,0.8181366920471191,0.25796452164649963,0.676002025604248,0.20186643302440643,-0.12482977658510208,3.701875925064087,-13.815510749816895,1.5594202280044556,1,1,1,0.0625,0.0625,15,8,8,32.86358296351063,4.278923988342285,12.750212669372559,0.7968882918357849,0.2031117081642151,1.1310498994420133e-07,0.07290272738401517,2.772588722239781
scalar,对照,42,2,8,16,256,0.8021327257156372,0.21325063705444336,0.6604997515678406,0.16762661933898926,1.050889492034912,0.0,1.050889492034912,1.050889492034912,0,0,0,0.0,0.0,16,8,8,32.86358296351063,0.0818958505988121,15.10236930847168,0.94389808177948,0.05610191822052002,0.2990183929200765,0.0373920892401225,2.772588722239781
nobeta,对照,42,2,8,16,256,0.8021344542503357,0.6696448922157288,0.7737496495246887,0.6660270690917969,0.0,0.0,0.0,0.0,0,0,0,0.0,0.0,8,8,8,32.86358296351063,2.177553653717041,15.102365493774414,0.9438978433609009,0.05610215663909912,0.2990183705506228,0.03739213035642349,2.772588722239781
unbound,基准,42,2,8,32,256,0.6813526749610901,0.17488181591033936,0.5835518836975098,0.16220514476299286,-0.16940294206142426,2.8362791538238525,-13.815510749816895,1.6220518350601196,2,1,1,0.0625,0.03125,31,8,8,12.218458931276187,7.843774073990062e-05,22.70892333984375,0.7096538543701172,0.2903461456298828,1.3603656328340954e-07,0.013042422175266563,2.0794415416798357
box33,约束族,42,2,8,32,256,0.6824368238449097,0.17873021960258484,0.584958016872406,0.15739598870277405,0.2585497498512268,1.2070509195327759,-3.0,1.6265861988067627,1,0,0,0.03125,0.0,31,8,8,12.218458931276187,7.875091978348792e-05,22.981822967529297,0.7181819677352905,0.2818180322647095,0.006784178658760158,0.013160100883362742,2.0794415416798357
box77,约束族,42,2,8,32,256,0.6813730001449585,0.1749527007341385,0.5835801959037781,0.16211526095867157,0.048687078058719635,1.8554859161376953,-7.0,1.6221328973770142,2,1,0,0.0625,0.0,31,8,8,12.218458931276187,7.84572766860947e-05,22.71547508239746,0.7098585963249207,0.29014140367507935,0.00012405272623521038,0.013044610333410053,2.0794415416798357
box33_lam1em2,约束族,42,2,8,32,256,0.6736610531806946,0.1698000431060791,0.5757067203521729,0.14073669910430908,0.41950130462646484,0.9683086276054382,-3.0,1.5973318815231323,1,0,0,0.03125,0.0,31,8,8,12.218458931276187,0.007144497707486153,24.55943489074707,0.767482340335846,0.23251765966415405,0.007077584110358856,0.014495909113069515,2.0794415416798357
noridge,正则族,42,2,8,32,256,0.681328296661377,0.17554940283298492,0.5841518044471741,0.16171085834503174,-0.8324633836746216,4.327950477600098,-13.815510749816895,1.6243152618408203,3,3,3,0.09375,0.09375,29,8,8,12.218458931276187,8.86757334228605e-12,22.314910888671875,0.6973409652709961,0.3026590347290039,7.977245739052423e-08,0.012786456498085696,2.0794415416798357
lam1em4,正则族,42,2,8,32,256,0.6813304424285889,0.1754835844039917,0.5840686559677124,0.1613781750202179,-0.37770944833755493,3.153975486755371,-13.815510749816895,1.6240476369857788,3,2,1,0.09375,0.03125,31,8,8,12.218458931276187,7.959479830788041e-07,22.3571834564209,0.6986619830131531,0.3013380169868469,1.351585577600635e-07,0.01281282232609768,2.0794415416798357
lam1em2,正则族,42,2,8,32,256,0.6684302091598511,0.16933280229568481,0.5768099427223206,0.14112238585948944,0.07701949030160904,2.645264148712158,-13.815510749816895,1.5947697162628174,1,1,1,0.03125,0.03125,31,8,8,12.218458931276187,0.007117836736142635,24.435461044311523,0.7636081576347351,0.2363918423652649,1.4214324921708156e-07,0.014446642790288643,2.0794415416798357
lam1em1,正则族,42,2,8,32,256,0.6398319602012634,0.14812807738780975,0.5487319231033325,0.1347234845161438,0.5432658791542053,0.5195487141609192,-1.0766557455062866,1.3636201620101929,0,0,0,0.0,0.0,32,8,8,12.218458931276187,0.3474099636077881,26.003450393676758,0.8126078248023987,0.18739217519760132,0.053939325373418036,0.01587638377938353,2.0794415416798357
scalar,对照,42,2,8,32,256,0.6460856795310974,0.11473166942596436,0.5595601797103882,0.0951695516705513,0.6792731881141663,0.0,0.6792731881141663,0.6792731881141663,0,0,0,0.0,0.0,32,8,8,12.218458931276187,0.022127697244286537,28.2571964263916,0.8830373883247375,0.11696261167526245,0.15853646208988867,0.019919226307156403,2.0794415416798357
nobeta,对照,42,2,8,32,256,0.6460859775543213,0.5207579135894775,0.627473771572113,0.5117638111114502,0.0,0.0,0.0,0.0,0,0,0,0.0,0.0,31,8,8,12.218458931276187,7.843774073990062e-05,28.2571964263916,0.8830373883247375,0.11696261167526245,0.15853644885869872,0.019919176196664567,2.0794415416798357
unbound,基准,42,2,8,64,256,0.6477846503257751,0.1143852174282074,0.5606164336204529,0.07748685777187347,-0.14939899742603302,1.02217435836792,-3.653897285461426,1.2630343437194824,3,0,0,0.046875,0.0,64,8,8,9.78967863018286,5.226429493632168e-06,36.979713439941406,0.5778080224990845,0.4221919775009155,0.002605602265487382,0.019363112917608505,1.3862943611198906
box33,约束族,42,2,8,64,256,0.6468933820724487,0.11535288393497467,0.5604010224342346,0.07833642512559891,-0.0795830637216568,0.8635027408599854,-2.6181206703186035,1.2528666257858276,0,0,0,0.0,0.0,64,8,8,9.78967863018286,5.226512257650029e-06,37.74793243408203,0.5898114442825317,0.41018855571746826,0.005280100413748825,0.019733552801176883,1.3862943611198906
box77,约束族,42,2,8,64,256,0.6477668881416321,0.11440269649028778,0.560613214969635,0.0775023102760315,-0.1475987583398819,1.0174826383590698,-3.6209237575531006,1.2628493309020996,3,0,0,0.046875,0.0,64,8,8,9.78967863018286,5.226575922279153e-06,36.99432373046875,0.5780363082885742,0.4219636917114258,0.002654241465463155,0.01936981230490161,1.3862943611198906
box33_lam1em2,约束族,42,2,8,64,256,0.6396409869194031,0.1034710705280304,0.549578845500946,0.06638071686029434,0.1530248075723648,0.5313830971717834,-1.3795990943908691,1.1455496549606323,0,0,0,0.0,0.0,64,8,8,9.78967863018286,0.0005066310986876488,43.16014099121094,0.6743772029876709,0.3256227970123291,0.023018029565133657,0.02276803089593197,1.3862943611198906
noridge,正则族,42,2,8,64,256,0.6488361358642578,0.11436744779348373,0.5605573058128357,0.0782315731048584,-0.5857129096984863,2.687223196029663,-13.815510749816895,1.2792181968688965,3,3,2,0.046875,0.03125,62,8,8,9.78967863018286,1.9326762412674725e-12,35.98982238769531,0.5623409748077393,0.43765902519226074,5.4925866202798774e-08,0.018955318874587675,1.3862943611198906
lam1em4,正则族,42,2,8,64,256,0.6487289071083069,0.1140681654214859,0.5605667233467102,0.07812327146530151,-0.3030218183994293,1.455589771270752,-6.176382064819336,1.2775671482086182,3,0,0,0.046875,0.0,64,8,8,9.78967863018286,5.283897053232067e-08,36.095821380615234,0.563997209072113,0.43600279092788696,0.00023254813536899312,0.01899476611073757,1.3862943611198906
lam1em2,正则族,42,2,8,64,256,0.6401892304420471,0.1062464714050293,0.5509989261627197,0.06604410707950592,0.1411610245704651,0.5490387678146362,-1.472278356552124,1.1516557931900024,0,0,0,0.0,0.0,64,8,8,9.78967863018286,0.0005066446028649807,42.807960510253906,0.6688743829727173,0.3311256170272827,0.02205068996364433,0.02252085768274165,1.3862943611198906
lam1em1,正则族,42,2,8,64,256,0.6348196268081665,0.09336867928504944,0.53928142786026,0.060013480484485626,0.30009207129478455,0.31908324360847473,-0.5875875949859619,0.9746948480606079,0,0,0,0.0,0.0,64,8,8,9.78967863018286,0.03799602389335632,48.857059478759766,0.7633915543556213,0.23660844564437866,0.046677147659201924,0.026285854236783163,1.3862943611198906
scalar,对照,42,2,8,64,256,0.6226968169212341,0.07662642002105713,0.5338836312294006,0.05733797699213028,0.3704826533794403,0.0,0.3704826533794403,0.3704826533794403,0,0,0,0.0,0.0,64,8,8,9.78967863018286,0.01030723936855793,51.534645080566406,0.8052288293838501,0.1947711706161499,0.07234609335448766,0.026519749454521443,1.3862943611198906
nobeta,对照,42,2,8,64,256,0.6226969957351685,0.35896778106689453,0.5640623569488525,0.33454203605651855,0.0,0.0,0.0,0.0,0,0,0,0.0,0.0,64,8,8,9.78967863018286,5.226429493632168e-06,51.534645080566406,0.8052288293838501,0.1947711706161499,0.07234608437577396,0.026519721187064513,1.3862943611198906
unbound,基准,42,2,16,8,256,0.6538371443748474,0.32503896951675415,0.5555996298789978,0.31599774956703186,1.309435486793518,0.5646034479141235,0.7604254484176636,2.1725916862487793,0,0,0,0.0,0.0,8,8,8,7.624116135576478,10.86304759979248,6.965977191925049,0.8707471489906311,0.1292528510093689,0.2449363080027235,0.3809640861563857,3.4657359027997265
box33,约束族,42,2,16,8,256,0.6538371443748474,0.32503896951675415,0.555599570274353,0.3159976601600647,1.309435486793518,0.5646034479141235,0.760425329208374,2.1725916862487793,0,0,0,0.0,0.0,8,8,8,7.624116135576478,10.863048553466797,6.965977191925049,0.8707471489906311,0.1292528510093689,0.24493633294421288,0.3809640861563857,3.4657359027997265
box77,约束族,42,2,16,8,256,0.653837263584137,0.32503896951675415,0.5555996298789978,0.3159976601600647,1.309435486793518,0.5646034479141235,0.7604254484176636,2.1725916862487793,0,0,0,0.0,0.0,8,8,8,7.624116135576478,10.863046646118164,6.965977191925049,0.8707471489906311,0.1292528510093689,0.24493633294421288,0.3809640861563857,3.4657359027997265
box33_lam1em2,约束族,42,2,16,8,256,0.6539905071258545,0.3342723250389099,0.5618771314620972,0.322733998298645,1.3288625478744507,0.5138204097747803,0.7785931825637817,2.1018357276916504,0,0,0,0.0,0.0,8,8,8,7.624116135576478,10.885482788085938,7.148271083831787,0.8935338854789734,0.10646611452102661,0.27396474592622794,0.3808901598866236,3.4657359027997265
noridge,正则族,42,2,16,8,256,0.6538237929344177,0.32385024428367615,0.5548141598701477,0.3180370330810547,1.3066091537475586,0.571395218372345,0.7503107190132141,2.181352138519287,0,0,0,0.0,0.0,8,8,8,7.624116135576478,10.862760543823242,6.941164970397949,0.8676456212997437,0.13235437870025635,0.24152804237833977,0.38097648611916807,3.4657359027997265
lam1em4,正则族,42,2,16,8,256,0.6538251042366028,0.32397085428237915,0.5548935532569885,0.31783053278923035,1.3068993091583252,0.5707032084465027,0.751595139503479,2.180467128753662,0,0,0,0.0,0.0,8,8,8,7.624116135576478,10.862762451171875,6.943695545196533,0.8679619431495667,0.13203805685043335,0.24187062352369998,0.380975183975105,3.4657359027997265
lam1em2,正则族,42,2,16,8,256,0.6539905071258545,0.3342723250389099,0.5618771314620972,0.322733998298645,1.3288625478744507,0.5138204097747803,0.7785931825637817,2.1018357276916504,0,0,0,0.0,0.0,8,8,8,7.624116135576478,10.885482788085938,7.148271083831787,0.8935338854789734,0.10646611452102661,0.27396474592622794,0.3808901598866236,3.4657359027997265
lam1em1,正则族,42,2,16,8,256,0.6501904726028442,0.3312232196331024,0.592736005783081,0.33465704321861267,1.3611547946929932,0.3240494430065155,0.8734378814697266,1.787034511566162,0,0,0,0.0,0.0,8,8,8,7.624116135576478,11.501675605773926,7.6805419921875,0.9600677490234375,0.0399322509765625,0.40402783005816856,0.3809246667042948,3.4657359027997265
scalar,对照,42,2,16,8,256,0.6571507453918457,0.33065807819366455,0.5777547955513,0.27661505341529846,1.5914536714553833,1.2744008870413381e-07,1.5914537906646729,1.5914537906646729,0,0,0,0.0,0.0,8,8,8,7.624116135576478,0.12213338166475296,7.808373928070068,0.9760467410087585,0.023953258991241455,0.48518719165033214,0.3798528245752943,3.4657359027997265
nobeta,对照,42,2,16,8,256,0.6571507453918457,0.7909412980079651,0.8792500495910645,0.8262187242507935,0.0,0.0,0.0,0.0,0,0,0,0.0,0.0,8,8,8,7.624116135576478,10.86304759979248,7.808373928070068,0.9760467410087585,0.023953258991241455,0.485187190269607,0.3798528245752943,3.4657359027997265
unbound,基准,42,2,16,16,256,0.713871419429779,0.19042862951755524,0.5994207859039307,0.11265644431114197,-2.567969799041748,6.7293806076049805,-13.815510749816895,2.1608924865722656,4,4,4,0.25,0.25,12,16,16,182.4764889368039,1.521811842918396,10.754517555236816,0.672157347202301,0.327842652797699,1.1326961498039124e-07,0.26836141505645944,2.772588722239781
box33,约束族,42,2,16,16,256,0.7098516821861267,0.19857876002788544,0.602520227432251,0.11455149948596954,0.14141762256622314,1.9451838731765747,-3.0,2.1506967544555664,4,0,0,0.25,0.0,12,16,16,182.4764889368039,1.539127230644226,11.107177734375,0.6941986083984375,0.3058013916015625,0.005697048186681518,0.26463441240032326,2.772588722239781
box77,约束族,42,2,16,16,256,0.7138963937759399,0.1903308480978012,0.5994967818260193,0.11269126832485199,-0.8639766573905945,3.700078248977661,-7.0,2.1607065200805664,4,4,0,0.25,0.0,12,16,16,182.4764889368039,1.5221275091171265,10.764704704284668,0.6727940440177917,0.32720595598220825,0.00010330771017591953,0.26833321179982084,2.772588722239781
box33_lam1em2,约束族,42,2,16,16,256,0.7229596376419067,0.18311429023742676,0.5988173484802246,0.11989214271306992,0.32102644443511963,1.7553176879882812,-3.0,2.119206428527832,3,0,0,0.1875,0.0,13,16,16,182.4764889368039,1.585167407989502,11.894928932189941,0.7434330582618713,0.25656694173812866,0.0059181633360773644,0.20226473038628645,2.772588722239781
noridge,正则族,42,2,16,16,256,0.7130107879638672,0.18813061714172363,0.5966200828552246,0.11350482702255249,-2.575477123260498,6.726839065551758,-13.815510749816895,2.1660103797912598,4,4,4,0.25,0.25,12,16,16,182.4764889368039,1.5213453769683838,10.697248458862305,0.668578028678894,0.33142197132110596,1.1265346894731712e-07,0.26990350875732533,2.772588722239781
lam1em4,正则族,42,2,16,16,256,0.7130982875823975,0.18836507201194763,0.5968987941741943,0.11341733485460281,-2.5746612548828125,6.727111339569092,-13.815510749816895,2.1654961109161377,4,4,4,0.25,0.25,12,16,16,182.4764889368039,1.5213582515716553,10.703253746032715,0.6689533591270447,0.3310466408729553,1.1271530269489542e-07,0.26973908347518033,2.772588722239781
lam1em2,正则族,42,2,16,16,256,0.7217749953269958,0.1835535317659378,0.6006283164024353,0.1196402907371521,-1.7063539028167725,6.0387701988220215,-13.815510749816895,2.1303958892822266,3,3,3,0.1875,0.1875,13,16,16,182.4764889368039,1.5708469152450562,11.637572288513184,0.727348268032074,0.272651731967926,1.1760458969643368e-07,0.20321294281475413,2.772588722239781
lam1em1,正则族,42,2,16,16,256,0.6392084360122681,0.13841794431209564,0.5683360695838928,0.1417125016450882,0.9434411525726318,0.2988663613796234,0.4017440378665924,1.3717509508132935,0,0,0,0.0,0.0,16,16,16,182.4764889368039,2.4489476680755615,15.390336990356445,0.9618960618972778,0.03810393810272217,0.3527303169027698,0.08748619875261897,2.772588722239781
scalar,对照,42,2,16,16,256,0.6356147527694702,0.17341355979442596,0.5518368482589722,0.1732311099767685,1.038432240486145,1.2311882358062576e-07,1.0384323596954346,1.0384323596954346,0,0,0,0.0,0.0,16,16,16,182.4764889368039,0.04763611778616905,15.410131454467773,0.9631332159042358,0.03686678409576416,0.42299980082323085,0.09389406448404472,2.772588722239781
nobeta,对照,42,2,16,16,256,0.6356117129325867,0.614357590675354,0.6688869595527649,0.6385298371315002,0.0,0.0,0.0,0.0,0,0,0,0.0,0.0,12,16,16,182.4764889368039,1.521811842918396,15.410131454467773,0.9631332159042358,0.03686678409576416,0.4229998363018146,0.09389421245496098,2.772588722239781
unbound,基准,42,2,16,32,256,0.7440004944801331,0.14366604387760162,0.6553690433502197,0.08200646936893463,-3.2040114402770996,6.7724385261535645,-13.815510749816895,2.2089030742645264,9,9,9,0.28125,0.28125,23,16,16,33.216435816363756,0.041459664702415466,19.000883102416992,0.593777596950531,0.406222403049469,6.440843898849467e-08,0.08963184362526046,2.0794415416798357
box33,约束族,42,2,16,32,256,0.7421510219573975,0.1427391767501831,0.6537112593650818,0.08024592697620392,-0.17152738571166992,1.9082201719284058,-3.0,2.209097146987915,9,0,0,0.28125,0.0,23,16,16,33.216435816363756,0.04629175364971161,19.779478073120117,0.6181086897850037,0.38189131021499634,0.003215076987531302,0.09023509885520356,2.0794415416798357
box77,约束族,42,2,16,32,256,0.7439929246902466,0.143649622797966,0.6554245352745056,0.081975057721138,-1.2873013019561768,3.6830291748046875,-7.0,2.208900213241577,9,9,0,0.28125,0.0,23,16,16,33.216435816363756,0.041546665132045746,19.025583267211914,0.5945494771003723,0.4054505228996277,5.8735820351421334e-05,0.08964931159192462,2.0794415416798357
box33_lam1em2,约束族,42,2,16,32,256,0.7054895162582397,0.1512322723865509,0.5933207869529724,0.07722844928503036,0.09601737558841705,1.6386750936508179,-3.0,1.93930184841156,6,0,0,0.1875,0.0,26,16,16,33.216435816363756,0.11274751275777817,21.88056755065918,0.6837677359580994,0.31623226404190063,0.0033391928481175705,0.07871618450243002,2.0794415416798357
noridge,正则族,42,2,16,32,256,0.7439481019973755,0.1381998509168625,0.6583606004714966,0.08035952597856522,-3.222773790359497,6.766213893890381,-13.815510749816895,2.248511791229248,9,9,9,0.28125,0.28125,23,16,16,33.216435816363756,0.03614162653684616,18.833751678466797,0.5885547399520874,0.4114452600479126,6.302263569534223e-08,0.09174657737349583,2.0794415416798357
lam1em4,正则族,42,2,16,32,256,0.7446436882019043,0.13876695930957794,0.6578359603881836,0.08053603023290634,-3.220395803451538,6.766966819763184,-13.815510749816895,2.2444427013397217,9,9,9,0.28125,0.28125,23,16,16,33.216435816363756,0.03667328506708145,18.85283660888672,0.58915114402771,0.41084885597229004,6.316729396910947e-08,0.09151657877981147,2.0794415416798357
lam1em2,正则族,42,2,16,32,256,0.6847410798072815,0.15507012605667114,0.5882157683372498,0.08026881515979767,-1.9207652807235718,5.837502479553223,-13.815510749816895,1.9430171251296997,6,6,6,0.1875,0.1875,26,16,16,33.216435816363756,0.10853233933448792,21.450172424316406,0.6703178882598877,0.3296821117401123,6.60817749444704e-08,0.07745129211753454,2.0794415416798357
lam1em1,正则族,42,2,16,32,256,0.5666347146034241,0.10334908217191696,0.4778587520122528,0.06809951364994049,0.5537028312683105,0.5558839440345764,-1.1672452688217163,1.1591373682022095,0,0,0,0.0,0.0,32,16,16,33.216435816363756,0.7866829633712769,26.34814453125,0.8233795166015625,0.1766204833984375,0.0244479736435182,0.03831605886329448,2.0794415416798357
scalar,对照,42,2,16,32,256,0.5491978526115417,0.09168938547372818,0.4306122660636902,0.11522776633501053,0.7000269293785095,6.055837786789198e-08,0.7000268697738647,0.7000268697738647,0,0,0,0.0,0.0,32,16,16,33.216435816363756,0.02632157877087593,27.917970657348633,0.8724365830421448,0.12756341695785522,0.12288025860706991,0.033618925586720014,2.0794415416798357
nobeta,对照,42,2,16,32,256,0.5491980910301208,0.48444604873657227,0.5289143323898315,0.49260175228118896,0.0,0.0,0.0,0.0,0,0,0,0.0,0.0,23,16,16,33.216435816363756,0.041459664702415466,27.917964935302734,0.8724364042282104,0.12756359577178955,0.12288025860706991,0.033618962579449074,2.0794415416798357
unbound,基准,42,2,16,64,256,0.5582969784736633,0.07760361582040787,0.44858574867248535,0.049901727586984634,0.029609832912683487,1.008182406425476,-4.037229061126709,1.2364089488983154,2,0,0,0.03125,0.0,64,16,16,15.97314710805442,2.078926991089247e-05,41.84358215332031,0.6538059711456299,0.3461940288543701,0.0013971242679586358,0.03966245362886442,1.3862943611198906
box33,约束族,42,2,16,64,256,0.5579692721366882,0.07908326387405396,0.44869187474250793,0.05091822147369385,0.08526362478733063,0.8527750968933105,-2.7260522842407227,1.2327203750610352,0,0,0,0.0,0.0,64,16,16,15.97314710805442,2.0782776118721813e-05,42.455440521240234,0.6633662581443787,0.33663374185562134,0.005283893937357043,0.03984472420351002,1.3862943611198906
box77,约束族,42,2,16,64,256,0.5582926869392395,0.07763100415468216,0.44861018657684326,0.049920082092285156,0.031182125210762024,1.0030860900878906,-3.9887542724609375,1.23633873462677,2,0,0,0.03125,0.0,64,16,16,15.97314710805442,2.0788505935342982e-05,41.855255126953125,0.6539883613586426,0.3460116386413574,0.0014670091238325066,0.039666330466870355,1.3862943611198906
box33_lam1em2,约束族,42,2,16,64,256,0.5479687452316284,0.08474446833133698,0.44424566626548767,0.04090319201350212,0.2488199919462204,0.5819110870361328,-1.8855611085891724,1.1475282907485962,0,0,0,0.0,0.0,64,16,16,15.97314710805442,0.0018262253142893314,46.47685623168945,0.7262008786201477,0.2737991213798523,0.023925217405897193,0.039499778102804174,1.3862943611198906
noridge,正则族,42,2,16,64,256,0.5594889521598816,0.07674089819192886,0.44902342557907104,0.04888710752129555,-0.19356322288513184,2.0325064659118652,-13.815510749816895,1.2491304874420166,3,1,1,0.046875,0.015625,63,16,16,15.97314710805442,3.0432261155510787e-09,41.086395263671875,0.641974925994873,0.35802507400512695,7.807468186161327e-08,0.03964240726898447,1.3862943611198906
lam1em4,正则族,42,2,16,64,256,0.5593735575675964,0.07660090923309326,0.44898006319999695,0.04898403584957123,-0.0758555680513382,1.3573435544967651,-7.133845806121826,1.2478282451629639,3,1,0,0.046875,0.0,64,16,16,15.97314710805442,2.459993311276776e-07,41.16645431518555,0.6432258486747742,0.35677415132522583,6.236773486102839e-05,0.03964476000655296,1.3862943611198906
lam1em2,正则族,42,2,16,64,256,0.5481736063957214,0.08469406515359879,0.4442983567714691,0.04052717611193657,0.24133820831775665,0.5937624573707581,-1.9462323188781738,1.150840163230896,0,0,0,0.0,0.0,64,16,16,15.97314710805442,0.0018262248486280441,46.253868103027344,0.7227166891098022,0.27728331089019775,0.021412797061357552,0.039481777440841484,1.3862943611198906
lam1em1,正则族,42,2,16,64,256,0.5130776166915894,0.07867193222045898,0.42683976888656616,0.047622863203287125,0.34544867277145386,0.3121485412120819,-0.8578827977180481,0.9725800156593323,0,0,0,0.0,0.0,64,16,16,15.97314710805442,0.07933173328638077,50.29854202270508,0.7859147191047668,0.21408528089523315,0.06662530374930782,0.03568072273966437,1.3862943611198906
scalar,对照,42,2,16,64,256,0.4811613857746124,0.05229947715997696,0.40024593472480774,0.06009514257311821,0.3849186897277832,0.0,0.3849186897277832,0.3849186897277832,0,0,0,0.0,0.0,64,16,16,15.97314710805442,0.006672806106507778,51.42681884765625,0.8035440444946289,0.1964559555053711,0.07975966182797084,0.03281768157155189,1.3862943611198906
nobeta,对照,42,2,16,64,256,0.4811612367630005,0.3297369182109833,0.4351549446582794,0.3208927512168884,0.0,0.0,0.0,0.0,0,0,0,0.0,0.0,64,16,16,15.97314710805442,2.078926991089247e-05,51.42681884765625,0.8035440444946289,0.1964559555053711,0.07975966182797084,0.03281770006791642,1.3862943611198906
unbound,基准,42,2,32,8,256,0.5445728302001953,0.18676191568374634,0.48197102546691895,0.20657701790332794,1.265542984008789,0.5862458944320679,0.04318716749548912,1.9361218214035034,0,0,0,0.0,0.0,8,8,8,4.446083099850823,16.648151397705078,7.281641483306885,0.9102051854133606,0.0897948145866394,0.1586357076779399,0.5055455056109681,3.4657359027997265
box33,约束族,42,2,32,8,256,0.5445728898048401,0.18676182627677917,0.48197102546691895,0.20657701790332794,1.2655431032180786,0.5862459540367126,0.04318716749548912,1.9361218214035034,0,0,0,0.0,0.0,8,8,8,4.446083099850823,16.64815330505371,7.281641483306885,0.9102051854133606,0.0897948145866394,0.1586357076779399,0.5055455056109681,3.4657359027997265
box77,约束族,42,2,32,8,256,0.5445728302001953,0.18676182627677917,0.4819710850715637,0.20657692849636078,1.265542984008789,0.5862459540367126,0.04318705573678017,1.9361218214035034,0,0,0,0.0,0.0,8,8,8,4.446083099850823,16.64815330505371,7.281641006469727,0.9102051258087158,0.08979487419128418,0.1586357076779399,0.5055454622548659,3.4657359027997265
box33_lam1em2,约束族,42,2,32,8,256,0.5444747805595398,0.19285808503627777,0.4810132384300232,0.20161768794059753,1.2642951011657715,0.5795140862464905,0.048539064824581146,1.9232254028320312,0,0,0,0.0,0.0,8,8,8,4.446083099850823,16.65361976623535,7.29101037979126,0.9113762974739075,0.08862370252609253,0.16086099771044493,0.50551181791954,3.4657359027997265
noridge,正则族,42,2,32,8,256,0.544583797454834,0.18606826663017273,0.4820799231529236,0.2067585587501526,1.2656769752502441,0.5870066285133362,0.04263659939169884,1.93759024143219,0,0,0,0.0,0.0,8,8,8,4.446083099850823,16.648094177246094,7.280550479888916,0.9100688099861145,0.0899311900138855,0.15839346158736536,0.5055495810845771,3.4657359027997265
lam1em4,正则族,42,2,32,8,256,0.5445828437805176,0.18613778054714203,0.48206907510757446,0.20674048364162445,1.2656636238098145,0.5869303941726685,0.04269108921289444,1.9374428987503052,0,0,0,0.0,0.0,8,8,8,4.446083099850823,16.648094177246094,7.280660629272461,0.9100825786590576,0.08991742134094238,0.1584176903206405,0.505549147523555,3.4657359027997265
lam1em2,正则族,42,2,32,8,256,0.5444748401641846,0.19285808503627777,0.4810132682323456,0.20161768794059753,1.264294981956482,0.57951420545578,0.04853883758187294,1.9232255220413208,0,0,0,0.0,0.0,8,8,8,4.446083099850823,16.65361976623535,7.29101037979126,0.9113762974739075,0.08862370252609253,0.16086092365555382,0.50551181791954,3.4657359027997265
lam1em1,正则族,42,2,32,8,256,0.5432694554328918,0.20033739507198334,0.48300638794898987,0.2141183614730835,1.2497422695159912,0.5198246240615845,0.12316768616437912,1.8175256252288818,0,0,0,0.0,0.0,8,8,8,4.446083099850823,17.049442291259766,7.358588218688965,0.9198235273361206,0.0801764726638794,0.1859026870753464,0.5053778042075657,3.4657359027997265
scalar,对照,42,2,32,8,256,0.5468099117279053,0.19459977746009827,0.48697611689567566,0.2715540826320648,1.5885065793991089,1.2744008870413381e-07,1.5885064601898193,1.5885064601898193,0,0,0,0.0,0.0,8,8,8,4.446083099850823,0.13896697759628296,7.866843223571777,0.9833554029464722,0.016644597053527832,0.5300891691167334,0.5085834243376994,3.4657359027997265
nobeta,对照,42,2,32,8,256,0.5468098521232605,0.7779293060302734,0.804362952709198,0.7873470783233643,0.0,0.0,0.0,0.0,0,0,0,0.0,0.0,8,8,8,4.446083099850823,16.648151397705078,7.8668413162231445,0.9833551645278931,0.016644835472106934,0.5300892641358711,0.5085834243376994,3.4657359027997265
unbound,基准,42,2,32,16,256,0.5123809576034546,0.15062205493450165,0.45625460147857666,0.10882890969514847,-0.05869051814079285,3.7299625873565674,-13.815510749816895,1.71030855178833,1,1,1,0.0625,0.0625,15,16,16,13.49029696882118,3.602375030517578,12.965164184570312,0.8103227615356445,0.18967723846435547,1.311842941910386e-07,0.3067481518593747,2.772588722239781
box33,约束族,42,2,32,16,256,0.511631429195404,0.14953771233558655,0.45324960350990295,0.10832908749580383,0.6164051294326782,1.1769609451293945,-3.0,1.7070531845092773,1,0,0,0.0625,0.0,15,16,16,13.49029696882118,3.604649305343628,13.041156768798828,0.8150722980499268,0.18492770195007324,0.006544557819026582,0.3055781874408609,2.772588722239781
box77,约束族,42,2,32,16,256,0.5123821496963501,0.15060217678546906,0.4562527537345886,0.1088196188211441,0.3672633469104767,2.0771396160125732,-7.0,1.7102490663528442,1,1,0,0.0625,0.0,15,16,16,13.49029696882118,3.602414131164551,12.967498779296875,0.8104686737060547,0.1895313262939453,0.00011962903417517178,0.30675057980109927,2.772588722239781
box33_lam1em2,约束族,42,2,32,16,256,0.5049893856048584,0.1484891027212143,0.45397260785102844,0.09876774251461029,0.639518141746521,1.1456631422042847,-3.0,1.6778452396392822,1,0,0,0.0625,0.0,15,16,16,13.49029696882118,3.616179943084717,13.284455299377441,0.8302784562110901,0.1697215437889099,0.006728287972028686,0.30411853922533766,2.772588722239781
noridge,正则族,42,2,32,16,256,0.5137029886245728,0.1507648378610611,0.45618993043899536,0.11057374626398087,-0.061946507543325424,3.7307159900665283,-13.815510749816895,1.7138615846633911,1,1,1,0.0625,0.0625,15,16,16,13.49029696882118,3.6022379398345947,12.933627128601074,0.8083516955375671,0.19164830446243286,1.3074146079476794e-07,0.3070149219563588,2.772588722239781
lam1em4,正则族,42,2,32,16,256,0.5135616660118103,0.1507503092288971,0.45619621872901917,0.1103973537683487,-0.06161303073167801,3.7306385040283203,-13.815510749816895,1.7135032415390015,1,1,1,0.0625,0.0625,15,16,16,13.49029696882118,3.602238893508911,12.9368314743042,0.8085519671440125,0.19144803285598755,1.307860408750536e-07,0.30698676216796433,2.772588722239781
lam1em2,正则族,42,2,32,16,256,0.5061447620391846,0.1476658582687378,0.456979900598526,0.09798511862754822,-0.035708747804164886,3.724745035171509,-13.815510749816895,1.6812751293182373,1,1,1,0.0625,0.0625,15,16,16,13.49029696882118,3.6139771938323975,13.207149505615234,0.8254468441009521,0.17455315589904785,1.348477559445231e-07,0.3053415715129736,2.772588722239781
lam1em1,正则族,42,2,32,16,256,0.4764063060283661,0.10657734423875809,0.37941762804985046,0.09515181183815002,0.8717319369316101,0.4027319550514221,0.1150781512260437,1.4223270416259766,0,0,0,0.0,0.0,16,16,16,13.49029696882118,4.108579635620117,14.862040519714355,0.9288775324821472,0.07112246751785278,0.19010205862793528,0.2793911884097878,2.772588722239781
scalar,对照,42,2,32,16,256,0.45630043745040894,0.14185231924057007,0.4007391929626465,0.18790613114833832,1.0391417741775513,1.2311882358062576e-07,1.0391418933868408,1.0391418933868408,0,0,0,0.0,0.0,16,16,16,13.49029696882118,0.052950043231248856,15.528058052062988,0.9705036282539368,0.029496371746063232,0.44737515450561877,0.2829984811489754,2.772588722239781
nobeta,对照,42,2,32,16,256,0.4563004672527313,0.606779932975769,0.5565394163131714,0.6373533010482788,0.0,0.0,0.0,0.0,0,0,0,0.0,0.0,15,16,16,13.49029696882118,3.602375030517578,15.528054237365723,0.9705033898353577,0.029496610164642334,0.4473753059147813,0.2829984811489754,2.772588722239781
unbound,基准,42,2,32,32,256,0.5785878896713257,0.12375275045633316,0.4945942163467407,0.054044418036937714,-2.948390245437622,6.439852714538574,-13.815510749816895,2.376706600189209,8,8,8,0.25,0.25,24,32,32,3511.3014371724153,1.1746184825897217,17.810291290283203,0.5565716028213501,0.4434283971786499,3.973125523026846e-08,0.22047180630709348,2.0794415416798357
box33,约束族,42,2,32,32,256,0.5742663741111755,0.12236262857913971,0.4894145131111145,0.05317487567663193,-0.25595417618751526,1.862844467163086,-3.0,2.3701372146606445,8,0,0,0.25,0.0,24,32,32,3511.3014371724153,1.19429349899292,18.29067611694336,0.57158362865448,0.42841637134552,0.0019963536977589324,0.22046617001380436,2.0794415416798357
box77,约束族,42,2,32,32,256,0.5785300731658936,0.12371335923671722,0.49455076456069946,0.054064758121967316,-1.2447090148925781,3.49786639213562,-7.0,2.3765878677368164,8,8,0,0.25,0.0,24,32,32,3511.3014371724153,1.174973487854004,17.825895309448242,0.5570592284202576,0.44294077157974243,3.623628728427738e-05,0.22049909897344347,2.0794415416798357
box33_lam1em2,约束族,42,2,32,32,256,0.5403296947479248,0.1330898553133011,0.4567871689796448,0.05232285335659981,-0.13356268405914307,1.7776716947555542,-3.0,2.0534865856170654,8,0,0,0.25,0.0,24,32,32,3511.3014371724153,1.3008463382720947,20.067291259765625,0.6271028518676758,0.3728971481323242,0.002152618102131846,0.1872678605896332,2.0794415416798357
noridge,正则族,42,2,32,32,256,0.5782909989356995,0.11831032484769821,0.4922614097595215,0.05345092713832855,-3.3101630210876465,6.713546276092529,-13.815510749816895,2.418851852416992,9,9,9,0.28125,0.28125,23,32,32,3511.3014371724153,1.164087176322937,17.40268325805664,0.54383385181427,0.45616614818573,3.925797575099901e-08,0.226194529985993,2.0794415416798357
lam1em4,正则族,42,2,32,32,256,0.5785889625549316,0.11894971132278442,0.4925464987754822,0.05340079963207245,-3.0641894340515137,6.457119464874268,-13.815510749816895,2.4145801067352295,9,8,8,0.28125,0.25,24,32,32,3511.3014371724153,1.165088176727295,17.44060516357422,0.5450189113616943,0.45498108863830566,3.930172426054489e-08,0.2257094402362601,2.0794415416798357
lam1em2,正则族,42,2,32,32,256,0.5414734482765198,0.13499310612678528,0.459512323141098,0.05389370396733284,-2.51047420501709,6.152485370635986,-13.815510749816895,2.0584113597869873,8,7,7,0.25,0.21875,25,32,32,3511.3014371724153,1.2832900285720825,19.584232330322266,0.6120072603225708,0.3879927396774292,4.283627402972067e-08,0.18745713165389194,2.0794415416798357
lam1em1,正则族,42,2,32,32,256,0.43878528475761414,0.10922253876924515,0.3414786458015442,0.05587128922343254,0.04003152251243591,2.610800266265869,-13.815510749816895,1.204947590827942,1,1,1,0.03125,0.03125,31,32,32,3511.3014371724153,2.121328830718994,24.839597702026367,0.776237428188324,0.22376257181167603,5.868189610968188e-08,0.11940662925206298,2.0794415416798357
scalar,对照,42,2,32,32,256,0.38665467500686646,0.08544374257326126,0.3413049876689911,0.12600870430469513,0.7029691338539124,6.055837786789198e-08,0.7029691934585571,0.7029691934585571,0,0,0,0.0,0.0,32,32,32,3511.3014371724153,0.02996869385242462,27.733257293701172,0.8666642904281616,0.13333570957183838,0.1439782689460522,0.10843386095973524,2.0794415416798357
nobeta,对照,42,2,32,32,256,0.3866531550884247,0.4982924163341522,0.42646655440330505,0.4861762225627899,0.0,0.0,0.0,0.0,0,0,0,0.0,0.0,24,32,32,3511.3014371724153,1.1746184825897217,27.733257293701172,0.8666642904281616,0.13333570957183838,0.1439782689460522,0.10843378508655635,2.0794415416798357
unbound,基准,42,2,32,64,256,0.4116356372833252,0.05463794991374016,0.33157917857170105,0.010467599146068096,-1.0929738283157349,4.528003215789795,-13.815510749816895,1.50189208984375,7,7,7,0.109375,0.109375,57,32,32,43.666616161588536,0.025413144379854202,45.0521125793457,0.7039392590522766,0.2960607409477234,5.758823218301682e-08,0.06750495798705755,1.3862943611198906
box33,约束族,42,2,32,64,256,0.41126689314842224,0.05678795278072357,0.33647119998931885,0.01002444140613079,0.08735927939414978,1.2272896766662598,-3.0,1.5020554065704346,7,0,0,0.109375,0.0,57,32,32,43.666616161588536,0.026355832815170288,45.9111213684082,0.7173612713813782,0.2826387286186218,0.002893485449486264,0.06779553600367537,1.3862943611198906
box77,约束族,42,2,32,64,256,0.4116303622722626,0.05467716231942177,0.33167150616645813,0.01045668963342905,-0.3475717604160309,2.414659023284912,-7.0,1.501893401145935,7,7,0,0.109375,0.0,57,32,32,43.666616161588536,0.025430362671613693,45.07987594604492,0.7043730616569519,0.2956269383430481,5.25225245854034e-05,0.06751178657315782,1.3862943611198906
box33_lam1em2,约束族,42,2,32,64,256,0.40047433972358704,0.051530081778764725,0.31811562180519104,0.01235453225672245,0.18354591727256775,1.0734580755233765,-3.0,1.3976761102676392,5,0,0,0.078125,0.0,59,32,32,43.666616161588536,0.04998373985290527,47.98038864135742,0.7496935725212097,0.2503064274787903,0.0035534913413604718,0.06422746969797491,1.3862943611198906
noridge,正则族,42,2,32,64,256,0.41131338477134705,0.056353162974119186,0.33787092566490173,0.010735885240137577,-1.102224588394165,4.5278801918029785,-13.815510749816895,1.5159094333648682,7,7,7,0.109375,0.109375,57,32,32,43.666616161588536,0.023290490731596947,44.756317138671875,0.699317455291748,0.30068254470825195,5.690935305820812e-08,0.06818767568975284,1.3862943611198906
lam1em4,正则族,42,2,32,64,256,0.41133564710617065,0.056177910417318344,0.33721548318862915,0.01071056816726923,-1.1012250185012817,4.527885437011719,-13.815510749816895,1.5144954919815063,7,7,7,0.109375,0.109375,57,32,32,43.666616161588536,0.023498909547924995,44.78706741333008,0.6997979283332825,0.30020207166671753,5.6977503603132165e-08,0.06811666381382275,1.3862943611198906
lam1em2,正则族,42,2,32,64,256,0.3983727991580963,0.051999542862176895,0.3164825439453125,0.013113127090036869,-0.6606802940368652,3.896087884902954,-13.815510749816895,1.396506428718567,5,5,5,0.078125,0.078125,59,32,32,43.666616161588536,0.048343658447265625,47.2285041809082,0.7379453778266907,0.2620546221733093,7.074509030152209e-08,0.06401176766989788,1.3862943611198906
lam1em1,正则族,42,2,32,64,256,0.3592378497123718,0.06369706243276596,0.2923717498779297,0.023927688598632812,0.3159623444080353,0.6086300611495972,-3.7172346115112305,0.938227653503418,1,0,0,0.015625,0.0,64,32,32,43.666616161588536,0.2966187000274658,50.98808670043945,0.7966888546943665,0.20331114530563354,0.002795272171332289,0.059472839006121644,1.3862943611198906
scalar,对照,42,2,32,64,256,0.33495429158210754,0.04895902797579765,0.29371196031570435,0.056854862719774246,0.38614657521247864,3.003791704259129e-08,0.386146605014801,0.386146605014801,0,0,0,0.0,0.0,64,32,32,43.666616161588536,0.007756544277071953,51.384254455566406,0.8028789758682251,0.1971210241317749,0.11928229140246804,0.05168708023704789,1.3862943611198906
nobeta,对照,42,2,32,64,256,0.3349543809890747,0.3261071443557739,0.32577386498451233,0.3098726272583008,0.0,0.0,0.0,0.0,0,0,0,0.0,0.0,57,32,32,43.666616161588536,0.025413144379854202,51.384254455566406,0.8028789758682251,0.1971210241317749,0.11928229140246804,0.051687053139484004,1.3862943611198906
unbound,基准,43,0,8,8,256,0.7909191250801086,0.18302586674690247,0.6346743702888489,0.2142363339662552,1.0359911918640137,0.6946982145309448,0.1702309101819992,2.2792365550994873,0,0,0,0.0,0.0,8,8,8,1123.6621361471962,0.03709370270371437,6.131096839904785,0.7663871049880981,0.23361289501190186,0.1072386942369184,0.1272496561655624,3.4657359027997265
box33,约束族,43,0,8,8,256,0.7909905910491943,0.18297706544399261,0.634562611579895,0.21402321755886078,1.0358344316482544,0.6955447793006897,0.16610288619995117,2.278987407684326,0,0,0,0.0,0.0,8,8,8,1123.6621361471962,0.03708552196621895,6.131237506866455,0.7664046883583069,0.23359531164169312,0.10682443674050575,0.12724919934393644,3.4657359027997265
box77,约束族,43,0,8,8,256,0.7909203171730042,0.18302559852600098,0.6346725821495056,0.2142322063446045,1.0359883308410645,0.6947133541107178,0.17015700042247772,2.2792322635650635,0,0,0,0.0,0.0,8,8,8,1123.6621361471962,0.037093568593263626,6.131099224090576,0.766387403011322,0.23361259698867798,0.10723126073111038,0.127249605407604,3.4657359027997265
box33_lam1em2,约束族,43,0,8,8,256,0.8525552749633789,0.1794067621231079,0.6414472460746765,0.27910515666007996,1.0429582595825195,0.5411394238471985,0.2514118552207947,2.0445544719696045,0,0,0,0.0,0.0,8,8,8,1123.6621361471962,0.06321100145578384,6.513029098510742,0.8141286373138428,0.18587136268615723,0.1924333261033908,0.12804291422958064,3.4657359027997265
noridge,正则族,43,0,8,8,256,0.7874712347984314,0.20308595895767212,0.6312782764434814,0.23229822516441345,1.027124047279358,0.7250626683235168,0.08566072583198547,2.31234073638916,0,0,0,0.0,0.0,8,8,8,1123.6621361471962,0.03628242760896683,6.053511142730713,0.7566888928413391,0.2433111071586609,0.0957188879809231,0.12726243448160016,3.4657359027997265
lam1em4,正则族,43,0,8,8,256,0.7877698540687561,0.2036689668893814,0.6316617131233215,0.22959262132644653,1.0281579494476318,0.7217979431152344,0.09484929591417313,2.308945655822754,0,0,0,0.0,0.0,8,8,8,1123.6621361471962,0.03632825240492821,6.061784267425537,0.7577230334281921,0.24227696657180786,0.0968900314982536,0.1272578535758508,3.4657359027997265
lam1em2,正则族,43,0,8,8,256,0.8525397181510925,0.179303839802742,0.641455888748169,0.2791211009025574,1.0429524183273315,0.541101336479187,0.25140294432640076,2.044586420059204,0,0,0,0.0,0.0,8,8,8,1123.6621361471962,0.0632120668888092,6.512967109680176,0.814120888710022,0.18587911128997803,0.1924826297843561,0.12804376442538454,3.4657359027997265
lam1em1,正则族,43,0,8,8,256,0.9260326623916626,0.4205510914325714,0.7302526235580444,0.4663562476634979,0.7322435975074768,0.22482220828533173,0.4466398358345032,1.2026385068893433,0,0,0,0.0,0.0,8,8,8,1123.6621361471962,0.34663981199264526,6.519277572631836,0.8149096965789795,0.1850903034210205,0.19311061752180436,0.12586727585688937,3.4657359027997265
scalar,对照,43,0,8,8,256,0.9948634505271912,0.2003711611032486,0.7592025399208069,0.33437246084213257,1.082279086112976,0.0,1.082279086112976,1.082279086112976,0,0,0,0.0,0.0,8,8,8,1123.6621361471962,0.11356879770755768,6.259256362915039,0.7824070453643799,0.21759295463562012,0.1829007182586679,0.12567726343946245,3.4657359027997265
nobeta,对照,43,0,8,8,256,0.9948641657829285,0.7272543907165527,0.9194530844688416,0.7442148923873901,0.0,0.0,0.0,0.0,0,0,0,0.0,0.0,8,8,8,1123.6621361471962,0.03709370270371437,6.2592549324035645,0.7824068665504456,0.21759313344955444,0.1829006995692003,0.12567728881844167,3.4657359027997265
unbound,基准,43,0,8,16,256,0.6059578061103821,0.16302119195461273,0.491308331489563,0.18275989592075348,0.8106139898300171,0.4476342499256134,0.01122516579926014,1.917611837387085,0,0,0,0.0,0.0,16,8,8,52.96583958503345,0.0007718119886703789,11.654693603515625,0.7284183502197266,0.27158164978027344,0.0608147199846535,0.014488711721897715,2.772588722239781
box33,约束族,43,0,8,16,256,0.6060696244239807,0.16200442612171173,0.49152034521102905,0.18186713755130768,0.8149303197860718,0.44276759028434753,0.008748182095587254,1.913974642753601,0,0,0,0.0,0.0,16,8,8,52.96583958503345,0.0007629231549799442,11.692801475524902,0.7308000922203064,0.2691999077796936,0.062426344501158235,0.014368125088315788,2.772588722239781
box77,约束族,43,0,8,16,256,0.6059584617614746,0.1630031168460846,0.4913116991519928,0.18274791538715363,0.8106938004493713,0.44754335284233093,0.011180135421454906,1.9175456762313843,0,0,0,0.0,0.0,16,8,8,52.96583958503345,0.0007716485415585339,11.655390739440918,0.7284619212150574,0.2715380787849426,0.06084412911479743,0.014486486302657283,2.772588722239781
box33_lam1em2,约束族,43,0,8,16,256,0.6114208102226257,0.151388481259346,0.4922213852405548,0.1753125786781311,0.8279325366020203,0.3782082498073578,0.03501637279987335,1.7708473205566406,0,0,0,0.0,0.0,16,8,8,52.96583958503345,0.00491197919473052,12.097834587097168,0.756114661693573,0.243885338306427,0.09393006849442899,0.013007222533901517,2.772588722239781
noridge,正则族,43,0,8,16,256,0.6068817377090454,0.17278732359409332,0.49164971709251404,0.18030580878257751,0.8032715916633606,0.46281445026397705,0.009827681817114353,1.938890814781189,0,0,0,0.0,0.0,16,8,8,52.96583958503345,0.0006004866445437074,11.559158325195312,0.722447395324707,0.27755260467529297,0.05549942287374702,0.014820884491430526,2.772588722239781
lam1em4,正则族,43,0,8,16,256,0.6064870357513428,0.17323392629623413,0.4916061758995056,0.18054647743701935,0.8040955066680908,0.46116316318511963,0.009946544654667377,1.9367039203643799,0,0,0,0.0,0.0,16,8,8,52.96583958503345,0.0006142361671663821,11.569368362426758,0.7230855226516724,0.27691447734832764,0.056049531983069674,0.014785141371570283,2.772588722239781
lam1em2,正则族,43,0,8,16,256,0.6112752556800842,0.15158826112747192,0.4920656979084015,0.17530621588230133,0.82676100730896,0.37934353947639465,0.035781312733888626,1.7721786499023438,0,0,0,0.0,0.0,16,8,8,52.96583958503345,0.004916416015475988,12.086104393005371,0.7553815245628357,0.2446184754371643,0.0931558776262794,0.013041429432425793,2.772588722239781
lam1em1,正则族,43,0,8,16,256,0.6613122224807739,0.27608123421669006,0.5462915897369385,0.29945072531700134,0.6329975128173828,0.26220235228538513,0.092988021671772,1.2708196640014648,0,0,0,0.0,0.0,16,8,8,52.96583958503345,0.1036107987165451,11.72419261932373,0.7327620387077332,0.26723796129226685,0.07666899164011963,0.014440953241562577,2.772588722239781
scalar,对照,43,0,8,16,256,0.7626593708992004,0.15465697646141052,0.617111325263977,0.24272401630878448,0.8064154982566833,6.155941179031288e-08,0.8064154386520386,0.8064154386520386,0,0,0,0.0,0.0,16,8,8,52.96583958503345,0.058350320905447006,11.205195426940918,0.7003247141838074,0.2996752858161926,0.0797941132734652,0.02218319312377404,2.772588722239781
nobeta,对照,43,0,8,16,256,0.7626557350158691,0.6225919723510742,0.7752750515937805,0.6406416296958923,0.0,0.0,0.0,0.0,0,0,0,0.0,0.0,16,8,8,52.96583958503345,0.0007718119886703789,11.205198287963867,0.7003248929977417,0.2996751070022583,0.0797941250230056,0.022183186779029234,2.772588722239781
unbound,基准,43,0,8,32,256,0.5941792130470276,0.13886107504367828,0.4876113533973694,0.13700319826602936,0.26212456822395325,0.5930125713348389,-0.9679977893829346,1.6217533349990845,0,0,0,0.0,0.0,32,8,8,36.93650262737969,0.00016804509505163878,17.00601577758789,0.5314379930496216,0.4685620069503784,0.011174728989331301,0.014152026252622189,2.0794415416798357
box33,约束族,43,0,8,32,256,0.5932275056838989,0.14170151948928833,0.4871963560581207,0.13716444373130798,0.28081396222114563,0.5684650540351868,-0.8833131194114685,1.6113836765289307,0,0,0,0.0,0.0,32,8,8,36.93650262737969,0.0001627215533517301,17.194047927856445,0.5373139977455139,0.4626860022544861,0.01239565736848761,0.014066744951508942,2.0794415416798357
box77,约束族,43,0,8,32,256,0.5941590070724487,0.13885854184627533,0.487604558467865,0.13700653612613678,0.2624768018722534,0.5925461649894714,-0.9663867950439453,1.6215639114379883,0,0,0,0.0,0.0,32,8,8,36.93650262737969,0.00016794541443232447,17.00947380065918,0.5315460562705994,0.46845394372940063,0.011197051910683167,0.014150503513868934,2.0794415416798357
box33_lam1em2,约束族,43,0,8,32,256,0.5863810777664185,0.13890440762043,0.4829566776752472,0.1393069475889206,0.395515501499176,0.4058903157711029,-0.39115914702415466,1.4954754114151,0,0,0,0.0,0.0,32,8,8,36.93650262737969,0.0006199312629178166,18.643659591674805,0.5826143622398376,0.41738563776016235,0.02306012290777294,0.013342977704969977,2.0794415416798357
noridge,正则族,43,0,8,32,256,0.5945855379104614,0.13816070556640625,0.48818570375442505,0.13677050173282623,0.2369254231452942,0.6294941306114197,-1.0857198238372803,1.637925624847412,0,0,0,0.0,0.0,32,8,8,36.93650262737969,0.00015195156447589397,16.76468276977539,0.523896336555481,0.47610366344451904,0.009524163649087014,0.014247884243325747,2.0794415416798357
lam1em4,正则族,43,0,8,32,256,0.5946112871170044,0.13834688067436218,0.4881281852722168,0.13679395616054535,0.23962335288524628,0.6255547404289246,-1.072959303855896,1.6362848281860352,0,0,0,0.0,0.0,32,8,8,36.93650262737969,0.00015321678074542433,16.78959846496582,0.5246749520301819,0.4753250479698181,0.009693400412247517,0.014238357609000699,2.0794415416798357
lam1em2,正则族,43,0,8,32,256,0.5868097543716431,0.13834407925605774,0.4832877516746521,0.1392165571451187,0.3882581889629364,0.4144478142261505,-0.41941699385643005,1.502022624015808,0,0,0,0.0,0.0,32,8,8,36.93650262737969,0.0006238424684852362,18.542699813842773,0.5794593691825867,0.42054063081741333,0.02234084382424841,0.01340161900883228,2.0794415416798357
lam1em1,正则族,43,0,8,32,256,0.5942947268486023,0.20129740238189697,0.48598310351371765,0.18036222457885742,0.43107783794403076,0.22609320282936096,0.006013751961290836,1.1524797677993774,0,0,0,0.0,0.0,32,8,8,36.93650262737969,0.01960875652730465,20.036903381347656,0.6261532306671143,0.37384676933288574,0.033369494591071226,0.012875718180695996,2.0794415416798357
scalar,对照,43,0,8,32,256,0.6379666328430176,0.1734236776828766,0.5252818465232849,0.16675138473510742,0.5421887040138245,6.055837786789198e-08,0.5421887636184692,0.5421887636184692,0,0,0,0.0,0.0,32,8,8,36.93650262737969,0.021039573475718498,19.8736572265625,0.6210517883300781,0.3789482116699219,0.03307164328606627,0.017688564800448427,2.0794415416798357
nobeta,对照,43,0,8,32,256,0.6379661560058594,0.5193672180175781,0.6361610293388367,0.505023181438446,0.0,0.0,0.0,0.0,0,0,0,0.0,0.0,32,8,8,36.93650262737969,0.00016804509505163878,19.8736572265625,0.6210517883300781,0.3789482116699219,0.033071639773130684,0.017688541007655406,2.0794415416798357
unbound,基准,43,0,8,64,256,0.5784316658973694,0.11638854444026947,0.4840375483036041,0.12379785627126694,-0.2873618006706238,0.7172918319702148,-2.9921910762786865,1.472411870956421,0,0,0,0.0,0.0,64,8,8,34.431213435757286,0.00011413826723583043,23.439077377319336,0.3662355840206146,0.6337644159793854,0.0014949498082010328,0.01731265611878699,1.3862943611198906
box33,约束族,43,0,8,64,256,0.5776615142822266,0.11506277322769165,0.4830823540687561,0.12212202697992325,-0.23824144899845123,0.6477298736572266,-2.3610451221466064,1.4538230895996094,0,0,0,0.0,0.0,64,8,8,34.431213435757286,0.00010884986841119826,24.051050186157227,0.37579765915870667,0.6242023408412933,0.002826078218123966,0.01735932330301563,1.3862943611198906
box77,约束族,43,0,8,64,256,0.5784163475036621,0.11629229784011841,0.4840209484100342,0.12377531826496124,-0.2863597571849823,0.7156801819801331,-2.9762229919433594,1.472072958946228,0,0,0,0.0,0.0,64,8,8,34.431213435757286,0.00011403836106183007,23.450313568115234,0.36641114950180054,0.6335888504981995,0.0015191695800087141,0.017313536452128717,1.3862943611198906
box33_lam1em2,约束族,43,0,8,64,256,0.5735276937484741,0.11027907580137253,0.47790440917015076,0.11363209784030914,-0.07031458616256714,0.46262067556381226,-1.1831430196762085,1.351312279701233,0,0,0,0.0,0.0,64,8,8,34.431213435757286,0.0001653764775255695,26.948328018188477,0.42106762528419495,0.578932374715805,0.007914331353663283,0.01750998244078813,1.3862943611198906
noridge,正则族,43,0,8,64,256,0.5789634585380554,0.11921102553606033,0.48464810848236084,0.12454752624034882,-0.32611796259880066,0.7880297303199768,-3.7144665718078613,1.4852683544158936,1,0,0,0.015625,0.0,64,8,8,34.431213435757286,0.00011104995792265981,23.04344940185547,0.3600538969039917,0.6399461030960083,0.0007235739372127687,0.017277198512442984,1.3862943611198906
lam1em4,正则族,43,0,8,64,256,0.5789085030555725,0.11908312141895294,0.48458725214004517,0.12447807937860489,-0.32198604941368103,0.7800479531288147,-3.63431453704834,1.483971357345581,1,0,0,0.015625,0.0,64,8,8,34.431213435757286,0.00011133505904581398,23.083162307739258,0.3606744110584259,0.6393255889415741,0.0007842156992164375,0.017280886395361024,1.3862943611198906
lam1em2,正则族,43,0,8,64,256,0.574141800403595,0.1103707104921341,0.47878021001815796,0.11452602595090866,-0.09311778843402863,0.48486262559890747,-1.2973072528839111,1.3667525053024292,0,0,0,0.0,0.0,64,8,8,34.431213435757286,0.00016974595200736076,26.48856544494629,0.41388383507728577,0.5861161649227142,0.0073993985467370234,0.01749605889831306,1.3862943611198906
lam1em1,正则族,43,0,8,64,256,0.5688017010688782,0.10077990591526031,0.4692060351371765,0.07633679360151291,0.20147541165351868,0.172614187002182,-0.10080508142709732,0.9295486211776733,0,0,0,0.0,0.0,64,8,8,34.431213435757286,0.002553323283791542,35.049102783203125,0.5476422309875488,0.45235776901245117,0.017742437442754697,0.017599624167768765,1.3862943611198906
scalar,对照,43,0,8,64,256,0.5848584771156311,0.06251109391450882,0.4862270653247833,0.0777011588215828,0.2919292747974396,3.003791704259129e-08,0.29192930459976196,0.29192930459976196,0,0,0,0.0,0.0,64,8,8,34.431213435757286,0.00725142378360033,36.233028411865234,0.5661410689353943,0.4338589310646057,0.019405151094233113,0.02180388841745561,1.3862943611198906
nobeta,对照,43,0,8,64,256,0.5848589539527893,0.2976277470588684,0.5093334317207336,0.300082266330719,0.0,0.0,0.0,0.0,0,0,0,0.0,0.0,64,8,8,34.431213435757286,0.00011413826723583043,36.2330436706543,0.5661413073539734,0.4338586926460266,0.019405151094233113,0.021803909037876226,1.3862943611198906
unbound,基准,43,0,16,8,256,0.6428324580192566,0.2651269733905792,0.5441608428955078,0.27594614028930664,-0.8473632335662842,5.334611892700195,-13.815510749816895,1.7467178106307983,1,1,1,0.125,0.125,7,8,8,74.75849561424015,0.6296768188476562,5.909722805023193,0.7387153506278992,0.26128464937210083,9.91691484544859e-08,0.30145976849449213,3.4657359027997265
box33,约束族,43,0,16,8,256,0.642243504524231,0.2656497359275818,0.5441550612449646,0.2766340970993042,0.5022104978561401,1.735145092010498,-3.0,1.7445623874664307,1,0,0,0.125,0.0,7,8,8,74.75849561424015,0.6303675174713135,5.948757648468018,0.7435947060585022,0.2564052939414978,0.004962277836974991,0.3014289818774428,3.4657359027997265
box77,约束族,43,0,16,8,256,0.6428237557411194,0.2651367783546448,0.5441641211509705,0.2759590446949005,0.0045333802700042725,3.0019619464874268,-7.0,1.7466788291931152,1,1,0,0.125,0.0,7,8,8,74.75849561424015,0.6296894550323486,5.910925388336182,0.7388656735420227,0.2611343264579773,9.043895826589776e-05,0.30146082085204545,3.4657359027997265
box33_lam1em2,约束族,43,0,16,8,256,0.6650890111923218,0.28212204575538635,0.5536333322525024,0.29107528924942017,0.5553433895111084,1.6027908325195312,-3.0,1.6595604419708252,1,0,0,0.125,0.0,7,8,8,74.75849561424015,0.6448109149932861,6.0795578956604,0.75994473695755,0.24005526304244995,0.004899306426328366,0.29550410568008795,3.4657359027997265
noridge,正则族,43,0,16,8,256,0.6417909264564514,0.25949540734291077,0.5490368008613586,0.283604234457016,-0.8714026212692261,5.340909481048584,-13.815510749816895,1.7537133693695068,1,1,1,0.125,0.125,7,8,8,74.75849561424015,0.6294583678245544,5.873495101928711,0.7341868877410889,0.26581311225891113,9.940577969502234e-08,0.3055745897001812,3.4657359027997265
lam1em4,正则族,43,0,16,8,256,0.6412020325660706,0.2600783407688141,0.5483367443084717,0.283672571182251,-0.8684744834899902,5.340154647827148,-13.815510749816895,1.7530702352523804,1,1,1,0.125,0.125,7,8,8,74.75849561424015,0.6294611692428589,5.877554893493652,0.7346943616867065,0.26530563831329346,9.938158069021138e-08,0.30501954331143494,3.4657359027997265
lam1em2,正则族,43,0,16,8,256,0.6658854484558105,0.2823847830295563,0.5542165040969849,0.29065680503845215,-0.7957067489624023,5.308640003204346,-13.815510749816895,1.6611520051956177,1,1,1,0.125,0.125,7,8,8,74.75849561424015,0.6441057324409485,6.035455226898193,0.7544319033622742,0.24556809663772583,9.793780584957306e-08,0.2957029806231987,3.4657359027997265
lam1em1,正则族,43,0,16,8,256,0.7796440720558167,0.3642139732837677,0.6234556436538696,0.3920976519584656,0.8493703603744507,0.2699856162071228,0.4969463348388672,1.2948553562164307,0,0,0,0.0,0.0,8,8,8,74.75849561424015,0.9170135855674744,6.782053470611572,0.8477566838264465,0.15224331617355347,0.1916225282073103,0.2854496959057597,3.4657359027997265
scalar,对照,43,0,16,8,256,0.8220409750938416,0.22503170371055603,0.6947062015533447,0.2634401023387909,1.2601302862167358,0.0,1.2601302862167358,1.2601302862167358,0,0,0,0.0,0.0,8,8,8,74.75849561424015,0.17793110013008118,6.659564971923828,0.8324456214904785,0.16755437850952148,0.16702747180268598,0.3068358092761114,3.4657359027997265
nobeta,对照,43,0,16,8,256,0.8220412135124207,0.7401317954063416,0.8553189635276794,0.7253018021583557,0.0,0.0,0.0,0.0,0,0,0,0.0,0.0,7,8,8,74.75849561424015,0.6296768188476562,6.659564971923828,0.8324456214904785,0.16755437850952148,0.1670274463926088,0.3068357886416496,3.4657359027997265
unbound,基准,43,0,16,16,256,0.6552329063415527,0.16476371884346008,0.5460760593414307,0.11325464397668839,-0.9067010879516602,5.083722114562988,-13.815510749816895,2.1448886394500732,2,2,2,0.125,0.125,14,16,16,351.91652554201033,0.08252456784248352,11.410484313964844,0.7131552696228027,0.28684473037719727,1.263514726368169e-07,0.14303039274641716,2.772588722239781
box33,约束族,43,0,16,16,256,0.6574347019195557,0.1661256104707718,0.5482088923454285,0.11438509076833725,0.44530153274536133,1.5025962591171265,-3.0,2.1437695026397705,2,0,0,0.125,0.0,14,16,16,351.91652554201033,0.08298899978399277,11.563257217407227,0.7227035760879517,0.27729642391204834,0.006311760527347126,0.14298097321033598,2.772588722239781
box77,约束族,43,0,16,16,256,0.6552691459655762,0.16478918492794037,0.5461104512214661,0.11327555775642395,-0.05476060509681702,2.793226957321167,-7.0,2.1448678970336914,2,2,0,0.125,0.0,14,16,16,351.91652554201033,0.08253290504217148,11.415044784545898,0.7134402990341187,0.28655970096588135,0.00011522475775047384,0.1430318990621307,2.772588722239781
box33_lam1em2,约束族,43,0,16,16,256,0.7163134813308716,0.17717944085597992,0.5514511466026306,0.12917247414588928,0.7339288592338562,0.7949939966201782,-0.9010125398635864,1.98689603805542,0,0,0,0.0,0.0,16,16,16,351.91652554201033,0.10187044739723206,12.56733512878418,0.7854584455490112,0.21454155445098877,0.05416437155826118,0.12649388345026483,2.772588722239781
noridge,正则族,43,0,16,16,256,0.6582751870155334,0.16549386084079742,0.5482475161552429,0.11062173545360565,-0.9090908765792847,5.084207534790039,-13.815510749816895,2.1629135608673096,2,2,2,0.125,0.125,14,16,16,351.91652554201033,0.0817880779504776,11.372003555297852,0.7107502222061157,0.2892497777938843,1.2584714437489617e-07,0.14351336295999365,2.772588722239781
lam1em4,正则族,43,0,16,16,256,0.6579480767250061,0.16542154550552368,0.5480170249938965,0.11089111119508743,-0.908794105052948,5.084167003631592,-13.815510749816895,2.1611034870147705,2,2,2,0.125,0.125,14,16,16,351.91652554201033,0.0818493664264679,11.376274108886719,0.7110171318054199,0.2889828681945801,1.2590265674005434e-07,0.1434564737487303,2.772588722239781
lam1em2,正则族,43,0,16,16,256,0.7163391709327698,0.17723920941352844,0.5512645840644836,0.1290966272354126,0.7336419224739075,0.795264720916748,-0.9017220139503479,1.9870332479476929,0,0,0,0.0,0.0,16,16,16,351.91652554201033,0.1018674448132515,12.564665794372559,0.7852916121482849,0.2147083878517151,0.05411682324154731,0.12653073659909195,2.772588722239781
lam1em1,正则族,43,0,16,16,256,0.8367637991905212,0.2505480647087097,0.7008723616600037,0.21903099119663239,0.7136666178703308,0.32127252221107483,0.05971597507596016,1.3146857023239136,0,0,0,0.0,0.0,16,16,16,351.91652554201033,0.3005251884460449,13.244964599609375,0.8278102874755859,0.17218971252441406,0.1497314865091856,0.10775649213816885,2.772588722239781
scalar,对照,43,0,16,16,256,1.0014234781265259,0.15123334527015686,0.7574806809425354,0.17217335104942322,0.8866586685180664,0.0,0.8866586685180664,0.8866586685180664,0,0,0,0.0,0.0,16,16,16,351.91652554201033,0.07549238204956055,12.695170402526855,0.7934481501579285,0.20655184984207153,0.11970441093573844,0.1389919190494965,2.772588722239781
nobeta,对照,43,0,16,16,256,1.00142502784729,0.6245356798171997,0.7972190380096436,0.6194539666175842,0.0,0.0,0.0,0.0,0,0,0,0.0,0.0,14,16,16,351.91652554201033,0.08252456784248352,12.69516658782959,0.7934479117393494,0.20655208826065063,0.11970442499347343,0.13899188809780375,2.772588722239781
unbound,基准,43,0,16,32,256,0.6447470188140869,0.08329383283853531,0.5170462727546692,0.04927946254611015,0.45160239934921265,0.7573364973068237,-1.6633398532867432,1.4746731519699097,0,0,0,0.0,0.0,32,16,16,70.7530763903599,0.0018608563113957644,22.72055435180664,0.7100173234939575,0.2899826765060425,0.011563408595977027,0.027888078720301974,2.0794415416798357
box33,约束族,43,0,16,32,256,0.6438413858413696,0.08325786143541336,0.5163448452949524,0.0488644577562809,0.4597950875759125,0.7408676147460938,-1.6376023292541504,1.4740278720855713,0,0,0,0.0,0.0,32,16,16,70.7530763903599,0.0018336896318942308,22.8056583404541,0.7126768231391907,0.2873231768608093,0.013270316273390976,0.027680465082606513,2.0794415416798357
box77,约束族,43,0,16,32,256,0.6447305679321289,0.08329270780086517,0.5170329809188843,0.049272019416093826,0.45175880193710327,0.7570140361785889,-1.6628586053848267,1.47465980052948,0,0,0,0.0,0.0,32,16,16,70.7530763903599,0.0018603671342134476,22.722137451171875,0.7100667953491211,0.2899332046508789,0.011594649692574175,0.0278843103517104,2.0794415416798357
box33_lam1em2,约束族,43,0,16,32,256,0.6319799423217773,0.0901649221777916,0.508406400680542,0.06099126860499382,0.5248366594314575,0.563300371170044,-1.2185609340667725,1.3491034507751465,0,0,0,0.0,0.0,32,16,16,70.7530763903599,0.005185805726796389,23.691822052001953,0.740369439125061,0.25963056087493896,0.03554610939181151,0.025616936361829604,2.0794415416798357
noridge,正则族,43,0,16,32,256,0.6465910077095032,0.08980036526918411,0.5205112099647522,0.046743933111429214,0.4325101375579834,0.8081711530685425,-1.947843074798584,1.4903959035873413,0,0,0,0.0,0.0,32,16,16,70.7530763903599,0.0016332664526998997,22.55565071105957,0.7048640847206116,0.2951359152793884,0.008060239549729278,0.028228926498721472,2.0794415416798357
lam1em4,正则族,43,0,16,32,256,0.6465224027633667,0.08913920074701309,0.5201652646064758,0.04699993506073952,0.43471550941467285,0.8021653294563293,-1.9041187763214111,1.488808274269104,0,0,0,0.0,0.0,32,16,16,70.7530763903599,0.0016542846569791436,22.57298469543457,0.7054057717323303,0.2945942282676697,0.008421048792779268,0.02819373442407161,2.0794415416798357
lam1em2,正则族,43,0,16,32,256,0.6323466897010803,0.09091346710920334,0.5086889266967773,0.06061726436018944,0.5225355625152588,0.566484808921814,-1.22708261013031,1.349474310874939,0,0,0,0.0,0.0,32,16,16,70.7530763903599,0.005205458961427212,23.65340232849121,0.7391688227653503,0.26083117723464966,0.034670013930195934,0.0257181664522564,2.0794415416798357
lam1em1,正则族,43,0,16,32,256,0.5806573033332825,0.12019816040992737,0.45853865146636963,0.09967054426670074,0.5063496828079224,0.2902582287788391,-0.36036670207977295,1.0067803859710693,0,0,0,0.0,0.0,32,16,16,70.7530763903599,0.05691281333565712,24.054214477539062,0.7516942024230957,0.2483057975769043,0.06346667539007433,0.023530591084884946,2.0794415416798357
scalar,对照,43,0,16,32,256,0.5764976143836975,0.08148113638162613,0.47622647881507874,0.11517901718616486,0.5771545767784119,6.055837786789198e-08,0.5771545171737671,0.5771545171737671,0,0,0,0.0,0.0,32,16,16,70.7530763903599,0.025936760008335114,23.23139190673828,0.7259809970855713,0.2740190029144287,0.05523394541997505,0.03302938444345891,2.0794415416798357
nobeta,对照,43,0,16,32,256,0.5764967203140259,0.47043466567993164,0.5401090383529663,0.46841713786125183,0.0,0.0,0.0,0.0,0,0,0,0.0,0.0,32,16,16,70.7530763903599,0.0018608563113957644,23.23139190673828,0.7259809970855713,0.2740190029144287,0.05523394541997505,0.033029399919305286,2.0794415416798357
unbound,基准,43,0,16,64,256,0.5837071537971497,0.08363635092973709,0.46281301975250244,0.02984645776450634,-0.18692776560783386,1.860819935798645,-13.815510749816895,1.1618409156799316,2,1,1,0.03125,0.015625,63,16,16,58.03726502158769,0.00036496127722784877,34.87930679321289,0.5449891686439514,0.4550108313560486,3.33648809389869e-08,0.029417404438087973,1.3862943611198906
box33,约束族,43,0,16,64,256,0.5813298225402832,0.08125690370798111,0.45903095602989197,0.029401948675513268,0.011410307139158249,0.7158219814300537,-3.0,1.1492770910263062,1,0,0,0.015625,0.0,63,16,16,58.03726502158769,0.0003505784261506051,35.37201690673828,0.5526877641677856,0.44731223583221436,0.0016660943895916238,0.029167982801418628,1.3862943611198906
box77,约束族,43,0,16,64,256,0.5836650729179382,0.08359277248382568,0.4627417325973511,0.029838429763913155,-0.0797630026936531,1.1121501922607422,-7.0,1.161611795425415,2,1,0,0.03125,0.0,63,16,16,58.03726502158769,0.00036469445331022143,34.88896942138672,0.5451401472091675,0.4548598527908325,3.0426490541094442e-05,0.029412772001407295,1.3862943611198906
box33_lam1em2,约束族,43,0,16,64,256,0.564953625202179,0.07547216862440109,0.4418659210205078,0.031697988510131836,0.12490365654230118,0.5011294484138489,-1.9287614822387695,1.0641839504241943,0,0,0,0.0,0.0,64,16,16,58.03726502158769,0.0005001900717616081,37.716182708740234,0.5893153548240662,0.41068464517593384,0.00492774627975231,0.0278228918760755,1.3862943611198906
noridge,正则族,43,0,16,64,256,0.5859094858169556,0.08470343798398972,0.4663683772087097,0.02931494079530239,-0.36100634932518005,2.4936208724975586,-13.815510749816895,1.173001766204834,2,2,2,0.03125,0.03125,62,16,16,58.03726502158769,0.0003610309213399887,34.533775329589844,0.5395902395248413,0.4604097604751587,3.330228946094663e-08,0.02961541015449417,1.3862943611198906
lam1em4,正则族,43,0,16,64,256,0.5856831669807434,0.08462535589933395,0.46599674224853516,0.029364939779043198,-0.2758508324623108,2.091792106628418,-13.815510749816895,1.1718679666519165,2,2,1,0.03125,0.015625,63,16,16,58.03726502158769,0.00036122906021773815,34.5648307800293,0.5400754809379578,0.45992451906204224,3.330764260945107e-08,0.029594321734504627,1.3862943611198906
lam1em2,正则族,43,0,16,64,256,0.5664188265800476,0.07584444433450699,0.44276517629623413,0.031002968549728394,0.10936105996370316,0.5339335203170776,-2.2473134994506836,1.073871374130249,0,0,0,0.0,0.0,64,16,16,58.03726502158769,0.0005105356103740633,37.392154693603516,0.5842524170875549,0.41574758291244507,0.0035757366578837305,0.027984913670359133,1.3862943611198906
lam1em1,正则族,43,0,16,64,256,0.5174587368965149,0.06313510984182358,0.4226105213165283,0.04833385348320007,0.26755014061927795,0.2081000655889511,-0.46566668152809143,0.7718510627746582,0,0,0,0.0,0.0,64,16,16,58.03726502158769,0.006785596255213022,42.58278274536133,0.6653559803962708,0.33464401960372925,0.029175132747673773,0.025228167625119296,1.3862943611198906
scalar,对照,43,0,16,64,256,0.5122858881950378,0.058999743312597275,0.41340139508247375,0.061908021569252014,0.31231990456581116,0.0,0.31231990456581116,0.31231990456581116,0,0,0,0.0,0.0,64,16,16,58.03726502158769,0.008939866907894611,42.10141372680664,0.6578345894813538,0.34216541051864624,0.027067614276578958,0.02904030964815759,1.3862943611198906
nobeta,对照,43,0,16,64,256,0.5122867822647095,0.2839205861091614,0.44279199838638306,0.28604137897491455,0.0,0.0,0.0,0.0,0,0,0,0.0,0.0,63,16,16,58.03726502158769,0.00036496127722784877,42.10141372680664,0.6578345894813538,0.34216541051864624,0.027067609238301468,0.029040276117157118,1.3862943611198906
unbound,基准,43,0,32,8,256,0.524715781211853,0.2371094971895218,0.4444847106933594,0.269293874502182,1.1376559734344482,0.7061828374862671,0.06812728941440582,2.3172712326049805,0,0,0,0.0,0.0,8,8,8,21.502331525444635,1.437340259552002,6.595028877258301,0.8243786096572876,0.1756213903427124,0.11362982872456606,0.3421323084218348,3.4657359027997265
box33,约束族,43,0,32,8,256,0.5247161388397217,0.23711764812469482,0.44448500871658325,0.2692953646183014,1.137656807899475,0.7061845064163208,0.06813742220401764,2.3172733783721924,0,0,0,0.0,0.0,8,8,8,21.502331525444635,1.4373399019241333,6.595032691955566,0.8243790864944458,0.1756209135055542,0.11363079462030752,0.3421323407787403,3.4657359027997265
box77,约束族,43,0,32,8,256,0.5247156620025635,0.23710963129997253,0.44448474049568176,0.2692938446998596,1.1376559734344482,0.7061828970909119,0.06812717765569687,2.3172712326049805,0,0,0,0.0,0.0,8,8,8,21.502331525444635,1.4373400211334229,6.595028877258301,0.8243786096572876,0.1756213903427124,0.1136298298509518,0.3421323084218348,3.4657359027997265
box33_lam1em2,约束族,43,0,32,8,256,0.5262706875801086,0.22178736329078674,0.44036269187927246,0.279052197933197,1.1288763284683228,0.612866997718811,0.14087523519992828,2.1319704055786133,0,0,0,0.0,0.0,8,8,8,21.502331525444635,1.4748868942260742,6.743068695068359,0.8428835868835449,0.15711641311645508,0.14347937106688047,0.34068585767668136,3.4657359027997265
noridge,正则族,43,0,32,8,256,0.5247896909713745,0.24426394701004028,0.44533970952033997,0.2731994390487671,1.1367909908294678,0.7202713489532471,0.06342573463916779,2.3429083824157715,0,0,0,0.0,0.0,8,8,8,21.502331525444635,1.4366298913955688,6.56223726272583,0.8202796578407288,0.17972034215927124,0.11063219283456024,0.34252534775255933,3.4657359027997265
lam1em4,正则族,43,0,32,8,256,0.5247775316238403,0.24463799595832825,0.44524869322776794,0.2727935016155243,1.1369130611419678,0.7188005447387695,0.0638364851474762,2.340284824371338,0,0,0,0.0,0.0,8,8,8,21.502331525444635,1.4366443157196045,6.565781116485596,0.8207226395606995,0.17927736043930054,0.11092726908376711,0.3424826366373411,3.4657359027997265
lam1em2,正则族,43,0,32,8,256,0.5262706875801086,0.2217871993780136,0.4403626024723053,0.27905213832855225,1.1288762092590332,0.6128670573234558,0.1408747136592865,2.1319704055786133,0,0,0,0.0,0.0,8,8,8,21.502331525444635,1.4748868942260742,6.743069171905518,0.8428836464881897,0.1571163535118103,0.1434792852845571,0.34068585767668136,3.4657359027997265
lam1em1,正则族,43,0,32,8,256,0.5263985395431519,0.27477678656578064,0.47210967540740967,0.2991851568222046,0.9747118949890137,0.30773812532424927,0.5778721570968628,1.447153091430664,0,0,0,0.0,0.0,8,8,8,21.502331525444635,1.9559364318847656,6.699552536010742,0.8374440670013428,0.16255593299865723,0.1536435714144659,0.3485024447583023,3.4657359027997265
scalar,对照,43,0,32,8,256,0.581875741481781,0.19165335595607758,0.4731055200099945,0.36321109533309937,1.354630708694458,1.2744008870413381e-07,1.3546308279037476,1.3546308279037476,0,0,0,0.0,0.0,8,8,8,21.502331525444635,0.18067330121994019,6.526211261749268,0.8157764077186584,0.18422359228134155,0.13094701896041358,0.3714979474072943,3.4657359027997265
nobeta,对照,43,0,32,8,256,0.5818758010864258,0.7324249148368835,0.7623041868209839,0.7261085510253906,0.0,0.0,0.0,0.0,0,0,0,0.0,0.0,8,8,8,21.502331525444635,1.437340259552002,6.526212215423584,0.815776526927948,0.184223473072052,0.13094700819850674,0.3714979474072943,3.4657359027997265
unbound,基准,43,0,32,16,256,0.45050325989723206,0.16483864188194275,0.35230860114097595,0.10911467671394348,-0.02105989307165146,3.757575750350952,-13.815510749816895,2.2867658138275146,1,1,1,0.0625,0.0625,15,16,16,56.90060491818034,0.2400568127632141,12.121862411499023,0.757616400718689,0.24238359928131104,1.3825705462609973e-07,0.20733078697427246,2.772588722239781
box33,约束族,43,0,32,16,256,0.45049628615379333,0.16348505020141602,0.3509548008441925,0.10962375998497009,0.6526349186897278,1.2415739297866821,-3.0,2.285342216491699,1,0,0,0.0625,0.0,15,16,16,56.90060491818034,0.24046990275382996,12.175548553466797,0.7609717845916748,0.2390282154083252,0.0068913424395527344,0.20734452248064378,2.772588722239781
box77,约束族,43,0,32,16,256,0.4505048394203186,0.1648135483264923,0.3523091673851013,0.1091066226363182,0.40486860275268555,2.1182825565338135,-7.0,2.286740779876709,1,1,0,0.0625,0.0,15,16,16,56.90060491818034,0.24006420373916626,12.123671531677246,0.7577294707298279,0.24227052927017212,0.00012607662963556266,0.20733287399467518,2.772588722239781
box33_lam1em2,约束族,43,0,32,16,256,0.449261337518692,0.1660993993282318,0.3455454707145691,0.1335887461900711,0.7400656938552856,0.9804177284240723,-1.9460484981536865,2.0841548442840576,0,0,0,0.0,0.0,16,16,16,56.90060491818034,0.2678590416908264,12.692984580993652,0.7933115363121033,0.20668846368789673,0.020666797777626655,0.20603201314567673,2.772588722239781
noridge,正则族,43,0,32,16,256,0.4507347047328949,0.16589990258216858,0.3529123365879059,0.12005633860826492,-0.02634456753730774,3.7592239379882812,-13.815510749816895,2.312788724899292,1,1,1,0.0625,0.0625,15,16,16,56.90060491818034,0.23871645331382751,12.041114807128906,0.7525696754455566,0.24743032455444336,1.349362409472946e-07,0.2075217574303469,2.772588722239781
lam1em4,正则族,43,0,32,16,256,0.45070528984069824,0.16579270362854004,0.3528516888618469,0.11850696802139282,-0.02578064799308777,3.7590577602386475,-13.815510749816895,2.310143232345581,1,1,1,0.0625,0.0625,15,16,16,56.90060491818034,0.2388250231742859,12.049607276916504,0.7531004548072815,0.2468995451927185,1.3527014886564557e-07,0.2075012269738272,2.772588722239781
lam1em2,正则族,43,0,32,16,256,0.44926050305366516,0.16609077155590057,0.34554341435432434,0.13357968628406525,0.740094780921936,0.9803058505058289,-1.9453998804092407,2.084141492843628,0,0,0,0.0,0.0,16,16,16,56.90060491818034,0.2678617238998413,12.692984580993652,0.7933115363121033,0.20668846368789673,0.020679713077204728,0.20603075122636347,2.772588722239781
lam1em1,正则族,43,0,32,16,256,0.4581272304058075,0.19332876801490784,0.38911667466163635,0.17855095863342285,0.7968664765357971,0.38021522760391235,0.14192235469818115,1.3057920932769775,0,0,0,0.0,0.0,16,16,16,56.90060491818034,0.5775178670883179,13.418877601623535,0.838679850101471,0.16132014989852905,0.17356575746830838,0.2060344560920396,2.772588722239781
scalar,对照,43,0,32,16,256,0.5235852599143982,0.13103744387626648,0.4537757337093353,0.21006058156490326,0.951261043548584,0.0,0.951261043548584,0.951261043548584,0,0,0,0.0,0.0,16,16,16,56.90060491818034,0.06551030278205872,12.737728118896484,0.7961080074310303,0.20389199256896973,0.11492584751556735,0.23363622308970072,2.772588722239781
nobeta,对照,43,0,32,16,256,0.5235850811004639,0.6298004984855652,0.6379775404930115,0.623796820640564,0.0,0.0,0.0,0.0,0,0,0,0.0,0.0,15,16,16,56.90060491818034,0.2400568127632141,12.737728118896484,0.7961080074310303,0.20389199256896973,0.11492585442318996,0.23363627162505893,2.772588722239781
unbound,基准,43,0,32,32,256,0.4206351935863495,0.09699290245771408,0.3664637506008148,0.02770235948264599,0.12961140275001526,2.6509766578674316,-13.815510749816895,1.574385404586792,1,1,1,0.03125,0.03125,31,32,32,1617.3597979381625,0.017028028145432472,25.030914306640625,0.7822160720825195,0.21778392791748047,8.773610657465453e-08,0.09791434182299548,2.0794415416798357
box33,约束族,43,0,32,32,256,0.4207197427749634,0.09743668138980865,0.3661402463912964,0.02746197208762169,0.4677234888076782,0.9766334295272827,-3.0,1.5753271579742432,1,0,0,0.03125,0.0,31,32,32,1617.3597979381625,0.016971075907349586,25.09762191772461,0.784300684928894,0.21569931507110596,0.004370673027459888,0.09776374469571922,2.0794415416798357
box77,约束族,43,0,32,32,256,0.4206376373767853,0.09700064361095428,0.3664585053920746,0.027715256437659264,0.3425998091697693,1.5321497917175293,-7.0,1.5744036436080933,1,1,0,0.03125,0.0,31,32,32,1617.3597979381625,0.017026985064148903,25.032859802246094,0.7822768688201904,0.21772313117980957,8.000573603777527e-05,0.09791186651972714,2.0794415416798357
box33_lam1em2,约束族,43,0,32,32,256,0.40181028842926025,0.09503796696662903,0.3458511531352997,0.03253054618835449,0.5512824654579163,0.7004989981651306,-1.534639835357666,1.4677801132202148,0,0,0,0.0,0.0,32,32,32,1617.3597979381625,0.024134354665875435,25.72125816345215,0.8037893176078796,0.19621068239212036,0.033857638169904204,0.08357367233791486,2.0794415416798357
noridge,正则族,43,0,32,32,256,0.42382535338401794,0.10107386112213135,0.3698696196079254,0.02638893388211727,0.12504073977470398,2.6543054580688477,-13.815510749816895,1.5873408317565918,1,1,1,0.03125,0.03125,31,32,32,1617.3597979381625,0.016564490273594856,24.956050872802734,0.7798765897750854,0.22012341022491455,8.815218576040921e-08,0.10011296928189349,2.0794415416798357
lam1em4,正则族,43,0,32,32,256,0.42349058389663696,0.10065653920173645,0.3695165812969208,0.02627679333090782,0.12553490698337555,2.6539556980133057,-13.815510749816895,1.5860271453857422,1,1,1,0.03125,0.03125,31,32,32,1617.3597979381625,0.016607709228992462,24.96394920349121,0.7801234126091003,0.21987658739089966,8.810871124774473e-08,0.09988541934418704,2.0794415416798357
lam1em2,正则族,43,0,32,32,256,0.40175721049308777,0.09526010602712631,0.34595900774002075,0.03261938318610191,0.5504311323165894,0.7013739943504333,-1.5355414152145386,1.4671330451965332,0,0,0,0.0,0.0,32,32,32,1617.3597979381625,0.024177812039852142,25.709909439086914,0.8034346699714661,0.19656533002853394,0.03323079025111722,0.08362499038998772,2.0794415416798357
lam1em1,正则族,43,0,32,32,256,0.37580206990242004,0.06314215809106827,0.31997552514076233,0.0790034681558609,0.5580317974090576,0.33910053968429565,-0.5573420524597168,0.995276689529419,0,0,0,0.0,0.0,32,32,32,1617.3597979381625,0.12003083527088165,25.88062858581543,0.8087696433067322,0.19123035669326782,0.06620478293438804,0.06579002588033835,2.0794415416798357
scalar,对照,43,0,32,32,256,0.40740451216697693,0.07624842971563339,0.3355121314525604,0.1328684538602829,0.604846715927124,0.0,0.604846715927124,0.604846715927124,0,0,0,0.0,0.0,32,32,32,1617.3597979381625,0.028338568285107613,24.168750762939453,0.7552734613418579,0.2447265386581421,0.04893325491341061,0.08384546225462297,2.0794415416798357
nobeta,对照,43,0,32,32,256,0.4074041545391083,0.45527002215385437,0.4305948317050934,0.4492059350013733,0.0,0.0,0.0,0.0,0,0,0,0.0,0.0,31,32,32,1617.3597979381625,0.017028028145432472,24.168750762939453,0.7552734613418579,0.2447265386581421,0.048933244798017445,0.08384544607617024,2.0794415416798357
unbound,基准,43,0,32,64,256,0.36082231998443604,0.06506499648094177,0.30307361483573914,0.010809987783432007,0.17957717180252075,0.5399097204208374,-1.4898271560668945,1.1544677019119263,0,0,0,0.0,0.0,64,32,32,129.037810955905,0.0050173792988061905,41.94651412963867,0.6554142832756042,0.34458571672439575,0.022540913769519673,0.05305422250497123,1.3862943611198906
box33,约束族,43,0,32,64,256,0.3599373698234558,0.06565476208925247,0.30265411734580994,0.01070812251418829,0.18894712626934052,0.5306212902069092,-1.522518515586853,1.1478351354599,0,0,0,0.0,0.0,64,32,32,129.037810955905,0.0049257464706897736,42.19756317138672,0.6593369245529175,0.3406630754470825,0.02437369348104683,0.0526581335359063,1.3862943611198906
box77,约束族,43,0,32,64,256,0.36080458760261536,0.06507589668035507,0.30306538939476013,0.010808165185153484,0.17975276708602905,0.53972989320755,-1.4904195070266724,1.1543469429016113,0,0,0,0.0,0.0,64,32,32,129.037810955905,0.005015685223042965,41.951133728027344,0.6554864645004272,0.34451353549957275,0.022574458189522823,0.053046938156627664,1.3862943611198906
box33_lam1em2,约束族,43,0,32,64,256,0.35570085048675537,0.06384173035621643,0.292408287525177,0.015122970566153526,0.23792874813079834,0.4500657320022583,-1.3765381574630737,1.0694273710250854,0,0,0,0.0,0.0,64,32,32,129.037810955905,0.005547265522181988,43.641929626464844,0.6819051504135132,0.3180948495864868,0.033505826333588735,0.04942275037966922,1.3862943611198906
noridge,正则族,43,0,32,64,256,0.3614823520183563,0.06456680595874786,0.3041718900203705,0.010825813747942448,0.17124761641025543,0.5531299114227295,-1.5038707256317139,1.164332628250122,0,0,0,0.0,0.0,64,32,32,129.037810955905,0.004986532032489777,41.72991943359375,0.6520299911499023,0.34797000885009766,0.021204728046830438,0.05352795186870757,1.3862943611198906
lam1em4,正则族,43,0,32,64,256,0.36141514778137207,0.06457330286502838,0.3040810823440552,0.010824278928339481,0.17211121320724487,0.551758348941803,-1.5024923086166382,1.1633352041244507,0,0,0,0.0,0.0,64,32,32,129.037810955905,0.004989253357052803,41.75212097167969,0.6523768901824951,0.3476231098175049,0.02134099092709039,0.053479509536608204,1.3862943611198906
lam1em2,正则族,43,0,32,64,256,0.3562321066856384,0.06339683383703232,0.29270341992378235,0.015187712386250496,0.2326751947402954,0.4541076719760895,-1.3566721677780151,1.0744431018829346,0,0,0,0.0,0.0,64,32,32,129.037810955905,0.005612666718661785,43.477787017822266,0.6793404221534729,0.3206595778465271,0.03223410823477045,0.04966476789873323,1.3862943611198906
lam1em1,正则族,43,0,32,64,256,0.3183942437171936,0.048326171934604645,0.27424970269203186,0.035184748470783234,0.3000743091106415,0.23301970958709717,-0.5193364024162292,0.7291288375854492,0,0,0,0.0,0.0,64,32,32,129.037810955905,0.021416600793600082,46.018428802490234,0.7190379500389099,0.2809620499610901,0.04070263778690083,0.041589899908437256,1.3862943611198906
scalar,对照,43,0,32,64,256,0.3131983280181885,0.05661993846297264,0.27437856793403625,0.0707726776599884,0.32449105381965637,0.0,0.32449105381965637,0.32449105381965637,0,0,0,0.0,0.0,64,32,32,129.037810955905,0.0094632962718606,44.21936798095703,0.6909276247024536,0.3090723752975464,0.0278527423711454,0.04397705487704685,1.3862943611198906
nobeta,对照,43,0,32,64,256,0.313198059797287,0.28114384412765503,0.3029645085334778,0.2745533585548401,0.0,0.0,0.0,0.0,0,0,0,0.0,0.0,64,32,32,129.037810955905,0.0050173792988061905,44.21936798095703,0.6909276247024536,0.3090723752975464,0.0278527423711454,0.0439770184755282,1.3862943611198906
unbound,基准,43,1,8,8,256,0.7819978594779968,0.3620869815349579,0.6710000038146973,0.2864682078361511,-0.5375446081161499,5.393471717834473,-13.815510749816895,1.8855669498443604,1,1,1,0.125,0.125,7,8,8,26.208421248951122,1.2406792640686035,6.414129734039307,0.8017662167549133,0.19823378324508667,1.2234607935128087e-07,0.1782636563652901,3.4657359027997265
box33,约束族,43,1,8,8,256,0.7817979454994202,0.36118951439857483,0.6709862351417542,0.2867306172847748,0.8144110441207886,1.6355385780334473,-3.0,1.8816009759902954,1,0,0,0.125,0.0,7,8,8,26.208421248951122,1.2482255697250366,6.466217517852783,0.8082771897315979,0.1917228102684021,0.006111378477774237,0.17791041991904938,3.4657359027997265
box77,约束族,43,1,8,8,256,0.7819948792457581,0.3620707094669342,0.6709933876991272,0.2864729166030884,0.314394474029541,3.0066258907318115,-7.0,1.8854951858520508,1,1,0,0.125,0.0,7,8,8,26.208421248951122,1.2408175468444824,6.415653705596924,0.8019567131996155,0.19804328680038452,0.00011157177974037118,0.1782629663710828,3.4657359027997265
box33_lam1em2,约束族,43,1,8,8,256,0.7902457118034363,0.35933125019073486,0.6701331734657288,0.2997685670852661,0.83799147605896,1.6091638803482056,-3.0,1.788844347000122,1,0,0,0.125,0.0,7,8,8,26.208421248951122,1.265243649482727,6.604650974273682,0.8255813717842102,0.1744186282157898,0.006379959325428826,0.17446073299783393,3.4657359027997265
noridge,正则族,43,1,8,8,256,0.7816362977027893,0.3674233555793762,0.6697891354560852,0.2846398949623108,-0.5424960851669312,5.393575191497803,-13.815510749816895,1.8982399702072144,1,1,1,0.125,0.125,7,8,8,26.208421248951122,1.2404173612594604,6.389915466308594,0.7987394332885742,0.20126056671142578,1.2095616783372176e-07,0.17887635092742118,3.4657359027997265
lam1em4,正则族,43,1,8,8,256,0.7816742658615112,0.36687636375427246,0.6699487566947937,0.2848268449306488,-0.5419671535491943,5.3935651779174805,-13.815510749816895,1.8969467878341675,1,1,1,0.125,0.125,7,8,8,26.208421248951122,1.2404197454452515,6.392452716827393,0.7990565896034241,0.20094341039657593,1.2109724374662608e-07,0.17881114647483176,3.4657359027997265
lam1em2,正则族,43,1,8,8,256,0.7900658249855042,0.3591328561306,0.6701258420944214,0.29960909485816956,-0.5132870674133301,5.3923139572143555,-13.815510749816895,1.792407751083374,1,1,1,0.125,0.125,7,8,8,26.208421248951122,1.257967233657837,6.5540361404418945,0.8192545175552368,0.18074548244476318,1.2829682622504366e-07,0.17476286928484025,3.4657359027997265
lam1em1,正则族,43,1,8,8,256,0.8746646046638489,0.27673912048339844,0.7288342714309692,0.30531057715415955,1.2514268159866333,0.2129560261964798,0.8453406095504761,1.5607305765151978,0,0,0,0.0,0.0,8,8,8,26.208421248951122,1.8413714170455933,7.506372451782227,0.9382965564727783,0.06170344352722168,0.2818975491652043,0.04028968260183917,3.4657359027997265
scalar,对照,43,1,8,8,256,0.8738343119621277,0.32135993242263794,0.7311543226242065,0.27778342366218567,1.4108573198318481,1.2744008870413381e-07,1.4108574390411377,1.4108574390411377,0,0,0,0.0,0.0,8,8,8,26.208421248951122,0.08270363509654999,7.692873954772949,0.9616092443466187,0.03839075565338135,0.38077626539819015,0.027403568946322433,3.4657359027997265
nobeta,对照,43,1,8,8,256,0.8738342523574829,0.7989622354507446,0.8627508878707886,0.8017609715461731,0.0,0.0,0.0,0.0,0,0,0,0.0,0.0,7,8,8,26.208421248951122,1.2406792640686035,7.692873954772949,0.9616092443466187,0.03839075565338135,0.3807762570173666,0.027403685636519255,3.4657359027997265
unbound,基准,43,1,8,16,256,0.7335365414619446,0.20569615066051483,0.5738520622253418,0.17997606098651886,0.6927220225334167,0.742544949054718,-0.8758746981620789,1.7873388528823853,0,0,0,0.0,0.0,16,8,8,7.986533212235816,4.909814379061572e-05,12.367892265319824,0.772993266582489,0.227006733417511,0.04552225063487519,0.015243997628768834,2.772588722239781
box33,约束族,43,1,8,16,256,0.7336889505386353,0.20599916577339172,0.5737212896347046,0.1787358969449997,0.6969424486160278,0.7341580986976624,-0.8496877551078796,1.7866439819335938,0,0,0,0.0,0.0,16,8,8,7.986533212235816,4.910371353616938e-05,12.390828132629395,0.7744267582893372,0.22557324171066284,0.046831522377542976,0.015237355166151911,2.772588722239781
box77,约束族,43,1,8,16,256,0.7335395216941833,0.20570144057273865,0.5738490223884583,0.1799529492855072,0.6928003430366516,0.7423888444900513,-0.8753876686096191,1.7873258590698242,0,0,0,0.0,0.0,16,8,8,7.986533212235816,4.9102232878794894e-05,12.368314743041992,0.7730196714401245,0.2269803285598755,0.04554623852025163,0.015243875865085193,2.772588722239781
box33_lam1em2,约束族,43,1,8,16,256,0.7359233498573303,0.20246702432632446,0.5855556726455688,0.16543066501617432,0.7573575377464294,0.6080284118652344,-0.4204137921333313,1.737060785293579,0,0,0,0.0,0.0,16,8,8,7.986533212235816,0.004495169967412949,12.80163288116455,0.8001020550727844,0.19989794492721558,0.07422708743490392,0.015056632492195503,2.772588722239781
noridge,正则族,43,1,8,16,256,0.7307295203208923,0.19656676054000854,0.574675977230072,0.18628880381584167,0.6633356213569641,0.8053102493286133,-1.0556433200836182,1.7955830097198486,0,0,0,0.0,0.0,16,8,8,7.986533212235816,1.3073986337985843e-12,12.221532821655273,0.7638458013534546,0.2361541986465454,0.03759045303568335,0.015287512925209813,2.772588722239781
lam1em4,正则族,43,1,8,16,256,0.7317269444465637,0.19847621023654938,0.5745829343795776,0.18556715548038483,0.6669975519180298,0.797339141368866,-1.0337159633636475,1.7946970462799072,0,0,0,0.0,0.0,16,8,8,7.986533212235816,4.965191919836798e-07,12.238417625427246,0.7649011015892029,0.23509889841079712,0.03847448967904314,0.01528297215450739,2.772588722239781
lam1em2,正则族,43,1,8,16,256,0.7358964085578918,0.2023690789937973,0.5855580568313599,0.16519099473953247,0.7571130990982056,0.6084023118019104,-0.4221603274345398,1.7371366024017334,0,0,0,0.0,0.0,16,8,8,7.986533212235816,0.004495131783187389,12.7997465133667,0.7999841570854187,0.2000158429145813,0.0740804045337638,0.015057338975234959,2.772588722239781
lam1em1,正则族,43,1,8,16,256,0.7234842777252197,0.17539002001285553,0.5715481042861938,0.1791277974843979,0.7765657901763916,0.45155805349349976,-0.04372499883174896,1.502619981765747,0,0,0,0.0,0.0,16,8,8,7.986533212235816,0.2246408462524414,13.181429862976074,0.8238393664360046,0.17616063356399536,0.10441934780276953,0.014494652504300628,2.772588722239781
scalar,对照,43,1,8,16,256,0.6545805931091309,0.1637161672115326,0.5603710412979126,0.1780051290988922,0.9643703103065491,6.155941179031288e-08,0.9643703699111938,0.9643703699111938,0,0,0,0.0,0.0,16,8,8,7.986533212235816,0.03747602924704552,14.903218269348145,0.931451141834259,0.06854885816574097,0.2747821248592174,0.011460849444558878,2.772588722239781
nobeta,对照,43,1,8,16,256,0.6545795202255249,0.6262660026550293,0.6925321817398071,0.6519046425819397,0.0,0.0,0.0,0.0,0,0,0,0.0,0.0,16,8,8,7.986533212235816,4.909814379061572e-05,14.903218269348145,0.931451141834259,0.06854885816574097,0.2747821248592174,0.011460838029213537,2.772588722239781
unbound,基准,43,1,8,32,256,0.6532784700393677,0.1515585482120514,0.5564412474632263,0.1507694274187088,0.28507962822914124,0.5765665769577026,-1.1491512060165405,1.377170205116272,0,0,0,0.0,0.0,32,8,8,7.423896530709381,3.7461600186361466e-06,21.643653869628906,0.6763641834259033,0.3236358165740967,0.017995343727162133,0.019968172342931037,2.0794415416798357
box33,约束族,43,1,8,32,256,0.6534289121627808,0.15246382355690002,0.556643545627594,0.14925417304039001,0.2977246642112732,0.5584926009178162,-1.0837210416793823,1.3721834421157837,0,0,0,0.0,0.0,32,8,8,7.423896530709381,3.7480272112588864e-06,21.82001304626465,0.6818754076957703,0.31812459230422974,0.019375956916623763,0.019994923570552485,2.0794415416798357
box77,约束族,43,1,8,32,256,0.6532812118530273,0.15157543122768402,0.5564451813697815,0.15074191987514496,0.28531718254089355,0.5762232542037964,-1.1479042768478394,1.3770791292190552,0,0,0,0.0,0.0,32,8,8,7.423896530709381,3.74667229152692e-06,21.646888732910156,0.6764652729034424,0.3235347270965576,0.01802057710489533,0.019968710132533783,2.0794415416798357
box33_lam1em2,约束族,43,1,8,32,256,0.6567492485046387,0.15997768938541412,0.5591345429420471,0.12450465559959412,0.4210990071296692,0.39778760075569153,-0.4879199266433716,1.2907792329788208,0,0,0,0.0,0.0,32,8,8,7.423896530709381,0.00035991822369396687,23.944515228271484,0.7482661008834839,0.2517338991165161,0.039368980931701325,0.020221639939260638,2.0794415416798357
noridge,正则族,43,1,8,32,256,0.6529901027679443,0.15608340501785278,0.556001603603363,0.1547563523054123,0.24794018268585205,0.6322087049484253,-1.3488011360168457,1.3919422626495361,0,0,0,0.0,0.0,32,8,8,7.423896530709381,9.094947017729282e-12,21.164661407470703,0.6613956689834595,0.3386043310165405,0.014416947448166923,0.019883333496354606,2.0794415416798357
lam1em4,正则族,43,1,8,32,256,0.6530150771141052,0.15544749796390533,0.5560380220413208,0.1543281376361847,0.2521587014198303,0.6257367134094238,-1.3254992961883545,1.3903708457946777,0,0,0,0.0,0.0,32,8,8,7.423896530709381,3.7761139992653625e-08,21.216127395629883,0.6630039811134338,0.33699601888656616,0.014791156448807062,0.01989310630033845,2.0794415416798357
lam1em2,正则族,43,1,8,32,256,0.656619668006897,0.15857340395450592,0.5590678453445435,0.12405039370059967,0.4185866415500641,0.40052029490470886,-0.4993009567260742,1.2925368547439575,0,0,0,0.0,0.0,32,8,8,7.423896530709381,0.0003599280898924917,23.893875122070312,0.7466835975646973,0.25331640243530273,0.038803305881940364,0.020220362688954118,2.0794415416798357
lam1em1,正则族,43,1,8,32,256,0.6557421684265137,0.15582318603992462,0.5564444065093994,0.11766024678945541,0.4526481330394745,0.3324667811393738,-0.29005658626556396,1.1284207105636597,0,0,0,0.0,0.0,32,8,8,7.423896530709381,0.025459514930844307,24.805999755859375,0.7751874923706055,0.22481250762939453,0.049608716654888786,0.020509206440496357,2.0794415416798357
scalar,对照,43,1,8,32,256,0.6370759010314941,0.12428192794322968,0.5287015438079834,0.1116778776049614,0.5909916758537292,0.0,0.5909916758537292,0.5909916758537292,0,0,0,0.0,0.0,32,8,8,7.423896530709381,0.014462962746620178,28.006851196289062,0.8752140998840332,0.1247859001159668,0.12398408019156029,0.01816744220323786,2.0794415416798357
nobeta,对照,43,1,8,32,256,0.6370763182640076,0.474219411611557,0.5890647172927856,0.454131543636322,0.0,0.0,0.0,0.0,0,0,0,0.0,0.0,32,8,8,7.423896530709381,3.7461600186361466e-06,28.006851196289062,0.8752140998840332,0.1247859001159668,0.12398409020437108,0.01816744854509638,2.0794415416798357
unbound,基准,43,1,8,64,256,0.6455966830253601,0.1297556608915329,0.5437371134757996,0.11201706528663635,-0.23837913572788239,0.6328845024108887,-1.6982215642929077,1.1452325582504272,0,0,0,0.0,0.0,64,8,8,6.861958327713034,2.706883037717489e-07,31.922822952270508,0.4987941086292267,0.5012058913707733,0.005042067158246865,0.021985376749817823,1.3862943611198906
box33,约束族,43,1,8,64,256,0.6433500051498413,0.12571220099925995,0.5429328680038452,0.11058560013771057,-0.2011881172657013,0.5910677909851074,-1.4911844730377197,1.1318047046661377,0,0,0,0.0,0.0,64,8,8,6.861958327713034,2.7204652042200905e-07,32.672767639160156,0.5105119943618774,0.48948800563812256,0.0063049610558366265,0.022120742451618193,1.3862943611198906
box77,约束族,43,1,8,64,256,0.6455553770065308,0.12968172132968903,0.5437220931053162,0.11199073493480682,-0.2376662641763687,0.6320682168006897,-1.6940181255340576,1.1449884176254272,0,0,0,0.0,0.0,64,8,8,6.861958327713034,2.7070069563706056e-07,31.93656349182129,0.49900880455970764,0.5009911954402924,0.005064821811026067,0.021987885589049495,1.3862943611198906
box33_lam1em2,约束族,43,1,8,64,256,0.6315915584564209,0.10026437789201736,0.53823322057724,0.08947248756885529,0.023738397285342216,0.3551255464553833,-0.5573878288269043,1.0087531805038452,0,0,0,0.0,0.0,64,8,8,6.861958327713034,2.6597608666634187e-05,38.81377029418945,0.6064651608467102,0.3935348391532898,0.018573355634855238,0.023274138797928,1.3862943611198906
noridge,正则族,43,1,8,64,256,0.648707926273346,0.13494347035884857,0.5453215837478638,0.11383172869682312,-0.2929484248161316,0.6977530717849731,-2.055420160293579,1.1629252433776855,0,0,0,0.0,0.0,64,8,8,6.861958327713034,2.5011104298755527e-12,30.943382263183594,0.48349034786224365,0.5165096521377563,0.00345427599300204,0.021807299899237183,1.3862943611198906
lam1em4,正则族,43,1,8,64,256,0.6483802199363708,0.13441431522369385,0.5450389385223389,0.11364980787038803,-0.286959707736969,0.6903749704360962,-2.0121731758117676,1.1611205339431763,0,0,0,0.0,0.0,64,8,8,6.861958327713034,2.7980604500044137e-09,31.043880462646484,0.4850606322288513,0.5149393677711487,0.0036146125832994106,0.021825650701059154,1.3862943611198906
lam1em2,正则族,43,1,8,64,256,0.6323453783988953,0.10163214057683945,0.5384276509284973,0.0904495045542717,0.011345082893967628,0.367683082818985,-0.5999788641929626,1.0173848867416382,0,0,0,0.0,0.0,64,8,8,6.861958327713034,2.6594760129228234e-05,38.39448928833008,0.5999138951301575,0.40008610486984253,0.0176067480810432,0.023191839231504155,1.3862943611198906
lam1em1,正则族,43,1,8,64,256,0.6356937289237976,0.07398059964179993,0.5344419479370117,0.058063432574272156,0.2068789303302765,0.16679900884628296,-0.05805286765098572,0.7775499820709229,0,0,0,0.0,0.0,64,8,8,6.861958327713034,0.002230155747383833,46.481563568115234,0.7262744307518005,0.27372556924819946,0.04150886549042382,0.025136846652594132,1.3862943611198906
scalar,对照,43,1,8,64,256,0.6320812702178955,0.05255737900733948,0.5271221399307251,0.048539210110902786,0.29140958189964294,0.0,0.29140958189964294,0.29140958189964294,0,0,0,0.0,0.0,64,8,8,6.861958327713034,0.0035463967360556126,50.87326431274414,0.7948947548866272,0.2051052451133728,0.06422772399801328,0.026369627847150648,1.3862943611198906
nobeta,对照,43,1,8,64,256,0.6320812106132507,0.2693064212799072,0.539873480796814,0.2537264823913574,0.0,0.0,0.0,0.0,0,0,0,0.0,0.0,64,8,8,6.861958327713034,2.706883037717489e-07,50.87326431274414,0.7948947548866272,0.2051052451133728,0.06422772399801328,0.026369627847150648,1.3862943611198906
unbound,基准,43,1,16,8,256,0.7369493246078491,0.4411489963531494,0.6236492395401001,0.37146711349487305,-0.6852403283119202,5.355567455291748,-13.815510749816895,1.807533621788025,1,1,1,0.125,0.125,7,8,8,9.592385830089547,4.666648864746094,5.883890628814697,0.7354863286018372,0.26451367139816284,1.4095565544923393e-07,0.4110347543213515,3.4657359027997265
box33,约束族,43,1,16,8,256,0.7382065653800964,0.4395163953304291,0.6243395209312439,0.3690223693847656,0.6654390096664429,1.6511579751968384,-3.0,1.7993495464324951,1,0,0,0.125,0.0,7,8,8,9.592385830089547,4.670398712158203,5.955102920532227,0.7443878650665283,0.2556121349334717,0.00699656133041608,0.40335376496268527,3.4657359027997265
box77,约束族,43,1,16,8,256,0.736954927444458,0.44111907482147217,0.6236507296562195,0.37137800455093384,0.16667558252811432,2.9866349697113037,-7.0,1.8073841333389282,1,1,0,0.125,0.0,7,8,8,9.592385830089547,4.666715621948242,5.886177062988281,0.7357721328735352,0.26422786712646484,0.0001285277835044592,0.4110295979925511,3.4657359027997265
box33_lam1em2,约束族,43,1,16,8,256,0.7383459806442261,0.4421411454677582,0.6252230405807495,0.3712463080883026,0.6681404113769531,1.6386092901229858,-3.0,1.781950831413269,1,0,0,0.125,0.0,7,8,8,9.592385830089547,4.676036834716797,5.966796398162842,0.7458495497703552,0.2541504502296448,0.007002623931927217,0.40336601817413553,3.4657359027997265
noridge,正则族,43,1,16,8,256,0.7369697690010071,0.440859317779541,0.6235507726669312,0.37108758091926575,-0.6856245398521423,5.35592794418335,-13.815510749816895,1.809505581855774,1,1,1,0.125,0.125,7,8,8,9.592385830089547,4.666586875915527,5.8824872970581055,0.7353109121322632,0.2646890878677368,1.4094086562965693e-07,0.41102646538419396,3.4657359027997265
lam1em4,正则族,43,1,16,8,256,0.7369676828384399,0.4408882260322571,0.6235606670379639,0.37112534046173096,-0.6855853796005249,5.355891704559326,-13.815510749816895,1.809308409690857,1,1,1,0.125,0.125,7,8,8,9.592385830089547,4.666588306427002,5.882628440856934,0.7353285551071167,0.2646714448928833,1.4094242703566308e-07,0.41102729705012947,3.4657359027997265
lam1em2,正则族,43,1,16,8,256,0.7369040846824646,0.4437994658946991,0.6245304942131042,0.3751448094844818,-0.6825530529022217,5.3524885177612305,-13.815510749816895,1.7899169921875,1,1,1,0.125,0.125,7,8,8,9.592385830089547,4.672330379486084,5.895110130310059,0.7368887662887573,0.2631112337112427,1.4107233490885892e-07,0.4111231326881015,3.4657359027997265
lam1em1,正则族,43,1,16,8,256,0.7345512509346008,0.4058980345726013,0.6261119842529297,0.4136756658554077,1.0562572479248047,0.5229812860488892,0.09195631742477417,1.5957236289978027,0,0,0,0.0,0.0,8,8,8,9.592385830089547,5.2071075439453125,6.730945587158203,0.8413681983947754,0.1586318016052246,0.12033371130398607,0.36835634756264524,3.4657359027997265
scalar,对照,43,1,16,8,256,0.7477800846099854,0.2818096876144409,0.599105179309845,0.24453309178352356,1.4524586200714111,1.2744008870413381e-07,1.4524587392807007,1.4524587392807007,0,0,0,0.0,0.0,8,8,8,9.592385830089547,0.16395203769207,7.305710315704346,0.9132137894630432,0.08678621053695679,0.2896172384586981,0.3663224530728872,3.4657359027997265
nobeta,对照,43,1,16,8,256,0.7477802038192749,0.7989510297775269,0.7949374914169312,0.7897464036941528,0.0,0.0,0.0,0.0,0,0,0,0.0,0.0,7,8,8,9.592385830089547,4.666648864746094,7.305710315704346,0.9132137894630432,0.08678621053695679,0.2896172384586981,0.366322480795085,3.4657359027997265
unbound,基准,43,1,16,16,256,0.6483349204063416,0.28773102164268494,0.56759113073349,0.1540885716676712,-3.5635464191436768,7.17214822769165,-13.815510749816895,2.1281301975250244,5,5,5,0.3125,0.3125,11,16,16,574.5287419305677,1.1604747772216797,8.478357315063477,0.5298973321914673,0.4701026678085327,6.314635666570819e-08,0.22666994084299485,2.772588722239781
box33,约束族,43,1,16,16,256,0.6470170617103577,0.28373926877975464,0.5660814642906189,0.15182214975357056,-0.18910729885101318,2.078397750854492,-3.0,2.124631404876709,5,0,0,0.3125,0.0,11,16,16,574.5287419305677,1.1683217287063599,8.731274604797363,0.5457046627998352,0.4542953372001648,0.0031696404378883216,0.22628745767924013,2.772588722239781
box77,约束族,43,1,16,16,256,0.6483401656150818,0.28765812516212463,0.5675786137580872,0.15411122143268585,-1.433795690536499,3.937361001968384,-7.0,2.128066301345825,5,5,0,0.3125,0.0,11,16,16,574.5287419305677,1.1606178283691406,8.486191749572754,0.5303869843482971,0.4696130156517029,5.759060936394807e-05,0.22667760603070072,2.772588722239781
box33_lam1em2,约束族,43,1,16,16,256,0.6448794603347778,0.2851041257381439,0.562764585018158,0.17246200144290924,0.08136576414108276,1.7751924991607666,-3.0,2.0277130603790283,3,0,0,0.1875,0.0,13,16,16,574.5287419305677,1.2107646465301514,9.329593658447266,0.5830996036529541,0.4169003963470459,0.0031990237801519193,0.21250847190361394,2.772588722239781
noridge,正则族,43,1,16,16,256,0.6491191387176514,0.28529635071754456,0.5667178630828857,0.15095491707324982,-3.566723346710205,7.171261787414551,-13.815510749816895,2.1391429901123047,5,5,5,0.3125,0.3125,11,16,16,574.5287419305677,1.1600170135498047,8.453042984008789,0.5283151865005493,0.4716848134994507,6.320014068376773e-08,0.22726025732404093,2.772588722239781
lam1em4,正则族,43,1,16,16,256,0.6490351557731628,0.28554680943489075,0.5668110847473145,0.15154115855693817,-3.566375255584717,7.171361446380615,-13.815510749816895,2.138044834136963,5,5,5,0.3125,0.3125,11,16,16,574.5287419305677,1.1600233316421509,8.455687522888184,0.5284804701805115,0.4715195298194885,6.319455226602173e-08,0.22719091024611585,2.772588722239781
lam1em2,正则族,43,1,16,16,256,0.6453650593757629,0.28691336512565613,0.5632784366607666,0.17276301980018616,-1.9488060474395752,5.958025932312012,-13.815510749816895,2.0304017066955566,3,3,3,0.1875,0.1875,13,16,16,574.5287419305677,1.203809380531311,9.137223243713379,0.5710764527320862,0.4289235472679138,6.381567239135112e-08,0.21373056341259278,2.772588722239781
lam1em1,正则族,43,1,16,16,256,0.6447396278381348,0.24354152381420135,0.5725886225700378,0.23702841997146606,0.7248790264129639,0.5311998724937439,-0.39400696754455566,1.471577763557434,0,0,0,0.0,0.0,16,16,16,574.5287419305677,2.0562448501586914,12.411344528198242,0.7757090330123901,0.22429096698760986,0.06422099621844721,0.15632960429109374,2.772588722239781
scalar,对照,43,1,16,16,256,0.6963859796524048,0.14073888957500458,0.5779464840888977,0.19897998869419098,1.010024070739746,0.0,1.010024070739746,1.010024070739746,0,0,0,0.0,0.0,16,16,16,574.5287419305677,0.07305972278118134,14.203073501586914,0.8876920938491821,0.11230790615081787,0.13851747411893142,0.13570178023080343,2.772588722239781
nobeta,对照,43,1,16,16,256,0.6963873505592346,0.6332524418830872,0.6858144402503967,0.6486566066741943,0.0,0.0,0.0,0.0,0,0,0,0.0,0.0,11,16,16,574.5287419305677,1.1604747772216797,14.203073501586914,0.8876920938491821,0.11230790615081787,0.13851747411893142,0.13570169706420987,2.772588722239781
unbound,基准,43,1,16,32,256,0.6778609156608582,0.1499951034784317,0.5622228980064392,0.07578951120376587,-0.6213247776031494,3.6344990730285645,-13.815510749816895,1.8234012126922607,2,2,2,0.0625,0.0625,30,16,16,23.9533441173343,0.0074783978052437305,21.095638275146484,0.6592386960983276,0.34076130390167236,1.1571705718300529e-07,0.06310612506435627,2.0794415416798357
box33,约束族,43,1,16,32,256,0.6801528334617615,0.1492120921611786,0.5617222189903259,0.07467206567525864,0.058693841099739075,1.3609178066253662,-3.0,1.8184814453125,2,0,0,0.0625,0.0,30,16,16,23.9533441173343,0.007669585756957531,21.308237075805664,0.665882408618927,0.334117591381073,0.005788956428907871,0.06307161785858083,2.0794415416798357
box77,约束族,43,1,16,32,256,0.6779027581214905,0.149980828166008,0.5622223019599915,0.07576912641525269,-0.19526852667331696,2.101311445236206,-7.0,1.823311448097229,2,2,0,0.0625,0.0,30,16,16,23.9533441173343,0.007481792941689491,21.102148056030273,0.659442126750946,0.34055787324905396,0.00010552958005417251,0.06310741414655635,2.0794415416798357
box33_lam1em2,约束族,43,1,16,32,256,0.5952401757240295,0.14099352061748505,0.5192076563835144,0.05950541794300079,0.28219303488731384,1.1011556386947632,-3.0,1.6857178211212158,2,0,0,0.0625,0.0,30,16,16,23.9533441173343,0.0301690474152565,23.737834930419922,0.7418073415756226,0.25819265842437744,0.0065764022584963566,0.04704734543875604,2.0794415416798357
noridge,正则族,43,1,16,32,256,0.6894443035125732,0.1529012769460678,0.562496542930603,0.077596515417099,-0.7435722947120667,3.685818672180176,-13.815510749816895,1.8444299697875977,2,2,2,0.0625,0.0625,30,16,16,23.9533441173343,0.005640598479658365,20.516613006591797,0.6411441564559937,0.35885584354400635,1.1340036838785748e-07,0.0645596692031958,2.0794415416798357
lam1em4,正则族,43,1,16,32,256,0.6887394189834595,0.15259312093257904,0.5624838471412659,0.0774027556180954,-0.7251956462860107,3.6765246391296387,-13.815510749816895,1.8422605991363525,2,2,2,0.0625,0.0625,30,16,16,23.9533441173343,0.005813544616103172,20.582000732421875,0.6431875228881836,0.3568124771118164,1.136371536199016e-07,0.06445664658543081,2.0794415416798357
lam1em2,正则族,43,1,16,32,256,0.5937609076499939,0.14448076486587524,0.5186543464660645,0.059943534433841705,-0.39234304428100586,3.587294816970825,-13.815510749816895,1.6883666515350342,2,2,2,0.0625,0.0625,30,16,16,23.9533441173343,0.029477674514055252,23.53075408935547,0.7353360652923584,0.2646639347076416,1.317744489963254e-07,0.046822688212643654,2.0794415416798357
lam1em1,正则族,43,1,16,32,256,0.5441798567771912,0.12790152430534363,0.47137075662612915,0.1149735301733017,0.1089048907160759,2.567197322845459,-13.815510749816895,1.2377440929412842,1,1,1,0.03125,0.03125,31,16,16,23.9533441173343,0.25993186235427856,26.159574508666992,0.8174867033958435,0.1825132966041565,1.9739163144439098e-07,0.03354599400933613,2.0794415416798357
scalar,对照,43,1,16,32,256,0.5250911712646484,0.09574765712022781,0.461231529712677,0.11022771894931793,0.6027626395225525,6.055837786789198e-08,0.6027625799179077,0.6027625799179077,0,0,0,0.0,0.0,32,16,16,23.9533441173343,0.023880431428551674,27.492961883544922,0.8591550588607788,0.1408449411392212,0.07245498307871684,0.03012128724920136,2.0794415416798357
nobeta,对照,43,1,16,32,256,0.5250919461250305,0.4568416476249695,0.5110440850257874,0.4644557535648346,0.0,0.0,0.0,0.0,0,0,0,0.0,0.0,30,16,16,23.9533441173343,0.0074783978052437305,27.492961883544922,0.8591550588607788,0.1408449411392212,0.07245498307871684,0.030121283783926627,2.0794415416798357
unbound,基准,43,1,16,64,256,0.5590600371360779,0.10839208215475082,0.4787929356098175,0.03660884499549866,-0.15989181399345398,1.8691757917404175,-13.815510749816895,1.3727017641067505,2,1,1,0.03125,0.015625,63,16,16,18.94222031334608,1.5808003809070215e-05,41.215599060058594,0.6439937353134155,0.3560062646865845,2.1738243162934755e-07,0.0392714491357458,1.3862943611198906
box33,约束族,43,1,16,64,256,0.5594930648803711,0.10661594569683075,0.47893959283828735,0.029157554730772972,0.02960360050201416,0.7557781338691711,-3.0,1.3604614734649658,1,0,0,0.015625,0.0,63,16,16,18.94222031334608,1.592863554833457e-05,41.84870147705078,0.6538859605789185,0.34611403942108154,0.004192017641511505,0.03899834736888822,1.3862943611198906
box77,约束族,43,1,16,64,256,0.5590675473213196,0.10835883021354675,0.4787956178188324,0.03647933155298233,-0.05302182957530022,1.1242365837097168,-7.0,1.3724795579910278,2,1,0,0.03125,0.0,63,16,16,18.94222031334608,1.5807952877366915e-05,41.230045318603516,0.6442194581031799,0.35578054189682007,0.00019829931771477447,0.039266868042550876,1.3862943611198906
box33_lam1em2,约束族,43,1,16,64,256,0.5570016503334045,0.08136335015296936,0.4760875403881073,0.023695385083556175,0.15793202817440033,0.5628979802131653,-3.0,1.2162702083587646,1,0,0,0.015625,0.0,63,16,16,18.94222031334608,0.0005982824950478971,45.443634033203125,0.7100567817687988,0.28994321823120117,0.011790374286719849,0.0367411124574157,1.3862943611198906
noridge,正则族,43,1,16,64,256,0.5587000250816345,0.11065290123224258,0.4789424240589142,0.036825526505708694,-0.35093459486961365,2.5141305923461914,-13.815510749816895,1.3928295373916626,2,2,2,0.03125,0.03125,62,16,16,18.94222031334608,2.56704629464366e-06,40.58891677856445,0.6342018246650696,0.3657981753349304,6.555444133535419e-08,0.03961868352493256,1.3862943611198906
lam1em4,正则族,43,1,16,64,256,0.5587400197982788,0.11038950085639954,0.47888094186782837,0.03703020140528679,-0.23721781373023987,2.017012357711792,-13.815510749816895,1.3908367156982422,2,1,1,0.03125,0.015625,63,16,16,18.94222031334608,3.3409451134502888e-06,40.65035629272461,0.635161817073822,0.364838182926178,2.1532934955275097e-07,0.03958387484025549,1.3862943611198906
lam1em2,正则族,43,1,16,64,256,0.557008683681488,0.08365771174430847,0.47702598571777344,0.02560129575431347,-0.015744009986519814,1.7972935438156128,-13.815510749816895,1.2235320806503296,1,1,1,0.015625,0.015625,63,16,16,18.94222031334608,0.0005877521471120417,45.015220642089844,0.7033628225326538,0.2966371774673462,2.329066220579715e-07,0.03687391564622247,1.3862943611198906
lam1em1,正则族,43,1,16,64,256,0.5410932898521423,0.08637659251689911,0.4727073311805725,0.025611288845539093,0.2532442808151245,0.3677397668361664,-2.192990303039551,0.8864543437957764,0,0,0,0.0,0.0,64,16,16,18.94222031334608,0.019465290009975433,49.25969314575195,0.7696827054023743,0.23031729459762573,0.02674437895822025,0.034453889058417515,1.3862943611198906
scalar,对照,43,1,16,64,256,0.5329773426055908,0.05535426735877991,0.4623301923274994,0.04643845185637474,0.29421281814575195,0.0,0.29421281814575195,0.29421281814575195,0,0,0,0.0,0.0,64,16,16,18.94222031334608,0.004304235335439444,50.25564193725586,0.7852444052696228,0.2147555947303772,0.05965645967929303,0.03252836064006028,1.3862943611198906
nobeta,对照,43,1,16,64,256,0.5329769849777222,0.2346883863210678,0.46291080117225647,0.25313475728034973,0.0,0.0,0.0,0.0,0,0,0,0.0,0.0,63,16,16,18.94222031334608,1.5808003809070215e-05,50.25564193725586,0.7852444052696228,0.2147555947303772,0.05965645967929303,0.032528391827532865,1.3862943611198906
unbound,基准,43,1,32,8,256,0.6334245800971985,0.29277047514915466,0.5406486392021179,0.29876890778541565,1.215723991394043,0.4821305572986603,0.8757199645042419,2.2997307777404785,0,0,0,0.0,0.0,8,8,8,10.970948193327649,5.430319786071777,7.308969020843506,0.9136211276054382,0.08637887239456177,0.2863024513131219,0.4576500943957176,3.4657359027997265
box33,约束族,43,1,32,8,256,0.633424699306488,0.29277047514915466,0.5406485795974731,0.2987687885761261,1.215723991394043,0.4821305572986603,0.8757199048995972,2.2997307777404785,0,0,0,0.0,0.0,8,8,8,10.970948193327649,5.430319786071777,7.308969020843506,0.9136211276054382,0.08637887239456177,0.28630248614320125,0.4576500943957176,3.4657359027997265
box77,约束族,43,1,32,8,256,0.6334244608879089,0.2927703857421875,0.5406485795974731,0.29876890778541565,1.215723991394043,0.4821304976940155,0.8757197856903076,2.2997305393218994,0,0,0,0.0,0.0,8,8,8,10.970948193327649,5.430319786071777,7.308969974517822,0.9136212468147278,0.08637875318527222,0.28630266535129695,0.4576500943957176,3.4657359027997265
box33_lam1em2,约束族,43,1,32,8,256,0.6312327980995178,0.29900556802749634,0.5396750569343567,0.30605047941207886,1.2094829082489014,0.4589149057865143,0.8737386465072632,2.2192296981811523,0,0,0,0.0,0.0,8,8,8,10.970948193327649,5.453219890594482,7.345786094665527,0.9182232618331909,0.08177673816680908,0.29260430510287,0.4579081656967909,3.4657359027997265
noridge,正则族,43,1,32,8,256,0.633720874786377,0.29201146960258484,0.5407582521438599,0.3052574396133423,1.2163417339324951,0.4849831163883209,0.8761966824531555,2.3094980716705322,0,0,0,0.0,0.0,8,8,8,10.970948193327649,5.430034160614014,7.303829669952393,0.9129787087440491,0.08702129125595093,0.28579542175048467,0.45761506532715085,3.4657359027997265
lam1em4,正则族,43,1,32,8,256,0.6336906552314758,0.29208850860595703,0.5407472252845764,0.3054145872592926,1.2162809371948242,0.4846947193145752,0.8761457800865173,2.3085126876831055,0,0,0,0.0,0.0,8,8,8,10.970948193327649,5.430037975311279,7.304355621337891,0.9130444526672363,0.08695554733276367,0.28584365315589927,0.4576186000064053,3.4657359027997265
lam1em2,正则族,43,1,32,8,256,0.6312328577041626,0.29900556802749634,0.5396749973297119,0.30605047941207886,1.209483027458191,0.4589148461818695,0.8737389445304871,2.2192296981811523,0,0,0,0.0,0.0,8,8,8,10.970948193327649,5.453219413757324,7.345786094665527,0.9182232618331909,0.08177673816680908,0.2926045774226825,0.4579081656967909,3.4657359027997265
lam1em1,正则族,43,1,32,8,256,0.6270741820335388,0.3401966392993927,0.5444552898406982,0.3508414030075073,1.1406080722808838,0.3122178614139557,0.8404330015182495,1.7509970664978027,0,0,0,0.0,0.0,8,8,8,10.970948193327649,6.162713527679443,7.4270453453063965,0.9283806681632996,0.07161933183670044,0.276523779711949,0.45891153801909246,3.4657359027997265
scalar,对照,43,1,32,8,256,0.6279841065406799,0.24441497027873993,0.5407633781433105,0.2744728624820709,1.508643627166748,0.0,1.508643627166748,1.508643627166748,0,0,0,0.0,0.0,8,8,8,10.970948193327649,0.17321355640888214,7.378724098205566,0.9223405122756958,0.0776594877243042,0.2889141470466403,0.4590074906604272,3.4657359027997265
nobeta,对照,43,1,32,8,256,0.6279841661453247,0.7743934392929077,0.7726038694381714,0.7872326970100403,0.0,0.0,0.0,0.0,0,0,0,0.0,0.0,8,8,8,10.970948193327649,5.430319786071777,7.378724098205566,0.9223405122756958,0.0776594877243042,0.2889141470466403,0.4590074906604272,3.4657359027997265
unbound,基准,43,1,32,16,256,0.5290523171424866,0.16953247785568237,0.459323912858963,0.10503608733415604,-0.18741410970687866,3.7509682178497314,-13.815510749816895,1.9971624612808228,1,1,1,0.0625,0.0625,15,16,16,41.51553675460661,1.2253460884094238,12.309621810913086,0.7693513631820679,0.23064863681793213,1.2490082399018128e-07,0.2906353081572605,2.772588722239781
box33,约束族,43,1,32,16,256,0.526833176612854,0.16875723004341125,0.4592433571815491,0.10716616362333298,0.4827532172203064,1.3210259675979614,-3.0,1.995173454284668,1,0,0,0.0625,0.0,15,16,16,41.51553675460661,1.2272952795028687,12.343945503234863,0.771496593952179,0.22850340604782104,0.006232912816950716,0.2911415814583427,2.772588722239781
box77,约束族,43,1,32,16,256,0.5290115475654602,0.16951823234558105,0.45933371782302856,0.10507474839687347,0.23845040798187256,2.1421685218811035,-7.0,1.9971247911453247,1,1,0,0.0625,0.0,15,16,16,41.51553675460661,1.225381851196289,12.311018943786621,0.7694386839866638,0.23056131601333618,0.00011389976348798345,0.290647897969886,2.772588722239781
box33_lam1em2,约束族,43,1,32,16,256,0.5271121859550476,0.17748606204986572,0.46538451313972473,0.11834114044904709,0.5665491223335266,1.222674012184143,-3.0,1.778536081314087,1,0,0,0.0625,0.0,15,16,16,41.51553675460661,1.264784812927246,13.275976181030273,0.8297485113143921,0.1702514886856079,0.007536565672929058,0.2877375264743025,2.772588722239781
noridge,正则族,43,1,32,16,256,0.5283976793289185,0.1660836637020111,0.4586080312728882,0.10839248448610306,-0.2028113305568695,3.7527828216552734,-13.815510749816895,2.0281083583831787,1,1,1,0.0625,0.0625,15,16,16,41.51553675460661,1.224070429801941,12.144359588623047,0.7590224742889404,0.24097752571105957,1.2164660869294628e-07,0.2906612225192104,2.772588722239781
lam1em4,正则族,43,1,32,16,256,0.5284368991851807,0.1664387732744217,0.4585871994495392,0.10828598588705063,-0.20112283527851105,3.7525839805603027,-13.815510749816895,2.0249340534210205,1,1,1,0.0625,0.0625,15,16,16,41.51553675460661,1.2241482734680176,12.161883354187012,0.7601177096366882,0.23988229036331177,1.2197554150701524e-07,0.29065409358745564,2.772588722239781
lam1em2,正则族,43,1,32,16,256,0.5273922085762024,0.177284836769104,0.46642807126045227,0.11829052865505219,-0.10518813133239746,3.7342472076416016,-13.815510749816895,1.7812385559082031,1,1,1,0.0625,0.0625,15,16,16,41.51553675460661,1.2629140615463257,13.233115196228027,0.8270696997642517,0.1729303002357483,1.5094811245279517e-07,0.2873768501861066,2.772588722239781
lam1em1,正则族,43,1,32,16,256,0.5556620955467224,0.21268939971923828,0.47451892495155334,0.1363774985074997,0.785329282283783,0.44347628951072693,-0.3937108814716339,1.3085079193115234,0,0,0,0.0,0.0,16,16,16,41.51553675460661,1.6981537342071533,14.910507202148438,0.9319067001342773,0.06809329986572266,0.10883390205733397,0.2747393591062094,2.772588722239781
scalar,对照,43,1,32,16,256,0.5812448859214783,0.14974059164524078,0.4859814941883087,0.17631381750106812,0.9912200570106506,6.155941179031288e-08,0.9912201166152954,0.9912201166152954,0,0,0,0.0,0.0,16,16,16,41.51553675460661,0.0847170501947403,14.753500938415527,0.9220938086509705,0.07790619134902954,0.25202137651407025,0.27776009996862616,2.772588722239781
nobeta,对照,43,1,32,16,256,0.581244945526123,0.631394624710083,0.6057241559028625,0.6187788844108582,0.0,0.0,0.0,0.0,0,0,0,0.0,0.0,15,16,16,41.51553675460661,1.2253460884094238,14.753500938415527,0.9220938086509705,0.07790619134902954,0.25202137651407025,0.27776008011087755,2.772588722239781
unbound,基准,43,1,32,32,256,0.5080047845840454,0.09607264399528503,0.4236242175102234,0.03651886060833931,-0.31668174266815186,3.623647689819336,-13.815510749816895,1.743784785270691,2,2,2,0.0625,0.0625,30,32,32,824.7578525597166,0.10192473232746124,26.614171981811523,0.8316928744316101,0.1683071255683899,2.2291198010040142e-07,0.11695117789808389,2.0794415416798357
box33,约束族,43,1,32,32,256,0.5082674622535706,0.0981179028749466,0.424209326505661,0.03790827840566635,0.3555450141429901,1.1715664863586426,-3.0,1.745462417602539,2,0,0,0.0625,0.0,30,32,32,824.7578525597166,0.10307355225086212,26.81157875061035,0.8378618359565735,0.1621381640434265,0.011061573455459295,0.11720604217275496,2.0794415416798357
box77,约束族,43,1,32,32,256,0.5080084800720215,0.09611018747091293,0.42363619804382324,0.03654445707798004,0.10921993851661682,2.0172438621520996,-7.0,1.7438158988952637,2,2,0,0.0625,0.0,30,32,32,824.7578525597166,0.10194556415081024,26.62139892578125,0.8319187164306641,0.16808128356933594,0.00020325703784789925,0.11695915078415507,2.0794415416798357
box33_lam1em2,约束族,43,1,32,32,256,0.5081726908683777,0.0978654995560646,0.42173686623573303,0.03005237691104412,0.4043363928794861,1.0718610286712646,-3.0,1.6143277883529663,2,0,0,0.0625,0.0,30,32,32,824.7578525597166,0.11575249582529068,27.47187614440918,0.8584961295127869,0.14150387048721313,0.010789175328047901,0.1122699023093898,2.0794415416798357
noridge,正则族,43,1,32,32,256,0.5089889168739319,0.09840147942304611,0.42381271719932556,0.035851214081048965,-0.3351890444755554,3.634120225906372,-13.815510749816895,1.760546088218689,2,2,2,0.0625,0.0625,30,32,32,824.7578525597166,0.10104285925626755,26.481435775756836,0.8275448679924011,0.17245513200759888,2.236787323423416e-07,0.11750654948263047,2.0794415416798357
lam1em4,正则族,43,1,32,32,256,0.5089312791824341,0.09790633618831635,0.42379313707351685,0.03574652969837189,-0.3328114151954651,3.632648229598999,-13.815510749816895,1.7588436603546143,2,2,2,0.0625,0.0625,30,32,32,824.7578525597166,0.10112442821264267,26.495784759521484,0.8279932737350464,0.1720067262649536,2.2360049387104917e-07,0.1174523080422733,2.0794415416798357
lam1em2,正则族,43,1,32,32,256,0.5066498517990112,0.09851101040840149,0.42157796025276184,0.03095436282455921,-0.26858851313591003,3.602421522140503,-13.815510749816895,1.6126846075057983,2,2,2,0.0625,0.0625,30,32,32,824.7578525597166,0.1145755723118782,27.264081954956055,0.8520025610923767,0.1479974389076233,2.1743359222895403e-07,0.11204833947915548,2.0794415416798357
lam1em1,正则族,43,1,32,32,256,0.4613412022590637,0.10341332852840424,0.3985280394554138,0.08049881458282471,0.506635844707489,0.4772034287452698,-1.3446463346481323,1.0653493404388428,0,0,0,0.0,0.0,32,32,32,824.7578525597166,0.3095034062862396,28.523805618286133,0.8913689255714417,0.10863107442855835,0.051245662197949265,0.08825888570704506,2.0794415416798357
scalar,对照,43,1,32,32,256,0.4583917260169983,0.09822899848222733,0.3964817225933075,0.1030498594045639,0.5799817442893982,6.055837786789198e-08,0.5799816846847534,0.5799816846847534,0,0,0,0.0,0.0,32,32,32,824.7578525597166,0.024775374680757523,28.192218780517578,0.8810068368911743,0.11899316310882568,0.12322321846160227,0.08157096972692807,2.0794415416798357
nobeta,对照,43,1,32,32,256,0.45839112997055054,0.4345666468143463,0.4364289939403534,0.4526406526565552,0.0,0.0,0.0,0.0,0,0,0,0.0,0.0,30,32,32,824.7578525597166,0.10192473232746124,28.192218780517578,0.8810068368911743,0.11899316310882568,0.12322321846160227,0.08157102433573678,2.0794415416798357
unbound,基准,43,1,32,64,256,0.4475494921207428,0.06935493648052216,0.3779660761356354,0.012274631299078465,-0.48430415987968445,3.072685718536377,-13.815510749816895,1.0315946340560913,4,3,3,0.0625,0.046875,61,32,32,76.45584409152892,0.012521350756287575,46.82420349121094,0.7316281795501709,0.2683718204498291,1.2233453757231094e-07,0.06046067375433718,1.3862943611198906
box33,约束族,43,1,32,64,256,0.44697341322898865,0.06997737288475037,0.3779434263706207,0.012295471504330635,0.03880798816680908,0.964851975440979,-3.0,1.0345014333724976,4,0,0,0.0625,0.0,60,32,32,76.45584409152892,0.012496067211031914,47.32722473144531,0.739487886428833,0.260512113571167,0.006050621409557522,0.06041128753351776,1.3862943611198906
box77,约束族,43,1,32,64,256,0.44753798842430115,0.06937292218208313,0.37796586751937866,0.012275132350623608,-0.16452725231647491,1.701398491859436,-7.0,1.031646490097046,4,3,0,0.0625,0.0,61,32,32,76.45584409152892,0.012520777061581612,46.83816146850586,0.731846272945404,0.26815372705459595,0.00011155701278101342,0.060459968804261154,1.3862943611198906
box33_lam1em2,约束族,43,1,32,64,256,0.4355465769767761,0.06131604313850403,0.3751048445701599,0.013171073980629444,0.13907189667224884,0.7557780742645264,-3.0,0.9778411388397217,2,0,0,0.03125,0.0,62,32,32,76.45584409152892,0.016014661639928818,49.15403747558594,0.7680318355560303,0.23196816444396973,0.007031440858339175,0.05713467461568744,1.3862943611198906
noridge,正则族,43,1,32,64,256,0.44894859194755554,0.06962800025939941,0.378370463848114,0.011718775145709515,-0.6514111161231995,3.475825071334839,-13.815510749816895,1.0386320352554321,4,4,4,0.0625,0.0625,60,32,32,76.45584409152892,0.012208576314151287,46.55770492553711,0.7274641394615173,0.27253586053848267,1.2204425078633617e-07,0.060807067356837746,1.3862943611198906
lam1em4,正则族,43,1,32,64,256,0.44881054759025574,0.06965421885251999,0.3783239722251892,0.011778488755226135,-0.6503071784973145,3.475560188293457,-13.815510749816895,1.037903070449829,4,4,4,0.0625,0.0625,60,32,32,76.45584409152892,0.0122381541877985,46.5810432434082,0.7278288006782532,0.2721711993217468,1.2199034206665103e-07,0.060772941815833245,1.3862943611198906
lam1em2,正则族,43,1,32,64,256,0.4358401596546173,0.06159808486700058,0.3749239444732666,0.013487874530255795,-0.2025209218263626,2.515699863433838,-13.815510749816895,0.9752293825149536,2,2,2,0.03125,0.03125,62,32,32,76.45584409152892,0.01599259302020073,48.778018951416016,0.7621565461158752,0.23784345388412476,1.4106827164896438e-07,0.05713661074617795,1.3862943611198906
lam1em1,正则族,43,1,32,64,256,0.39808058738708496,0.044610511511564255,0.35275617241859436,0.02379501983523369,0.26681965589523315,0.27034658193588257,-0.8859264850616455,0.7192635536193848,0,0,0,0.0,0.0,64,32,32,76.45584409152892,0.05561458319425583,52.2774772644043,0.8168355822563171,0.18316441774368286,0.057618421118735205,0.04925172428802002,1.3862943611198906
scalar,对照,43,1,32,64,256,0.4057575762271881,0.04782630875706673,0.33752554655075073,0.0492754727602005,0.2780799865722656,0.0,0.2780799865722656,0.2780799865722656,0,0,0,0.0,0.0,64,32,32,76.45584409152892,0.006566942669451237,50.87522888183594,0.7949254512786865,0.20507454872131348,0.05718111180959907,0.05062594503024842,1.3862943611198906
nobeta,对照,43,1,32,64,256,0.4057571291923523,0.23001664876937866,0.34207412600517273,0.24650011956691742,0.0,0.0,0.0,0.0,0,0,0,0.0,0.0,61,32,32,76.45584409152892,0.012521350756287575,50.87522888183594,0.7949254512786865,0.20507454872131348,0.05718111757396932,0.050625979781308506,1.3862943611198906
unbound,基准,43,2,8,8,256,0.6300202012062073,0.4066028892993927,0.5557416081428528,0.252715528011322,-4.644401550292969,7.642122268676758,-13.815510749816895,2.141150712966919,3,3,3,0.375,0.375,5,8,8,74.94924221139212,0.35779884457588196,3.491760015487671,0.43647000193595886,0.5635299980640411,5.3993705752641894e-08,0.29360559691280647,3.4657359027997265
box33,约束族,43,2,8,8,256,0.6265938878059387,0.4056095778942108,0.5543012619018555,0.24618224799633026,-0.5954582691192627,2.1689021587371826,-3.0,2.144057273864746,3,0,0,0.375,0.0,5,8,8,74.94924221139212,0.3642137944698334,3.573108434677124,0.4466385543346405,0.5533614456653595,0.002699179991660932,0.29109689442753833,3.4657359027997265
box77,约束族,43,2,8,8,256,0.6299967169761658,0.406584769487381,0.5557131767272949,0.25257259607315063,-2.088710069656372,4.155394077301025,-7.0,2.141204357147217,3,3,0,0.375,0.0,5,8,8,74.94924221139212,0.35791516304016113,3.494244337081909,0.43678054213523865,0.5632194578647614,4.923959970797443e-05,0.2936183726288411,3.4657359027997265
box33_lam1em2,约束族,43,2,8,8,256,0.6419264078140259,0.3581452965736389,0.5487276911735535,0.23760464787483215,-0.46270012855529785,2.1823744773864746,-3.0,2.0062427520751953,3,0,0,0.375,0.0,5,8,8,74.94924221139212,0.3787704110145569,3.902784585952759,0.48784807324409485,0.5121519267559052,0.0027891838736540065,0.28407670171264043,3.4657359027997265
noridge,正则族,43,2,8,8,256,0.6218816637992859,0.40669816732406616,0.5565162897109985,0.25182291865348816,-4.677165508270264,7.622366905212402,-13.815510749816895,2.1602070331573486,3,3,3,0.375,0.375,5,8,8,74.94924221139212,0.35754266381263733,3.4318573474884033,0.4289821684360504,0.5710178315639496,5.369889893324634e-08,0.29760515498506646,3.4657359027997265
lam1em4,正则族,43,2,8,8,256,0.6228063106536865,0.40668654441833496,0.5564383864402771,0.2514802813529968,-4.673501491546631,7.624553680419922,-13.815510749816895,2.1582565307617188,3,3,3,0.375,0.375,5,8,8,74.94924221139212,0.35754579305648804,3.4382216930389404,0.42977771162986755,0.5702222883701324,5.372970741400701e-08,0.29708787401306264,3.4657359027997265
lam1em2,正则族,43,2,8,8,256,0.6447808742523193,0.3549688458442688,0.5500389933586121,0.24379537999629974,-4.514747619628906,7.724140644073486,-13.815510749816895,2.003749132156372,3,3,3,0.375,0.375,5,8,8,74.94924221139212,0.372194766998291,3.8083302974700928,0.4760412871837616,0.5239587128162384,5.5767810144368937e-08,0.28684001500261525,3.4657359027997265
lam1em1,正则族,43,2,8,8,256,0.5870707035064697,0.35740190744400024,0.5274260640144348,0.22629576921463013,0.30259883403778076,1.2776520252227783,-2.085430860519409,1.550945520401001,0,0,0,0.0,0.0,8,8,8,74.94924221139212,0.6214450001716614,4.7215352058410645,0.5901919007301331,0.40980809926986694,0.008801122269701473,0.2145354796631996,3.4657359027997265
scalar,对照,43,2,8,8,256,0.777431845664978,0.25045493245124817,0.6815512180328369,0.20618626475334167,1.149457573890686,0.0,1.149457573890686,1.149457573890686,0,0,0,0.0,0.0,8,8,8,74.94924221139212,0.12196259200572968,6.9829583168029785,0.8728697896003723,0.12713021039962769,0.26092257612852504,0.05276832870719502,3.4657359027997265
nobeta,对照,43,2,8,8,256,0.777431845664978,0.6729161739349365,0.7439306378364563,0.6775702238082886,0.0,0.0,0.0,0.0,0,0,0,0.0,0.0,5,8,8,74.94924221139212,0.35779884457588196,6.9829583168029785,0.8728697896003723,0.12713021039962769,0.26092257612852504,0.052768256425916184,3.4657359027997265
unbound,基准,43,2,8,16,256,0.6132516860961914,0.2230807989835739,0.5583298802375793,0.1955837458372116,-0.49660444259643555,3.921125888824463,-13.815510749816895,1.5896289348602295,2,1,1,0.125,0.0625,15,8,8,16.17810863088014,2.9702856409130618e-05,10.067669868469238,0.6292293667793274,0.3707706332206726,1.137465403739793e-07,0.024773247303665875,2.772588722239781
box33,约束族,43,2,8,16,256,0.6160574555397034,0.21921759843826294,0.5597614049911499,0.19128577411174774,0.34944260120391846,1.3634214401245117,-3.0,1.5993586778640747,1,0,0,0.0625,0.0,15,8,8,16.17810863088014,3.078113149967976e-05,10.275321960449219,0.6422076225280762,0.35779237747192383,0.005088426761871673,0.024403919333073478,2.772588722239781
box77,约束族,43,2,8,16,256,0.6133136749267578,0.2230098396539688,0.5583786368370056,0.1954580396413803,-0.05696198344230652,2.4528801441192627,-7.0,1.5898081064224243,2,1,0,0.125,0.0,15,8,8,16.17810863088014,2.9724003979936242e-05,10.072916030883789,0.6295572519302368,0.3704427480697632,0.00010374938673023663,0.024766769094050022,2.772588722239781
box33_lam1em2,约束族,43,2,8,16,256,0.6075229644775391,0.22769172489643097,0.5590786337852478,0.19084307551383972,0.4182806611061096,1.18177330493927,-3.0,1.4816805124282837,1,0,0,0.0625,0.0,15,8,8,16.17810863088014,0.0020510742906481028,10.33713436126709,0.6460708975791931,0.3539291024208069,0.0055690995628959235,0.0266488945373415,2.772588722239781
noridge,正则族,43,2,8,16,256,0.6152254343032837,0.22062261402606964,0.5581894516944885,0.19435745477676392,-1.009527564048767,5.016098976135254,-13.815510749816895,1.6079623699188232,2,2,2,0.125,0.125,14,8,8,16.17810863088014,2.6740534053715237e-07,10.050797462463379,0.6281748414039612,0.3718251585960388,9.822706992806434e-08,0.024600818054207982,2.772588722239781
lam1em4,正则族,43,2,8,16,256,0.6150075197219849,0.22087667882442474,0.5582088828086853,0.1945011466741562,-1.0093218088150024,5.016127109527588,-13.815510749816895,1.6060593128204346,2,2,2,0.125,0.125,14,8,8,16.17810863088014,9.331799333267554e-07,10.051993370056152,0.6282495856285095,0.3717504143714905,9.818801529202846e-08,0.024616157496851372,2.772588722239781
lam1em2,正则族,43,2,8,16,256,0.6054828763008118,0.2256038784980774,0.5576557517051697,0.19223766028881073,-0.2647407650947571,3.6943230628967285,-13.815510749816895,1.4727957248687744,1,1,1,0.0625,0.0625,15,8,8,16.17810863088014,0.001986023038625717,10.198576927185059,0.6374110579490662,0.36258894205093384,1.107541749564995e-07,0.027151208767045902,2.772588722239781
lam1em1,正则族,43,2,8,16,256,0.5900480151176453,0.22426027059555054,0.5582945942878723,0.15750060975551605,0.5101935267448425,0.7193605899810791,-1.6414467096328735,1.2349319458007812,0,0,0,0.0,0.0,16,8,8,16.17810863088014,0.06257397681474686,10.337297439575195,0.6460810899734497,0.3539189100265503,0.020160573226466395,0.02911424406683661,2.772588722239781
scalar,对照,43,2,8,16,256,0.5474550724029541,0.17121082544326782,0.44598349928855896,0.10905324667692184,0.7978099584579468,6.155941179031288e-08,0.797809898853302,0.797809898853302,0,0,0,0.0,0.0,16,8,8,16.17810863088014,0.031125161796808243,13.026311874389648,0.814144492149353,0.18585550785064697,0.10793071974911184,0.011503266237389483,2.772588722239781
nobeta,对照,43,2,8,16,256,0.5474552512168884,0.532966136932373,0.5459185838699341,0.522995114326477,0.0,0.0,0.0,0.0,0,0,0,0.0,0.0,15,8,8,16.17810863088014,2.9702856409130618e-05,13.026311874389648,0.814144492149353,0.18585550785064697,0.10793074942152465,0.011503231226145046,2.772588722239781
unbound,基准,43,2,8,32,256,0.5616455078125,0.20625127851963043,0.5306146144866943,0.15571513772010803,-0.4601624011993408,2.6696932315826416,-13.815510749816895,1.1057223081588745,3,1,1,0.09375,0.03125,31,8,8,14.910894423291372,2.217400833615102e-06,15.13379955291748,0.47293123602867126,0.5270687639713287,1.2231173687713812e-07,0.028908759685050137,2.0794415416798357
box33,约束族,43,2,8,32,256,0.5607600212097168,0.19937662780284882,0.5267945528030396,0.15555942058563232,-0.041839223355054855,1.0279752016067505,-3.0,1.0841126441955566,1,0,0,0.03125,0.0,31,8,8,14.910894423291372,2.297684886798379e-06,15.644250869750977,0.488882839679718,0.511117160320282,0.004064360463952519,0.02820602753944781,2.0794415416798357
box77,约束族,43,2,8,32,256,0.5616301894187927,0.20612531900405884,0.5305452346801758,0.1557120382785797,-0.2448807954788208,1.6408942937850952,-7.0,1.1053309440612793,3,1,0,0.09375,0.0,31,8,8,14.910894423291372,2.2192157302924898e-06,15.144960403442383,0.47328001260757446,0.5267199873924255,0.0001115775583001469,0.028896325046300048,2.0794415416798357
box33_lam1em2,约束族,43,2,8,32,256,0.5551801919937134,0.1698925495147705,0.5102928280830383,0.1326853483915329,0.18293650448322296,0.74393630027771,-3.0,0.9945765733718872,1,0,0,0.03125,0.0,31,8,8,14.910894423291372,0.00019168462313245982,17.993778228759766,0.5623055696487427,0.4376944303512573,0.006794131291955138,0.027377591473576397,2.0794415416798357
noridge,正则族,43,2,8,32,256,0.5619390606880188,0.21125586330890656,0.5335739254951477,0.15694870054721832,-1.1292507648468018,4.189698219299316,-13.815510749816895,1.1169662475585938,3,3,3,0.09375,0.09375,29,8,8,14.910894423291372,4.214498972032743e-09,14.754232406616211,0.4610697627067566,0.5389302372932434,5.0443039722824135e-08,0.029150667055001047,2.0794415416798357
lam1em4,正则族,43,2,8,32,256,0.5619111657142639,0.2103835791349411,0.5335551500320435,0.15678755939006805,-0.6947336196899414,3.0234694480895996,-13.815510749816895,1.1160231828689575,3,2,1,0.09375,0.03125,31,8,8,14.910894423291372,3.874512799484364e-08,14.788276672363281,0.46213364601135254,0.5378663539886475,1.210789354607578e-07,0.029118838445622748,2.0794415416798357
lam1em2,正则族,43,2,8,32,256,0.5587434768676758,0.17394497990608215,0.5130729079246521,0.13724736869335175,-0.16302166879177094,2.535797119140625,-13.815510749816895,1.0097695589065552,1,1,1,0.03125,0.03125,31,8,8,14.910894423291372,0.00018505692423786968,17.67693328857422,0.5524041652679443,0.44759583473205566,1.3441449631300533e-07,0.027968355400678813,2.0794415416798357
lam1em1,正则族,43,2,8,32,256,0.5544196367263794,0.1438247114419937,0.48938867449760437,0.10724416375160217,0.31715717911720276,0.47702232003211975,-1.9243500232696533,0.9008587598800659,0,0,0,0.0,0.0,32,8,8,14.910894423291372,0.009031481109559536,20.20064353942871,0.6312701106071472,0.3687298893928528,0.02163108726262528,0.026368458986980002,2.0794415416798357
scalar,对照,43,2,8,32,256,0.5136271715164185,0.11801836639642715,0.4234973192214966,0.07482829689979553,0.48514607548713684,3.027918893394599e-08,0.48514610528945923,0.48514610528945923,0,0,0,0.0,0.0,32,8,8,14.910894423291372,0.013613514602184296,24.30008316040039,0.7593775987625122,0.2406224012374878,0.06426454477869116,0.017381777282436936,2.0794415416798357
nobeta,对照,43,2,8,32,256,0.5136277079582214,0.35092711448669434,0.4718306362628937,0.36819857358932495,0.0,0.0,0.0,0.0,0,0,0,0.0,0.0,31,8,8,14.910894423291372,2.217400833615102e-06,24.30008316040039,0.7593775987625122,0.2406224012374878,0.06426454477869116,0.01738179874094159,2.0794415416798357
unbound,基准,43,2,8,64,256,0.5602930784225464,0.21638530492782593,0.5192086696624756,0.12965671718120575,-0.6522541642189026,1.1266381740570068,-5.130958080291748,1.1146446466445923,3,0,0,0.046875,0.0,64,8,8,13.861509191155768,2.0746333007082285e-07,19.4384708404541,0.30372610688209534,0.6962738931179047,0.00032357156283008113,0.035718733594397666,1.3862943611198906
box33,约束族,43,2,8,64,256,0.5552175045013428,0.209379643201828,0.5189704298973083,0.12329855561256409,-0.5219863653182983,0.8728984594345093,-2.9040005207061768,1.0898514986038208,0,0,0,0.0,0.0,64,8,8,13.861509191155768,2.0747050655245403e-07,20.415584564208984,0.3189935088157654,0.6810064911842346,0.0010722119252555321,0.03486963863551838,1.3862943611198906
box77,约束族,43,2,8,64,256,0.5602596402168274,0.21632252633571625,0.5192307829856873,0.1295214295387268,-0.6477917432785034,1.1142088174819946,-4.990501403808594,1.1141972541809082,3,0,0,0.046875,0.0,64,8,8,13.861509191155768,2.07445907562942e-07,19.4570369720459,0.30401620268821716,0.6959837973117828,0.0003369518341173574,0.03570369231202948,1.3862943611198906
box33_lam1em2,约束族,43,2,8,64,256,0.5408435463905334,0.1696101576089859,0.490895539522171,0.10643722862005234,-0.208644837141037,0.5273512601852417,-2.04769229888916,0.9733996391296387,0,0,0,0.0,0.0,64,8,8,13.861509191155768,1.9111008441541344e-05,25.242172241210938,0.3944089412689209,0.6055910587310791,0.005133464366344402,0.033114538504624744,1.3862943611198906
noridge,正则族,43,2,8,64,256,0.5613083839416504,0.22020070254802704,0.5194178223609924,0.1335284411907196,-1.063900113105774,2.5835185050964355,-13.815510749816895,1.1287912130355835,4,2,2,0.0625,0.03125,62,8,8,13.861509191155768,1.1237943908781745e-10,18.7546329498291,0.2930411398410797,0.7069588601589203,1.4699391797287126e-08,0.03582959274702541,1.3862943611198906
lam1em4,正则族,43,2,8,64,256,0.5612115263938904,0.21980410814285278,0.519379734992981,0.1331695318222046,-0.8438666462898254,1.6308448314666748,-8.374245643615723,1.127453327178955,4,1,0,0.0625,0.0,64,8,8,13.861509191155768,2.7666828827932477e-09,18.824047088623047,0.2941257357597351,0.7058742642402649,1.87568533488217e-05,0.035826737636511306,1.3862943611198906
lam1em2,正则族,43,2,8,64,256,0.5412920117378235,0.17266309261322021,0.4943678379058838,0.10930400341749191,-0.24040913581848145,0.5678013563156128,-2.391139030456543,0.993370532989502,0,0,0,0.0,0.0,64,8,8,13.861509191155768,1.911033359647263e-05,24.541996002197266,0.3834686875343323,0.6165313124656677,0.004448820374052157,0.03377420907835936,1.3862943611198906
lam1em1,正则族,43,2,8,64,256,0.5257208943367004,0.0888175517320633,0.4523502588272095,0.05093908682465553,0.14041262865066528,0.1843220740556717,-0.7175408601760864,0.612205445766449,0,0,0,0.0,0.0,64,8,8,13.861509191155768,0.0011941060656681657,37.024932861328125,0.578514575958252,0.42148542404174805,0.023223985619083804,0.02777515883629479,1.3862943611198906
scalar,对照,43,2,8,64,256,0.5083013772964478,0.04390590637922287,0.4155150353908539,0.032427649945020676,0.24272286891937256,0.0,0.24272286891937256,0.24272286891937256,0,0,0,0.0,0.0,64,8,8,13.861509191155768,0.003481152933090925,42.68813705444336,0.6670021414756775,0.3329978585243225,0.03983771839223417,0.024612532138959656,1.3862943611198906
nobeta,对照,43,2,8,64,256,0.5083012580871582,0.19203634560108185,0.41497206687927246,0.20092341303825378,0.0,0.0,0.0,0.0,0,0,0,0.0,0.0,64,8,8,13.861509191155768,2.0746333007082285e-07,42.68813705444336,0.6670021414756775,0.3329978585243225,0.039837716738627085,0.024612525362589767,1.3862943611198906
unbound,基准,43,2,16,8,256,0.5280632972717285,0.22140495479106903,0.4651462435722351,0.21213704347610474,-0.9126234650611877,5.239380359649658,-13.815510749816895,1.7466431856155396,1,1,1,0.125,0.125,7,8,8,13.22885691502412,1.6667656898498535,5.951772689819336,0.743971586227417,0.256028413772583,1.1848316700254356e-07,0.32583925988248413,3.4657359027997265
box33,约束族,43,2,16,8,256,0.5240972638130188,0.21896177530288696,0.46179723739624023,0.2134172022342682,0.43875211477279663,1.4829685688018799,-3.0,1.7461928129196167,1,0,0,0.125,0.0,7,8,8,13.22885691502412,1.669407606124878,6.0065388679504395,0.7508173584938049,0.24918264150619507,0.0059106605416116755,0.32425650332078604,3.4657359027997265
box77,约束族,43,2,16,8,256,0.5280690789222717,0.22136013209819794,0.4651505649089813,0.21216075122356415,-0.06069473549723625,2.8516321182250977,-7.0,1.74663507938385,1,1,0,0.125,0.0,7,8,8,13.22885691502412,1.666813850402832,5.953432559967041,0.7441790699958801,0.2558209300041199,0.00010804662539462318,0.32584173350919693,3.4657359027997265
box33_lam1em2,约束族,43,2,16,8,256,0.5213915705680847,0.2362286001443863,0.4595286548137665,0.19864600896835327,0.4666464328765869,1.4604605436325073,-3.0,1.6371634006500244,1,0,0,0.125,0.0,7,8,8,13.22885691502412,1.6764613389968872,6.085470676422119,0.7606838345527649,0.2393161654472351,0.005800168204145845,0.3238619468410142,3.4657359027997265
noridge,正则族,43,2,16,8,256,0.5284240245819092,0.21820327639579773,0.4654567539691925,0.21247823536396027,-0.9179104566574097,5.239021301269531,-13.815510749816895,1.7611186504364014,1,1,1,0.125,0.125,7,8,8,13.22885691502412,1.66665780544281,5.938304901123047,0.7422881126403809,0.25771188735961914,1.1876577749161175e-07,0.3259260711610138,3.4657359027997265
lam1em4,正则族,43,2,16,8,256,0.5283873677253723,0.21853141486644745,0.4654252827167511,0.21244394779205322,-0.9173503518104553,5.239058494567871,-13.815510749816895,1.759644627571106,1,1,1,0.125,0.125,7,8,8,13.22885691502412,1.666658878326416,5.939712047576904,0.742464005947113,0.25753599405288696,1.187371207444881e-07,0.3259165932649775,3.4657359027997265
lam1em2,正则族,43,2,16,8,256,0.5254088640213013,0.23694391548633575,0.46285778284072876,0.19725292921066284,-0.8845772743225098,5.241276741027832,-13.815510749816895,1.6374726295471191,1,1,1,0.125,0.125,7,8,8,13.22885691502412,1.6738401651382446,6.030002593994141,0.7537503242492676,0.24624967575073242,1.1628690917341273e-07,0.3254395218057035,3.4657359027997265
lam1em1,正则族,43,2,16,8,256,0.5233010649681091,0.252461314201355,0.4539125859737396,0.1642099767923355,0.7386593222618103,0.6585580706596375,-0.8077760934829712,1.2132127285003662,0,0,0,0.0,0.0,8,8,8,13.22885691502412,1.8212580680847168,6.394161224365234,0.7992701530456543,0.2007298469543457,0.048331794281991095,0.29545437502278393,3.4657359027997265
scalar,对照,43,2,16,8,256,0.54636549949646,0.23758427798748016,0.4469797909259796,0.20776981115341187,1.1213936805725098,0.0,1.1213936805725098,1.1213936805725098,0,0,0,0.0,0.0,8,8,8,13.22885691502412,0.06426180899143219,7.247584819793701,0.9059481024742126,0.09405189752578735,0.26818421200712156,0.2991033129203796,3.4657359027997265
nobeta,对照,43,2,16,8,256,0.5463654398918152,0.6560463905334473,0.5926467180252075,0.6564961075782776,0.0,0.0,0.0,0.0,0,0,0,0.0,0.0,7,8,8,13.22885691502412,1.6667656898498535,7.247584819793701,0.9059481024742126,0.09405189752578735,0.26818421200712156,0.29910328688220367,3.4657359027997265
unbound,基准,43,2,16,16,256,0.4527584910392761,0.17231416702270508,0.40150386095046997,0.09517369419336319,-1.1108390092849731,5.043795585632324,-13.815510749816895,2.230367422103882,2,2,2,0.125,0.125,14,16,16,6888.301711557162,0.17299214005470276,10.607247352600098,0.6629529595375061,0.3370470404624939,6.634286480090729e-08,0.13278378721516412,2.772588722239781
box33,约束族,43,2,16,16,256,0.45292168855667114,0.17476458847522736,0.4015420079231262,0.09297214448451996,0.24318952858448029,1.5635948181152344,-3.0,2.2296857833862305,2,0,0,0.125,0.0,14,16,16,6888.301711557162,0.1732751876115799,10.728132247924805,0.6705082654953003,0.3294917345046997,0.0032939802752818864,0.13222198753143435,2.772588722239781
box77,约束族,43,2,16,16,256,0.45275598764419556,0.17235898971557617,0.40150389075279236,0.09513355046510696,-0.25885963439941406,2.7872672080993652,-7.0,2.2303545475006104,2,2,0,0.125,0.0,14,16,16,6888.301711557162,0.17299723625183105,10.610687255859375,0.6631679534912109,0.33683204650878906,6.049386328033397e-05,0.1327735542120261,2.772588722239781
box33_lam1em2,约束族,43,2,16,16,256,0.4787827134132385,0.1706828624010086,0.4240221083164215,0.09643633663654327,0.4290221333503723,1.2346372604370117,-3.0,2.0463531017303467,1,0,0,0.0625,0.0,15,16,16,6888.301711557162,0.22672146558761597,11.533482551574707,0.7208426594734192,0.2791573405265808,0.005109625050870712,0.11420466339562191,2.772588722239781
noridge,正则族,43,2,16,16,256,0.4533384144306183,0.17259958386421204,0.4077562689781189,0.08471328765153885,-1.131571888923645,5.044963836669922,-13.815510749816895,2.266702890396118,2,2,2,0.125,0.125,14,16,16,6888.301711557162,0.17091266810894012,10.463811874389648,0.653988242149353,0.346011757850647,6.495136655255418e-08,0.13912861369519608,2.772588722239781
lam1em4,正则族,43,2,16,16,256,0.45322272181510925,0.1711721420288086,0.40703755617141724,0.08579706400632858,-1.1290720701217651,5.044837474822998,-13.815510749816895,2.262979745864868,2,2,2,0.125,0.125,14,16,16,6888.301711557162,0.17105868458747864,10.479743003845215,0.6549839377403259,0.3450160622596741,6.509193084022413e-08,0.13840244802594795,2.772588722239781
lam1em2,正则族,43,2,16,16,256,0.4786049723625183,0.17484699189662933,0.42384982109069824,0.09617532044649124,-0.24790579080581665,3.7120580673217773,-13.815510749816895,2.0445568561553955,1,1,1,0.0625,0.0625,15,16,16,6888.301711557162,0.22637833654880524,11.453887939453125,0.7158679962158203,0.2841320037841797,1.020826464931945e-07,0.11464452630150099,2.772588722239781
lam1em1,正则族,43,2,16,16,256,0.5216131210327148,0.12160631269216537,0.4619470536708832,0.12668000161647797,0.5643958449363708,0.5719467401504517,-0.8443653583526611,1.3509471416473389,0,0,0,0.0,0.0,16,16,16,6888.301711557162,0.7316705584526062,12.147269248962402,0.7592043280601501,0.24079567193984985,0.041186442840478274,0.10144840478154514,2.772588722239781
scalar,对照,43,2,16,16,256,0.5627153515815735,0.15250840783119202,0.4919258654117584,0.14319917559623718,0.7854718565940857,0.0,0.7854718565940857,0.7854718565940857,0,0,0,0.0,0.0,16,16,16,6888.301711557162,0.036924414336681366,13.359636306762695,0.8349772691726685,0.16502273082733154,0.12292939296589261,0.09963695492070918,2.772588722239781
nobeta,对照,43,2,16,16,256,0.5627161860466003,0.5206747651100159,0.5157885551452637,0.5332567691802979,0.0,0.0,0.0,0.0,0,0,0,0.0,0.0,14,16,16,6888.301711557162,0.17299214005470276,13.359639167785645,0.8349774479866028,0.16502255201339722,0.12292940365217965,0.09963695492070918,2.772588722239781
unbound,基准,43,2,16,32,256,0.4633113145828247,0.14437253773212433,0.4207923114299774,0.039298176765441895,-0.9453616142272949,4.305832862854004,-13.815510749816895,1.4862176179885864,3,3,3,0.09375,0.09375,29,16,16,30.953745878051514,0.0017544216243550181,20.065813064575195,0.6270566582679749,0.37294334173202515,7.298196375616062e-08,0.04071403396231303,2.0794415416798357
box33,约束族,43,2,16,32,256,0.45991790294647217,0.14106640219688416,0.42000237107276917,0.03965478762984276,0.08190733194351196,1.3515924215316772,-3.0,1.487770676612854,3,0,0,0.09375,0.0,29,16,16,30.953745878051514,0.0017780757043510675,20.542295455932617,0.6419467329978943,0.3580532670021057,0.0037158266298816097,0.04031813000693714,2.0794415416798357
box77,约束族,43,2,16,32,256,0.4632335901260376,0.14431214332580566,0.4207896590232849,0.03926490247249603,-0.3061490058898926,2.374068021774292,-7.0,1.4862453937530518,3,3,0,0.09375,0.0,29,16,16,30.953745878051514,0.0017548492178320885,20.07820701599121,0.6274439692497253,0.37255603075027466,6.657791775396921e-05,0.04070757323991196,2.0794415416798357
box33_lam1em2,约束族,43,2,16,32,256,0.45229849219322205,0.1299981027841568,0.4037177264690399,0.049354419112205505,0.24399861693382263,1.0984654426574707,-3.0,1.3481268882751465,2,0,0,0.0625,0.0,30,16,16,30.953745878051514,0.010766291990876198,21.81043243408203,0.6815760135650635,0.3184239864349365,0.004797488023772626,0.034976896196304376,2.0794415416798357
noridge,正则族,43,2,16,32,256,0.4664074778556824,0.14823655784130096,0.42630186676979065,0.03904625400900841,-0.9941426515579224,4.318788051605225,-13.815510749816895,1.5071656703948975,4,3,3,0.125,0.09375,29,16,16,30.953745878051514,0.0012321402318775654,19.80819320678711,0.6190060377120972,0.38099396228790283,7.274083883472635e-08,0.04173885750940603,2.0794415416798357
lam1em4,正则族,43,2,16,32,256,0.46609896421432495,0.1478353887796402,0.42572444677352905,0.03907133638858795,-0.9877479672431946,4.316691875457764,-13.815510749816895,1.5050413608551025,3,3,3,0.09375,0.09375,29,16,16,30.953745878051514,0.001278249197639525,19.835939407348633,0.6198731064796448,0.3801268935203552,7.276646980717447e-08,0.041631482581440664,2.0794415416798357
lam1em2,正则族,43,2,16,32,256,0.45188140869140625,0.13238731026649475,0.40354910492897034,0.04757969453930855,-0.16637615859508514,2.768048048019409,-13.815510749816895,1.34756338596344,2,1,1,0.0625,0.03125,31,16,16,30.953745878051514,0.010703586973249912,21.463775634765625,0.6707429885864258,0.3292570114135742,9.47061804465767e-08,0.03536411316523773,2.0794415416798357
lam1em1,正则族,43,2,16,32,256,0.429195374250412,0.10835269838571548,0.35552653670310974,0.06166161596775055,0.41781091690063477,0.446170449256897,-1.0565502643585205,1.0575965642929077,0,0,0,0.0,0.0,32,16,16,30.953745878051514,0.13020171225070953,23.4256534576416,0.7320516705513,0.26794832944869995,0.062076731242018214,0.03285279944760854,2.0794415416798357
scalar,对照,43,2,16,32,256,0.4260079860687256,0.11455631256103516,0.35175570845603943,0.07195272296667099,0.4938073456287384,3.027918893394599e-08,0.4938073754310608,0.4938073754310608,0,0,0,0.0,0.0,32,16,16,30.953745878051514,0.012826798483729362,24.281770706176758,0.7588053345680237,0.24119466543197632,0.08450180076877256,0.03543740412091896,2.0794415416798357
nobeta,对照,43,2,16,32,256,0.42600780725479126,0.3504164516925812,0.37919601798057556,0.36915308237075806,0.0,0.0,0.0,0.0,0,0,0,0.0,0.0,29,16,16,30.953745878051514,0.0017544216243550181,24.28176498413086,0.7588051557540894,0.24119484424591064,0.0845018079296842,0.03543743015909489,2.0794415416798357
unbound,基准,43,2,16,64,256,0.42703571915626526,0.11251623928546906,0.3537482023239136,0.026490190997719765,-0.29401350021362305,1.3879231214523315,-5.947662353515625,1.0391196012496948,4,0,0,0.0625,0.0,64,16,16,26.08033021124441,6.871819550724467e-06,31.194902420043945,0.48742035031318665,0.5125796496868134,0.00017887303176415873,0.04251253959494293,1.3862943611198906
box33,约束族,43,2,16,64,256,0.42530831694602966,0.10721835494041443,0.3534308075904846,0.028613269329071045,-0.1369684338569641,0.8988094925880432,-2.957127332687378,1.0283915996551514,0,0,0,0.0,0.0,64,16,16,26.08033021124441,6.792932254029438e-06,32.0119743347168,0.50018709897995,0.49981290102005005,0.0020598454546792936,0.04187426253375325,1.3862943611198906
box77,约束族,43,2,16,64,256,0.42700424790382385,0.11241961270570755,0.35374346375465393,0.026528935879468918,-0.2830233573913574,1.3471237421035767,-5.650768280029297,1.0389231443405151,4,0,0,0.0625,0.0,64,16,16,26.08033021124441,6.869861863378901e-06,31.21158218383789,0.48768097162246704,0.512319028377533,0.00021261382896647089,0.04250051646721016,1.3862943611198906
box33_lam1em2,约束族,43,2,16,64,256,0.4127131700515747,0.09245854616165161,0.3497968316078186,0.024495629593729973,0.060310713946819305,0.5486317276954651,-1.6346741914749146,0.9314267635345459,0,0,0,0.0,0.0,64,16,16,26.08033021124441,0.00028788053896278143,36.04021072387695,0.5631282925605774,0.4368717074394226,0.008361997984281933,0.03870019586956611,1.3862943611198906
noridge,正则族,43,2,16,64,256,0.42891207337379456,0.11690312623977661,0.3542155921459198,0.024902062490582466,-0.7711704969406128,3.132660388946533,-13.815510749816895,1.0528335571289062,4,4,3,0.0625,0.046875,61,16,16,26.08033021124441,1.7615531078263302e-06,30.65699577331543,0.4790155589580536,0.5209844410419464,3.696423613666449e-08,0.04308472200132228,1.3862943611198906
lam1em4,正则族,43,2,16,64,256,0.42872095108032227,0.11647486686706543,0.3541673421859741,0.02506185881793499,-0.7399839162826538,3.0765719413757324,-13.815510749816895,1.0514217615127563,4,3,3,0.0625,0.046875,61,16,16,26.08033021124441,2.011614924413152e-06,30.70823860168457,0.4798162281513214,0.5201837718486786,3.7011265410249484e-08,0.04302645832792101,1.3862943611198906
lam1em2,正则族,43,2,16,64,256,0.41370251774787903,0.0940985158085823,0.35018911957740784,0.0223085880279541,0.04297050088644028,0.5819445252418518,-1.8295029401779175,0.9386210441589355,0,0,0,0.0,0.0,64,16,16,26.08033021124441,0.000288081937469542,35.597721099853516,0.5562143921852112,0.4437856078147888,0.006784639111816486,0.03896696349144842,1.3862943611198906
lam1em1,正则族,43,2,16,64,256,0.39490360021591187,0.062314532697200775,0.3380415737628937,0.03637818992137909,0.2232719361782074,0.22718030214309692,-0.3654608428478241,0.7146754264831543,0,0,0,0.0,0.0,64,16,16,26.08033021124441,0.01232204120606184,42.35980987548828,0.6618720293045044,0.3381279706954956,0.037171486234969,0.03492128841684732,1.3862943611198906
scalar,对照,43,2,16,64,256,0.4002705216407776,0.05588138476014137,0.33373400568962097,0.0505204051733017,0.25180986523628235,0.0,0.25180986523628235,0.25180986523628235,0,0,0,0.0,0.0,64,16,16,26.08033021124441,0.004883395507931709,42.806419372558594,0.668850302696228,0.331149697303772,0.043163497322704344,0.03588550485470591,1.3862943611198906
nobeta,对照,43,2,16,64,256,0.40027081966400146,0.18985697627067566,0.33842021226882935,0.1965881884098053,0.0,0.0,0.0,0.0,0,0,0,0.0,0.0,64,16,16,26.08033021124441,6.871819550724467e-06,42.806419372558594,0.668850302696228,0.331149697303772,0.043163508139821644,0.035885547166741784,1.3862943611198906
unbound,基准,43,2,32,8,256,0.42057663202285767,0.18028119206428528,0.39608824253082275,0.15811574459075928,0.9012717008590698,0.41411325335502625,0.47456735372543335,1.554864525794983,0,0,0,0.0,0.0,8,8,8,10.4353907863951,4.079409122467041,6.730856418609619,0.8413570523262024,0.1586429476737976,0.20329197920547093,0.3708183315493711,3.4657359027997265
box33,约束族,43,2,32,8,256,0.42057663202285767,0.18028119206428528,0.39608824253082275,0.15811574459075928,0.9012717008590698,0.41411325335502625,0.47456735372543335,1.554864525794983,0,0,0,0.0,0.0,8,8,8,10.4353907863951,4.079409122467041,6.730856418609619,0.8413570523262024,0.1586429476737976,0.20329197920547093,0.3708183315493711,3.4657359027997265
box77,约束族,43,2,32,8,256,0.42057663202285767,0.18028119206428528,0.39608824253082275,0.15811574459075928,0.9012717008590698,0.41411325335502625,0.47456735372543335,1.554864525794983,0,0,0,0.0,0.0,8,8,8,10.4353907863951,4.079409122467041,6.730856418609619,0.8413570523262024,0.1586429476737976,0.20329197920547093,0.3708183315493711,3.4657359027997265
box33_lam1em2,约束族,43,2,32,8,256,0.4197675883769989,0.172891303896904,0.39616891741752625,0.15370456874370575,0.9052361249923706,0.38401710987091064,0.5750659704208374,1.5390892028808594,0,0,0,0.0,0.0,8,8,8,10.4353907863951,4.085029602050781,6.758947849273682,0.8448684811592102,0.1551315188407898,0.20221289855598856,0.3704434075331118,3.4657359027997265
noridge,正则族,43,2,32,8,256,0.42067691683769226,0.17994199693202972,0.3960806429386139,0.15881328284740448,0.9005221724510193,0.41844266653060913,0.4593995213508606,1.55668044090271,0,0,0,0.0,0.0,8,8,8,10.4353907863951,4.079337120056152,6.726472854614258,0.8408091068267822,0.15919089317321777,0.20349808021003943,0.37087554816898255,3.4657359027997265
lam1em4,正则族,43,2,32,8,256,0.4206666648387909,0.1799774169921875,0.39608147740364075,0.15874110162258148,0.9006009101867676,0.41799724102020264,0.4609658122062683,1.5564982891082764,0,0,0,0.0,0.0,8,8,8,10.4353907863951,4.079338073730469,6.726926803588867,0.8408658504486084,0.1591341495513916,0.20347628777883028,0.3708696556591018,3.4657359027997265
lam1em2,正则族,43,2,32,8,256,0.4197677969932556,0.17289122939109802,0.39616891741752625,0.1537046581506729,0.905236005783081,0.3840172588825226,0.5750653147697449,1.5390892028808594,0,0,0,0.0,0.0,8,8,8,10.4353907863951,4.085029125213623,6.758946895599365,0.8448683619499207,0.15513163805007935,0.20221294003840395,0.3704434075331118,3.4657359027997265
lam1em1,正则族,43,2,32,8,256,0.4163629114627838,0.19278424978256226,0.3973587155342102,0.14853304624557495,0.8889448046684265,0.2831594944000244,0.5484558343887329,1.4170615673065186,0,0,0,0.0,0.0,8,8,8,10.4353907863951,4.293365001678467,6.771944522857666,0.8464930653572083,0.15350693464279175,0.19990127081477593,0.3702906555462028,3.4657359027997265
scalar,对照,43,2,32,8,256,0.4350249171257019,0.2053305059671402,0.40699025988578796,0.19542676210403442,1.1146906614303589,0.0,1.1146906614303589,1.1146906614303589,0,0,0,0.0,0.0,8,8,8,10.4353907863951,0.08615045249462128,6.98307466506958,0.8728843331336975,0.1271156668663025,0.21985755372992635,0.3738333440606684,3.4657359027997265
nobeta,对照,43,2,32,8,256,0.4350246489048004,0.659082293510437,0.5796072483062744,0.6463956236839294,0.0,0.0,0.0,0.0,0,0,0,0.0,0.0,8,8,8,10.4353907863951,4.079409122467041,6.98307466506958,0.8728843331336975,0.1271156668663025,0.21985755372992635,0.37383337892759083,3.4657359027997265
unbound,基准,43,2,32,16,256,0.43272361159324646,0.1564188450574875,0.3792632520198822,0.07512419670820236,-0.5634605884552002,3.8510348796844482,-13.815510749816895,1.8112674951553345,3,1,1,0.1875,0.0625,15,16,16,30.232307510008436,1.739776849746704,11.42557430267334,0.7140983939170837,0.28590160608291626,9.727065030114724e-08,0.2706867542444329,2.772588722239781
box33,约束族,43,2,32,16,256,0.43250444531440735,0.15667302906513214,0.37783217430114746,0.07554017007350922,0.14742299914360046,1.6658841371536255,-3.0,1.8096086978912354,3,0,0,0.1875,0.0,13,16,16,30.232307510008436,1.7403203248977661,11.523677825927734,0.7202298641204834,0.2797701358795166,0.00367059942312974,0.26922591736437834,2.772588722239781
box77,约束族,43,2,32,16,256,0.4327189326286316,0.156422957777977,0.37926632165908813,0.07512786239385605,-0.13750618696212769,2.385606050491333,-7.0,1.8112469911575317,3,1,0,0.1875,0.0,15,16,16,30.232307510008436,1.7397843599319458,11.427241325378418,0.7142025828361511,0.2857974171638489,8.869950100734737e-05,0.2706865450428987,2.772588722239781
box33_lam1em2,约束族,43,2,32,16,256,0.38070040941238403,0.1261182427406311,0.325778067111969,0.06363442540168762,0.5924872159957886,0.7165871858596802,-0.6450205445289612,1.60233736038208,0,0,0,0.0,0.0,16,16,16,30.232307510008436,1.7988379001617432,12.917180061340332,0.8073237538337708,0.19267624616622925,0.038202080408891954,0.23239549912658447,2.772588722239781
noridge,正则族,43,2,32,16,256,0.43483254313468933,0.15603938698768616,0.3799239993095398,0.07760892808437347,-1.8826615810394287,5.951106071472168,-13.815510749816895,1.8461289405822754,3,3,3,0.1875,0.1875,13,16,16,30.232307510008436,1.7384443283081055,11.260401725769043,0.7037751078605652,0.2962248921394348,7.426723246093691e-08,0.2716825535473593,2.772588722239781
lam1em4,正则族,43,2,32,16,256,0.4347182512283325,0.15486058592796326,0.37996384501457214,0.07762093842029572,-1.8822628259658813,5.951091289520264,-13.815510749816895,1.8428645133972168,3,3,3,0.1875,0.1875,13,16,16,30.232307510008436,1.7384790182113647,11.263924598693848,0.7039952874183655,0.2960047125816345,7.417587653205872e-08,0.27167294771024597,2.772588722239781
lam1em2,正则族,43,2,32,16,256,0.38069966435432434,0.12611806392669678,0.32577767968177795,0.06363452970981598,0.5924849510192871,0.7165915369987488,-0.6450610756874084,1.6023311614990234,0,0,0,0.0,0.0,16,16,16,30.232307510008436,1.7988386154174805,12.917174339294434,0.8073233962059021,0.1926766037940979,0.0382016202366369,0.23239584779580819,2.772588722239781
lam1em1,正则族,43,2,32,16,256,0.4055396616458893,0.1047738641500473,0.34980595111846924,0.08902545273303986,0.6314728856086731,0.2774306833744049,0.10699912160634995,1.0224286317825317,0,0,0,0.0,0.0,16,16,16,30.232307510008436,2.197194814682007,12.941128730773926,0.8088205456733704,0.19117945432662964,0.07384196346082365,0.23145651547366222,2.772588722239781
scalar,对照,43,2,32,16,256,0.40849077701568604,0.14244574308395386,0.34601205587387085,0.12659607827663422,0.7669582962989807,0.0,0.7669582962989807,0.7669582962989807,0,0,0,0.0,0.0,16,16,16,30.232307510008436,0.045729294419288635,13.082481384277344,0.817655086517334,0.18234491348266602,0.12150284419608869,0.23537864327083435,2.772588722239781
nobeta,对照,43,2,32,16,256,0.4084908664226532,0.5065280199050903,0.43228545784950256,0.49891340732574463,0.0,0.0,0.0,0.0,0,0,0,0.0,0.0,15,16,16,30.232307510008436,1.739776849746704,13.082481384277344,0.817655086517334,0.18234491348266602,0.12150282587716502,0.23537864327083435,2.772588722239781
unbound,基准,43,2,32,32,256,0.33451229333877563,0.10764838755130768,0.29594871401786804,0.039618659764528275,-0.8857122659683228,4.300601005554199,-13.815510749816895,1.9496359825134277,3,3,3,0.09375,0.09375,29,32,32,1407.258169477884,0.16579633951187134,23.452247619628906,0.7328827381134033,0.2671172618865967,9.276743551573024e-08,0.10283001559456466,2.0794415416798357
box33,约束族,43,2,32,32,256,0.3346555829048157,0.10769736766815186,0.29467472434043884,0.03894644230604172,0.12732447683811188,1.298902153968811,-3.0,1.9510235786437988,3,0,0,0.09375,0.0,29,32,32,1407.258169477884,0.16628366708755493,23.633859634399414,0.7385581135749817,0.2614418864250183,0.0045936667162405865,0.10288763318378336,2.0794415416798357
box77,约束族,43,2,32,32,256,0.3345205783843994,0.10764876753091812,0.2959262728691101,0.03960627317428589,-0.24677202105522156,2.347951650619507,-7.0,1.9496617317199707,3,3,0,0.09375,0.0,29,32,32,1407.258169477884,0.16580495238304138,23.457923889160156,0.7330601215362549,0.2669398784637451,8.45846421444981e-05,0.10283222092740466,2.0794415416798357
box33_lam1em2,约束族,43,2,32,32,256,0.32018786668777466,0.10508421063423157,0.28976595401763916,0.04352327436208725,0.3061826229095459,0.9447010159492493,-3.0,1.7870657444000244,1,0,0,0.03125,0.0,31,32,32,1407.258169477884,0.19905731081962585,24.677810668945312,0.771181583404541,0.22881841659545898,0.005974195321671227,0.09345803964632696,2.0794415416798357
noridge,正则族,43,2,32,32,256,0.33599603176116943,0.10766731947660446,0.2964136004447937,0.03715270757675171,-0.9033505916595459,4.3033246994018555,-13.815510749816895,1.9695616960525513,3,3,3,0.09375,0.09375,29,32,32,1407.258169477884,0.16437803208827972,23.30767059326172,0.7283647060394287,0.2716352939605713,9.235075720253971e-08,0.10435499017832138,2.0794415416798357
lam1em4,正则族,43,2,32,32,256,0.33584728837013245,0.10774221271276474,0.2963648736476898,0.037510406225919724,-0.9013622999191284,4.303006649017334,-13.815510749816895,1.9675487279891968,3,3,3,0.09375,0.09375,29,32,32,1407.258169477884,0.16449695825576782,23.323211669921875,0.7288503646850586,0.2711496353149414,9.239414701697797e-08,0.10419762704092878,2.0794415416798357
lam1em2,正则族,43,2,32,32,256,0.3203563392162323,0.10393549501895905,0.2901029884815216,0.043165162205696106,-0.03067946434020996,2.6179802417755127,-13.815510749816895,1.7860541343688965,1,1,1,0.03125,0.03125,31,32,32,1407.258169477884,0.1987995207309723,24.61080551147461,0.7690876722335815,0.23091232776641846,1.2010352734919966e-07,0.09339032808308174,2.0794415416798357
lam1em1,正则族,43,2,32,32,256,0.31391143798828125,0.08600526303052902,0.2752940058708191,0.04887938126921654,0.4320932626724243,0.3292337656021118,-0.19443483650684357,1.0631451606750488,0,0,0,0.0,0.0,32,32,32,1407.258169477884,0.5808289051055908,25.200050354003906,0.7875015735626221,0.21249842643737793,0.07117795907703996,0.081754974585837,2.0794415416798357
scalar,对照,43,2,32,32,256,0.3156852722167969,0.11461318284273148,0.27773213386535645,0.08894956111907959,0.46906524896621704,6.055837786789198e-08,0.4690653085708618,0.4690653085708618,0,0,0,0.0,0.0,32,32,32,1407.258169477884,0.017354898154735565,24.178813934326172,0.7555879354476929,0.24441206455230713,0.06835024668243443,0.08776482909383979,2.0794415416798357
nobeta,对照,43,2,32,32,256,0.3156849145889282,0.32876473665237427,0.315601646900177,0.34548377990722656,0.0,0.0,0.0,0.0,0,0,0,0.0,0.0,29,32,32,1407.258169477884,0.16579633951187134,24.178813934326172,0.7555879354476929,0.24441206455230713,0.06835024668243443,0.08776484652730097,2.0794415416798357
unbound,基准,43,2,32,64,256,0.2882317006587982,0.06577622890472412,0.2614566385746002,0.011888553388416767,-0.21280249953269958,2.053433656692505,-13.815510749816895,1.1096028089523315,2,2,1,0.03125,0.015625,63,32,32,64.23860659240108,0.011011375114321709,38.55198287963867,0.6023747324943542,0.39762526750564575,2.875811601114785e-08,0.061246573366027686,1.3862943611198906
box33,约束族,43,2,32,64,256,0.288207471370697,0.06514868885278702,0.26110005378723145,0.012448825873434544,0.03736315295100212,0.7821743488311768,-3.0,1.1079319715499878,2,0,0,0.03125,0.0,62,32,32,64.23860659240108,0.011011235415935516,38.98884201049805,0.609200656414032,0.390799343585968,0.0014399376352725955,0.06053988622503942,1.3862943611198906
box77,约束族,43,2,32,64,256,0.28823262453079224,0.06579198688268661,0.2614540755748749,0.011886898428201675,-0.09879619628190994,1.3759392499923706,-7.0,1.1095722913742065,2,2,0,0.03125,0.0,62,32,32,64.23860659240108,0.011009907349944115,38.559173583984375,0.6024870872497559,0.39751291275024414,2.622614622327024e-05,0.061235372367215886,1.3862943611198906
box33_lam1em2,约束族,43,2,32,64,256,0.2700823247432709,0.05768639221787453,0.25028130412101746,0.010366900824010372,0.16272616386413574,0.4891192317008972,-1.3773330450057983,1.032515048980713,0,0,0,0.0,0.0,64,32,32,64.23860659240108,0.015405616723001003,41.354129791259766,0.6461582779884338,0.35384172201156616,0.00865152782007501,0.05355758889373376,1.3862943611198906
noridge,正则族,43,2,32,64,256,0.2883877158164978,0.06699421256780624,0.2624872922897339,0.011803675442934036,-0.3292667269706726,2.5174646377563477,-13.815510749816895,1.119126796722412,2,2,2,0.03125,0.03125,62,32,32,64.23860659240108,0.010721711441874504,38.23098373413086,0.5973591208457947,0.4026408791542053,2.8686191080934492e-08,0.062478094856011045,1.3862943611198906
lam1em4,正则族,43,2,32,64,256,0.2883736193180084,0.06683387607336044,0.2624182105064392,0.011804184876382351,-0.3273812234401703,2.5167720317840576,-13.815510749816895,1.1181581020355225,2,2,2,0.03125,0.03125,62,32,32,64.23860659240108,0.01074831373989582,38.26348114013672,0.5978668928146362,0.40213310718536377,2.869261638345522e-08,0.06235645288058792,1.3862943611198906
lam1em2,正则族,43,2,32,64,256,0.2703057825565338,0.0580858513712883,0.2503087818622589,0.01041521318256855,0.15721118450164795,0.49680453538894653,-1.406087040901184,1.0335509777069092,0,0,0,0.0,0.0,64,32,32,64.23860659240108,0.015472481027245522,41.20563507080078,0.6438380479812622,0.3561619520187378,0.008246379954106662,0.0538677519600536,1.3862943611198906
lam1em1,正则族,43,2,32,64,256,0.25829148292541504,0.04183812811970711,0.2469032257795334,0.022592101246118546,0.23695020377635956,0.21348656713962555,-0.4265672564506531,0.7553470134735107,0,0,0,0.0,0.0,64,32,32,64.23860659240108,0.06733141094446182,43.51862716674805,0.6799785494804382,0.32002145051956177,0.02612110671710074,0.046092755148634784,1.3862943611198906
scalar,对照,43,2,32,64,256,0.25706958770751953,0.049209367483854294,0.24345460534095764,0.05013333633542061,0.23712849617004395,0.0,0.23712849617004395,0.23712849617004395,0,0,0,0.0,0.0,64,32,32,64.23860659240108,0.00416584312915802,42.0125732421875,0.6564464569091797,0.3435535430908203,0.027647542708205623,0.04693286492644241,1.3862943611198906
nobeta,对照,43,2,32,64,256,0.25706955790519714,0.18846526741981506,0.2378395050764084,0.1883927434682846,0.0,0.0,0.0,0.0,0,0,0,0.0,0.0,63,32,32,64.23860659240108,0.011011375114321709,42.0125732421875,0.6564464569091797,0.3435535430908203,0.027647539031568275,0.04693286056807711,1.3862943611198906
unbound,基准,44,0,8,8,256,0.6592363119125366,0.2809296250343323,0.578157901763916,0.2012617439031601,-4.427605152130127,7.79620885848999,-13.815510749816895,1.9054312705993652,3,3,3,0.375,0.375,5,8,8,373.8787890609498,0.4409661591053009,4.356112957000732,0.5445141196250916,0.45548588037490845,4.61510803362219e-08,0.3118381641212525,3.4657359027997265
box33,约束族,44,0,8,8,256,0.6579816341400146,0.27732333540916443,0.5768935084342957,0.20321522653102875,-0.37278711795806885,2.2531111240386963,-3.0,1.8993942737579346,3,0,0,0.375,0.0,5,8,8,373.8787890609498,0.4422432482242584,4.444427967071533,0.5555534958839417,0.44444650411605835,0.0023160811518209753,0.3100798387187584,3.4657359027997265
box77,约束族,44,0,8,8,256,0.6592265963554382,0.2808637022972107,0.5781348943710327,0.20129697024822235,-1.8718068599700928,4.287198543548584,-7.0,1.905321717262268,3,3,0,0.375,0.0,5,8,8,373.8787890609498,0.4409894049167633,4.358649253845215,0.5448311567306519,0.45516884326934814,4.2090441475722683e-05,0.31183713972370597,3.4657359027997265
box33_lam1em2,约束族,44,0,8,8,256,0.6636680960655212,0.23053693771362305,0.5814265608787537,0.17352212965488434,0.3982613682746887,1.5354056358337402,-3.0,1.7363357543945312,1,0,0,0.125,0.0,7,8,8,373.8787890609498,0.46253231167793274,5.186296463012695,0.6482870578765869,0.3517129421234131,0.0037135141299000844,0.21986434362497823,3.4657359027997265
noridge,正则族,44,0,8,8,256,0.6585204601287842,0.28428417444229126,0.5811705589294434,0.20163989067077637,-4.429267406463623,7.795456886291504,-13.815510749816895,1.9219123125076294,3,3,3,0.375,0.375,5,8,8,373.8787890609498,0.4408499598503113,4.347641468048096,0.543455183506012,0.45654481649398804,4.56765486039413e-08,0.3121682320755467,3.4657359027997265
lam1em4,正则族,44,0,8,8,256,0.6585928201675415,0.2839459478855133,0.5808618068695068,0.20134451985359192,-4.429093360900879,7.795536518096924,-13.815510749816895,1.9202567338943481,3,3,3,0.375,0.375,5,8,8,373.8787890609498,0.4408521354198456,4.348520755767822,0.5435650944709778,0.4564349055290222,4.57241706958608e-08,0.3121347448729921,3.4657359027997265
lam1em2,正则族,44,0,8,8,256,0.6663954257965088,0.23115460574626923,0.5821066498756409,0.17312851548194885,-0.9515587091445923,5.24285364151001,-13.815510749816895,1.7401527166366577,1,1,1,0.125,0.125,7,8,8,373.8787890609498,0.46198031306266785,5.156466960906982,0.6445583701133728,0.3554416298866272,7.433685761882498e-08,0.21992773263867482,3.4657359027997265
lam1em1,正则族,44,0,8,8,256,0.7915420532226562,0.2077387273311615,0.6696228981018066,0.14129970967769623,0.8869593739509583,0.3922123610973358,0.33780765533447266,1.4161818027496338,0,0,0,0.0,0.0,8,8,8,373.8787890609498,0.6016828417778015,6.176110744476318,0.7720138430595398,0.2279861569404602,0.0971386866048283,0.1347106882319142,3.4657359027997265
scalar,对照,44,0,8,8,256,0.8294036984443665,0.24544242024421692,0.7636526226997375,0.2585623860359192,1.3988114595413208,1.2744008870413381e-07,1.3988115787506104,1.3988115787506104,0,0,0,0.0,0.0,8,8,8,373.8787890609498,0.3131910264492035,7.042457580566406,0.8803071975708008,0.11969280242919922,0.19221787694710235,0.09449180732760774,3.4657359027997265
nobeta,对照,44,0,8,8,256,0.829403817653656,0.7219789028167725,0.9280576109886169,0.7053209543228149,0.0,0.0,0.0,0.0,0,0,0,0.0,0.0,5,8,8,373.8787890609498,0.4409661591053009,7.042457580566406,0.8803071975708008,0.11969280242919922,0.1922179134529273,0.09449186031368774,3.4657359027997265
unbound,基准,44,0,8,16,256,0.7623776197433472,0.20736604928970337,0.673269510269165,0.22079218924045563,-1.7751843929290771,6.0170817375183105,-13.815510749816895,1.9135892391204834,3,3,3,0.1875,0.1875,13,8,8,50.248640563561246,0.05874554067850113,10.919736862182617,0.6824835538864136,0.3175164461135864,7.598853824461683e-08,0.01818636587269195,2.772588722239781
box33,约束族,44,0,8,16,256,0.760535717010498,0.20777197182178497,0.6730648279190063,0.2219267636537552,0.25036895275115967,1.766496181488037,-3.0,1.9144079685211182,3,0,0,0.1875,0.0,13,8,8,50.248640563561246,0.05917753651738167,11.13770866394043,0.6961067914962769,0.30389320850372314,0.0038167790616439267,0.01818925030242149,2.772588722239781
box77,约束族,44,0,8,16,256,0.7623440027236938,0.2073727399110794,0.6732661724090576,0.22081351280212402,-0.49731889367103577,3.3059117794036865,-7.0,1.9136046171188354,3,3,0,0.1875,0.0,13,8,8,50.248640563561246,0.05875351279973984,10.926583290100098,0.6829114556312561,0.3170885443687439,6.930368939665133e-05,0.01818641996264861,2.772588722239781
box33_lam1em2,约束族,44,0,8,16,256,0.6956368088722229,0.17098093032836914,0.6071681380271912,0.20515033602714539,0.7264748215675354,0.7692591547966003,-0.7523159384727478,1.5819263458251953,0,0,0,0.0,0.0,16,8,8,50.248640563561246,0.09540457278490067,12.567493438720703,0.785468339920044,0.21453166007995605,0.06615168589041315,0.016491338966007792,2.772588722239781
noridge,正则族,44,0,8,16,256,0.7806427478790283,0.21083709597587585,0.6731804013252258,0.21987934410572052,-1.787493109703064,6.0167436599731445,-13.815510749816895,1.9583735466003418,3,3,3,0.1875,0.1875,13,8,8,50.248640563561246,0.055131178349256516,10.848227500915527,0.6780142188072205,0.32198578119277954,7.818154150360996e-08,0.018888102477333846,2.772588722239781
lam1em4,正则族,44,0,8,16,256,0.7787420153617859,0.2106010615825653,0.6736111640930176,0.21997416019439697,-1.7860770225524902,6.0168046951293945,-13.815510749816895,1.9537957906723022,3,3,3,0.1875,0.1875,13,8,8,50.248640563561246,0.05549682676792145,10.856404304504395,0.6785252690315247,0.32147473096847534,7.795093144503555e-08,0.018808097912053217,2.772588722239781
lam1em2,正则族,44,0,8,16,256,0.6958436369895935,0.1708415299654007,0.6074033379554749,0.20556466281414032,0.7259268760681152,0.7695284485816956,-0.7477864027023315,1.5815386772155762,0,0,0,0.0,0.0,16,8,8,50.248640563561246,0.09546911716461182,12.563122749328613,0.7851951718330383,0.21480482816696167,0.06575595998976695,0.016500898537939606,2.772588722239781
lam1em1,正则族,44,0,8,16,256,0.5968542695045471,0.18646402657032013,0.5182557106018066,0.12117539346218109,0.7009071111679077,0.27598443627357483,0.01746067777276039,1.252873420715332,0,0,0,0.0,0.0,16,8,8,50.248640563561246,0.21703480184078217,12.655937194824219,0.7909960746765137,0.20900392532348633,0.11221989100580039,0.016805810246881187,2.772588722239781
scalar,对照,44,0,8,16,256,0.5788793563842773,0.14335614442825317,0.4867928922176361,0.1504746824502945,0.9514274001121521,6.155941179031288e-08,0.9514273405075073,0.9514273405075073,0,0,0,0.0,0.0,16,8,8,50.248640563561246,0.12812314927577972,14.178266525268555,0.8861416578292847,0.11385834217071533,0.2032487501859333,0.011397257235616748,2.772588722239781
nobeta,对照,44,0,8,16,256,0.5788794755935669,0.6171095371246338,0.6410107016563416,0.5859635472297668,0.0,0.0,0.0,0.0,0,0,0,0.0,0.0,13,8,8,50.248640563561246,0.05874554067850113,14.178266525268555,0.8861416578292847,0.11385834217071533,0.20324873059256493,0.01139726937826008,2.772588722239781
unbound,基准,44,0,8,32,256,0.5765759348869324,0.11088390648365021,0.513486921787262,0.10279728472232819,0.3733137249946594,0.6897610425949097,-1.7776620388031006,1.2610745429992676,0,0,0,0.0,0.0,32,8,8,21.075616676955704,2.6837558834813535e-05,23.915281295776367,0.7473525404930115,0.2526474595069885,0.01371560430298342,0.017307741863258144,2.0794415416798357
box33,约束族,44,0,8,32,256,0.5766496658325195,0.10987278819084167,0.5132037401199341,0.10275445878505707,0.3858875632286072,0.6633305549621582,-1.6000250577926636,1.257313847541809,0,0,0,0.0,0.0,32,8,8,21.075616676955704,2.668968227226287e-05,24.086610794067383,0.7527065873146057,0.2472934126853943,0.01653675661525661,0.01723934897663234,2.0794415416798357
box77,约束族,44,0,8,32,256,0.5765758156776428,0.11081906408071518,0.5134809017181396,0.1027759537100792,0.37355539202690125,0.6892387866973877,-1.7741042375564575,1.2610057592391968,0,0,0,0.0,0.0,32,8,8,21.075616676955704,2.6835527023649774e-05,23.918439865112305,0.7474512457847595,0.2525487542152405,0.01376683806779322,0.017306495586501675,2.0794415416798357
box33_lam1em2,约束族,44,0,8,32,256,0.5761317014694214,0.11598368734121323,0.5096185803413391,0.10411413758993149,0.4685151278972626,0.46060559153556824,-0.6853485703468323,1.159618854522705,0,0,0,0.0,0.0,32,8,8,21.075616676955704,0.0012236653128638864,25.51290512084961,0.7972782850265503,0.2027217149734497,0.052298019869550225,0.016794395058273,2.0794415416798357
noridge,正则族,44,0,8,32,256,0.5775265097618103,0.11606448888778687,0.5141092538833618,0.10850430279970169,0.34783822298049927,0.7570746541023254,-2.2094881534576416,1.2740120887756348,0,0,0,0.0,0.0,32,8,8,21.075616676955704,2.6020979930763133e-06,23.641483306884766,0.7387963533401489,0.2612036466598511,0.008759459846988253,0.01738543159916914,2.0794415416798357
lam1em4,正则族,44,0,8,32,256,0.5774373412132263,0.11552619189023972,0.5140448212623596,0.10791920125484467,0.3508279621601105,0.7488730549812317,-2.1553544998168945,1.2726988792419434,0,0,0,0.0,0.0,32,8,8,21.075616676955704,3.800247441176907e-06,23.670372009277344,0.739699125289917,0.260300874710083,0.009262441871359404,0.017377392065407084,2.0794415416798357
lam1em2,正则族,44,0,8,32,256,0.5759769678115845,0.11759170144796371,0.5096304416656494,0.10407395660877228,0.46506747603416443,0.4657694101333618,-0.697920024394989,1.1617273092269897,0,0,0,0.0,0.0,32,8,8,21.075616676955704,0.0012241823133081198,25.436655044555664,0.7948954701423645,0.2051045298576355,0.05049754926297356,0.016824311219811584,2.0794415416798357
lam1em1,正则族,44,0,8,32,256,0.5668005347251892,0.10873810201883316,0.4907369911670685,0.08340191096067429,0.4607354402542114,0.23243355751037598,-0.19654947519302368,0.8597478866577148,0,0,0,0.0,0.0,32,8,8,21.075616676955704,0.031098870560526848,25.80503273010254,0.8064072728157043,0.19359272718429565,0.093725114766385,0.016697279300785087,2.0794415416798357
scalar,对照,44,0,8,32,256,0.5753671526908875,0.08737396448850632,0.4745432436466217,0.10580254346132278,0.5485372543334961,0.0,0.5485372543334961,0.5485372543334961,0,0,0,0.0,0.0,32,8,8,21.075616676955704,0.027848923578858376,27.41663932800293,0.8567699790000916,0.14323002099990845,0.14906233896289897,0.014183465123250956,2.0794415416798357
nobeta,对照,44,0,8,32,256,0.5753672122955322,0.40688031911849976,0.5284071564674377,0.3973027765750885,0.0,0.0,0.0,0.0,0,0,0,0.0,0.0,32,8,8,21.075616676955704,2.6837558834813535e-05,27.4166259765625,0.8567695617675781,0.14323043823242188,0.1490623600262048,0.014183452980607626,2.0794415416798357
unbound,基准,44,0,8,64,256,0.5666017532348633,0.11000766605138779,0.5030583739280701,0.08076179027557373,-0.11908446252346039,0.6368240714073181,-2.005439043045044,0.9971432685852051,0,0,0,0.0,0.0,64,8,8,18.28953311381484,6.362390649883309e-07,34.559669494628906,0.5399948358535767,0.46000516414642334,0.005348561407018947,0.020811029137321812,1.3862943611198906
box33,约束族,44,0,8,64,256,0.5654112696647644,0.10871147364377975,0.5016109347343445,0.07745897769927979,-0.0897037535905838,0.5922412872314453,-1.7565712928771973,0.9761579036712646,0,0,0,0.0,0.0,64,8,8,18.28953311381484,6.335616262731492e-07,35.207462310791016,0.5501165986061096,0.4498834013938904,0.007005398434095063,0.020820518061146973,1.3862943611198906
box77,约束族,44,0,8,64,256,0.566580057144165,0.11000298708677292,0.503032386302948,0.08070095628499985,-0.11851608008146286,0.6359402537345886,-2.0002801418304443,0.996762752532959,0,0,0,0.0,0.0,64,8,8,18.28953311381484,6.361527198350814e-07,34.57160568237305,0.5401813387870789,0.45981866121292114,0.005378271243797369,0.020811245497148446,1.3862943611198906
box33_lam1em2,约束族,44,0,8,64,256,0.5606169104576111,0.09309693425893784,0.49467411637306213,0.0673983171582222,0.033027533441782,0.4136556088924408,-0.9420433044433594,0.8475494384765625,0,0,0,0.0,0.0,64,8,8,18.28953311381484,4.509370410232805e-05,38.63174819946289,0.6036210656166077,0.39637893438339233,0.017744540374224512,0.020928236554016533,1.3862943611198906
noridge,正则族,44,0,8,64,256,0.5676292777061462,0.11037129163742065,0.5042362213134766,0.08315249532461166,-0.14447349309921265,0.6786184906959534,-2.2615222930908203,1.0135624408721924,0,0,0,0.0,0.0,64,8,8,18.28953311381484,2.349848315930103e-08,34.05752944946289,0.5321488976478577,0.46785110235214233,0.004073279313137787,0.020791503766844913,1.3862943611198906
lam1em4,正则族,44,0,8,64,256,0.5675258040428162,0.11033342778682709,0.5041157603263855,0.0829077810049057,-0.14175720512866974,0.6740405559539795,-2.2322757244110107,1.011904239654541,0,0,0,0.0,0.0,64,8,8,18.28953311381484,4.24315480529458e-08,34.10887908935547,0.5329512357711792,0.4670487642288208,0.004201075972897642,0.020793585678237917,1.3862943611198906
lam1em2,正则族,44,0,8,64,256,0.5607573986053467,0.09298046678304672,0.49541667103767395,0.06981456279754639,0.01949632540345192,0.4315592646598816,-1.0138744115829468,0.8645376563072205,0,0,0,0.0,0.0,64,8,8,18.28953311381484,4.510769940679893e-05,38.19217300415039,0.5967527031898499,0.40324729681015015,0.016377679619156624,0.020926655802630117,1.3862943611198906
lam1em1,正则族,44,0,8,64,256,0.5576730370521545,0.07184237241744995,0.48290443420410156,0.04952153190970421,0.19700869917869568,0.14550316333770752,-0.16973967850208282,0.5167803764343262,0,0,0,0.0,0.0,64,8,8,18.28953311381484,0.0023727884981781244,45.63145065307617,0.7129914164543152,0.2870085835456848,0.04721048126233068,0.021435127888256036,1.3862943611198906
scalar,对照,44,0,8,64,256,0.5576448440551758,0.07500580698251724,0.48416176438331604,0.05208121985197067,0.26055189967155457,0.0,0.26055189967155457,0.26055189967155457,0,0,0,0.0,0.0,64,8,8,18.28953311381484,0.0051703546196222305,48.918331146240234,0.7643489241600037,0.23565107583999634,0.07197325808074456,0.021280141396527317,1.3862943611198906
nobeta,对照,44,0,8,64,256,0.557644784450531,0.2189767062664032,0.5049423575401306,0.2140912115573883,0.0,0.0,0.0,0.0,0,0,0,0.0,0.0,64,8,8,18.28953311381484,6.362390649883309e-07,48.918331146240234,0.7643489241600037,0.23565107583999634,0.07197325808074456,0.021280128150007318,1.3862943611198906
unbound,基准,44,0,16,8,256,0.5873842239379883,0.3500187397003174,0.5534694790840149,0.20168554782867432,-2.603679656982422,6.93792200088501,-13.815510749816895,1.6629782915115356,2,2,2,0.25,0.25,6,8,8,33.17517688605715,1.708784818649292,5.395122051239014,0.6743902564048767,0.3256097435951233,6.415894659307668e-08,0.4184137464623006,3.4657359027997265
box33,约束族,44,0,16,8,256,0.5865671634674072,0.34591853618621826,0.5534525513648987,0.20292063057422638,0.09933164715766907,1.9739526510238647,-3.0,1.6544084548950195,2,0,0,0.25,0.0,6,8,8,33.17517688605715,1.7161126136779785,5.4756550788879395,0.6844568848609924,0.31554311513900757,0.0031921326142835276,0.4119416395409488,3.4657359027997265
box77,约束族,44,0,16,8,256,0.5873823165893555,0.34994345903396606,0.5534709095954895,0.20167553424835205,-0.8998167514801025,3.797760486602783,-7.0,1.6626126766204834,2,2,0,0.25,0.0,6,8,8,33.17517688605715,1.708916425704956,5.397511959075928,0.674688994884491,0.32531100511550903,5.850465768819372e-05,0.4184098648552954,3.4657359027997265
box33_lam1em2,约束族,44,0,16,8,256,0.5836988687515259,0.3272322118282318,0.5545785427093506,0.1968650072813034,0.3640677332878113,1.5721298456192017,-3.0,1.6244831085205078,1,0,0,0.125,0.0,7,8,8,33.17517688605715,1.7326760292053223,5.676036834716797,0.7095046043395996,0.2904953956604004,0.0032924549968211614,0.3758444361392752,3.4657359027997265
noridge,正则族,44,0,16,8,256,0.5873571634292603,0.3548206686973572,0.5533549785614014,0.20044730603694916,-2.603614091873169,6.938431739807129,-13.815510749816895,1.6655874252319336,2,2,2,0.25,0.25,6,8,8,33.17517688605715,1.7086716890335083,5.395892143249512,0.674486517906189,0.32551348209381104,6.386805361416745e-08,0.41844330639257105,3.4657359027997265
lam1em4,正则族,44,0,16,8,256,0.5873597264289856,0.35432806611061096,0.5533665418624878,0.20057299733161926,-2.603616714477539,6.938381671905518,-13.815510749816895,1.6653244495391846,2,2,2,0.25,0.25,6,8,8,33.17517688605715,1.7086732387542725,5.395834922790527,0.6744793653488159,0.3255206346511841,6.389758000068703e-08,0.41844017124845145,3.4657359027997265
lam1em2,正则族,44,0,16,8,256,0.583892822265625,0.3272817134857178,0.554440438747406,0.19617769122123718,-0.9711693525314331,5.243812561035156,-13.815510749816895,1.624798059463501,1,1,1,0.125,0.125,7,8,8,33.17517688605715,1.727684736251831,5.67240047454834,0.7090500593185425,0.2909499406814575,6.613888257956938e-08,0.3750257405284274,3.4657359027997265
lam1em1,正则族,44,0,16,8,256,0.6038407683372498,0.3164362609386444,0.5519700646400452,0.2240922898054123,0.6472875475883484,0.9050806164741516,-1.4739097356796265,1.4534695148468018,0,0,0,0.0,0.0,8,8,8,33.17517688605715,1.917474627494812,5.9999213218688965,0.7499901652336121,0.25000983476638794,0.013930735818933837,0.357239819117039,3.4657359027997265
scalar,对照,44,0,16,8,256,0.6224510073661804,0.2495059370994568,0.5385053157806396,0.19809919595718384,1.3113784790039062,0.0,1.3113784790039062,1.3113784790039062,0,0,0,0.0,0.0,8,8,8,33.17517688605715,0.19401589035987854,6.989962577819824,0.873745322227478,0.12625467777252197,0.14829632831665962,0.3446507971974078,3.4657359027997265
nobeta,对照,44,0,16,8,256,0.6224508881568909,0.7500603795051575,0.7887063026428223,0.7186233997344971,0.0,0.0,0.0,0.0,0,0,0,0.0,0.0,6,8,8,33.17517688605715,1.708784818649292,6.989962577819824,0.873745322227478,0.12625467777252197,0.14829632831665962,0.3446507971974078,3.4657359027997265
unbound,基准,44,0,16,16,256,0.6823830604553223,0.22637955844402313,0.6073530316352844,0.12212955206632614,-5.399972438812256,7.675547122955322,-13.815510749816895,1.8816940784454346,7,7,7,0.4375,0.4375,9,16,16,2599.0523943444878,0.364579975605011,7.8061089515686035,0.4878818094730377,0.5121181905269623,7.333336165363388e-08,0.38511854079436514,2.772588722239781
box33,约束族,44,0,16,16,256,0.6492696404457092,0.23087778687477112,0.5837519764900208,0.11299987882375717,-0.6706670522689819,2.1563608646392822,-3.0,1.8776177167892456,7,0,0,0.4375,0.0,9,16,16,2599.0523943444878,0.3699378967285156,8.149737358093262,0.5093585848808289,0.49064141511917114,0.0037252306422157857,0.3575150897471581,2.772588722239781
box77,约束族,44,0,16,16,256,0.6823636889457703,0.22659146785736084,0.6073367595672607,0.12196257710456848,-2.4182260036468506,4.192196369171143,-7.0,1.8816194534301758,7,7,0,0.4375,0.0,9,16,16,2599.0523943444878,0.3646691143512726,7.816590309143066,0.48853689432144165,0.5114631056785583,6.689575049031394e-05,0.38512182523106187,2.772588722239781
box33_lam1em2,约束族,44,0,16,16,256,0.6267290115356445,0.22624266147613525,0.5253075361251831,0.09921546280384064,-0.5183330774307251,2.009890556335449,-3.0,1.8325941562652588,5,0,0,0.3125,0.0,11,16,16,2599.0523943444878,0.38087135553359985,8.449363708496094,0.5280852317810059,0.47191476821899414,0.003857139191694831,0.2731054896372964,2.772588722239781
noridge,正则族,44,0,16,16,256,0.6824027895927429,0.22837206721305847,0.607336699962616,0.12241099774837494,-5.400398254394531,7.675245761871338,-13.815510749816895,1.8864388465881348,7,7,7,0.4375,0.4375,9,16,16,2599.0523943444878,0.36453139781951904,7.797117233276367,0.48731982707977295,0.512680172920227,7.324134265746374e-08,0.38515957137097784,2.772588722239781
lam1em4,正则族,44,0,16,16,256,0.6824000477790833,0.22816364467144012,0.6073384284973145,0.1223834976553917,-5.400351047515869,7.67527961730957,-13.815510749816895,1.8859624862670898,7,7,7,0.4375,0.4375,9,16,16,2599.0523943444878,0.36453184485435486,7.798069000244141,0.4873793125152588,0.5126206874847412,7.325109120398361e-08,0.3851551921220489,2.772588722239781
lam1em2,正则族,44,0,16,16,256,0.6295342445373535,0.22628550231456757,0.5273230075836182,0.1001845970749855,-3.1864755153656006,6.470734596252441,-13.815510749816895,1.8323806524276733,4,4,4,0.25,0.25,12,16,16,2599.0523943444878,0.3789919912815094,8.353809356689453,0.5221130847930908,0.4778869152069092,7.783864482614873e-08,0.26130109973883275,2.772588722239781
lam1em1,正则族,44,0,16,16,256,0.5393387675285339,0.17558303475379944,0.48443013429641724,0.10502053052186966,0.33578866720199585,0.8309569954872131,-1.4439400434494019,1.4463659524917603,0,0,0,0.0,0.0,16,16,16,2599.0523943444878,0.6861972808837891,10.661977767944336,0.666373610496521,0.333626389503479,0.021218537040669852,0.15576265615378262,2.772588722239781
scalar,对照,44,0,16,16,256,0.5841231346130371,0.14222344756126404,0.558061420917511,0.13572128117084503,0.9069551825523376,0.0,0.9069551825523376,0.9069551825523376,0,0,0,0.0,0.0,16,16,16,2599.0523943444878,0.13922278583049774,13.608808517456055,0.8505505323410034,0.14944946765899658,0.12087830983325808,0.11124011372110919,2.772588722239781
nobeta,对照,44,0,16,16,256,0.584123432636261,0.5886224508285522,0.6235153079032898,0.5698375701904297,0.0,0.0,0.0,0.0,0,0,0,0.0,0.0,9,16,16,2599.0523943444878,0.364579975605011,13.608808517456055,0.8505505323410034,0.14944946765899658,0.1208783101709789,0.11124018836739775,2.772588722239781
unbound,基准,44,0,16,32,256,0.482275128364563,0.0978301465511322,0.4130319654941559,0.06280103325843811,0.35534361004829407,0.8585547208786011,-2.8504371643066406,1.9157450199127197,0,0,0,0.0,0.0,32,16,16,39.982894534187345,0.006146563682705164,26.024805068969727,0.813275158405304,0.18672484159469604,0.008910361646931673,0.03367031570900581,2.0794415416798357
box33,约束族,44,0,16,32,256,0.4827118515968323,0.09579306095838547,0.41325655579566956,0.06268825381994247,0.3676702380180359,0.8213092088699341,-2.5486745834350586,1.9139413833618164,0,0,0,0.0,0.0,32,16,16,39.982894534187345,0.006083291489630938,26.10228729248047,0.8156964778900146,0.18430352210998535,0.012116666258837436,0.03361109632008025,2.0794415416798357
box77,约束族,44,0,16,32,256,0.4822957515716553,0.09778384119272232,0.4130519926548004,0.06281834095716476,0.35561028122901917,0.8577020168304443,-2.843564987182617,1.9157072305679321,0,0,0,0.0,0.0,32,16,16,39.982894534187345,0.0061454614624381065,26.0262393951416,0.813319981098175,0.18668001890182495,0.00897255493369042,0.033670253503765346,2.0794415416798357
box33_lam1em2,约束族,44,0,16,32,256,0.48985323309898376,0.10096678882837296,0.41932350397109985,0.05396031588315964,0.43110015988349915,0.6103148460388184,-1.4157079458236694,1.6885881423950195,0,0,0,0.0,0.0,32,16,16,39.982894534187345,0.023058060556650162,26.607833862304688,0.8314948081970215,0.16850519180297852,0.06665078611842806,0.032612008622137166,2.0794415416798357
noridge,正则族,44,0,16,32,256,0.48057082295417786,0.10634861141443253,0.41182395815849304,0.05852131545543671,0.007037371397018433,2.6032629013061523,-13.815510749816895,1.9461560249328613,1,1,1,0.03125,0.03125,31,16,16,39.982894534187345,0.004749060142785311,25.83304786682129,0.8072827458381653,0.19271725416183472,1.5173251755497442e-07,0.03396132737522537,2.0794415416798357
lam1em4,正则族,44,0,16,32,256,0.4807351529598236,0.10572946071624756,0.4119367003440857,0.057761672884225845,0.00777927041053772,2.602944850921631,-13.815510749816895,1.9430761337280273,1,1,1,0.03125,0.03125,31,16,16,39.982894534187345,0.004876663442701101,25.845399856567383,0.8076687455177307,0.1923312544822693,1.521390673515176e-07,0.03392481600933266,2.0794415416798357
lam1em2,正则族,44,0,16,32,256,0.4900123178958893,0.10103797167539597,0.41903436183929443,0.05388220027089119,0.43016666173934937,0.6103283166885376,-1.4035356044769287,1.6894625425338745,0,0,0,0.0,0.0,32,16,16,39.982894534187345,0.023097246885299683,26.587350845336914,0.8308547139167786,0.16914528608322144,0.06737593892124931,0.03265869676537044,2.0794415416798357
lam1em1,正则族,44,0,16,32,256,0.47972896695137024,0.09161609411239624,0.39997223019599915,0.06185659021139145,0.37728098034858704,0.4186698794364929,-0.931014895439148,1.052825689315796,0,0,0,0.0,0.0,32,16,16,39.982894534187345,0.1336672157049179,25.128276824951172,0.7852586507797241,0.21474134922027588,0.07820771968900923,0.03695952665792368,2.0794415416798357
scalar,对照,44,0,16,32,256,0.4385758638381958,0.08680649101734161,0.3732514977455139,0.10075223445892334,0.5065901875495911,0.0,0.5065901875495911,0.5065901875495911,0,0,0,0.0,0.0,32,16,16,39.982894534187345,0.04197225719690323,26.759685516357422,0.8362401723861694,0.16375982761383057,0.11004214083336933,0.02671125061396015,2.0794415416798357
nobeta,对照,44,0,16,32,256,0.43857672810554504,0.376556932926178,0.42834150791168213,0.3618561923503876,0.0,0.0,0.0,0.0,0,0,0,0.0,0.0,32,16,16,39.982894534187345,0.006146563682705164,26.75969123840332,0.8362403512001038,0.16375964879989624,0.11004215523364891,0.026711312819200615,2.0794415416798357
unbound,基准,44,0,16,64,256,0.4591827392578125,0.0797860249876976,0.3805510103702545,0.03388239070773125,-0.24889126420021057,1.8276838064193726,-13.815510749816895,0.9709380865097046,1,1,1,0.015625,0.015625,63,16,16,29.31768585955751,9.649910498410463e-05,38.92086410522461,0.6081385016441345,0.3918614983558655,5.554076597516993e-08,0.03734747586062659,1.3862943611198906
box33,约束族,44,0,16,64,256,0.45645853877067566,0.07806190848350525,0.3795328140258789,0.032974932342767715,-0.05812583118677139,0.6874093413352966,-3.0,0.9633477926254272,1,0,0,0.015625,0.0,63,16,16,29.31768585955751,9.454134851694107e-05,39.49308395385742,0.6170794367790222,0.3829205632209778,0.002786895224455603,0.0370554626900355,1.3862943611198906
box77,约束族,44,0,16,64,256,0.45913228392601013,0.07975451648235321,0.3805309534072876,0.03386596962809563,-0.1419828236103058,1.0631002187728882,-7.0,0.9708011746406555,1,1,0,0.015625,0.0,63,16,16,29.31768585955751,9.646180114941671e-05,38.9321403503418,0.6083146929740906,0.3916853070259094,5.065378330828489e-05,0.037342144871518476,1.3862943611198906
box33_lam1em2,约束族,44,0,16,64,256,0.4505290687084198,0.06276430189609528,0.38488197326660156,0.0308424960821867,0.09897233545780182,0.4075137972831726,-1.060086965560913,0.8646248579025269,0,0,0,0.0,0.0,64,16,16,29.31768585955751,0.0005464613204821944,43.31161880493164,0.6767440438270569,0.3232559561729431,0.020298310560532176,0.03532570601703089,1.3862943611198906
noridge,正则族,44,0,16,64,256,0.4625530540943146,0.08198967576026917,0.38200223445892334,0.034334637224674225,-0.28010135889053345,1.8425297737121582,-13.815510749816895,0.9843055009841919,1,1,1,0.015625,0.015625,63,16,16,29.31768585955751,7.583067053928971e-05,38.30645751953125,0.5985383987426758,0.4014616012573242,5.515071993212952e-08,0.037624012367389235,1.3862943611198906
lam1em4,正则族,44,0,16,64,256,0.4622010290622711,0.08176323771476746,0.3818530738353729,0.03428547456860542,-0.27666789293289185,1.8407747745513916,-13.815510749816895,0.9829468727111816,1,1,1,0.015625,0.015625,63,16,16,29.31768585955751,7.761195593047887e-05,38.37042999267578,0.5995379686355591,0.4004620313644409,5.519154874688016e-08,0.03759561256485355,1.3862943611198906
lam1em2,正则族,44,0,16,64,256,0.45011383295059204,0.06374900043010712,0.38404297828674316,0.03136477246880531,0.09037017822265625,0.4192453920841217,-1.1259922981262207,0.8695024847984314,0,0,0,0.0,0.0,64,16,16,29.31768585955751,0.0005490024923346937,43.03014373779297,0.6723459959030151,0.32765400409698486,0.018914485610021646,0.035492751969783735,1.3862943611198906
lam1em1,正则族,44,0,16,64,256,0.44149115681648254,0.05112174525856972,0.3834303617477417,0.03162916377186775,0.1968006044626236,0.19486936926841736,-0.3970022201538086,0.563927173614502,0,0,0,0.0,0.0,64,16,16,29.31768585955751,0.011870614252984524,46.861236572265625,0.7322068214416504,0.2677931785583496,0.036567716670004864,0.034211653703916815,1.3862943611198906
scalar,对照,44,0,16,64,256,0.42669203877449036,0.06357669085264206,0.3631446957588196,0.04633977264165878,0.2266453206539154,1.5018958521295644e-08,0.2266453057527542,0.2266453057527542,0,0,0,0.0,0.0,64,16,16,29.31768585955751,0.007052266038954258,47.65779113769531,0.7446529865264893,0.25534701347351074,0.04078978029949684,0.03141913604882605,1.3862943611198906
nobeta,对照,44,0,16,64,256,0.4266916811466217,0.20203916728496552,0.3662363290786743,0.1957172304391861,0.0,0.0,0.0,0.0,0,0,0,0.0,0.0,63,16,16,29.31768585955751,9.649910498410463e-05,47.6578254699707,0.7446535229682922,0.25534647703170776,0.04078979111128648,0.03141910183594379,1.3862943611198906
unbound,基准,44,0,32,8,256,0.5237090587615967,0.22837193310260773,0.46602100133895874,0.17448869347572327,0.5910585522651672,1.1350234746932983,-1.9879800081253052,1.6344414949417114,0,0,0,0.0,0.0,8,8,8,11.24056284860845,3.0856447219848633,5.762458801269531,0.7203073501586914,0.2796926498413086,0.005648612296186919,0.4537116340677733,3.4657359027997265
box33,约束族,44,0,32,8,256,0.5237090587615967,0.22837193310260773,0.46602100133895874,0.17448869347572327,0.5910584926605225,1.1350234746932983,-1.9879802465438843,1.6344414949417114,0,0,0,0.0,0.0,8,8,8,11.24056284860845,3.0856447219848633,5.762458801269531,0.7203073501586914,0.2796926498413086,0.0056486107993751035,0.4537116340677733,3.4657359027997265
box77,约束族,44,0,32,8,256,0.5237090587615967,0.2283722311258316,0.46602094173431396,0.17448849976062775,0.5910574197769165,1.135025978088379,-1.987987756729126,1.63444185256958,0,0,0,0.0,0.0,8,8,8,11.24056284860845,3.0856447219848633,5.762457847595215,0.7203072309494019,0.27969276905059814,0.005648567224925531,0.45371174056856,3.4657359027997265
box33_lam1em2,约束族,44,0,32,8,256,0.5181006193161011,0.2278207391500473,0.4609360098838806,0.19248859584331512,0.7027990221977234,0.8431711196899414,-1.0902658700942993,1.5807225704193115,0,0,0,0.0,0.0,8,8,8,11.24056284860845,3.0916075706481934,5.838703155517578,0.7298378944396973,0.27016210556030273,0.013702795277000903,0.4454469600166273,3.4657359027997265
noridge,正则族,44,0,32,8,256,0.5246632695198059,0.2286083847284317,0.4668905735015869,0.1717173010110855,0.5653903484344482,1.202790379524231,-2.193027973175049,1.6410143375396729,0,0,0,0.0,0.0,8,8,8,11.24056284860845,3.0855703353881836,5.751228332519531,0.7189035415649414,0.2810964584350586,0.004608131949977238,0.45625636386569196,3.4657359027997265
lam1em4,正则族,44,0,32,8,256,0.5245667695999146,0.2285812795162201,0.4668024480342865,0.1719977855682373,0.5682457685470581,1.195236325263977,-2.170226812362671,1.6403511762619019,0,0,0,0.0,0.0,8,8,8,11.24056284860845,3.085570812225342,5.752392768859863,0.7190490961074829,0.2809509038925171,0.004713714849335558,0.4559823018411958,3.4657359027997265
lam1em2,正则族,44,0,32,8,256,0.5181006789207458,0.2278207391500473,0.4609360098838806,0.19248859584331512,0.7027989029884338,0.8431711196899414,-1.0902658700942993,1.5807225704193115,0,0,0,0.0,0.0,8,8,8,11.24056284860845,3.0916075706481934,5.8387041091918945,0.7298380136489868,0.2701619863510132,0.013702795277000903,0.4454469600166273,3.4657359027997265
lam1em1,正则族,44,0,32,8,256,0.5087374448776245,0.2355811595916748,0.4534832835197449,0.14170177280902863,0.838097095489502,0.4469440281391144,0.1354718804359436,1.3606318235397339,0,0,0,0.0,0.0,8,8,8,11.24056284860845,3.2684242725372314,6.054028034210205,0.7567535042762756,0.24324649572372437,0.045131501194027375,0.4441303617909164,3.4657359027997265
scalar,对照,44,0,32,8,256,0.5111125707626343,0.19262157380580902,0.44314706325531006,0.2085588127374649,1.2803839445114136,1.2744008870413381e-07,1.280383825302124,1.280383825302124,0,0,0,0.0,0.0,8,8,8,11.24056284860845,0.13954639434814453,7.007107734680176,0.875888466835022,0.12411153316497803,0.13413055209306451,0.4502906512969741,3.4657359027997265
nobeta,对照,44,0,32,8,256,0.511112630367279,0.714633584022522,0.7232346534729004,0.7010728120803833,0.0,0.0,0.0,0.0,0,0,0,0.0,0.0,8,8,8,11.24056284860845,3.0856447219848633,7.007107734680176,0.875888466835022,0.12411153316497803,0.13413053794890178,0.4502906157967118,3.4657359027997265
unbound,基准,44,0,32,16,256,0.42082393169403076,0.14938557147979736,0.3711200952529907,0.091780886054039,-0.7298389673233032,3.8655388355255127,-13.815510749816895,1.627202033996582,2,1,1,0.125,0.0625,15,16,16,20.807175396538977,0.858325719833374,10.781389236450195,0.6738368272781372,0.3261631727218628,7.53410248282313e-08,0.2807254237186632,2.772588722239781
box33,约束族,44,0,32,16,256,0.41941386461257935,0.15070974826812744,0.37081611156463623,0.09060944616794586,0.09454984217882156,1.4318552017211914,-3.0,1.6250100135803223,2,0,0,0.125,0.0,14,16,16,20.807175396538977,0.8631798624992371,10.868104934692383,0.6792565584182739,0.3207434415817261,0.0037418211687012936,0.27918504958991974,2.772588722239781
box77,约束族,44,0,32,16,256,0.4208216965198517,0.14940732717514038,0.37112128734588623,0.09178288280963898,-0.3039800226688385,2.440321445465088,-7.0,1.6272262334823608,2,1,0,0.125,0.0,15,16,16,20.807175396538977,0.858411967754364,10.782438278198242,0.6739023923873901,0.32609760761260986,6.869633247715244e-05,0.2807267017281039,2.772588722239781
box33_lam1em2,约束族,44,0,32,16,256,0.41007617115974426,0.14529146254062653,0.359369695186615,0.08351793140172958,0.2766724228858948,1.1456190347671509,-3.0,1.5606306791305542,1,0,0,0.0625,0.0,15,16,16,20.807175396538977,0.8797374367713928,11.48816967010498,0.7180106043815613,0.2819893956184387,0.003762486594948764,0.2655638474701017,2.772588722239781
noridge,正则族,44,0,32,16,256,0.42438384890556335,0.1479065716266632,0.37246429920196533,0.09129657596349716,-1.2732298374176025,4.9628777503967285,-13.815510749816895,1.632325530052185,2,2,2,0.125,0.125,14,16,16,20.807175396538977,0.8580849766731262,10.700844764709473,0.668802797794342,0.33119720220565796,7.53450073462717e-08,0.2826147654252301,2.772588722239781
lam1em4,正则族,44,0,32,16,256,0.4239758551120758,0.14805445075035095,0.3723233938217163,0.09179432690143585,-1.2716288566589355,4.962893486022949,-13.815510749816895,1.6318458318710327,2,2,2,0.125,0.125,14,16,16,20.807175396538977,0.8580877780914307,10.708491325378418,0.6692807078361511,0.3307192921638489,7.534389406142686e-08,0.2824105679168232,2.772588722239781
lam1em2,正则族,44,0,32,16,256,0.41019365191459656,0.145379438996315,0.3598548471927643,0.08652666211128235,-0.39811304211616516,3.6540212631225586,-13.815510749816895,1.5592634677886963,1,1,1,0.0625,0.0625,15,16,16,20.807175396538977,0.8750535249710083,11.455001831054688,0.715937614440918,0.28406238555908203,7.592760723235494e-08,0.26612414810904245,2.772588722239781
lam1em1,正则族,44,0,32,16,256,0.41508105397224426,0.14908768236637115,0.350751131772995,0.09403211623430252,0.4817321300506592,0.6077992916107178,-1.3096932172775269,1.2011046409606934,0,0,0,0.0,0.0,16,16,16,20.807175396538977,1.1448487043380737,12.293374061584473,0.7683358788490295,0.23166412115097046,0.018582284718564792,0.2538201654695245,2.772588722239781
scalar,对照,44,0,32,16,256,0.4199947416782379,0.16423572599887848,0.35497936606407166,0.15373246371746063,0.8284176588058472,6.155941179031288e-08,0.8284175992012024,0.8284175992012024,0,0,0,0.0,0.0,16,16,16,20.807175396538977,0.0736871212720871,14.097016334533691,0.8810635209083557,0.11893647909164429,0.14028386669906778,0.25276779569566915,2.772588722239781
nobeta,对照,44,0,32,16,256,0.41999462246894836,0.5490916967391968,0.4839012026786804,0.5373724699020386,0.0,0.0,0.0,0.0,0,0,0,0.0,0.0,15,16,16,20.807175396538977,0.858325719833374,14.097016334533691,0.8810635209083557,0.11893647909164429,0.14028390377820377,0.25276779569566915,2.772588722239781
unbound,基准,44,0,32,32,256,0.47501614689826965,0.11455123126506805,0.3920913338661194,0.027935931459069252,-1.3072831630706787,4.3167195320129395,-13.815510749816895,1.5897467136383057,5,3,3,0.15625,0.09375,29,32,32,724.431218740644,0.21345074474811554,20.588199615478516,0.6433812379837036,0.3566187620162964,1.0661619815023304e-07,0.1413698897993549,2.0794415416798357
box33,约束族,44,0,32,32,256,0.4720228910446167,0.11440303921699524,0.390742689371109,0.02806673012673855,-0.24891817569732666,1.55837082862854,-3.0,1.5930461883544922,3,0,0,0.09375,0.0,29,32,32,724.431218740644,0.2148589938879013,20.91278076171875,0.6535243988037109,0.34647560119628906,0.005234402308094719,0.14025620219754475,2.0794415416798357
box77,约束族,44,0,32,32,256,0.475008487701416,0.11455096304416656,0.39210832118988037,0.02793877385556698,-0.667034924030304,2.489954948425293,-7.0,1.5898034572601318,5,3,0,0.15625,0.0,29,32,32,724.431218740644,0.21347622573375702,20.59747314453125,0.6436710357666016,0.35632896423339844,9.722796382632134e-05,0.14135848534011017,2.0794415416798357
box33_lam1em2,约束族,44,0,32,32,256,0.424078106880188,0.10195156186819077,0.34582623839378357,0.03488071635365486,0.025906331837177277,1.2192635536193848,-3.0,1.3824965953826904,3,0,0,0.09375,0.0,29,32,32,724.431218740644,0.23631098866462708,22.81120491027832,0.7128501534461975,0.2871498465538025,0.005479649684454495,0.11462979652028983,2.0794415416798357
noridge,正则族,44,0,32,32,256,0.47701483964920044,0.11238230764865875,0.39240410923957825,0.03192998096346855,-2.0116004943847656,5.297285556793213,-13.815510749816895,1.6189974546432495,7,5,5,0.21875,0.15625,27,32,32,724.431218740644,0.21209129691123962,20.281064987182617,0.6337832808494568,0.3662167191505432,8.845998420163337e-08,0.1440596825438535,2.0794415416798357
lam1em4,正则族,44,0,32,32,256,0.4770177900791168,0.11256342381238937,0.39233607053756714,0.03147117421030998,-2.0096662044525146,5.297216892242432,-13.815510749816895,1.6164538860321045,7,5,5,0.21875,0.15625,27,32,32,724.431218740644,0.2121753841638565,20.292116165161133,0.6341286301612854,0.3658713698387146,8.846779959856534e-08,0.14388573125887538,2.0794415416798357
lam1em2,正则族,44,0,32,32,256,0.42632338404655457,0.1051543727517128,0.3481399118900299,0.03423548489809036,-0.6738228797912598,3.594231367111206,-13.815510749816895,1.379558801651001,3,2,2,0.09375,0.0625,30,32,32,724.431218740644,0.23483043909072876,22.57277488708496,0.705399215221405,0.29460078477859497,1.2008182647331773e-07,0.11517373153833772,2.0794415416798357
lam1em1,正则族,44,0,32,32,256,0.33573395013809204,0.10407491773366928,0.29207172989845276,0.06971853226423264,0.3041988015174866,0.4289957880973816,-0.7509455680847168,0.9479756355285645,0,0,0,0.0,0.0,32,32,32,724.431218740644,0.42951327562332153,24.565454483032227,0.7676704525947571,0.23232954740524292,0.047098401497559415,0.07594540038366132,2.0794415416798357
scalar,对照,44,0,32,32,256,0.33924970030784607,0.10639064759016037,0.2927416265010834,0.0988713875412941,0.47084829211235046,3.027918893394599e-08,0.4708482623100281,0.4708482623100281,0,0,0,0.0,0.0,32,32,32,724.431218740644,0.03468228504061699,26.793380737304688,0.8372931480407715,0.16270685195922852,0.09555333012417287,0.066335971961315,2.0794415416798357
nobeta,对照,44,0,32,32,256,0.33924880623817444,0.38676512241363525,0.35409706830978394,0.35774996876716614,0.0,0.0,0.0,0.0,0,0,0,0.0,0.0,29,32,32,724.431218740644,0.21345074474811554,26.793386459350586,0.8372933268547058,0.1627066731452942,0.09555331362972147,0.06633599858651168,2.0794415416798357
unbound,基准,44,0,32,64,256,0.31706875562667847,0.061526473611593246,0.2868792712688446,0.009373159147799015,-0.29551708698272705,1.912647008895874,-13.815510749816895,1.2614682912826538,2,1,1,0.03125,0.015625,63,32,32,83.15043704184257,0.0041979216039180756,38.213314056396484,0.5970830321311951,0.40291696786880493,7.7840255394582e-08,0.0731021932558907,1.3862943611198906
box33,约束族,44,0,32,64,256,0.31499385833740234,0.06003778055310249,0.2853237986564636,0.009515445679426193,-0.08481331914663315,0.8035510778427124,-3.0,1.2565102577209473,2,0,0,0.03125,0.0,62,32,32,83.15043704184257,0.004216335713863373,38.89756393432617,0.6077744364738464,0.39222556352615356,0.003935902433944563,0.07153526936852417,1.3862943611198906
box77,约束族,44,0,32,64,256,0.31703680753707886,0.06148805469274521,0.28685545921325684,0.009373039938509464,-0.18849293887615204,1.2069453001022339,-7.0,1.261368751525879,2,1,0,0.03125,0.0,63,32,32,83.15043704184257,0.004197586793452501,38.2247314453125,0.5972614288330078,0.4027385711669922,7.099505017636012e-05,0.07307920683609001,1.3862943611198906
box33_lam1em2,约束族,44,0,32,64,256,0.3066331148147583,0.054032012820243835,0.27206626534461975,0.011976903304457664,0.08106430619955063,0.5442706942558289,-2.1998322010040283,1.1096501350402832,0,0,0,0.0,0.0,64,32,32,83.15043704184257,0.00845370814204216,43.25278854370117,0.6758248209953308,0.3241751790046692,0.009334055844831797,0.05931927856650194,1.3862943611198906
noridge,正则族,44,0,32,64,256,0.3187641203403473,0.06399475783109665,0.2905437648296356,0.008839796297252178,-0.47465449571609497,2.510157585144043,-13.815510749816895,1.28151535987854,2,2,2,0.03125,0.03125,62,32,32,83.15043704184257,0.0038308098446577787,37.44935989379883,0.5851462483406067,0.4148537516593933,7.70665394587627e-08,0.07512420831751565,1.3862943611198906
lam1em4,正则族,44,0,32,64,256,0.31859633326530457,0.0637182667851448,0.2900000214576721,0.008878928609192371,-0.47106799483299255,2.5092978477478027,-13.815510749816895,1.2794557809829712,2,2,2,0.03125,0.03125,62,32,32,83.15043704184257,0.003865128383040428,37.52288818359375,0.5862951278686523,0.41370487213134766,7.713323676869122e-08,0.074922123074712,1.3862943611198906
lam1em2,正则族,44,0,32,64,256,0.30685925483703613,0.05510535463690758,0.27196764945983887,0.011927811428904533,0.07003153860569,0.5715153813362122,-2.516965389251709,1.1126288175582886,0,0,0,0.0,0.0,64,32,32,83.15043704184257,0.008465283550322056,42.990440368652344,0.6717256307601929,0.32827436923980713,0.006757255132265342,0.05987424529104105,1.3862943611198906
lam1em1,正则族,44,0,32,64,256,0.2864215075969696,0.059601303189992905,0.25489363074302673,0.017354842275381088,0.18504971265792847,0.1896742582321167,-0.40272679924964905,0.6471924185752869,0,0,0,0.0,0.0,64,32,32,83.15043704184257,0.05113605409860611,46.8823356628418,0.7325364947319031,0.2674635052680969,0.033236659515900935,0.04570952971878923,1.3862943611198906
scalar,对照,44,0,32,64,256,0.2751709222793579,0.05485913157463074,0.24321283400058746,0.03370141610503197,0.20505821704864502,0.0,0.20505821704864502,0.20505821704864502,0,0,0,0.0,0.0,64,32,32,83.15043704184257,0.005435694474726915,47.210693359375,0.7376670837402344,0.2623329162597656,0.03530593055664404,0.04432047545784561,1.3862943611198906
nobeta,对照,44,0,32,64,256,0.27517035603523254,0.1922530084848404,0.2683677673339844,0.176574245095253,0.0,0.0,0.0,0.0,0,0,0,0.0,0.0,63,32,32,83.15043704184257,0.0041979216039180756,47.210693359375,0.7376670837402344,0.2623329162597656,0.035305927512670886,0.04432046214524727,1.3862943611198906
unbound,基准,44,1,8,8,256,0.7079119086265564,0.3516393303871155,0.6692724823951721,0.26890090107917786,-2.655515670776367,6.970739841461182,-13.815510749816895,2.3145804405212402,2,2,2,0.25,0.25,6,8,8,41.60149940837609,4.59559440612793,4.128879547119141,0.5161099433898926,0.4838900566101074,1.368620234988036e-07,0.24986689958321925,3.4657359027997265
box33,约束族,44,1,8,8,256,0.7081477642059326,0.3524128794670105,0.6690924167633057,0.2669491171836853,0.04515647888183594,2.162003993988037,-3.0,2.3102855682373047,2,0,0,0.25,0.0,6,8,8,41.60149940837609,4.616846561431885,4.255220413208008,0.531902551651001,0.468097448348999,0.006841158172234931,0.2495307717423875,3.4657359027997265
box77,约束族,44,1,8,8,256,0.707916796207428,0.351653516292572,0.6692696213722229,0.2688649594783783,-0.9516960382461548,3.8834571838378906,-7.0,2.3145015239715576,2,2,0,0.25,0.0,6,8,8,41.60149940837609,4.595982551574707,4.132763385772705,0.5165954232215881,0.48340457677841187,0.00012481116463034604,0.24987025540841162,3.4657359027997265
box33_lam1em2,约束族,44,1,8,8,256,0.7618570923805237,0.283295601606369,0.7362638711929321,0.21731099486351013,0.5111054182052612,1.686191201210022,-3.0,2.130967855453491,1,0,0,0.125,0.0,7,8,8,41.60149940837609,4.814461708068848,5.427363395690918,0.6784204244613647,0.32157957553863525,0.008752816337195735,0.20625960814693134,3.4657359027997265
noridge,正则族,44,1,8,8,256,0.702649712562561,0.3690347373485565,0.680696427822113,0.2726718485355377,-2.7340588569641113,6.949435710906982,-13.815510749816895,2.337455987930298,2,2,2,0.25,0.25,6,8,8,41.60149940837609,4.59283971786499,3.9474940299987793,0.4934367537498474,0.5065632462501526,1.3378564756086434e-07,0.271434704199015,3.4657359027997265
lam1em4,正则族,44,1,8,8,256,0.7030158042907715,0.3666558861732483,0.6777580380439758,0.2722805142402649,-2.723942518234253,6.951958179473877,-13.815510749816895,2.3351128101348877,2,2,2,0.25,0.25,6,8,8,41.60149940837609,4.592869758605957,3.967484712600708,0.4959355890750885,0.5040644109249115,1.340976972379382e-07,0.26845454266301455,3.4657359027997265
lam1em2,正则族,44,1,8,8,256,0.7613786458969116,0.2819691598415375,0.7359989881515503,0.22056540846824646,-0.8361790180206299,5.321614742279053,-13.815510749816895,2.1326797008514404,1,1,1,0.125,0.125,7,8,8,41.60149940837609,4.800990104675293,5.3538818359375,0.6692352294921875,0.3307647705078125,1.7551858248285488e-07,0.2051624420741902,3.4657359027997265
lam1em1,正则族,44,1,8,8,256,0.8040545582771301,0.22669392824172974,0.773352324962616,0.17756542563438416,1.0117628574371338,0.39633360505104065,0.43415161967277527,1.5006911754608154,0,0,0,0.0,0.0,8,8,8,41.60149940837609,6.386247158050537,7.228934288024902,0.9036167860031128,0.09638321399688721,0.21237934910699993,0.11603299388598125,3.4657359027997265
scalar,对照,44,1,8,8,256,0.8913089036941528,0.2005348950624466,0.8500162959098816,0.17108915746212006,1.1565794944763184,0.0,1.1565794944763184,1.1565794944763184,0,0,0,0.0,0.0,8,8,8,41.60149940837609,0.06543397903442383,7.6446123123168945,0.9555765390396118,0.044423460960388184,0.34586018774251875,0.08642413922241818,3.4657359027997265
nobeta,对照,44,1,8,8,256,0.8913072943687439,0.6849533319473267,0.8692717552185059,0.7031838297843933,0.0,0.0,0.0,0.0,0,0,0,0.0,0.0,6,8,8,41.60149940837609,4.59559440612793,7.6446123123168945,0.9555765390396118,0.044423460960388184,0.34586018774251875,0.08642422836152484,3.4657359027997265
unbound,基准,44,1,8,16,256,0.6829975247383118,0.1934562772512436,0.6452317833900452,0.12278399616479874,0.42392799258232117,0.8347277045249939,-1.6005454063415527,1.7530394792556763,0,0,0,0.0,0.0,16,8,8,18.454358243140906,0.0003775042132474482,9.588582992553711,0.5992864370346069,0.40071356296539307,0.0052508392202574045,0.05371489009838396,2.772588722239781
box33,约束族,44,1,8,16,256,0.6834285259246826,0.1923716962337494,0.645537257194519,0.12217088043689728,0.43136775493621826,0.8189481496810913,-1.5079231262207031,1.75199294090271,0,0,0,0.0,0.0,16,8,8,18.454358243140906,0.00037763669388368726,9.610859870910645,0.6006787419319153,0.3993212580680847,0.005766450778352766,0.05356061652211802,2.772588722239781
box77,约束族,44,1,8,16,256,0.6830046772956848,0.1934363692998886,0.6452369093894958,0.12277282029390335,0.4240683913230896,0.8344253301620483,-1.5987846851348877,1.7530202865600586,0,0,0,0.0,0.0,16,8,8,18.454358243140906,0.0003775127697736025,9.58899211883545,0.5993120074272156,0.4006879925727844,0.0052601929131437805,0.05371223165561437,2.772588722239781
box33_lam1em2,约束族,44,1,8,16,256,0.6938680410385132,0.1824798285961151,0.6459414958953857,0.13702379167079926,0.5876482725143433,0.5555576682090759,-0.32272693514823914,1.6618136167526245,0,0,0,0.0,0.0,16,8,8,18.454358243140906,0.02118443325161934,10.748275756835938,0.6717672348022461,0.3282327651977539,0.020605664274971684,0.042214186151132184,2.772588722239781
noridge,正则族,44,1,8,16,256,0.682328462600708,0.2015375941991806,0.6457445621490479,0.1209607943892479,0.342458575963974,1.023555040359497,-2.5648579597473145,1.768000841140747,0,0,0,0.0,0.0,16,8,8,18.454358243140906,1.4561783245881088e-06,9.337932586669922,0.5836207866668701,0.4163792133331299,0.0019725469597049873,0.056470227076925505,2.772588722239781
lam1em4,正则族,44,1,8,16,256,0.6823552846908569,0.20141440629959106,0.6456471085548401,0.12180011719465256,0.3550418019294739,0.9910474419593811,-2.401261806488037,1.7664371728897095,0,0,0,0.0,0.0,16,8,8,18.454358243140906,9.181896530208178e-06,9.36542797088623,0.5853392481803894,0.4146607518196106,0.0023267309168277686,0.05616683950562691,2.772588722239781
lam1em2,正则族,44,1,8,16,256,0.693852424621582,0.18253155052661896,0.6459753513336182,0.1369030475616455,0.5872821807861328,0.5559902191162109,-0.326374351978302,1.66196870803833,0,0,0,0.0,0.0,16,8,8,18.454358243140906,0.021184246987104416,10.745869636535645,0.6716168522834778,0.3283831477165222,0.02052745843960276,0.04222388658332891,2.772588722239781
lam1em1,正则族,44,1,8,16,256,0.6865625977516174,0.18401941657066345,0.6426900625228882,0.1391873061656952,0.6717922687530518,0.3527129888534546,0.19450879096984863,1.393692970275879,0,0,0,0.0,0.0,16,8,8,18.454358243140906,0.32545968890190125,12.211227416992188,0.7632017135620117,0.23679828643798828,0.04543911773997476,0.034032333019160185,2.772588722239781
scalar,对照,44,1,8,16,256,0.678227961063385,0.1375276893377304,0.6478610634803772,0.15440797805786133,0.8023189902305603,0.0,0.8023189902305603,0.8023189902305603,0,0,0,0.0,0.0,16,8,8,18.454358243140906,0.018996786326169968,13.826732635498047,0.8641707897186279,0.13582921028137207,0.1475453840046196,0.031724589712606034,2.772588722239781
nobeta,对照,44,1,8,16,256,0.6782293915748596,0.5826514959335327,0.7080332636833191,0.5774500966072083,0.0,0.0,0.0,0.0,0,0,0,0.0,0.0,16,8,8,18.454358243140906,0.0003775042132474482,13.826728820800781,0.8641705513000488,0.13582944869995117,0.1475453863977898,0.03172452416914524,2.772588722239781
unbound,基准,44,1,8,32,256,0.6554878950119019,0.17339405417442322,0.5832574963569641,0.1284904032945633,0.03872544318437576,0.7942928671836853,-2.8726978302001953,1.4741326570510864,0,0,0,0.0,0.0,32,8,8,12.327977706935373,1.7778900655684993e-05,16.81072235107422,0.5253350734710693,0.47466492652893066,0.0016285675270648796,0.03781664989731522,2.0794415416798357
box33,约束族,44,1,8,32,256,0.6556984782218933,0.17279058694839478,0.5832235217094421,0.12552981078624725,0.07044264674186707,0.7221055030822754,-2.364809036254883,1.4683609008789062,0,0,0,0.0,0.0,32,8,8,12.327977706935373,1.7777445464162156e-05,17.001033782958984,0.5312823057174683,0.46871769428253174,0.0027219843378073635,0.03770061175433496,2.0794415416798357
box77,约束族,44,1,8,32,256,0.6554978489875793,0.17342333495616913,0.5832409262657166,0.12845173478126526,0.0393640473484993,0.7927480340003967,-2.8618862628936768,1.4740266799926758,0,0,0,0.0,0.0,32,8,8,12.327977706935373,1.7777492757886648e-05,16.814218521118164,0.5254443287849426,0.4745556712150574,0.0016464445753659482,0.037814353254449186,2.0794415416798357
box33_lam1em2,约束族,44,1,8,32,256,0.6448362469673157,0.15427489578723907,0.5732004642486572,0.11158470064401627,0.272083044052124,0.4178652763366699,-0.6364150643348694,1.3775144815444946,0,0,0,0.0,0.0,32,8,8,12.327977706935373,0.001570185529999435,19.252870559692383,0.601652204990387,0.39834779500961304,0.016765287472689277,0.03578192132233019,2.0794415416798357
noridge,正则族,44,1,8,32,256,0.6548286080360413,0.1694040447473526,0.585676372051239,0.13176372647285461,-0.34671837091445923,2.5428054332733154,-13.815510749816895,1.4900026321411133,1,1,1,0.03125,0.03125,31,8,8,12.327977706935373,3.68913788406644e-11,16.339996337890625,0.510624885559082,0.48937511444091797,2.8351510169627378e-08,0.038166329504099636,2.0794415416798357
lam1em4,正则族,44,1,8,32,256,0.654914379119873,0.16984722018241882,0.5854171514511108,0.13146249949932098,-0.08776131272315979,1.2083803415298462,-5.687928676605225,1.488322377204895,1,0,0,0.03125,0.0,32,8,8,12.327977706935373,1.8110364408130408e-07,16.38975715637207,0.5121799111366272,0.4878200888633728,9.617522888352469e-05,0.038126730766829556,2.0794415416798357
lam1em2,正则族,44,1,8,32,256,0.6443689465522766,0.1541723906993866,0.5740974545478821,0.11118513345718384,0.2680317759513855,0.4223007559776306,-0.659263551235199,1.3797931671142578,0,0,0,0.0,0.0,32,8,8,12.327977706935373,0.0015701755182817578,19.194040298461914,0.5998137593269348,0.4001862406730652,0.01634926617519406,0.035829841457382,2.0794415416798357
lam1em1,正则族,44,1,8,32,256,0.6226224899291992,0.138742133975029,0.5760859251022339,0.11196663230657578,0.34950804710388184,0.2716241478919983,-0.12904076278209686,1.2122594118118286,0,0,0,0.0,0.0,32,8,8,12.327977706935373,0.06597007811069489,20.92729949951172,0.6539781093597412,0.3460218906402588,0.03052759769755729,0.033632399930119884,2.0794415416798357
scalar,对照,44,1,8,32,256,0.6207219958305359,0.10543669015169144,0.5879757404327393,0.08904209733009338,0.5001418590545654,0.0,0.5001418590545654,0.5001418590545654,0,0,0,0.0,0.0,32,8,8,12.327977706935373,0.008961760438978672,24.887466430664062,0.777733325958252,0.22226667404174805,0.07008527559671567,0.028241070128179228,2.0794415416798357
nobeta,对照,44,1,8,32,256,0.620721697807312,0.41748276352882385,0.6400030851364136,0.413287878036499,0.0,0.0,0.0,0.0,0,0,0,0.0,0.0,32,8,8,12.327977706935373,1.7778900655684993e-05,24.88745880126953,0.7777330875396729,0.22226691246032715,0.07008527055824083,0.028241077993394523,2.0794415416798357
unbound,基准,44,1,8,64,256,0.6224755048751831,0.16534419357776642,0.5731143355369568,0.1223052367568016,-0.5051398277282715,0.8636197447776794,-3.231898546218872,1.2295600175857544,1,0,0,0.015625,0.0,64,8,8,10.122469580861207,3.597247655307001e-07,23.368236541748047,0.36512869596481323,0.6348713040351868,0.0005348378089465722,0.03773123890269229,1.3862943611198906
box33,约束族,44,1,8,64,256,0.6198290586471558,0.1595572978258133,0.5711186528205872,0.11721926927566528,-0.4298849105834961,0.7523080110549927,-2.43973708152771,1.2115533351898193,0,0,0,0.0,0.0,64,8,8,10.122469580861207,3.5918020557801356e-07,24.09021759033203,0.376409649848938,0.623590350151062,0.001202468159688652,0.03776147541202332,1.3862943611198906
box77,约束族,44,1,8,64,256,0.6224235892295837,0.16523824632167816,0.5730671882629395,0.12222068756818771,-0.5035167336463928,0.8609167337417603,-3.2100000381469727,1.2292332649230957,1,0,0,0.015625,0.0,64,8,8,10.122469580861207,3.597388626985776e-07,23.38147735595703,0.3653355836868286,0.6346644163131714,0.0005468577282393626,0.03773181830688566,1.3862943611198906
box33_lam1em2,约束族,44,1,8,64,256,0.6051653623580933,0.1377965360879898,0.5581082105636597,0.08985932916402817,-0.10805287957191467,0.40202486515045166,-0.9157021641731262,1.0597095489501953,0,0,0,0.0,0.0,64,8,8,10.122469580861207,3.5149645555065945e-05,29.614961624145508,0.46273377537727356,0.5372662246227264,0.006423290860194407,0.03769126525682649,1.3862943611198906
noridge,正则族,44,1,8,64,256,0.625689685344696,0.16652710735797882,0.5760489702224731,0.1275581419467926,-0.779055118560791,1.9277650117874146,-13.815510749816895,1.250510811805725,2,1,1,0.03125,0.015625,63,8,8,10.122469580861207,5.286437954055145e-12,22.51262664794922,0.35175979137420654,0.6482402086257935,1.3265843680996868e-08,0.03768029328149047,1.3862943611198906
lam1em4,正则族,44,1,8,64,256,0.6253512501716614,0.16657832264900208,0.5757492780685425,0.12702389061450958,-0.6360471248626709,1.1465680599212646,-5.691339015960693,1.2483950853347778,2,0,0,0.03125,0.0,64,8,8,10.122469580861207,3.569596174202161e-09,22.601472854614258,0.3531480133533478,0.6468519866466522,4.486783234974306e-05,0.037686674592832856,1.3862943611198906
lam1em2,正则族,44,1,8,64,256,0.6064943671226501,0.14119461178779602,0.5590768456459045,0.09487374126911163,-0.12663927674293518,0.42027536034584045,-0.9945123791694641,1.0722887516021729,0,0,0,0.0,0.0,64,8,8,10.122469580861207,3.5147531889379025e-05,29.180540084838867,0.4559459388256073,0.5440540611743927,0.005862294639614091,0.03771262455982831,1.3862943611198906
lam1em1,正则族,44,1,8,64,256,0.5942651629447937,0.07797697186470032,0.5539398193359375,0.06755098700523376,0.1514885425567627,0.15442290902137756,-0.07780888676643372,0.7612466216087341,0,0,0,0.0,0.0,64,8,8,10.122469580861207,0.002846459625288844,37.85857391357422,0.5915402173995972,0.40845978260040283,0.02069616168759035,0.0370736859301529,1.3862943611198906
scalar,对照,44,1,8,64,256,0.5970430374145508,0.04936591535806656,0.5615597367286682,0.055011533200740814,0.26636970043182373,0.0,0.26636970043182373,0.26636970043182373,0,0,0,0.0,0.0,64,8,8,10.122469580861207,0.0017359552439302206,43.549224853515625,0.6804566383361816,0.31954336166381836,0.04586778474789089,0.033916677649990935,1.3862943611198906
nobeta,对照,44,1,8,64,256,0.5970432162284851,0.25595614314079285,0.5780603289604187,0.24774082005023956,0.0,0.0,0.0,0.0,0,0,0,0.0,0.0,64,8,8,10.122469580861207,3.597247655307001e-07,43.54923629760742,0.680456817150116,0.31954318284988403,0.045867790380708186,0.03391669075868309,1.3862943611198906
unbound,基准,44,1,16,8,256,0.5792322158813477,0.2003307044506073,0.526361882686615,0.16468176245689392,-0.6756919026374817,5.319242000579834,-13.815510749816895,1.7015433311462402,1,1,1,0.125,0.125,7,8,8,9.246431686868382,15.257381439208984,5.921417236328125,0.7401771545410156,0.2598228454589844,1.287152079361728e-07,0.4215335288703812,3.4657359027997265
box33,约束族,44,1,16,8,256,0.578464150428772,0.20190496742725372,0.5234370231628418,0.1623874008655548,0.676250696182251,1.5198382139205933,-3.0,1.6976234912872314,1,0,0,0.125,0.0,7,8,8,9.246431686868382,15.31270980834961,5.994075775146484,0.7492594718933105,0.25074052810668945,0.006429439740845008,0.4194250698615307,3.4657359027997265
box77,约束族,44,1,16,8,256,0.5792264938354492,0.2003595381975174,0.5263603329658508,0.16463987529277802,0.17624740302562714,2.9178194999694824,-7.0,1.7014718055725098,1,1,0,0.125,0.0,7,8,8,9.246431686868382,15.258389472961426,5.92360782623291,0.7404509782791138,0.25954902172088623,0.00011738009439110504,0.4215339708088577,3.4657359027997265
box33_lam1em2,约束族,44,1,16,8,256,0.5786029696464539,0.20486150681972504,0.5234258770942688,0.15889114141464233,0.6747731566429138,1.5190072059631348,-3.0,1.6900856494903564,1,0,0,0.125,0.0,7,8,8,9.246431686868382,15.315849304199219,6.000221252441406,0.7500276565551758,0.24997234344482422,0.006475589455371711,0.4194443678416715,3.4657359027997265
noridge,正则族,44,1,16,8,256,0.5792511105537415,0.1999896615743637,0.5263582468032837,0.16508346796035767,-0.6755373477935791,5.319314002990723,-13.815510749816895,1.7024091482162476,1,1,1,0.125,0.125,7,8,8,9.246431686868382,15.25735092163086,5.920687198638916,0.7400858998298645,0.2599141001701355,1.286094139289708e-07,0.42153081831439193,3.4657359027997265
lam1em4,正则族,44,1,16,8,256,0.579249382019043,0.2000238597393036,0.5263586044311523,0.16504324972629547,-0.6755529046058655,5.31930685043335,-13.815510749816895,1.7023223638534546,1,1,1,0.125,0.125,7,8,8,9.246431686868382,15.257349967956543,5.920762062072754,0.7400952577590942,0.25990474224090576,1.2861999758895046e-07,0.42153108347747786,3.4657359027997265
lam1em2,正则族,44,1,16,8,256,0.5790608525276184,0.20333445072174072,0.5263957381248474,0.1611759215593338,-0.6770440340042114,5.318608283996582,-13.815510749816895,1.6939594745635986,1,1,1,0.125,0.125,7,8,8,9.246431686868382,15.260536193847656,5.927793025970459,0.7409741282463074,0.2590258717536926,1.2964631460267455e-07,0.42155418212851664,3.4657359027997265
lam1em1,正则族,44,1,16,8,256,0.5775666832923889,0.21297277510166168,0.5268847346305847,0.16496029496192932,-0.6897082328796387,5.312612056732178,-13.815510749816895,1.632455825805664,1,1,1,0.125,0.125,7,8,8,9.246431686868382,15.51584243774414,5.975065231323242,0.7468831539154053,0.2531168460845947,1.3747657043018771e-07,0.42162224065389875,3.4657359027997265
scalar,对照,44,1,16,8,256,0.6130834221839905,0.21757633984088898,0.5580803751945496,0.17842917144298553,1.28950834274292,0.0,1.28950834274292,1.28950834274292,0,0,0,0.0,0.0,8,8,8,9.246431686868382,0.10794302821159363,7.448310852050781,0.9310388565063477,0.06896114349365234,0.21576984561296694,0.3613019106826125,3.4657359027997265
nobeta,对照,44,1,16,8,256,0.6130833625793457,0.6849533319473267,0.7151507139205933,0.7031838297843933,0.0,0.0,0.0,0.0,0,0,0,0.0,0.0,7,8,8,9.246431686868382,15.257381439208984,7.448310852050781,0.9310388565063477,0.06896114349365234,0.21576982870140135,0.3613019106826125,3.4657359027997265
unbound,基准,44,1,16,16,256,0.630114734172821,0.23583193123340607,0.591992199420929,0.1005755364894867,-4.458257675170898,7.522819519042969,-13.815510749816895,2.1993703842163086,6,6,6,0.375,0.375,10,16,16,223.5128734687968,2.9697768688201904,7.97830867767334,0.49864429235458374,0.5013557076454163,5.377380627155489e-08,0.31839003816454964,2.772588722239781
box33,约束族,44,1,16,16,256,0.62796950340271,0.234107106924057,0.5901536345481873,0.09510276466608047,-0.40172773599624634,2.200685739517212,-3.0,2.1928153038024902,6,0,0,0.375,0.0,10,16,16,223.5128734687968,3.049248218536377,8.379190444946289,0.5236994028091431,0.47630059719085693,0.0026942637741223085,0.3129828325167894,2.772588722239781
box77,约束族,44,1,16,16,256,0.6300891637802124,0.23590567708015442,0.591991126537323,0.10047221183776855,-1.9024206399917603,4.145542621612549,-7.0,2.1992506980895996,6,6,0,0.375,0.0,10,16,16,223.5128734687968,2.9711968898773193,7.990589141845703,0.49941182136535645,0.5005881786346436,4.904104200850782e-05,0.3183447836645553,2.772588722239781
box33_lam1em2,约束族,44,1,16,16,256,0.6259621977806091,0.24380621314048767,0.5686294436454773,0.08259766548871994,-0.14824916422367096,1.9573850631713867,-3.0,1.992006778717041,4,0,0,0.25,0.0,12,16,16,223.5128734687968,3.267118215560913,9.011693954467773,0.5632308721542358,0.43676912784576416,0.0026485295250043726,0.2794346640512646,2.772588722239781
noridge,正则族,44,1,16,16,256,0.6300475597381592,0.23670870065689087,0.5928083062171936,0.10476838797330856,-4.461266994476318,7.5215678215026855,-13.815510749816895,2.218702554702759,6,6,6,0.375,0.375,10,16,16,223.5128734687968,2.9681191444396973,7.958796977996826,0.49742481112480164,0.5025751888751984,5.390405290168896e-08,0.31921513730018847,2.772588722239781
lam1em4,正则族,44,1,16,16,256,0.6298959851264954,0.23662032186985016,0.5927244424819946,0.10427117347717285,-4.460953235626221,7.521699905395508,-13.815510749816895,2.2167434692382812,6,6,6,0.375,0.375,10,16,16,223.5128734687968,2.9681570529937744,7.960848808288574,0.4975530505180359,0.5024469494819641,5.389067589342226e-08,0.3191299904870481,2.772588722239781
lam1em2,正则族,44,1,16,16,256,0.62928307056427,0.24204488098621368,0.570921778678894,0.08138810843229294,-2.848168134689331,6.611371040344238,-13.815510749816895,1.9884426593780518,4,4,4,0.25,0.25,12,16,16,223.5128734687968,3.2094109058380127,8.741445541381836,0.5463403463363647,0.45365965366363525,5.286285342965173e-08,0.2809523397047204,2.772588722239781
lam1em1,正则族,44,1,16,16,256,0.5976168513298035,0.1783587634563446,0.5331478714942932,0.09764018654823303,0.5946123600006104,0.728185772895813,-1.3107540607452393,1.4566866159439087,0,0,0,0.0,0.0,16,16,16,223.5128734687968,6.259827613830566,12.032832145690918,0.7520520091056824,0.24794799089431763,0.01583866579535018,0.1626091558574006,2.772588722239781
scalar,对照,44,1,16,16,256,0.6268938779830933,0.19292254745960236,0.5605529546737671,0.13168878853321075,0.8755158185958862,6.155941179031288e-08,0.8755157589912415,0.8755157589912415,0,0,0,0.0,0.0,16,16,16,223.5128734687968,0.04744642972946167,14.300745964050293,0.8937966227531433,0.10620337724685669,0.22694162539137236,0.14083976736826517,2.772588722239781
nobeta,对照,44,1,16,16,256,0.6268947720527649,0.5385206341743469,0.6449781060218811,0.552125096321106,0.0,0.0,0.0,0.0,0,0,0,0.0,0.0,10,16,16,223.5128734687968,2.9697768688201904,14.300749778747559,0.8937968611717224,0.10620313882827759,0.22694163708070048,0.14083982629339536,2.772588722239781
unbound,基准,44,1,16,32,256,0.5915322303771973,0.183383047580719,0.5555715560913086,0.0659150704741478,-0.30826571583747864,2.7300596237182617,-13.815510749816895,1.5834468603134155,2,1,1,0.0625,0.03125,31,16,16,20.95873593144053,0.00017161917639896274,17.0977783203125,0.5343055725097656,0.4656944274902344,7.709506630801634e-08,0.0876554179771399,2.0794415416798357
box33,约束族,44,1,16,32,256,0.5973633527755737,0.1781211495399475,0.5586137771606445,0.06607263535261154,0.07607048004865646,1.1842763423919678,-3.0,1.5784976482391357,1,0,0,0.03125,0.0,31,16,16,20.95873593144053,0.0001724044414004311,17.308326721191406,0.5408852100372314,0.45911478996276855,0.003314603449769711,0.08946508238202391,2.0794415416798357
box77,约束族,44,1,16,32,256,0.5916336178779602,0.18328697979450226,0.5556949973106384,0.06602521985769272,-0.09399022161960602,1.719464659690857,-7.0,1.5833567380905151,2,1,0,0.0625,0.0,31,16,16,20.95873593144053,0.00017165525059681386,17.102975845336914,0.5344679951667786,0.46553200483322144,7.030796713141106e-05,0.08768838658748733,2.0794415416798357
box33_lam1em2,约束族,44,1,16,32,256,0.6011418104171753,0.1551474630832672,0.5512883067131042,0.04852968454360962,0.20023775100708008,1.0310744047164917,-3.0,1.5139397382736206,1,0,0,0.03125,0.0,31,16,16,20.95873593144053,0.014307880774140358,18.5777645111084,0.5805551409721375,0.41944485902786255,0.004110176159594913,0.08436144427377641,2.0794415416798357
noridge,正则族,44,1,16,32,256,0.5890722870826721,0.1903257519006729,0.5529443621635437,0.06466042995452881,-0.2614821493625641,2.1420233249664307,-7.771611213684082,1.5941808223724365,2,2,0,0.0625,0.0,32,16,16,20.95873593144053,8.663221251481446e-07,16.812490463256836,0.5253903269767761,0.4746096730232239,3.215534799807171e-05,0.08775738791495265,2.0794415416798357
lam1em4,正则族,44,1,16,32,256,0.589300274848938,0.1896212249994278,0.5531783699989319,0.06462105363607407,-0.41651517152786255,2.8756051063537598,-13.815510749816895,1.5930912494659424,2,1,1,0.0625,0.03125,31,16,16,20.95873593144053,3.307971837784862e-06,16.841114044189453,0.5262848138809204,0.4737151861190796,7.636400196713017e-08,0.08773716922965244,2.0794415416798357
lam1em2,正则族,44,1,16,32,256,0.5981858372688293,0.15856771171092987,0.5439159274101257,0.04947753995656967,-0.13894698023796082,2.636672019958496,-13.815510749816895,1.51642906665802,1,1,1,0.03125,0.03125,31,16,16,20.95873593144053,0.014206226915121078,18.47835350036621,0.5774485468864441,0.4225514531135559,8.235149197281442e-08,0.0834964601906328,2.0794415416798357
lam1em1,正则族,44,1,16,32,256,0.5097658038139343,0.16416996717453003,0.47950127720832825,0.0534757524728775,0.3713735342025757,0.5787738561630249,-0.8432559370994568,1.3560045957565308,0,0,0,0.0,0.0,32,16,16,20.95873593144053,0.6171411871910095,21.30915641784668,0.6659111380577087,0.33408886194229126,0.028225561200395162,0.05750698645804806,2.0794415416798357
scalar,对照,44,1,16,32,256,0.4756070673465729,0.12095299363136292,0.44449079036712646,0.07956025004386902,0.5541911125183105,0.0,0.5541911125183105,0.5541911125183105,0,0,0,0.0,0.0,32,16,16,20.95873593144053,0.017724458128213882,26.15989112854004,0.8174965977668762,0.18250340223312378,0.1318890829056564,0.03603911049450964,2.0794415416798357
nobeta,对照,44,1,16,32,256,0.4756062924861908,0.4010727107524872,0.48912855982780457,0.4044552147388458,0.0,0.0,0.0,0.0,0,0,0,0.0,0.0,31,16,16,20.95873593144053,0.00017161917639896274,26.15989112854004,0.8174965977668762,0.18250340223312378,0.1318890829056564,0.03603912154297156,2.0794415416798357
unbound,基准,44,1,16,64,256,0.4854148328304291,0.13481932878494263,0.44871985912323,0.054450713098049164,-0.1471668779850006,0.8637944459915161,-3.525785446166992,1.3231565952301025,2,0,0,0.03125,0.0,64,16,16,16.94515652817521,8.556052307540085e-06,30.2331600189209,0.47239312529563904,0.527606874704361,0.0012030056991565634,0.053996227200675276,1.3862943611198906
box33,约束族,44,1,16,64,256,0.4831329584121704,0.13074269890785217,0.44812655448913574,0.0540340319275856,-0.09508335590362549,0.7406451106071472,-2.5688772201538086,1.3076790571212769,0,0,0,0.0,0.0,64,16,16,16.94515652817521,8.536476343579125e-06,30.94013023376465,0.48343953490257263,0.5165604650974274,0.003160140789541343,0.053581390601239925,1.3862943611198906
box77,约束族,44,1,16,64,256,0.48537275195121765,0.13472972810268402,0.448707640171051,0.05445318669080734,-0.1459398865699768,0.8604536652565002,-3.4967963695526123,1.3228739500045776,2,0,0,0.03125,0.0,64,16,16,16.94515652817521,8.559254638385028e-06,30.246095657348633,0.4725952446460724,0.5274047553539276,0.0012387402479090972,0.05398864795580318,1.3862943611198906
box33_lam1em2,约束族,44,1,16,64,256,0.4635501205921173,0.10759785771369934,0.42647168040275574,0.03570428490638733,0.08309343457221985,0.48552680015563965,-1.470798134803772,1.1849135160446167,0,0,0,0.0,0.0,64,16,16,16.94515652817521,0.0007446628296747804,35.7640380859375,0.5588130950927734,0.44118690490722656,0.008700696603990657,0.04985735551792543,1.3862943611198906
noridge,正则族,44,1,16,64,256,0.4884008765220642,0.13838106393814087,0.44960516691207886,0.05726572126150131,-0.2437162548303604,1.1890531778335571,-6.8253889083862305,1.3398305177688599,3,0,0,0.046875,0.0,64,16,16,16.94515652817521,6.602050461879116e-08,29.456850051879883,0.46026328206062317,0.5397367179393768,4.365767967909222e-05,0.05460141406758353,1.3862943611198906
lam1em4,正则族,44,1,16,64,256,0.4880985617637634,0.13820789754390717,0.4495120346546173,0.05677875876426697,-0.21951256692409515,1.0789729356765747,-5.619356155395508,1.3381576538085938,3,0,0,0.046875,0.0,64,16,16,16.94515652817521,2.0946652057318715e-07,29.537097930908203,0.4615171551704407,0.5384828448295593,0.0001460686949791981,0.054540341852950876,1.3862943611198906
lam1em2,正则族,44,1,16,64,256,0.4646894037723541,0.10974656790494919,0.4279468059539795,0.03517625108361244,0.07105687260627747,0.502519428730011,-1.6104315519332886,1.1950749158859253,0,0,0,0.0,0.0,64,16,16,16.94515652817521,0.000744757940992713,35.38595962524414,0.5529056191444397,0.4470943808555603,0.00749029662852017,0.050069526497675876,1.3862943611198906
lam1em1,正则族,44,1,16,64,256,0.43958380818367004,0.09003042429685593,0.41742563247680664,0.028480669483542442,0.23413391411304474,0.2766362726688385,-0.6206731200218201,0.9430912733078003,0,0,0,0.0,0.0,64,16,16,16.94515652817521,0.04719150811433792,42.403724670410156,0.6625581979751587,0.3374418020248413,0.025858573108854813,0.044128930571336586,1.3862943611198906
scalar,对照,44,1,16,64,256,0.4193079173564911,0.039220165461301804,0.3916883170604706,0.05184680223464966,0.2898443043231964,0.0,0.2898443043231964,0.2898443043231964,0,0,0,0.0,0.0,64,16,16,16.94515652817521,0.00481749139726162,46.51861572265625,0.7268533706665039,0.2731466293334961,0.05381333630922794,0.03777282777220591,1.3862943611198906
nobeta,对照,44,1,16,64,256,0.4193080961704254,0.2417851835489273,0.4205586314201355,0.2356111854314804,0.0,0.0,0.0,0.0,0,0,0,0.0,0.0,64,16,16,16.94515652817521,8.556052307540085e-06,46.51861572265625,0.7268533706665039,0.2731466293334961,0.05381334272795839,0.037772875648874195,1.3862943611198906
unbound,基准,44,1,32,8,256,0.517489492893219,0.2400079220533371,0.46495386958122253,0.16648730635643005,0.7316543459892273,1.0018384456634521,-1.4431267976760864,1.765658974647522,0,0,0,0.0,0.0,8,8,8,8.002907623843257,18.501291275024414,6.207306861877441,0.7759133577346802,0.22408664226531982,0.016216106150471348,0.43693464301722357,3.4657359027997265
box33,约束族,44,1,32,8,256,0.5174893736839294,0.24000799655914307,0.46495380997657776,0.16648784279823303,0.7316557765007019,1.0018353462219238,-1.443117380142212,1.765658974647522,0,0,0,0.0,0.0,8,8,8,8.002907623843257,18.501291275024414,6.207308769226074,0.7759135961532593,0.22408640384674072,0.01621626805690134,0.4369345599421568,3.4657359027997265
box77,约束族,44,1,32,8,256,0.5174892544746399,0.24000784754753113,0.4649541974067688,0.16648752987384796,0.7316547632217407,1.0018376111984253,-1.4431242942810059,1.7656587362289429,0,0,0,0.0,0.0,8,8,8,8.002907623843257,18.501291275024414,6.2073073387146,0.775913417339325,0.22408658266067505,0.016216147726557245,0.43693464301722357,3.4657359027997265
box33_lam1em2,约束族,44,1,32,8,256,0.5164196491241455,0.2423703968524933,0.4667581021785736,0.1595008373260498,0.7841658592224121,0.8708240389823914,-1.0470874309539795,1.732374906539917,0,0,0,0.0,0.0,8,8,8,8.002907623843257,18.515460968017578,6.298156261444092,0.7872695326805115,0.21273046731948853,0.024405535159690527,0.4343736879330881,3.4657359027997265
noridge,正则族,44,1,32,8,256,0.5176803469657898,0.2397356778383255,0.46607235074043274,0.16519710421562195,0.723827600479126,1.0214287042617798,-1.502598524093628,1.7694997787475586,0,0,0,0.0,0.0,8,8,8,8.002907623843257,18.50113296508789,6.196043491363525,0.7745054364204407,0.22549456357955933,0.015257296679241215,0.43748443380928276,3.4657359027997265
lam1em4,正则族,44,1,32,8,256,0.5176598429679871,0.23976324498653412,0.4659552276134491,0.16532817482948303,0.7246383428573608,1.019398808479309,-1.4964356422424316,1.7691149711608887,0,0,0,0.0,0.0,8,8,8,8.002907623843257,18.50113296508789,6.197188377380371,0.7746485471725464,0.2253514528274536,0.015353898430179761,0.4374254920493907,3.4657359027997265
lam1em2,正则族,44,1,32,8,256,0.5164196491241455,0.2423703968524933,0.4667581021785736,0.1595008373260498,0.7841658592224121,0.8708240389823914,-1.04708731174469,1.732374906539917,0,0,0,0.0,0.0,8,8,8,8.002907623843257,18.515460968017578,6.298156261444092,0.7872695326805115,0.21273046731948853,0.02440554096158902,0.4343736879330881,3.4657359027997265
lam1em1,正则族,44,1,32,8,256,0.5117238163948059,0.2324390560388565,0.4703187644481659,0.1685951203107834,0.9237760901451111,0.4878906011581421,0.025282297283411026,1.5316815376281738,0,0,0,0.0,0.0,8,8,8,8.002907623843257,19.161623001098633,6.745771408081055,0.8432214260101318,0.15677857398986816,0.07830065604889971,0.4326403266643793,3.4657359027997265
scalar,对照,44,1,32,8,256,0.5185322761535645,0.2156534045934677,0.4796583354473114,0.16087540984153748,1.2201613187789917,0.0,1.2201613187789917,1.2201613187789917,0,0,0,0.0,0.0,8,8,8,8.002907623843257,0.098810113966465,7.561386585235596,0.9451733231544495,0.05482667684555054,0.3265894035082512,0.4320512413657253,3.4657359027997265
nobeta,对照,44,1,32,8,256,0.5185322165489197,0.6683485507965088,0.6721795201301575,0.6888916492462158,0.0,0.0,0.0,0.0,0,0,0,0.0,0.0,8,8,8,8.002907623843257,18.501291275024414,7.561386585235596,0.9451733231544495,0.05482667684555054,0.3265894095540011,0.4320512413657253,3.4657359027997265
unbound,基准,44,1,32,16,256,0.4224274754524231,0.152362659573555,0.3926418423652649,0.08485528081655502,-0.16136068105697632,3.705840587615967,-13.815510749816895,1.707701563835144,1,1,1,0.0625,0.0625,15,16,16,25.009322298812396,3.19777774810791,12.234747886657715,0.7646717429161072,0.23532825708389282,1.1052236934127508e-07,0.24294736297303487,2.772588722239781
box33,约束族,44,1,32,16,256,0.4203435182571411,0.15034835040569305,0.39229246973991394,0.08524172008037567,0.5123639106750488,1.1663118600845337,-3.0,1.693742036819458,1,0,0,0.0625,0.0,15,16,16,25.009322298812396,3.1990158557891846,12.304950714111328,0.769059419631958,0.230940580368042,0.005525056741759337,0.2426954378329745,2.772588722239781
box77,约束族,44,1,32,16,256,0.4224170744419098,0.1523258090019226,0.39263707399368286,0.08486249297857285,0.26456862688064575,2.056342124938965,-7.0,1.7074482440948486,1,1,0,0.0625,0.0,15,16,16,25.009322298812396,3.19779634475708,12.236988067626953,0.7648117542266846,0.23518824577331543,0.00010079089593897327,0.2429515582639081,2.772588722239781
box33_lam1em2,约束族,44,1,32,16,256,0.41619330644607544,0.15363965928554535,0.3864150643348694,0.08673118054866791,0.6004863381385803,0.9356924891471863,-2.159724473953247,1.5936789512634277,0,0,0,0.0,0.0,16,16,16,25.009322298812396,3.2341630458831787,12.691405296325684,0.7932128310203552,0.20678716897964478,0.013091575270430913,0.23905024928331128,2.772588722239781
noridge,正则族,44,1,32,16,256,0.42239099740982056,0.1522449404001236,0.3936361074447632,0.08473851531744003,-0.16834935545921326,3.707806348800659,-13.815510749816895,1.7186827659606934,1,1,1,0.0625,0.0625,15,16,16,25.009322298812396,3.1973142623901367,12.185282707214355,0.7615801692008972,0.23841983079910278,1.1023186898345098e-07,0.2435035297764707,2.772588722239781
lam1em4,正则族,44,1,32,16,256,0.4223906695842743,0.15225528180599213,0.39353039860725403,0.08474951237440109,-0.16760464012622833,3.7075960636138916,-13.815510749816895,1.7175664901733398,1,1,1,0.0625,0.0625,15,16,16,25.009322298812396,3.197321653366089,12.190423011779785,0.7619014382362366,0.23809856176376343,1.1026169428018329e-07,0.24344037195693866,2.772588722239781
lam1em2,正则族,44,1,32,16,256,0.4161950647830963,0.15363934636116028,0.3864150941371918,0.08673080056905746,0.6004799008369446,0.9357137084007263,-2.159837245941162,1.593685507774353,0,0,0,0.0,0.0,16,16,16,25.009322298812396,3.2341623306274414,12.691396713256836,0.7932122945785522,0.20678770542144775,0.013090084480005204,0.23905066465864527,2.772588722239781
lam1em1,正则族,44,1,32,16,256,0.4024021029472351,0.17875346541404724,0.3702596426010132,0.0957217589020729,0.7317536473274231,0.3849305808544159,-0.3138337731361389,1.139886498451233,0,0,0,0.0,0.0,16,16,16,25.009322298812396,4.037184715270996,13.584696769714355,0.8490435481071472,0.15095645189285278,0.08847036791357604,0.2278477011384044,2.772588722239781
scalar,对照,44,1,32,16,256,0.38633444905281067,0.16521970927715302,0.3626216948032379,0.14359690248966217,0.8336101174354553,0.0,0.8336101174354553,0.8336101174354553,0,0,0,0.0,0.0,16,16,16,25.009322298812396,0.02531401440501213,14.100142478942871,0.8812589049339294,0.11874109506607056,0.18125065549119396,0.23066569047920824,2.772588722239781
nobeta,对照,44,1,32,16,256,0.38633450865745544,0.5488572716712952,0.4855455160140991,0.5604015588760376,0.0,0.0,0.0,0.0,0,0,0,0.0,0.0,15,16,16,25.009322298812396,3.19777774810791,14.100142478942871,0.8812589049339294,0.11874109506607056,0.18125064121034007,0.23066573201674165,2.772588722239781
unbound,基准,44,1,32,32,256,0.4353923797607422,0.11399080604314804,0.4174613058567047,0.03316725417971611,-0.8699882626533508,4.415334701538086,-13.815510749816895,1.7071365118026733,4,3,3,0.125,0.09375,29,32,32,519.2830841506385,0.5131557583808899,23.129701614379883,0.7228031754493713,0.27719682455062866,8.76089801093832e-08,0.14901459263390723,2.0794415416798357
box33,约束族,44,1,32,32,256,0.43372842669487,0.11225233227014542,0.4179188907146454,0.032572612166404724,0.19709785282611847,1.4796364307403564,-3.0,1.7072689533233643,4,0,0,0.125,0.0,28,32,32,519.2830841506385,0.5178981423377991,23.45425033569336,0.7329453229904175,0.2670546770095825,0.004363194751296345,0.1489310710386267,2.0794415416798357
box77,约束族,44,1,32,32,256,0.4353722929954529,0.11396125704050064,0.41747400164604187,0.033156003803014755,-0.229496031999588,2.545084238052368,-7.0,1.7071340084075928,4,3,0,0.125,0.0,29,32,32,519.2830841506385,0.5132409334182739,23.139150619506836,0.7230984568595886,0.2769015431404114,7.989083366904166e-05,0.14901744833932837,2.0794415416798357
box33_lam1em2,约束族,44,1,32,32,256,0.39801299571990967,0.09362015873193741,0.3741798400878906,0.04334396496415138,0.31755101680755615,1.1832783222198486,-3.0,1.543884038925171,2,0,0,0.0625,0.0,30,32,32,519.2830841506385,0.6200127005577087,23.991750717163086,0.7497422099113464,0.25025779008865356,0.004720054512133826,0.12144463636628872,2.0794415416798357
noridge,正则族,44,1,32,32,256,0.4510054290294647,0.11645419150590897,0.42103320360183716,0.03314114362001419,-1.168496012687683,4.939526081085205,-13.815510749816895,1.727439284324646,4,4,4,0.125,0.125,28,32,32,519.2830841506385,0.5037504434585571,23.008939743041992,0.7190293669700623,0.28097063302993774,8.855435986070859e-08,0.15236942344073337,2.0794415416798357
lam1em4,正则族,44,1,32,32,256,0.44909828901290894,0.11620797216892242,0.420715868473053,0.033146049827337265,-1.166434407234192,4.938579082489014,-13.815510749816895,1.725375771522522,4,4,4,0.125,0.125,29,32,32,519.2830841506385,0.5046753883361816,23.02090835571289,0.7194033861160278,0.28059661388397217,8.845924089190442e-08,0.1520655348463918,2.0794415416798357
lam1em2,正则族,44,1,32,32,256,0.3988957703113556,0.0928252637386322,0.3743053674697876,0.0429440513253212,-0.35891857743263245,3.621126890182495,-13.815510749816895,1.5447524785995483,2,2,2,0.0625,0.0625,30,32,32,519.2830841506385,0.6149623394012451,23.768461227416992,0.742764413356781,0.257235586643219,9.460521312446585e-08,0.12163360099010068,2.0794415416798357
lam1em1,正则族,44,1,32,32,256,0.33469903469085693,0.10843200236558914,0.32537904381752014,0.049670591950416565,0.4557236433029175,0.4177495539188385,-0.7234272956848145,1.0319709777832031,0,0,0,0.0,0.0,32,32,32,519.2830841506385,1.4174954891204834,24.09646224975586,0.7530144453048706,0.2469855546951294,0.040306252692901334,0.09287487166977439,2.0794415416798357
scalar,对照,44,1,32,32,256,0.3283182978630066,0.11374242603778839,0.31585994362831116,0.07314848154783249,0.5352432727813721,0.0,0.5352432727813721,0.5352432727813721,0,0,0,0.0,0.0,32,32,32,519.2830841506385,0.012488953769207,25.47171401977539,0.795991063117981,0.20400893688201904,0.09958755933817065,0.08604657366854507,2.0794415416798357
nobeta,对照,44,1,32,32,256,0.32831862568855286,0.3987482488155365,0.3701893389225006,0.40556514263153076,0.0,0.0,0.0,0.0,0,0,0,0.0,0.0,29,32,32,519.2830841506385,0.5131557583808899,25.47171401977539,0.795991063117981,0.20400893688201904,0.09958754218845678,0.0860464854012866,2.0794415416798357
unbound,基准,44,1,32,64,256,0.3327462673187256,0.058164287358522415,0.30430030822753906,0.004542293958365917,-0.3644011914730072,3.0513691902160645,-13.815510749816895,1.2494134902954102,3,3,3,0.046875,0.046875,61,32,32,61.98076304784872,0.012366910465061665,44.091583251953125,0.6889309883117676,0.3110690116882324,5.776840573913937e-08,0.06115821305862555,1.3862943611198906
box33,约束族,44,1,32,64,256,0.3321458697319031,0.0582609549164772,0.3056020736694336,0.004478749353438616,0.14744038879871368,0.8728166222572327,-3.0,1.2471318244934082,3,0,0,0.046875,0.0,61,32,32,61.98076304784872,0.01208289060741663,44.5997428894043,0.6968709826469421,0.30312901735305786,0.0029023228436703885,0.0609681113448368,1.3862943611198906
box77,约束族,44,1,32,64,256,0.33273395895957947,0.05816662311553955,0.30432450771331787,0.004541311413049698,-0.04483356326818466,1.6395249366760254,-7.0,1.2493700981140137,3,3,0,0.046875,0.0,61,32,32,61.98076304784872,0.012361645698547363,44.10498046875,0.6891403198242188,0.31085968017578125,5.2686610334217224e-05,0.0611548069808869,1.3862943611198906
box33_lam1em2,约束族,44,1,32,64,256,0.32255905866622925,0.058953989297151566,0.29744890332221985,0.007958654314279556,0.1860288828611374,0.7970415353775024,-3.0,1.1570097208023071,2,0,0,0.03125,0.0,62,32,32,61.98076304784872,0.025872355327010155,45.3144416809082,0.7080381512641907,0.2919618487358093,0.004249767408249347,0.05889097506534074,1.3862943611198906
noridge,正则族,44,1,32,64,256,0.33277416229248047,0.05839411914348602,0.3053739368915558,0.003510103328153491,-0.3709511160850525,3.0529398918151855,-13.815510749816895,1.2608065605163574,3,3,3,0.046875,0.046875,61,32,32,61.98076304784872,0.011275699362158775,43.955745697021484,0.6868085265159607,0.3131914734840393,5.774613923697333e-08,0.06150117289531985,1.3862943611198906
lam1em4,正则族,44,1,32,64,256,0.33280158042907715,0.05836968496441841,0.30526143312454224,0.0036142640747129917,-0.37024760246276855,3.052762031555176,-13.815510749816895,1.2596566677093506,3,3,3,0.046875,0.046875,61,32,32,61.98076304784872,0.011380313895642757,43.97002029418945,0.6870315670967102,0.3129684329032898,5.774900552351413e-08,0.06146549734632243,1.3862943611198906
lam1em2,正则族,44,1,32,64,256,0.32270780205726624,0.057490114122629166,0.29667696356773376,0.007808385416865349,-0.159132719039917,2.538325309753418,-13.815510749816895,1.1585228443145752,2,2,2,0.03125,0.03125,62,32,32,61.98076304784872,0.025982659310102463,44.92842483520508,0.7020066380500793,0.29799336194992065,8.486231272041588e-08,0.05896881121073738,1.3862943611198906
lam1em1,正则族,44,1,32,64,256,0.30739131569862366,0.05304811894893646,0.26394057273864746,0.02349640056490898,0.2618461847305298,0.3277612030506134,-1.0164105892181396,0.7377541065216064,0,0,0,0.0,0.0,64,32,32,61.98076304784872,0.22920763492584229,45.397891998291016,0.7093420624732971,0.2906579375267029,0.029464171527382586,0.05713473700011283,1.3862943611198906
scalar,对照,44,1,32,64,256,0.2845400273799896,0.04220857843756676,0.2669633626937866,0.04362666606903076,0.2723405361175537,0.0,0.2723405361175537,0.2723405361175537,0,0,0,0.0,0.0,64,32,32,61.98076304784872,0.003960138186812401,45.516231536865234,0.7111911177635193,0.2888088822364807,0.05217182248547777,0.05638347878668879,1.3862943611198906
nobeta,对照,44,1,32,64,256,0.28453928232192993,0.2274913638830185,0.2879429757595062,0.22792845964431763,0.0,0.0,0.0,0.0,0,0,0,0.0,0.0,61,32,32,61.98076304784872,0.012366910465061665,45.516231536865234,0.7111911177635193,0.2888088822364807,0.05217183393844917,0.05638344244134707,1.3862943611198906
unbound,基准,44,2,8,8,256,0.47009992599487305,0.2291635274887085,0.45580151677131653,0.2768077254295349,-2.5914041996002197,6.938141345977783,-13.815510749816895,1.8610637187957764,2,2,2,0.25,0.25,6,8,8,52.89644943923253,0.661625325679779,5.3633270263671875,0.6704158782958984,0.32958412170410156,1.1601475362455509e-07,0.2500215813668918,3.4657359027997265
box33,约束族,44,2,8,8,256,0.46946823596954346,0.23052427172660828,0.4558895230293274,0.2766628861427307,0.11015395820140839,1.9566856622695923,-3.0,1.8539377450942993,2,0,0,0.25,0.0,6,8,8,52.89644943923253,0.6659144759178162,5.4806365966796875,0.6850795745849609,0.31492042541503906,0.005816170612023107,0.24909408928012255,3.4657359027997265
box77,约束族,44,2,8,8,256,0.4701053500175476,0.22919023036956787,0.45580586791038513,0.27680504322052,-0.8875685334205627,3.7918663024902344,-7.0,1.8609338998794556,2,2,0,0.25,0.0,6,8,8,52.89644943923253,0.6617035865783691,5.366919994354248,0.670864999294281,0.329135000705719,0.0001058051116635552,0.2500208119442433,3.4657359027997265
box33_lam1em2,约束族,44,2,8,8,256,0.46913355588912964,0.23175789415836334,0.44060736894607544,0.28135401010513306,0.34312862157821655,1.6030209064483643,-3.0,1.821026086807251,1,0,0,0.125,0.0,7,8,8,52.89644943923253,0.6757614612579346,5.697011947631836,0.7121264934539795,0.2878735065460205,0.006977175609553145,0.22642083650572298,3.4657359027997265
noridge,正则族,44,2,8,8,256,0.47011831402778625,0.2292122095823288,0.4559626281261444,0.27601727843284607,-2.591127634048462,6.938397407531738,-13.815510749816895,1.862816572189331,2,2,2,0.25,0.25,6,8,8,52.89644943923253,0.6615670323371887,5.362678050994873,0.6703347563743591,0.32966524362564087,1.1585202746355272e-07,0.25000414737566085,3.4657359027997265
lam1em4,正则族,44,2,8,8,256,0.4701164662837982,0.22920750081539154,0.4559464752674103,0.2760966420173645,-2.591155529022217,6.938371658325195,-13.815510749816895,1.862641453742981,2,2,2,0.25,0.25,6,8,8,52.89644943923253,0.661567211151123,5.362741947174072,0.670342743396759,0.32965725660324097,1.1586825017484609e-07,0.2500058738850185,3.4657359027997265
lam1em2,正则族,44,2,8,8,256,0.46901410818099976,0.23248539865016937,0.4425230026245117,0.2813851535320282,-1.012576937675476,5.247467994689941,-13.815510749816895,1.8259341716766357,1,1,1,0.125,0.125,7,8,8,52.89644943923253,0.6719148755073547,5.6252899169921875,0.7031612396240234,0.29683876037597656,1.3946653007986782e-07,0.22824318589912085,3.4657359027997265
lam1em1,正则族,44,2,8,8,256,0.5229488611221313,0.23044252395629883,0.4648377299308777,0.26067814230918884,0.8251606822013855,0.3824240565299988,0.32636213302612305,1.4204885959625244,0,0,0,0.0,0.0,8,8,8,52.89644943923253,1.0922306776046753,6.796871662139893,0.8496089577674866,0.15039104223251343,0.14161901909010324,0.13196320928659705,3.4657359027997265
scalar,对照,44,2,8,8,256,0.5390223860740662,0.237579807639122,0.5126699805259705,0.21728475391864777,0.9483774900436401,1.2744008870413381e-07,0.9483773708343506,0.9483773708343506,0,0,0,0.0,0.0,8,8,8,52.89644943923253,0.0295645110309124,7.178166389465332,0.8972707986831665,0.1027292013168335,0.16855016615541923,0.10743315199727102,3.4657359027997265
nobeta,对照,44,2,8,8,256,0.5390236377716064,0.6051821708679199,0.5768998265266418,0.6112427711486816,0.0,0.0,0.0,0.0,0,0,0,0.0,0.0,6,8,8,52.89644943923253,0.661625325679779,7.178166389465332,0.8972707986831665,0.1027292013168335,0.16855011822597138,0.10743291741719525,3.4657359027997265
unbound,基准,44,2,8,16,256,0.44891682267189026,0.21464486420154572,0.41950154304504395,0.17044004797935486,0.30167484283447266,0.7458219528198242,-1.6919896602630615,1.057068109512329,0,0,0,0.0,0.0,16,8,8,8.692300502460713,1.147587681771256e-05,10.486403465270996,0.6554002165794373,0.34459978342056274,0.014364232566780086,0.02645279053454674,2.772588722239781
box33,约束族,44,2,8,16,256,0.44855591654777527,0.2160504311323166,0.418838769197464,0.1666184365749359,0.31429585814476013,0.7255542874336243,-1.6256139278411865,1.054886817932129,0,0,0,0.0,0.0,16,8,8,8.692300502460713,1.147929287981242e-05,10.545284271240234,0.6590802669525146,0.34091973304748535,0.015440626149240024,0.025983482597565683,2.772588722239781
box77,约束族,44,2,8,16,256,0.4489097595214844,0.2146701216697693,0.41948893666267395,0.1703701764345169,0.3019108176231384,0.7454409003257751,-1.6907371282577515,1.0570276975631714,0,0,0,0.0,0.0,16,8,8,8.692300502460713,1.147762577602407e-05,10.487479209899902,0.6554674506187439,0.3445325493812561,0.014383776704140535,0.026444092305337313,2.772588722239781
box33_lam1em2,约束族,44,2,8,16,256,0.4463745653629303,0.19854125380516052,0.4054134786128998,0.1465539187192917,0.47100546956062317,0.4731139838695526,-0.7970930337905884,0.9904485940933228,0,0,0,0.0,0.0,16,8,8,8.692300502460713,0.0010348756331950426,11.444052696228027,0.7152532935142517,0.2847467064857483,0.036137217243160255,0.019949778094748606,2.772588722239781
noridge,正则族,44,2,8,16,256,0.4514894485473633,0.209798663854599,0.4205140769481659,0.1888676881790161,0.22812391817569733,0.8726561069488525,-2.1370341777801514,1.070590853691101,0,0,0,0.0,0.0,16,8,8,8.692300502460713,2.0463630789890885e-12,10.192787170410156,0.6370491981506348,0.36295080184936523,0.008952975962395008,0.028929911564428312,2.772588722239781
lam1em4,正则族,44,2,8,16,256,0.4511420428752899,0.21046270430088043,0.420428603887558,0.18683700263500214,0.23731479048728943,0.856326162815094,-2.0782291889190674,1.069155216217041,0,0,0,0.0,0.0,16,8,8,8.692300502460713,1.156182065642497e-07,10.22575855255127,0.6391099095344543,0.36089009046554565,0.009523902148957016,0.028640221591461786,2.772588722239781
lam1em2,正则族,44,2,8,16,256,0.4463590085506439,0.19849517941474915,0.4054289758205414,0.14671063423156738,0.4699994921684265,0.4744958281517029,-0.8012022972106934,0.9907892942428589,0,0,0,0.0,0.0,16,8,8,8.692300502460713,0.0010348889045417309,11.436792373657227,0.7147995233535767,0.28520047664642334,0.03599538985542357,0.019989591025207722,2.772588722239781
lam1em1,正则族,44,2,8,16,256,0.43933916091918945,0.1974068284034729,0.40571433305740356,0.14416775107383728,0.5068719387054443,0.32848238945007324,-0.25965583324432373,0.8760766983032227,0,0,0,0.0,0.0,16,8,8,8.692300502460713,0.0500781424343586,11.622654914855957,0.7264159321784973,0.2735840678215027,0.05929884621903997,0.018857789075648727,2.772588722239781
scalar,对照,44,2,8,16,256,0.4330752491950989,0.13989993929862976,0.40247905254364014,0.130778506398201,0.6521685719490051,0.0,0.6521685719490051,0.6521685719490051,0,0,0,0.0,0.0,16,8,8,8.692300502460713,0.004207467194646597,12.878302574157715,0.8048939108848572,0.19510608911514282,0.1359569414693037,0.014648119424073902,2.772588722239781
nobeta,对照,44,2,8,16,256,0.43307551741600037,0.5454414486885071,0.47485193610191345,0.5073767900466919,0.0,0.0,0.0,0.0,0,0,0,0.0,0.0,16,8,8,8.692300502460713,1.147587681771256e-05,12.878302574157715,0.8048939108848572,0.19510608911514282,0.13595697402143164,0.014648149919483752,2.772588722239781
unbound,基准,44,2,8,32,256,0.4514524042606354,0.1761939376592636,0.40031006932258606,0.16026116907596588,-0.2828257977962494,0.8139744997024536,-2.532032012939453,0.998855710029602,0,0,0,0.0,0.0,32,8,8,8.480528325560854,1.7344518710160628e-06,13.821026802062988,0.4319070875644684,0.5680929124355316,0.0031775442374371242,0.02940685273707482,2.0794415416798357
box33,约束族,44,2,8,32,256,0.4515271782875061,0.16764453053474426,0.4001261591911316,0.1555570662021637,-0.2313389629125595,0.7452897429466248,-2.081665277481079,0.995757520198822,0,0,0,0.0,0.0,32,8,8,8.480528325560854,1.734298621158814e-06,14.116974830627441,0.44115546345710754,0.5588445365428925,0.005015941358805273,0.02885068448963888,2.0794415416798357
box77,约束族,44,2,8,32,256,0.4514539837837219,0.17603768408298492,0.40030691027641296,0.1601756364107132,-0.2817859351634979,0.8124703764915466,-2.521608352661133,0.9987990856170654,0,0,0,0.0,0.0,32,8,8,8.480528325560854,1.7346062577416888e-06,13.826472282409668,0.4320772588253021,0.5679227411746979,0.003211201671235732,0.02939649602672972,2.0794415416798357
box33_lam1em2,约束族,44,2,8,32,256,0.4470670521259308,0.12859229743480682,0.3972281217575073,0.10176797211170197,0.12087039649486542,0.38281506299972534,-0.5223744511604309,0.9452382326126099,0,0,0,0.0,0.0,32,8,8,8.480528325560854,0.00016462050552945584,17.487560272216797,0.5464862585067749,0.4535137414932251,0.025762203988595234,0.023472572653570684,2.0794415416798357
noridge,正则族,44,2,8,32,256,0.4513980746269226,0.1792203038930893,0.40276914834976196,0.17140279710292816,-0.6656607389450073,2.150954484939575,-11.582387924194336,1.0075650215148926,1,1,0,0.03125,0.0,32,8,8,8.480528325560854,5.115907697472721e-13,13.150018692016602,0.4109380841255188,0.5890619158744812,3.6866540640990655e-07,0.030724679032517535,2.0794415416798357
lam1em4,正则族,44,2,8,32,256,0.45140257477760315,0.17890599370002747,0.402141809463501,0.17021530866622925,-0.44481655955314636,1.1381961107254028,-4.8920793533325195,1.006646990776062,1,0,0,0.03125,0.0,32,8,8,8.480528325560854,1.6873798358574277e-08,13.221970558166504,0.41318657994270325,0.5868134200572968,0.0002969455295371839,0.030582776853084765,2.0794415416798357
lam1em2,正则族,44,2,8,32,256,0.4477660357952118,0.13034138083457947,0.3973003029823303,0.10450951755046844,0.11277289688587189,0.39047324657440186,-0.5381100177764893,0.9465030431747437,0,0,0,0.0,0.0,32,8,8,8.480528325560854,0.00016461667837575078,17.38119888305664,0.54316246509552,0.45683753490448,0.025024775797508333,0.023610874028840434,2.0794415416798357
lam1em1,正则族,44,2,8,32,256,0.4378328025341034,0.09883958846330643,0.3963608145713806,0.07322625070810318,0.25392091274261475,0.23470686376094818,-0.1635778248310089,0.8227444887161255,0,0,0,0.0,0.0,32,8,8,8.480528325560854,0.01064369361847639,19.46354103088379,0.6082356572151184,0.3917643427848816,0.036818157703886634,0.02104933935869423,2.0794415416798357
scalar,对照,44,2,8,32,256,0.4254896938800812,0.07966303825378418,0.3845394551753998,0.07630110532045364,0.4161131680011749,3.027918893394599e-08,0.4161131978034973,0.4161131978034973,0,0,0,0.0,0.0,32,8,8,8.480528325560854,0.004762686789035797,22.320327758789062,0.6975102424621582,0.3024897575378418,0.055300109627199674,0.019716220788112283,2.0794415416798357
nobeta,对照,44,2,8,32,256,0.4254888892173767,0.35650938749313354,0.41708967089653015,0.3590211570262909,0.0,0.0,0.0,0.0,0,0,0,0.0,0.0,32,8,8,8.480528325560854,1.7344518710160628e-06,22.3203182220459,0.6975099444389343,0.3024900555610657,0.05530011625296118,0.0197162254797138,2.0794415416798357
unbound,基准,44,2,8,64,256,0.4383610785007477,0.16357940435409546,0.39887678623199463,0.16815488040447235,-0.9178850054740906,0.9355419874191284,-3.1678781509399414,0.9172284007072449,2,0,0,0.03125,0.0,64,8,8,7.958052777667949,1.283969481846725e-07,16.214475631713867,0.2533511817455292,0.7466488182544708,0.0006505667211120813,0.03267430453762413,1.3862943611198906
box33,约束族,44,2,8,64,256,0.4372600018978119,0.1627379208803177,0.3971841335296631,0.16143272817134857,-0.7910113334655762,0.8012866377830505,-2.4120125770568848,0.8958890438079834,0,0,0,0.0,0.0,64,8,8,7.958052777667949,1.2840416729886783e-07,16.962125778198242,0.26503321528434753,0.7349667847156525,0.0013703557647944374,0.032231888860528954,1.3862943611198906
box77,约束族,44,2,8,64,256,0.4383397102355957,0.16356350481510162,0.3988457918167114,0.16803167760372162,-0.915130078792572,0.9322535991668701,-3.1473758220672607,0.9168434143066406,2,0,0,0.03125,0.0,64,8,8,7.958052777667949,1.284203108298243e-07,16.2281551361084,0.2535649240016937,0.7464350759983063,0.0006635994772029118,0.03266613645938593,1.3862943611198906
box33_lam1em2,约束族,44,2,8,64,256,0.4326059818267822,0.11876346170902252,0.39252257347106934,0.10975901782512665,-0.29390469193458557,0.41029974818229675,-0.8851697444915771,0.7876299619674683,0,0,0,0.0,0.0,64,8,8,7.958052777667949,1.2550501196528785e-05,22.666784286499023,0.35416850447654724,0.6458314955234528,0.006790225232858283,0.02920165146999717,1.3862943611198906
noridge,正则族,44,2,8,64,256,0.43978896737098694,0.16963224112987518,0.4010618031024933,0.17557235062122345,-1.3632547855377197,2.226660966873169,-13.32873249053955,0.9404444694519043,4,2,0,0.0625,0.0,64,8,8,7.958052777667949,1.3073986337985843e-12,15.386920928955078,0.2404206395149231,0.7595793604850769,2.3790022656701468e-08,0.03318335503104157,1.3862943611198906
lam1em4,正则族,44,2,8,64,256,0.43963390588760376,0.16891945898532867,0.4006763696670532,0.17481841146945953,-1.133389949798584,1.287346363067627,-5.5365800857543945,0.9380682110786438,4,0,0,0.0625,0.0,64,8,8,7.958052777667949,1.2580017028085422e-09,15.472569465637207,0.24175889790058136,0.7582411020994186,5.999018312191295e-05,0.03313165123654184,1.3862943611198906
lam1em2,正则族,44,2,8,64,256,0.4327811300754547,0.12282818555831909,0.3929175138473511,0.11513958871364594,-0.32338225841522217,0.431321382522583,-0.96022629737854,0.7950690388679504,0,0,0,0.0,0.0,64,8,8,7.958052777667949,1.2550326573546045e-05,22.169130325317383,0.3463926613330841,0.6536073386669159,0.0062476237742847855,0.029429273900716594,1.3862943611198906
lam1em1,正则族,44,2,8,64,256,0.41627824306488037,0.06539370864629745,0.3872576951980591,0.044002465903759,0.10111197829246521,0.12437335401773453,-0.06666779518127441,0.5984084606170654,0,0,0,0.0,0.0,64,8,8,7.958052777667949,0.0010003555798903108,32.58291244506836,0.5091080069541931,0.4908919930458069,0.0159610831154732,0.025983834467679334,1.3862943611198906
scalar,对照,44,2,8,64,256,0.4146679639816284,0.04974506050348282,0.3806365430355072,0.05439918488264084,0.2262730747461319,1.5018958521295644e-08,0.2262730896472931,0.2262730896472931,0,0,0,0.0,0.0,64,8,8,7.958052777667949,0.0012015359243378043,37.39897537231445,0.5843589901924133,0.41564100980758667,0.022186699635513892,0.025795785695741744,1.3862943611198906
nobeta,对照,44,2,8,64,256,0.4146679937839508,0.20248302817344666,0.39656612277030945,0.2091117650270462,0.0,0.0,0.0,0.0,0,0,0,0.0,0.0,64,8,8,7.958052777667949,1.283969481846725e-07,37.39897537231445,0.5843589901924133,0.41564100980758667,0.022186699635513892,0.025795783349940985,1.3862943611198906
unbound,基准,44,2,16,8,256,0.44066914916038513,0.24754662811756134,0.38673198223114014,0.19692188501358032,-2.5478978157043457,6.965526103973389,-13.815510749816895,1.7497307062149048,2,2,2,0.25,0.25,6,8,8,22.483298103112418,1.3618375062942505,5.8167548179626465,0.7270943522453308,0.2729056477546692,1.0384337003801343e-07,0.3943368588274172,3.4657359027997265
box33,约束族,44,2,16,8,256,0.4407760500907898,0.24317148327827454,0.3860155940055847,0.20072898268699646,0.15391390025615692,1.9852309226989746,-3.0,1.7420002222061157,2,0,0,0.25,0.0,6,8,8,22.483298103112418,1.3705025911331177,5.93718147277832,0.74214768409729,0.25785231590270996,0.00520841822744384,0.39182777862194795,3.4657359027997265
box77,约束族,44,2,16,8,256,0.4406670033931732,0.24746012687683105,0.38672056794166565,0.1969917118549347,-0.8440572023391724,3.8196310997009277,-7.0,1.7495895624160767,2,2,0,0.25,0.0,6,8,8,22.483298103112418,1.3619935512542725,5.820454120635986,0.7275567650794983,0.2724432349205017,9.470570108779536e-05,0.39434407174621827,3.4657359027997265
box33_lam1em2,约束族,44,2,16,8,256,0.43936651945114136,0.2534753084182739,0.3854779005050659,0.19490493834018707,0.15085850656032562,1.978536605834961,-3.0,1.7202317714691162,2,0,0,0.25,0.0,6,8,8,22.483298103112418,1.3774399757385254,5.951780796051025,0.7439725995063782,0.2560274004936218,0.00529493559843185,0.39156519713028726,3.4657359027997265
noridge,正则族,44,2,16,8,256,0.44084975123405457,0.24675850570201874,0.38588592410087585,0.19762298464775085,-2.5476250648498535,6.9658708572387695,-13.815510749816895,1.7521947622299194,2,2,2,0.25,0.25,6,8,8,22.483298103112418,1.3617569208145142,5.81472110748291,0.7268401384353638,0.27315986156463623,1.0365115672685778e-07,0.39436735098595893,3.4657359027997265
lam1em4,正则族,44,2,16,8,256,0.4408315122127533,0.2468881607055664,0.3859708905220032,0.19755250215530396,-2.547651767730713,6.965836524963379,-13.815510749816895,1.751948356628418,2,2,2,0.25,0.25,6,8,8,22.483298103112418,1.361757755279541,5.814929008483887,0.7268661260604858,0.27313387393951416,1.0367035409511565e-07,0.39436425229521044,3.4657359027997265
lam1em2,正则族,44,2,16,8,256,0.4392299950122833,0.2510771155357361,0.38793572783470154,0.19099201261997223,-2.550825357437134,6.962315559387207,-13.815510749816895,1.7277631759643555,2,2,2,0.25,0.25,6,8,8,22.483298103112418,1.368873119354248,5.831030368804932,0.7288787961006165,0.27112120389938354,1.0558385511779481e-07,0.3941091701559494,3.4657359027997265
lam1em1,正则族,44,2,16,8,256,0.4614321291446686,0.23411168158054352,0.3926606774330139,0.2289874404668808,-0.8851215243339539,5.235931873321533,-13.815510749816895,1.3552474975585938,1,1,1,0.125,0.125,7,8,8,22.483298103112418,1.7620643377304077,6.600201606750488,0.825025200843811,0.17497479915618896,1.18354017766212e-07,0.354720436120595,3.4657359027997265
scalar,对照,44,2,16,8,256,0.4802815318107605,0.2676548659801483,0.433108389377594,0.23770177364349365,1.060346245765686,0.0,1.060346245765686,1.060346245765686,0,0,0,0.0,0.0,8,8,8,22.483298103112418,0.10042973607778549,7.3720903396606445,0.9215112924575806,0.07848870754241943,0.2471173243290978,0.32795930955538444,3.4657359027997265
nobeta,对照,44,2,16,8,256,0.4802815020084381,0.5801876187324524,0.5370088219642639,0.6058008074760437,0.0,0.0,0.0,0.0,0,0,0,0.0,0.0,6,8,8,22.483298103112418,1.3618375062942505,7.3720903396606445,0.9215112924575806,0.07848870754241943,0.2471173243290978,0.32795928351596637,3.4657359027997265
unbound,基准,44,2,16,16,256,0.6698148846626282,0.22400593757629395,0.5768172740936279,0.10666307061910629,-0.8961156606674194,5.086481094360352,-13.815510749816895,1.777087688446045,2,2,2,0.125,0.125,14,16,16,108969.38915398573,0.2730889320373535,11.437858581542969,0.7148661613464355,0.28513383865356445,2.649371853740216e-07,0.1640977044794419,2.772588722239781
box33,约束族,44,2,16,16,256,0.6648082137107849,0.21169064939022064,0.5720276236534119,0.10097023099660873,0.4543103277683258,1.4955570697784424,-3.0,1.7559590339660645,2,0,0,0.125,0.0,14,16,16,108969.38915398573,0.2770642638206482,11.773845672607422,0.7358653545379639,0.26413464546203613,0.013191604560616504,0.1622920791527127,2.772588722239781
box77,约束族,44,2,16,16,256,0.6698015928268433,0.22378158569335938,0.5767939686775208,0.106556236743927,-0.0441981703042984,2.7947349548339844,-7.0,1.7767136096954346,2,2,0,0.125,0.0,14,16,16,108969.38915398573,0.2731602191925049,11.449074745178223,0.7155671715736389,0.2844328284263611,0.0002415918037377161,0.16407167808109652,2.772588722239781
box33_lam1em2,约束族,44,2,16,16,256,0.5179463624954224,0.18898288905620575,0.4679115414619446,0.06978544592857361,0.5858898162841797,1.1315960884094238,-3.0,1.6089330911636353,1,0,0,0.0625,0.0,15,16,16,108969.38915398573,0.3172960579395294,12.493884086608887,0.7808677554130554,0.21913224458694458,0.013302451563387089,0.12875450651185746,2.772588722239781
noridge,正则族,44,2,16,16,256,0.6693803668022156,0.22526399791240692,0.5788776874542236,0.10870882868766785,-0.9018539786338806,5.0870208740234375,-13.815510749816895,1.789011001586914,2,2,2,0.125,0.125,14,16,16,108969.38915398573,0.2725905776023865,11.405191421508789,0.7128244638442993,0.2871755361557007,2.652547378837841e-07,0.16609749272689386,2.772588722239781
lam1em4,正则族,44,2,16,16,256,0.6695297956466675,0.2251354604959488,0.5786343216896057,0.1084693893790245,-0.9012080430984497,5.086956977844238,-13.815510749816895,1.787853479385376,2,2,2,0.125,0.125,14,16,16,108969.38915398573,0.2726251482963562,11.408676147460938,0.7130422592163086,0.2869577407836914,2.6521437639902443e-07,0.16586782505965392,2.772588722239781
lam1em2,正则族,44,2,16,16,256,0.521851658821106,0.18774233758449554,0.4700312912464142,0.06563692539930344,-0.09138558804988861,3.7104532718658447,-13.815510749816895,1.6096094846725464,1,1,1,0.0625,0.0625,15,16,16,108969.38915398573,0.3161655366420746,12.32962703704834,0.7706016898155212,0.22939831018447876,2.6708888594449105e-07,0.1296354590837654,2.772588722239781
lam1em1,正则族,44,2,16,16,256,0.4153566360473633,0.13078562915325165,0.35438072681427,0.09022440761327744,0.6464104056358337,0.3462999165058136,0.01574125699698925,1.367305874824524,0,0,0,0.0,0.0,16,16,16,108969.38915398573,0.5772721767425537,12.677448272705078,0.7923405170440674,0.20765948295593262,0.09352907779020976,0.11565824159557028,2.772588722239781
scalar,对照,44,2,16,16,256,0.43799129128456116,0.19417795538902283,0.41452085971832275,0.17950184643268585,0.7622265219688416,6.155941179031288e-08,0.7622264623641968,0.7622264623641968,0,0,0,0.0,0.0,16,16,16,108969.38915398573,0.05991736799478531,13.041202545166016,0.815075159072876,0.18492484092712402,0.12519881621225534,0.10944830909911743,2.772588722239781
nobeta,对照,44,2,16,16,256,0.43799087405204773,0.49474960565567017,0.400688499212265,0.49403998255729675,0.0,0.0,0.0,0.0,0,0,0,0.0,0.0,14,16,16,108969.38915398573,0.2730889320373535,13.041202545166016,0.815075159072876,0.18492484092712402,0.12519882684925776,0.10944841325678964,2.772588722239781
unbound,基准,44,2,16,32,256,0.37030938267707825,0.10797092318534851,0.34672021865844727,0.035128600895404816,0.28459876775741577,0.9403278231620789,-2.631227970123291,1.591003179550171,0,0,0,0.0,0.0,32,16,16,64.64266685436985,0.0077562290243804455,22.74679946899414,0.7108374834060669,0.2891625165939331,0.0066374321987140725,0.031423136090636974,2.0794415416798357
box33,约束族,44,2,16,32,256,0.36948537826538086,0.10272333770990372,0.34626278281211853,0.034543946385383606,0.30695241689682007,0.8849789500236511,-2.169959783554077,1.5896323919296265,0,0,0,0.0,0.0,32,16,16,64.64266685436985,0.007753214333206415,22.877897262573242,0.7149342894554138,0.2850657105445862,0.010517481111218165,0.031357393069904094,2.0794415416798357
box77,约束族,44,2,16,32,256,0.3702940046787262,0.10787572711706161,0.34671375155448914,0.03511793538928032,0.2850821614265442,0.9390496015548706,-2.620574474334717,1.5909773111343384,0,0,0,0.0,0.0,32,16,16,64.64266685436985,0.00775621272623539,22.7492618560791,0.7109144330024719,0.2890855669975281,0.006708408145159398,0.031421977336533555,2.0794415416798357
box33_lam1em2,约束族,44,2,16,32,256,0.3572034537792206,0.08471398055553436,0.3316167891025543,0.03353836014866829,0.4039726257324219,0.6492229700088501,-1.7557716369628906,1.3950165510177612,0,0,0,0.0,0.0,32,16,16,64.64266685436985,0.01951105333864689,23.922420501708984,0.7475756406784058,0.25242435932159424,0.01689173928325404,0.0300858459722527,2.0794415416798357
noridge,正则族,44,2,16,32,256,0.37214452028274536,0.10892225801944733,0.3488709330558777,0.03609272465109825,0.24966391921043396,1.019412636756897,-2.747898578643799,1.6166176795959473,0,0,0,0.0,0.0,32,16,16,64.64266685436985,0.00683514354750514,22.49726104736328,0.7030394077301025,0.29696059226989746,0.005859557168346737,0.031687257162890156,2.0794415416798357
lam1em4,正则族,44,2,16,32,256,0.37195390462875366,0.10921546071767807,0.3486495018005371,0.035990577191114426,0.2538476586341858,1.0097600221633911,-2.7358558177948,1.6140164136886597,0,0,0,0.0,0.0,32,16,16,64.64266685436985,0.006921577733010054,22.524282455444336,0.7038838267326355,0.2961161732673645,0.0059353624444272845,0.031659313612390515,2.0794415416798357
lam1em2,正则族,44,2,16,32,256,0.3576931655406952,0.08752957731485367,0.3319258987903595,0.03431589528918266,0.3985518515110016,0.664085865020752,-1.8792744874954224,1.3957120180130005,0,0,0,0.0,0.0,32,16,16,64.64266685436985,0.019524380564689636,23.8770694732666,0.7461584210395813,0.2538415789604187,0.014936804547011462,0.030104796158741797,2.0794415416798357
lam1em1,正则族,44,2,16,32,256,0.33872514963150024,0.09785741567611694,0.31839391589164734,0.044428158551454544,0.4051275849342346,0.32310450077056885,-0.5842851996421814,0.9527037739753723,0,0,0,0.0,0.0,32,16,16,64.64266685436985,0.12656939029693604,23.395774841308594,0.7311179637908936,0.26888203620910645,0.04910389634786513,0.03262834451586749,2.0794415416798357
scalar,对照,44,2,16,32,256,0.3268420696258545,0.08428028970956802,0.2884093225002289,0.11029912531375885,0.476753294467926,3.027918893394599e-08,0.4767533242702484,0.4767533242702484,0,0,0,0.0,0.0,32,16,16,64.64266685436985,0.022595424205064774,23.619882583618164,0.7381213307380676,0.2618786692619324,0.06263325228284515,0.03335128338916671,2.0794415416798357
nobeta,对照,44,2,16,32,256,0.3268418312072754,0.3469228446483612,0.321787029504776,0.34314361214637756,0.0,0.0,0.0,0.0,0,0,0,0.0,0.0,32,16,16,64.64266685436985,0.0077562290243804455,23.619882583618164,0.7381213307380676,0.2618786692619324,0.06263325226784285,0.0333512768793122,2.0794415416798357
unbound,基准,44,2,16,64,256,0.3420851230621338,0.08354957401752472,0.32162952423095703,0.03782353550195694,-0.17864462733268738,0.9774179458618164,-5.476014137268066,1.3099182844161987,1,0,0,0.015625,0.0,64,16,16,46.18490967642952,0.004504139069467783,32.345542907714844,0.5053991079330444,0.49460089206695557,0.00014310748297517335,0.038332913751502044,1.3862943611198906
box33,约束族,44,2,16,64,256,0.3393276035785675,0.08397357910871506,0.3178538382053375,0.034158576279878616,-0.10542754083871841,0.7467382550239563,-2.926274299621582,1.3028589487075806,0,0,0,0.0,0.0,64,16,16,46.18490967642952,0.004434254486113787,32.944393157958984,0.5147561430931091,0.48524385690689087,0.0018570746188439611,0.03806888381721205,1.3862943611198906
box77,约束族,44,2,16,64,256,0.3420359194278717,0.08355967700481415,0.3215618431568146,0.03780394047498703,-0.17492392659187317,0.9599669575691223,-5.280308723449707,1.3097898960113525,1,0,0,0.015625,0.0,64,16,16,46.18490967642952,0.004502837546169758,32.356773376464844,0.5055745840072632,0.4944254159927368,0.000174084955977684,0.03832831779421544,1.3862943611198906
box33_lam1em2,约束族,44,2,16,64,256,0.32855871319770813,0.0692359060049057,0.3080774247646332,0.02631269581615925,0.07349655032157898,0.46247217059135437,-1.2229878902435303,1.1815179586410522,0,0,0,0.0,0.0,64,16,16,46.18490967642952,0.0063453479669988155,36.38105010986328,0.5684539079666138,0.43154609203338623,0.013241638715318086,0.03601537625031385,1.3862943611198906
noridge,正则族,44,2,16,64,256,0.34384623169898987,0.08349084109067917,0.3239419460296631,0.03960425406694412,-0.3448324203491211,1.8751280307769775,-13.815510749816895,1.3256970643997192,1,1,1,0.015625,0.015625,63,16,16,46.18490967642952,0.0043204291723668575,31.812002182006836,0.4970625340938568,0.5029374659061432,3.389604170228283e-08,0.03859895197590948,1.3862943611198906
lam1em4,正则族,44,2,16,64,256,0.343662828207016,0.08349773287773132,0.3237021267414093,0.03941965103149414,-0.3408990502357483,1.8728675842285156,-13.815510749816895,1.3241018056869507,1,1,1,0.015625,0.015625,63,16,16,46.18490967642952,0.004338456317782402,31.866825103759766,0.49791914224624634,0.5020808577537537,3.3926634775042935e-08,0.03857221274849485,1.3862943611198906
lam1em2,正则族,44,2,16,64,256,0.33008062839508057,0.07051219791173935,0.3084845244884491,0.027672914788126945,0.060060735791921616,0.4805562496185303,-1.3250786066055298,1.1865135431289673,0,0,0,0.0,0.0,64,16,16,46.18490967642952,0.006396919023245573,36.04001998901367,0.5631253123283386,0.4368746876716614,0.011986163062510923,0.036194944077217094,1.3862943611198906
lam1em1,正则族,44,2,16,64,256,0.3186551630496979,0.061463795602321625,0.2977678179740906,0.02150781638920307,0.21302729845046997,0.1834479123353958,-0.33520686626434326,0.6988052725791931,0,0,0,0.0,0.0,64,16,16,46.18490967642952,0.026807479560375214,40.341819763183594,0.6303409337997437,0.36965906620025635,0.03608287600468922,0.03396435544783984,1.3862943611198906
scalar,对照,44,2,16,64,256,0.3136974275112152,0.060995232313871384,0.2778831124305725,0.04998847097158432,0.2527138888835907,3.003791704259129e-08,0.2527138590812683,0.2527138590812683,0,0,0,0.0,0.0,64,16,16,46.18490967642952,0.0064682913944125175,40.79039001464844,0.6373498439788818,0.36265015602111816,0.03544233270862151,0.035106388989943095,1.3862943611198906
nobeta,对照,44,2,16,64,256,0.31369686126708984,0.1984635591506958,0.29075953364372253,0.20876097679138184,0.0,0.0,0.0,0.0,0,0,0,0.0,0.0,64,16,16,46.18490967642952,0.004504139069467783,40.79035186767578,0.6373492479324341,0.3626507520675659,0.035442325865345646,0.03510637597023407,1.3862943611198906
unbound,基准,44,2,32,8,256,0.4035637080669403,0.20510847866535187,0.3642333447933197,0.15441559255123138,-0.8118417263031006,5.2761311531066895,-13.815510749816895,1.7705494165420532,1,1,1,0.125,0.125,7,8,8,17.21011879812028,4.415633201599121,6.442163944244385,0.8052704930305481,0.1947295069694519,1.8709436377208407e-07,0.42526908719382966,3.4657359027997265
box33,约束族,44,2,32,8,256,0.402229368686676,0.20417383313179016,0.35922864079475403,0.15404526889324188,0.5396542549133301,1.5070098638534546,-3.0,1.7634316682815552,1,0,0,0.125,0.0,7,8,8,17.21011879812028,4.42196798324585,6.521266937255859,0.8151583671569824,0.18484163284301758,0.009319701664513612,0.4229931172801408,3.4657359027997265
box77,约束族,44,2,32,8,256,0.4035528004169464,0.20509128272533417,0.3642243444919586,0.154408797621727,0.04008951783180237,2.884779691696167,-7.0,1.7704194784164429,1,1,0,0.125,0.0,7,8,8,17.21011879812028,4.41574764251709,6.444568634033203,0.8055710792541504,0.1944289207458496,0.0001706096235247486,0.42526970564290784,3.4657359027997265
box33_lam1em2,约束族,44,2,32,8,256,0.4003807604312897,0.19425883889198303,0.3581612706184387,0.16274137794971466,0.5367249846458435,1.4969052076339722,-3.0,1.736414909362793,1,0,0,0.125,0.0,7,8,8,17.21011879812028,4.432902812957764,6.520761013031006,0.8150951266288757,0.18490487337112427,0.009059651374572887,0.42223845479254085,3.4657359027997265
noridge,正则族,44,2,32,8,256,0.4038006067276001,0.20348508656024933,0.36436983942985535,0.15366119146347046,-0.8116626739501953,5.276549339294434,-13.815510749816895,1.7736358642578125,1,1,1,0.125,0.125,7,8,8,17.21011879812028,4.415502071380615,6.4414520263671875,0.8051815032958984,0.19481849670410156,1.8774759290692164e-07,0.42536061765739436,3.4657359027997265
lam1em4,正则族,44,2,32,8,256,0.403776615858078,0.20364975929260254,0.3643561005592346,0.1537380814552307,-0.8116795420646667,5.276507377624512,-13.815510749816895,1.7733268737792969,1,1,1,0.125,0.125,7,8,8,17.21011879812028,4.41550350189209,6.441527843475342,0.8051909804344177,0.19480901956558228,1.8768123968042103e-07,0.42535134092122223,3.4657359027997265
lam1em2,正则族,44,2,32,8,256,0.4016426205635071,0.1981944888830185,0.36313480138778687,0.16272537410259247,-0.8144530057907104,5.272433280944824,-13.815510749816895,1.7434009313583374,1,1,1,0.125,0.125,7,8,8,17.21011879812028,4.426828384399414,6.442747592926025,0.8053434491157532,0.19465655088424683,1.8188670672562005e-07,0.42454329854756534,3.4657359027997265
lam1em1,正则族,44,2,32,8,256,0.38947993516921997,0.18587586283683777,0.34543576836586,0.1921665370464325,0.8579627871513367,0.3358667194843292,0.40986353158950806,1.3316504955291748,0,0,0,0.0,0.0,8,8,8,17.21011879812028,4.942783832550049,7.103824138641357,0.8879780173301697,0.11202198266983032,0.20410158676158066,0.398326507716943,3.4657359027997265
scalar,对照,44,2,32,8,256,0.3931290805339813,0.25882822275161743,0.34738653898239136,0.2526193857192993,1.07232666015625,0.0,1.07232666015625,1.07232666015625,0,0,0,0.0,0.0,8,8,8,17.21011879812028,0.09733116626739502,7.194882392883301,0.8993602991104126,0.1006397008895874,0.3059642696649671,0.40342140718186004,3.4657359027997265
nobeta,对照,44,2,32,8,256,0.39312905073165894,0.5801876187324524,0.48399364948272705,0.6058008074760437,0.0,0.0,0.0,0.0,0,0,0,0.0,0.0,7,8,8,17.21011879812028,4.415633201599121,7.194880485534668,0.8993600606918335,0.1006399393081665,0.3059642401082108,0.40342140718186004,3.4657359027997265
unbound,基准,44,2,32,16,256,0.3466971814632416,0.12502939999103546,0.2995968461036682,0.09165531396865845,-0.0908670574426651,3.701073408126831,-13.815510749816895,1.5432684421539307,1,1,1,0.0625,0.0625,15,16,16,27.92827756255117,1.155963659286499,12.33938217163086,0.7712113857269287,0.2287886142730713,2.208135548771724e-07,0.2443361273831539,2.772588722239781
box33,约束族,44,2,32,16,256,0.3433133661746979,0.12598013877868652,0.29451224207878113,0.09192836284637451,0.5826146006584167,1.10421621799469,-3.0,1.5322065353393555,1,0,0,0.0625,0.0,15,16,16,27.92827756255117,1.1578590869903564,12.447498321533203,0.7779686450958252,0.2220313549041748,0.011009380372113018,0.2432838556032329,2.772588722239781
box77,约束族,44,2,32,16,256,0.34668415784835815,0.12504670023918152,0.2996019423007965,0.09166039526462555,0.3350585699081421,2.032017707824707,-7.0,1.5430668592453003,1,1,0,0.0625,0.0,15,16,16,27.92827756255117,1.155997395515442,12.343071937561035,0.7714419960975647,0.2285580039024353,0.00020136121453192377,0.2443371130363722,2.772588722239781
box33_lam1em2,约束族,44,2,32,16,256,0.3432234227657318,0.11450647562742233,0.302212655544281,0.0787850022315979,0.5965778827667236,1.06509530544281,-3.0,1.4845781326293945,1,0,0,0.0625,0.0,15,16,16,27.92827756255117,1.1708314418792725,12.56385326385498,0.7852408289909363,0.21475917100906372,0.010794543443567027,0.242734286291171,2.772588722239781
noridge,正则族,44,2,32,16,256,0.34616613388061523,0.12774555385112762,0.2989621162414551,0.09284058213233948,-0.09444822371006012,3.7024435997009277,-13.815510749816895,1.5491130352020264,1,1,1,0.0625,0.0625,15,16,16,27.92827756255117,1.1556811332702637,12.312272071838379,0.7695170044898987,0.23048299551010132,2.2135160723861893e-07,0.2444739448949106,2.772588722239781
lam1em4,正则族,44,2,32,16,256,0.3462616801261902,0.12745797634124756,0.29902973771095276,0.09277860075235367,-0.0940580666065216,3.7023003101348877,-13.815510749816895,1.5485224723815918,1,1,1,0.0625,0.0625,15,16,16,27.92827756255117,1.1556938886642456,12.315190315246582,0.7696993947029114,0.23030060529708862,2.212969976311782e-07,0.24445881221902988,2.772588722239781
lam1em2,正则族,44,2,32,16,256,0.34445562958717346,0.11421941965818405,0.30295485258102417,0.07953116297721863,-0.07742765545845032,3.692504405975342,-13.815510749816895,1.4954019784927368,1,1,1,0.0625,0.0625,15,16,16,27.92827756255117,1.1689391136169434,12.4505615234375,0.7781600952148438,0.22183990478515625,2.165366466362754e-07,0.2437645258226833,2.772588722239781
lam1em1,正则族,44,2,32,16,256,0.34145066142082214,0.1350216120481491,0.2931522727012634,0.1104440912604332,0.6876770257949829,0.3677658140659332,-0.1634102165699005,1.1670695543289185,0,0,0,0.0,0.0,16,16,16,27.92827756255117,1.4981553554534912,12.792933464050293,0.7995583415031433,0.2004416584968567,0.10956410767828187,0.22472089393099906,2.772588722239781
scalar,对照,44,2,32,16,256,0.34878116846084595,0.2119627445936203,0.30514273047447205,0.18581970036029816,0.7802387475967407,6.155941179031288e-08,0.7802388072013855,0.7802388072013855,0,0,0,0.0,0.0,16,16,16,27.92827756255117,0.052402250468730927,12.703654289245605,0.7939783930778503,0.20602160692214966,0.1173383754689787,0.2345149627569585,2.772588722239781
nobeta,对照,44,2,32,16,256,0.34878137707710266,0.48455774784088135,0.3907429575920105,0.48164886236190796,0.0,0.0,0.0,0.0,0,0,0,0.0,0.0,15,16,16,27.92827756255117,1.155963659286499,12.703657150268555,0.7939785718917847,0.20602142810821533,0.11733834756981354,0.2345149627569585,2.772588722239781
unbound,基准,44,2,32,32,256,0.3414146304130554,0.06450054049491882,0.30266085267066956,0.03065820038318634,-0.7565135955810547,4.30967378616333,-13.815510749816895,1.8196792602539062,3,3,3,0.09375,0.09375,29,32,32,501.4281166355516,0.13573703169822693,23.8453311920166,0.7451665997505188,0.2548334002494812,7.805895400042715e-08,0.11251205395904537,2.0794415416798357
box33,约束族,44,2,32,32,256,0.3388413190841675,0.06653045117855072,0.30174148082733154,0.032425664365291595,0.25705307722091675,1.221409559249878,-3.0,1.8156052827835083,3,0,0,0.09375,0.0,29,32,32,501.4281166355516,0.13632911443710327,24.145971298217773,0.7545616030693054,0.24543839693069458,0.0039439642672936814,0.11181598952159914,2.0794415416798357
box77,约束族,44,2,32,32,256,0.3413821756839752,0.06453748792409897,0.3026527166366577,0.030689453706145287,-0.11756469309329987,2.328202962875366,-7.0,1.8196098804473877,3,3,0,0.09375,0.0,29,32,32,501.4281166355516,0.1357468217611313,23.854923248291016,0.7454663515090942,0.25453364849090576,7.119975214450992e-05,0.11250659421327742,2.0794415416798357
box33_lam1em2,约束族,44,2,32,32,256,0.32778239250183105,0.07221480458974838,0.29467102885246277,0.027237506583333015,0.3567802906036377,0.9533554315567017,-3.0,1.5841683149337769,1,0,0,0.03125,0.0,31,32,32,501.4281166355516,0.17337071895599365,24.626840591430664,0.7695887684822083,0.23041123151779175,0.00383680621763064,0.10397675126223771,2.0794415416798357
noridge,正则族,44,2,32,32,256,0.34298086166381836,0.06414633989334106,0.3026827573776245,0.034073203802108765,-0.7605714797973633,4.3108086585998535,-13.815510749816895,1.8480112552642822,3,3,3,0.09375,0.09375,29,32,32,501.4281166355516,0.13245126605033875,23.81447410583496,0.7442023158073425,0.25579768419265747,7.880876810034212e-08,0.11339947040657478,2.0794415416798357
lam1em4,正则族,44,2,32,32,256,0.34282001852989197,0.06418369710445404,0.3026779592037201,0.03421982377767563,-0.7601289749145508,4.3106913566589355,-13.815510749816895,1.845145344734192,3,3,3,0.09375,0.09375,29,32,32,501.4281166355516,0.13277064263820648,23.817943572998047,0.744310736656189,0.25568926334381104,7.873147487996187e-08,0.11330565941203447,2.0794415416798357
lam1em2,正则族,44,2,32,32,256,0.32823431491851807,0.07169365137815475,0.2945958971977234,0.02761872112751007,0.020067930221557617,2.627065896987915,-13.815510749816895,1.582810401916504,1,1,1,0.03125,0.03125,31,32,32,501.4281166355516,0.17343275249004364,24.583370208740234,0.7682303190231323,0.23176968097686768,7.718620275334474e-08,0.10393462908205629,2.0794415416798357
lam1em1,正则族,44,2,32,32,256,0.2613799273967743,0.08095766603946686,0.2397020310163498,0.0427468977868557,0.4391898810863495,0.36653953790664673,-0.9131399393081665,1.0225834846496582,0,0,0,0.0,0.0,32,32,32,501.4281166355516,0.43487146496772766,24.42890739440918,0.7634033560752869,0.23659664392471313,0.02562334354510472,0.08520384545450915,2.0794415416798357
scalar,对照,44,2,32,32,256,0.2686815857887268,0.10427334904670715,0.2406689077615738,0.10737171769142151,0.4780290126800537,0.0,0.4780290126800537,0.4780290126800537,0,0,0,0.0,0.0,32,32,32,501.4281166355516,0.020230351015925407,23.572507858276367,0.7366408705711365,0.2633591294288635,0.0781545913789126,0.0799372104112062,2.0794415416798357
nobeta,对照,44,2,32,32,256,0.2686818242073059,0.3340989947319031,0.2720249891281128,0.33797967433929443,0.0,0.0,0.0,0.0,0,0,0,0.0,0.0,29,32,32,501.4281166355516,0.13573703169822693,23.572507858276367,0.7366408705711365,0.2633591294288635,0.07815459296493002,0.07993721524283963,2.0794415416798357
unbound,基准,44,2,32,64,256,0.22767364978790283,0.07386352121829987,0.20751629769802094,0.009570040740072727,-0.05999774485826492,1.8273730278015137,-13.815510749816895,1.0732645988464355,1,1,1,0.015625,0.015625,63,32,32,106.97646887179808,0.024731189012527466,40.31414031982422,0.6299084424972534,0.3700915575027466,1.340598129231218e-07,0.058936940922023805,1.3862943611198906
box33,约束族,44,2,32,64,256,0.2262248694896698,0.07485571503639221,0.20693762600421906,0.009594627656042576,0.12210534512996674,0.6496883034706116,-3.0,1.0678472518920898,1,0,0,0.015625,0.0,63,32,32,106.97646887179808,0.02450956217944622,40.71919631958008,0.6362374424934387,0.3637625575065613,0.0066910512229694085,0.05850692071574637,1.3862943611198906
box77,约束族,44,2,32,64,256,0.2276461124420166,0.07389158755540848,0.2075057327747345,0.00957042258232832,0.046743541955947876,1.0432977676391602,-7.0,1.0731664896011353,1,1,0,0.015625,0.0,63,32,32,106.97646887179808,0.0247271079570055,40.323280334472656,0.6300512552261353,0.36994874477386475,0.00012225235414742812,0.05892943739531794,1.3862943611198906
box33_lam1em2,约束族,44,2,32,64,256,0.22200073301792145,0.06618889421224594,0.20219172537326813,0.011643906123936176,0.2072937786579132,0.45240920782089233,-1.7681149244308472,0.9587677717208862,0,0,0,0.0,0.0,64,32,32,106.97646887179808,0.02741522714495659,42.32072448730469,0.6612613201141357,0.33873867988586426,0.022710882519107033,0.055394338979970585,1.3862943611198906
noridge,正则族,44,2,32,64,256,0.22959482669830322,0.07412976026535034,0.20854045450687408,0.009364701807498932,-0.07462607324123383,1.8349521160125732,-13.815510749816895,1.0871901512145996,1,1,1,0.015625,0.015625,63,32,32,106.97646887179808,0.02454034611582756,40.07008361816406,0.6260950565338135,0.3739049434661865,1.341233963978106e-07,0.059409112298283204,1.3862943611198906
lam1em4,正则族,44,2,32,64,256,0.22939501702785492,0.07410482317209244,0.2084321826696396,0.009348750114440918,-0.07305416464805603,1.8341001272201538,-13.815510749816895,1.0857882499694824,1,1,1,0.015625,0.015625,63,32,32,106.97646887179808,0.024558573961257935,40.095481872558594,0.626491904258728,0.373508095741272,1.341188907936354e-07,0.05936044808644708,1.3862943611198906
lam1em2,正则族,44,2,32,64,256,0.2217220813035965,0.06675168126821518,0.20239640772342682,0.01165051106363535,0.2005603164434433,0.4626219868659973,-1.8286455869674683,0.962706446647644,0,0,0,0.0,0.0,64,32,32,106.97646887179808,0.027615737169981003,42.144588470458984,0.6585091948509216,0.34149080514907837,0.021337975919261804,0.05564599943843922,1.3862943611198906
lam1em1,正则族,44,2,32,64,256,0.2135598510503769,0.045548465102910995,0.18998360633850098,0.021302329376339912,0.25694897770881653,0.1830199658870697,-0.1961151361465454,0.6356853246688843,0,0,0,0.0,0.0,64,32,32,106.97646887179808,0.06882326304912567,43.138587951660156,0.6740404367446899,0.32595956325531006,0.03483338878764347,0.05034586184898141,1.3862943611198906
scalar,对照,44,2,32,64,256,0.22144347429275513,0.06700286269187927,0.19519007205963135,0.05600233003497124,0.24989034235477448,1.5018958521295644e-08,0.24989035725593567,0.24989035725593567,0,0,0,0.0,0.0,64,32,32,106.97646887179808,0.006014945916831493,41.05059814453125,0.6414155960083008,0.3585844039916992,0.03149966784663121,0.05066435346095652,1.3862943611198906
nobeta,对照,44,2,32,64,256,0.22144263982772827,0.18758417665958405,0.21902188658714294,0.19205373525619507,0.0,0.0,0.0,0.0,0,0,0,0.0,0.0,63,32,32,106.97646887179808,0.024731189012527466,41.05059814453125,0.6414155960083008,0.3585844039916992,0.031499665842182695,0.05066435829258994,1.3862943611198906
unbound,基准,45,0,8,8,256,0.45466527342796326,0.19753497838974,0.4286411702632904,0.18390363454818726,-2.7095494270324707,6.977787971496582,-13.815510749816895,2.4656336307525635,2,2,2,0.25,0.25,6,8,8,310.7813349533622,0.09032115340232849,4.71891450881958,0.5898643136024475,0.4101356863975525,8.691090073715022e-08,0.24438610574357475,3.4657359027997265
box33,约束族,45,0,8,8,256,0.45377597212791443,0.19882945716381073,0.4281480610370636,0.18217411637306213,-0.005810260772705078,2.259969711303711,-3.0,2.4592626094818115,2,0,0,0.25,0.0,6,8,8,310.7813349533622,0.09299265593290329,4.813266754150391,0.6016583442687988,0.39834165573120117,0.004354547653749985,0.24293399295436105,3.4657359027997265
box77,约束族,45,0,8,8,256,0.4546595513820648,0.19755874574184418,0.4286039173603058,0.183872252702713,-1.005674123764038,3.9230258464813232,-7.0,2.465517282485962,2,2,0,0.25,0.0,6,8,8,310.7813349533622,0.09036852419376373,4.721691608428955,0.5902114510536194,0.4097885489463806,7.926169175544629e-05,0.24436973663719064,3.4657359027997265
box33_lam1em2,约束族,45,0,8,8,256,0.45382148027420044,0.18857070803642273,0.44092121720314026,0.1695966273546219,0.5531601905822754,1.6627652645111084,-3.0,2.110751152038574,1,0,0,0.125,0.0,7,8,8,310.7813349533622,0.23496098816394806,5.969712734222412,0.7462140917778015,0.2537859082221985,0.005698786141941056,0.12375813235358592,3.4657359027997265
noridge,正则族,45,0,8,8,256,0.4619685113430023,0.19855567812919617,0.4392879009246826,0.18532994389533997,-2.729759693145752,6.976739406585693,-13.815510749816895,2.4754812717437744,2,2,2,0.25,0.25,6,8,8,310.7813349533622,0.08973798900842667,4.688394069671631,0.5860492587089539,0.41395074129104614,8.632789709964403e-08,0.2641265671787497,3.4657359027997265
lam1em4,正则族,45,0,8,8,256,0.4606264531612396,0.19845224916934967,0.4390731751918793,0.18518666923046112,-2.7275397777557373,6.976839065551758,-13.815510749816895,2.4744906425476074,2,2,2,0.25,0.25,6,8,8,310.7813349533622,0.08974410593509674,4.691537857055664,0.586442232131958,0.413557767868042,8.638635385144342e-08,0.2619666111080984,3.4657359027997265
lam1em2,正则族,45,0,8,8,256,0.45443612337112427,0.1900044083595276,0.44129931926727295,0.16803894937038422,-0.7965056896209717,5.32620096206665,-13.815510749816895,2.1081459522247314,1,1,1,0.125,0.125,7,8,8,310.7813349533622,0.2337334007024765,5.92620849609375,0.7407760620117188,0.25922393798828125,1.139688027950543e-07,0.12357147631293747,3.4657359027997265
lam1em1,正则族,45,0,8,8,256,0.46139827370643616,0.19809795916080475,0.43266600370407104,0.18868228793144226,0.9179027676582336,0.6468085646629333,-0.37833860516548157,1.5357513427734375,0,0,0,0.0,0.0,8,8,8,310.7813349533622,1.0091294050216675,6.899592876434326,0.8624491095542908,0.13755089044570923,0.08696855282834287,0.11794026966979372,3.4657359027997265
scalar,对照,45,0,8,8,256,0.5116464495658875,0.21580107510089874,0.46917784214019775,0.2114025056362152,1.119629979133606,0.0,1.119629979133606,1.119629979133606,0,0,0,0.0,0.0,8,8,8,310.7813349533622,0.06025976687669754,7.428765296936035,0.9285956621170044,0.0714043378829956,0.26238321131955616,0.11652805835047472,3.4657359027997265
nobeta,对照,45,0,8,8,256,0.5116464495658875,0.655030369758606,0.7195919156074524,0.6719500422477722,0.0,0.0,0.0,0.0,0,0,0,0.0,0.0,6,8,8,310.7813349533622,0.09032115340232849,7.428765296936035,0.9285956621170044,0.0714043378829956,0.26238324792320694,0.11652795196546789,3.4657359027997265
unbound,基准,45,0,8,16,256,0.6961392760276794,0.17116700112819672,0.6449487209320068,0.181227907538414,-2.4390337467193604,5.940432548522949,-13.815510749816895,1.9282172918319702,5,3,3,0.3125,0.1875,13,8,8,21.488388752279064,0.0008354412275366485,8.616799354553223,0.5385499596595764,0.4614500403404236,4.726237543653624e-08,0.08195125024792849,2.772588722239781
box33,约束族,45,0,8,16,256,0.67606520652771,0.16585226356983185,0.626666247844696,0.17752133309841156,-0.25957781076431274,1.979609489440918,-3.0,1.9354547262191772,5,0,0,0.3125,0.0,11,8,8,21.488388752279064,0.0012366155860945582,8.866484642028809,0.5541552901268005,0.44584470987319946,0.002384764257968201,0.08174611867776073,2.772588722239781
box77,约束族,45,0,8,16,256,0.6964367032051086,0.17108020186424255,0.6449709534645081,0.18117250502109528,-1.1538006067276,3.429361581802368,-7.0,1.9283020496368408,5,3,0,0.3125,0.0,13,8,8,21.488388752279064,0.0008356725447811186,8.621582984924316,0.5388489365577698,0.4611510634422302,4.310579314635678e-05,0.08196545619250706,2.772588722239781
box33_lam1em2,约束族,45,0,8,16,256,0.5365999937057495,0.18174409866333008,0.5014299750328064,0.17820565402507782,0.15830931067466736,1.517598271369934,-3.0,1.7259958982467651,2,0,0,0.125,0.0,14,8,8,21.488388752279064,0.025746140629053116,10.159085273742676,0.6349428296089172,0.36505717039108276,0.002589423518442574,0.05769006078639332,2.772588722239781
noridge,正则族,45,0,8,16,256,0.7024354338645935,0.17704561352729797,0.6274593472480774,0.1837431639432907,-3.0783419609069824,6.577328205108643,-13.815510749816895,1.9621200561523438,5,4,4,0.3125,0.25,12,8,8,21.488388752279064,8.968071051640436e-05,8.443742752075195,0.5277339220046997,0.4722660779953003,4.6795422536407746e-08,0.08590022623975355,2.772588722239781
lam1em4,正则族,45,0,8,16,256,0.7014331817626953,0.17643095552921295,0.6292027235031128,0.18298783898353577,-3.0621743202209473,6.574220180511475,-13.815510749816895,1.9586155414581299,5,4,4,0.3125,0.25,12,8,8,21.488388752279064,0.0001307953061768785,8.462262153625488,0.528891384601593,0.471108615398407,4.684302302580358e-08,0.08552063744305374,2.772588722239781
lam1em2,正则族,45,0,8,16,256,0.5302761793136597,0.18226732313632965,0.4983208179473877,0.1810716688632965,-1.1893343925476074,5.005281448364258,-13.815510749816895,1.7226994037628174,2,2,2,0.125,0.125,14,8,8,21.488388752279064,0.025550607591867447,10.051034927368164,0.6281896829605103,0.37181031703948975,5.1587956199856297e-08,0.05638816717298914,2.772588722239781
lam1em1,正则族,45,0,8,16,256,0.4338564872741699,0.14076614379882812,0.408579558134079,0.14812517166137695,0.48560112714767456,0.8611388802528381,-2.1185410022735596,1.3529064655303955,0,0,0,0.0,0.0,16,8,8,21.488388752279064,0.2887668311595917,11.86875057220459,0.7417969107627869,0.25820308923721313,0.0075379052616348415,0.026336104903894313,2.772588722239781
scalar,对照,45,0,8,16,256,0.44595640897750854,0.16048984229564667,0.4174174666404724,0.16106116771697998,0.7770251631736755,6.155941179031288e-08,0.7770251035690308,0.7770251035690308,0,0,0,0.0,0.0,16,8,8,21.488388752279064,0.04022728279232979,13.741922378540039,0.8588701486587524,0.14112985134124756,0.15000494825614394,0.02555332756981312,2.772588722239781
nobeta,对照,45,0,8,16,256,0.4459564685821533,0.5399506688117981,0.5722753405570984,0.554105281829834,0.0,0.0,0.0,0.0,0,0,0,0.0,0.0,13,8,8,21.488388752279064,0.0008354412275366485,13.741922378540039,0.8588701486587524,0.14112985134124756,0.15000497504344823,0.025553169765386324,2.772588722239781
unbound,基准,45,0,8,32,256,0.4198707044124603,0.142862007021904,0.382798433303833,0.12861326336860657,-0.0026782099157571793,0.9504040479660034,-3.080813407897949,1.2417625188827515,1,0,0,0.03125,0.0,32,8,8,10.106853998952023,3.7961585803714115e-06,17.27375602722168,0.5398048758506775,0.4601951241493225,0.002048714236360974,0.015478874873866252,2.0794415416798357
box33,约束族,45,0,8,32,256,0.4197290539741516,0.13769353926181793,0.38232460618019104,0.1263411045074463,0.0503888800740242,0.8287783861160278,-2.389307737350464,1.2336376905441284,0,0,0,0.0,0.0,32,8,8,10.106853998952023,3.7950644582451787e-06,17.57282257080078,0.5491507053375244,0.4508492946624756,0.004147976999478323,0.015387850088939878,2.0794415416798357
box77,约束族,45,0,8,32,256,0.41986826062202454,0.1427672952413559,0.3827894628047943,0.12870360910892487,-0.0014524245634675026,0.9473280310630798,-3.062730312347412,1.2416146993637085,1,0,0,0.03125,0.0,32,8,8,10.106853998952023,3.7960523968649795e-06,17.279308319091797,0.5399783849716187,0.46002161502838135,0.0020866258049381716,0.015477160302172856,2.0794415416798357
box33_lam1em2,约束族,45,0,8,32,256,0.41716477274894714,0.12863284349441528,0.3772777020931244,0.0991072803735733,0.2939037084579468,0.47373828291893005,-0.9221217632293701,1.1256163120269775,0,0,0,0.0,0.0,32,8,8,10.106853998952023,0.0003545024956110865,20.672588348388672,0.646018385887146,0.353981614112854,0.02128279272794253,0.014657007255567454,2.0794415416798357
noridge,正则族,45,0,8,32,256,0.4202849566936493,0.14931775629520416,0.3839356601238251,0.13006509840488434,-0.4589504599571228,2.684333086013794,-13.815510749816895,1.2614681720733643,2,1,1,0.0625,0.03125,31,8,8,10.106853998952023,4.718003765447065e-12,16.616317749023438,0.5192599296569824,0.4807400703430176,4.3325199327519986e-08,0.015623241101216708,2.0794415416798357
lam1em4,正则族,45,0,8,32,256,0.4203600287437439,0.148879736661911,0.38381707668304443,0.12955637276172638,-0.1722436100244522,1.411889910697937,-5.540231227874756,1.2594043016433716,2,0,0,0.0625,0.0,32,8,8,10.106853998952023,3.8185305584192974e-08,16.6874942779541,0.5214841961860657,0.4785158038139343,0.0001705907717757952,0.015608818840457584,2.0794415416798357
lam1em2,正则族,45,0,8,32,256,0.41717323660850525,0.12862715125083923,0.37727487087249756,0.09776489436626434,0.2875570058822632,0.4828539788722992,-0.9699684381484985,1.1289048194885254,0,0,0,0.0,0.0,32,8,8,10.106853998952023,0.00035450863651931286,20.573095321655273,0.6429092288017273,0.3570907711982727,0.020164989107435548,0.014688535338882964,2.0794415416798357
lam1em1,正则族,45,0,8,32,256,0.41593116521835327,0.11163949221372604,0.3768218159675598,0.09752099961042404,0.38110363483428955,0.31633949279785156,-0.2925204634666443,1.0397148132324219,0,0,0,0.0,0.0,32,8,8,10.106853998952023,0.021547311916947365,22.390369415283203,0.6996990442276001,0.3003009557723999,0.04555029869033312,0.014883102877872598,2.0794415416798357
scalar,对照,45,0,8,32,256,0.4225992262363434,0.10345790535211563,0.3792807459831238,0.13087870180606842,0.49285557866096497,3.027918893394599e-08,0.49285560846328735,0.49285560846328735,0,0,0,0.0,0.0,32,8,8,10.106853998952023,0.013213777914643288,24.60597038269043,0.7689365744590759,0.23106342554092407,0.07850456696163133,0.015615322510541733,2.0794415416798357
nobeta,对照,45,0,8,32,256,0.42259931564331055,0.41286399960517883,0.4504660964012146,0.40568432211875916,0.0,0.0,0.0,0.0,0,0,0,0.0,0.0,32,8,8,10.106853998952023,3.7961585803714115e-06,24.60597038269043,0.7689365744590759,0.23106342554092407,0.07850456696163133,0.015615318964374838,2.0794415416798357
unbound,基准,45,0,8,64,256,0.40659111738204956,0.12377897650003433,0.36265891790390015,0.11196961253881454,-0.466294527053833,0.8260745406150818,-3.1489126682281494,1.1046955585479736,2,0,0,0.03125,0.0,64,8,8,8.349088960976816,7.976257165864808e-08,23.922346115112305,0.37378665804862976,0.6262133419513702,0.002185805681011571,0.02146902453005118,1.3862943611198906
box33,约束族,45,0,8,64,256,0.40628501772880554,0.12068381905555725,0.3620666265487671,0.10797731578350067,-0.3947823643684387,0.7134189605712891,-2.402886390686035,1.0867360830307007,0,0,0,0.0,0.0,64,8,8,8.349088960976816,7.968753834575182e-08,24.719890594482422,0.38624829053878784,0.6137517094612122,0.003274029891819665,0.021437937057972287,1.3862943611198906
box77,约束族,45,0,8,64,256,0.40659642219543457,0.12372258305549622,0.36264801025390625,0.11189651489257812,-0.4647405743598938,0.823289155960083,-3.1288249492645264,1.1043691635131836,1,0,0,0.015625,0.0,64,8,8,8.349088960976816,7.963342341099633e-08,23.93699836730957,0.37401559948921204,0.625984400510788,0.0022310795561976205,0.02146857593993905,1.3862943611198906
box33_lam1em2,约束族,45,0,8,64,256,0.4032071828842163,0.09714686125516891,0.35789066553115845,0.09646373242139816,-0.09091392159461975,0.37746185064315796,-0.8903210163116455,0.9356358647346497,0,0,0,0.0,0.0,64,8,8,8.349088960976816,7.894880582171027e-06,30.714645385742188,0.4799163341522217,0.5200836658477783,0.012906321798889248,0.02110604597908428,1.3862943611198906
noridge,正则族,45,0,8,64,256,0.4062500298023224,0.12723873555660248,0.36337530612945557,0.11673745512962341,-0.7512347102165222,1.962049126625061,-13.815510749816895,1.1256006956100464,2,1,1,0.03125,0.015625,64,8,8,8.349088960976816,1.1368683772161603e-12,22.993515014648438,0.35927367210388184,0.6407263278961182,4.967319917510501e-08,0.021476680704375976,1.3862943611198906
lam1em4,正则族,45,0,8,64,256,0.4062846899032593,0.1268913894891739,0.3633008301258087,0.11624785512685776,-0.5957865715026855,1.1361197233200073,-5.535416126251221,1.1235072612762451,2,0,0,0.03125,0.0,64,8,8,8.349088960976816,7.795506462571211e-10,23.091463088989258,0.36080411076545715,0.6391958892345428,0.0001964467358779014,0.02147660978103809,1.3862943611198906
lam1em2,正则族,45,0,8,64,256,0.40324363112449646,0.09899410605430603,0.35818836092948914,0.09599186480045319,-0.1089714765548706,0.3952926695346832,-0.9636684060096741,0.9481770396232605,0,0,0,0.0,0.0,64,8,8,8.349088960976816,7.89594923844561e-06,30.23119354248047,0.4723623991012573,0.5276376008987427,0.012007454100509444,0.02115014788366526,1.3862943611198906
lam1em1,正则族,45,0,8,64,256,0.40339386463165283,0.06861111521720886,0.3533455431461334,0.07860038429498672,0.16234979033470154,0.1311899870634079,-0.08366086333990097,0.6460899710655212,0,0,0,0.0,0.0,64,8,8,8.349088960976816,0.0007244539447128773,39.75200653076172,0.6211251020431519,0.37887489795684814,0.03409171264394841,0.02040930574619263,1.3862943611198906
scalar,对照,45,0,8,64,256,0.3923957347869873,0.05179167538881302,0.35752102732658386,0.058627255260944366,0.24507451057434082,0.0,0.24507451057434082,0.24507451057434082,0,0,0,0.0,0.0,64,8,8,8.349088960976816,0.0018977236468344927,43.24755096435547,0.6757429838180542,0.3242570161819458,0.034975710207055075,0.020112940167251736,1.3862943611198906
nobeta,对照,45,0,8,64,256,0.3923957645893097,0.2485947459936142,0.3632977604866028,0.2377174347639084,0.0,0.0,0.0,0.0,0,0,0,0.0,0.0,64,8,8,8.349088960976816,7.976257165864808e-08,43.24755096435547,0.6757429838180542,0.3242570161819458,0.034975702528640615,0.020112945486502075,1.3862943611198906
unbound,基准,45,0,16,8,256,0.4280088543891907,0.178410604596138,0.3729926347732544,0.16196411848068237,-0.7954171895980835,5.324710369110107,-13.815510749816895,2.2922523021698,1,1,1,0.125,0.125,7,8,8,10.693603709298474,3.363253593444824,5.465432643890381,0.6831790804862976,0.3168209195137024,8.486381813780826e-08,0.2791067608676211,3.4657359027997265
box33,约束族,45,0,16,8,256,0.4266946315765381,0.17865702509880066,0.3731497824192047,0.16253796219825745,0.5563691854476929,1.654435157775879,-3.0,2.2901227474212646,1,0,0,0.125,0.0,7,8,8,10.693603709298474,3.3640148639678955,5.5094499588012695,0.6886812448501587,0.3113187551498413,0.004228767446599079,0.2787922018744337,3.4657359027997265
box77,约束族,45,0,16,8,256,0.42799869179725647,0.17841516435146332,0.37299424409866333,0.16197475790977478,0.0565190464258194,2.9673211574554443,-7.0,2.292213201522827,1,1,0,0.125,0.0,7,8,8,10.693603709298474,3.363265037536621,5.4667229652404785,0.6833403706550598,0.3166596293449402,7.738701784062069e-05,0.27910765698481954,3.4657359027997265
box33_lam1em2,约束族,45,0,16,8,256,0.43794357776641846,0.18480394780635834,0.3786642253398895,0.15559472143650055,0.8888387680053711,0.9299066066741943,-0.5547062158584595,2.194385051727295,0,0,0,0.0,0.0,8,8,8,10.693603709298474,3.425076961517334,5.968158721923828,0.7460198402404785,0.2539801597595215,0.050299373361582744,0.26326353993740365,3.4657359027997265
noridge,正则族,45,0,16,8,256,0.42783063650131226,0.17883485555648804,0.37288811802864075,0.1614062786102295,-0.8004826307296753,5.324466228485107,-13.815510749816895,2.3013672828674316,1,1,1,0.125,0.125,7,8,8,10.693603709298474,3.3627161979675293,5.440707206726074,0.6800884008407593,0.3199115991592407,8.433125748351012e-08,0.2791400701995845,3.4657359027997265
lam1em4,正则族,45,0,16,8,256,0.42784804105758667,0.17879131436347961,0.37289878726005554,0.16146312654018402,-0.7999576330184937,5.324492454528809,-13.815510749816895,2.3004462718963623,1,1,1,0.125,0.125,7,8,8,10.693603709298474,3.3627214431762695,5.443234443664551,0.6804043054580688,0.31959569454193115,8.440568499390354e-08,0.27913648573079053,3.4657359027997265
lam1em2,正则族,45,0,16,8,256,0.4379437267780304,0.1848040670156479,0.3786642253398895,0.15559472143650055,0.8888393640518188,0.9299055337905884,-0.5547018647193909,2.194385051727295,0,0,0,0.0,0.0,8,8,8,10.693603709298474,3.4250781536102295,5.968160152435303,0.7460200190544128,0.25397998094558716,0.050299591482324234,0.26326349622436956,3.4657359027997265
lam1em1,正则族,45,0,16,8,256,0.4431458115577698,0.18261225521564484,0.41270214319229126,0.17531156539916992,1.0509021282196045,0.43822914361953735,0.4663603901863098,1.741107702255249,0,0,0,0.0,0.0,8,8,8,10.693603709298474,4.695776462554932,6.929286956787109,0.8661608695983887,0.13383913040161133,0.1483667402589519,0.2613187470515079,3.4657359027997265
scalar,对照,45,0,16,8,256,0.4430884122848511,0.3130017817020416,0.4029657542705536,0.2098366618156433,1.2608327865600586,0.0,1.2608327865600586,1.2608327865600586,0,0,0,0.0,0.0,8,8,8,10.693603709298474,0.12417971342802048,7.2906174659729,0.9113271832466125,0.08867281675338745,0.2147922806367289,0.26963720629644594,3.4657359027997265
nobeta,对照,45,0,16,8,256,0.4430882930755615,0.6520975232124329,0.6723663210868835,0.6694080233573914,0.0,0.0,0.0,0.0,0,0,0,0.0,0.0,7,8,8,10.693603709298474,3.363253593444824,7.2906174659729,0.9113271832466125,0.08867281675338745,0.2147922806367289,0.26963720629644594,3.4657359027997265
unbound,基准,45,0,16,16,256,0.4383768141269684,0.19753333926200867,0.35179591178894043,0.15873362123966217,-3.135359525680542,6.442572593688965,-13.815510749816895,2.1519389152526855,4,4,4,0.25,0.25,12,16,16,215.4164418940431,1.7396873235702515,7.333873748779297,0.45836710929870605,0.541632890701294,5.390020885360648e-08,0.20121483330118192,2.772588722239781
box33,约束族,45,0,16,16,256,0.4367496967315674,0.19473250210285187,0.35140249133110046,0.1581447422504425,-0.504528284072876,1.8935402631759644,-3.0,2.151721715927124,5,0,0,0.3125,0.0,11,16,16,215.4164418940431,1.749364972114563,7.424736976623535,0.46404606103897095,0.535953938961029,0.0026830935288399667,0.2011022503819276,2.772588722239781
box77,约束族,45,0,16,16,256,0.4383790194988251,0.19738782942295074,0.3518088459968567,0.15880385041236877,-1.4322869777679443,3.4606051445007324,-7.0,2.1519370079040527,4,4,0,0.25,0.0,12,16,16,215.4164418940431,1.7398631572723389,7.337682247161865,0.4586051404476166,0.5413948595523834,4.915038405650729e-05,0.20122525885980827,2.772588722239781
box33_lam1em2,约束族,45,0,16,16,256,0.48026782274246216,0.17868396639823914,0.3801034688949585,0.15031492710113525,-0.05656856298446655,1.635128378868103,-3.0,1.8989708423614502,3,0,0,0.1875,0.0,13,16,16,215.4164418940431,1.8289785385131836,9.277905464172363,0.5798690915107727,0.4201309084892273,0.0030045200200199866,0.1772856408977423,2.772588722239781
noridge,正则族,45,0,16,16,256,0.438620001077652,0.20611567795276642,0.3511310815811157,0.15957039594650269,-3.9366838932037354,6.929670333862305,-13.815510749816895,2.1941065788269043,5,5,5,0.3125,0.3125,11,16,16,215.4164418940431,1.7287479639053345,6.954272270202637,0.4346420168876648,0.5653579831123352,5.1722770939075483e-08,0.20861796346915404,2.772588722239781
lam1em4,正则族,45,0,16,16,256,0.4390468895435333,0.20740066468715668,0.3512806296348572,0.15959535539150238,-3.9299957752227783,6.933050155639648,-13.815510749816895,2.189969301223755,5,5,5,0.3125,0.3125,11,16,16,215.4164418940431,1.7296961545944214,6.982660293579102,0.43641626834869385,0.5635837316513062,5.1934081568786194e-08,0.20774479561355128,2.772588722239781
lam1em2,正则族,45,0,16,16,256,0.48217663168907166,0.17863839864730835,0.38122114539146423,0.1494121253490448,-2.0791964530944824,5.86843729019165,-13.815510749816895,1.9004558324813843,3,3,3,0.1875,0.1875,13,16,16,215.4164418940431,1.8181644678115845,9.1504545211792,0.5719034075737,0.42809659242630005,5.996826515235909e-08,0.17704677102305186,2.772588722239781
lam1em1,正则族,45,0,16,16,256,0.4399864077568054,0.14124438166618347,0.37751707434654236,0.12833745777606964,0.557286262512207,0.6050745844841003,-0.6185346245765686,1.4520474672317505,0,0,0,0.0,0.0,16,16,16,215.4164418940431,2.310760974884033,11.909317970275879,0.7443323731422424,0.25566762685775757,0.04643089137393844,0.14248463443136697,2.772588722239781
scalar,对照,45,0,16,16,256,0.48946481943130493,0.20971089601516724,0.4094739854335785,0.21672280132770538,0.8763237595558167,0.0,0.8763237595558167,0.8763237595558167,0,0,0,0.0,0.0,16,16,16,215.4164418940431,0.09707669913768768,13.8750581741333,0.8671911358833313,0.1328088641166687,0.19724424017126913,0.11098609304789368,2.772588722239781
nobeta,对照,45,0,16,16,256,0.4894636273384094,0.5137398838996887,0.5479631423950195,0.5241713523864746,0.0,0.0,0.0,0.0,0,0,0,0.0,0.0,12,16,16,215.4164418940431,1.7396873235702515,13.8750581741333,0.8671911358833313,0.1328088641166687,0.197244219275973,0.11098607119137664,2.772588722239781
unbound,基准,45,0,16,32,256,0.42788073420524597,0.11033804714679718,0.3434624969959259,0.06126975268125534,-1.764277458190918,5.357610702514648,-13.815510749816895,2.011284351348877,6,5,5,0.1875,0.15625,27,16,16,29.738850098113147,0.003691541263833642,19.374591827392578,0.6054559946060181,0.39454400539398193,7.746713345252103e-08,0.05436801509427555,2.0794415416798357
box33,约束族,45,0,16,32,256,0.42560213804244995,0.11103231459856033,0.3431817293167114,0.05931971222162247,-0.0442204549908638,1.545006513595581,-3.0,2.012500047683716,4,0,0,0.125,0.0,28,16,16,29.738850098113147,0.0043573398143053055,19.936168670654297,0.6230052709579468,0.3769947290420532,0.003912374814243493,0.05410375341091813,2.0794415416798357
box77,约束族,45,0,16,32,256,0.42783626914024353,0.11035837233066559,0.3434644639492035,0.06119297444820404,-0.6991034150123596,2.9204773902893066,-7.0,2.011302947998047,6,5,0,0.1875,0.0,27,16,16,29.738850098113147,0.003703063353896141,19.39034652709961,0.6059483289718628,0.3940516710281372,7.066127740326035e-05,0.054365157354673045,2.0794415416798357
box33_lam1em2,约束族,45,0,16,32,256,0.3973575234413147,0.09624619036912918,0.3429001569747925,0.06238755211234093,0.06948015838861465,1.3625550270080566,-3.0,1.8843001127243042,3,0,0,0.09375,0.0,29,16,16,29.738850098113147,0.02522745355963707,20.579198837280273,0.6430999636650085,0.35690003633499146,0.003936594150207179,0.05310477944325406,2.0794415416798357
noridge,正则族,45,0,16,32,256,0.42925339937210083,0.11572648584842682,0.3425290584564209,0.06194648891687393,-1.8139704465866089,5.383033752441406,-13.815510749816895,2.028452157974243,6,5,5,0.1875,0.15625,27,16,16,29.738850098113147,0.0029519221279770136,19.314861297607422,0.6035894155502319,0.39641058444976807,7.743669709846834e-08,0.05448557037115563,2.0794415416798357
lam1em4,正则族,45,0,16,32,256,0.42910709977149963,0.11517880111932755,0.3426286280155182,0.06191036105155945,-1.803993582725525,5.376733303070068,-13.815510749816895,2.026710271835327,6,5,5,0.1875,0.15625,27,16,16,29.738850098113147,0.0030069698113948107,19.321584701538086,0.6037995219230652,0.3962004780769348,7.743976363741685e-08,0.054472866270628244,2.0794415416798357
lam1em2,正则族,45,0,16,32,256,0.3993309736251831,0.0987124890089035,0.34371328353881836,0.06354111433029175,-0.6013274788856506,3.6291353702545166,-13.815510749816895,1.8837287425994873,2,2,2,0.0625,0.0625,30,16,16,29.738850098113147,0.024802174419164658,20.34339714050293,0.6357311606407166,0.36426883935928345,7.844040809050312e-08,0.05337311190290951,2.0794415416798357
lam1em1,正则族,45,0,16,32,256,0.34955811500549316,0.09357157349586487,0.3131263256072998,0.06535423547029495,0.40827804803848267,0.48842644691467285,-0.7626819610595703,1.2889331579208374,0,0,0,0.0,0.0,32,16,16,29.738850098113147,0.41404440999031067,23.564191818237305,0.7363809943199158,0.26361900568008423,0.03975319756877437,0.03761698646101734,2.0794415416798357
scalar,对照,45,0,16,32,256,0.3368981182575226,0.10679057240486145,0.2956595718860626,0.13682810962200165,0.5509375929832458,0.0,0.5509375929832458,0.5509375929832458,0,0,0,0.0,0.0,32,16,16,29.738850098113147,0.03873148933053017,25.644502639770508,0.8013907074928284,0.19860929250717163,0.10941126581683498,0.02657940710874861,2.0794415416798357
nobeta,对照,45,0,16,32,256,0.33689823746681213,0.39242830872535706,0.4040185213088989,0.37780147790908813,0.0,0.0,0.0,0.0,0,0,0,0.0,0.0,27,16,16,29.738850098113147,0.003691541263833642,25.644502639770508,0.8013907074928284,0.19860929250717163,0.10941128295240445,0.026579426233201017,2.0794415416798357
unbound,基准,45,0,16,64,256,0.3494020700454712,0.09223689883947372,0.3181779086589813,0.051891714334487915,-0.6332388520240784,3.016374111175537,-13.815510749816895,1.486506700515747,3,3,3,0.046875,0.046875,61,16,16,20.46086701223709,8.27696785563603e-05,32.01234817504883,0.5001929402351379,0.49980705976486206,8.39255370102311e-08,0.04639947322296049,1.3862943611198906
box33,约束族,45,0,16,64,256,0.3474135994911194,0.08948580920696259,0.31825587153434753,0.05198647454380989,-0.10567082464694977,0.8929920196533203,-3.0,1.4821066856384277,3,0,0,0.046875,0.0,61,16,16,20.46086701223709,8.95862394827418e-05,32.85322570800781,0.5133316516876221,0.48666834831237793,0.004246986297841992,0.04563318373566556,1.3862943611198906
box77,约束族,45,0,16,64,256,0.349366158246994,0.09217364341020584,0.3181801438331604,0.05189206451177597,-0.3133678436279297,1.627798318862915,-7.0,1.4864249229431152,3,3,0,0.046875,0.0,61,16,16,20.46086701223709,8.293938299175352e-05,32.03318405151367,0.5005185008049011,0.4994814991950989,7.655252585829503e-05,0.04638647405945311,1.3862943611198906
box33_lam1em2,约束族,45,0,16,64,256,0.34019914269447327,0.07905589044094086,0.3138953745365143,0.04993858560919762,0.06637661159038544,0.655486524105072,-2.9513840675354004,1.385900616645813,0,0,0,0.0,0.0,64,16,16,20.46086701223709,0.0018114515114575624,36.65924835205078,0.5728007555007935,0.42719924449920654,0.004809479443490786,0.03965141019121452,1.3862943611198906
noridge,正则族,45,0,16,64,256,0.35156211256980896,0.09563591331243515,0.3193459212779999,0.04967449977993965,-0.6666731834411621,3.022722005844116,-13.815510749816895,1.4997609853744507,3,3,3,0.046875,0.046875,61,16,16,20.46086701223709,3.608072074712254e-05,31.47406578063965,0.4917822778224945,0.5082177221775055,8.309218194645493e-08,0.04734193170169777,1.3862943611198906
lam1em4,正则族,45,0,16,64,256,0.3513314425945282,0.09528566151857376,0.3191946744918823,0.04990557208657265,-0.6629234552383423,3.0218727588653564,-13.815510749816895,1.498416543006897,3,3,3,0.046875,0.046875,61,16,16,20.46086701223709,3.951948747271672e-05,31.530080795288086,0.49265751242637634,0.5073424875736237,8.317687556159294e-08,0.047244894230185575,1.3862943611198906
lam1em2,正则族,45,0,16,64,256,0.34021100401878357,0.07856085151433945,0.3137558698654175,0.05045761168003082,0.02848638966679573,0.816552460193634,-4.762747764587402,1.3889309167861938,1,0,0,0.015625,0.0,64,16,16,20.46086701223709,0.0018091757083311677,36.28289031982422,0.5669201612472534,0.4330798387527466,0.0007785403276731129,0.039968220405656625,1.3862943611198906
lam1em1,正则族,45,0,16,64,256,0.32671263813972473,0.05846244469285011,0.2909204959869385,0.04206845164299011,0.2361973077058792,0.2598624527454376,-0.7448235750198364,1.024262547492981,0,0,0,0.0,0.0,64,16,16,20.46086701223709,0.05872666835784912,42.651493072509766,0.6664295792579651,0.3335704207420349,0.033404873789376614,0.03183863425268837,1.3862943611198906
scalar,对照,45,0,16,64,256,0.32299697399139404,0.059573445469141006,0.2747429311275482,0.07830032706260681,0.2896263301372528,0.0,0.2896263301372528,0.2896263301372528,0,0,0,0.0,0.0,64,16,16,20.46086701223709,0.008709665387868881,45.137638092041016,0.7052755951881409,0.29472440481185913,0.04661726761401755,0.027784843200467427,1.3862943611198906
nobeta,对照,45,0,16,64,256,0.3229966461658478,0.2169627994298935,0.3283390402793884,0.2256600260734558,0.0,0.0,0.0,0.0,0,0,0,0.0,0.0,61,16,16,20.46086701223709,8.27696785563603e-05,45.13762664794922,0.7052754163742065,0.29472458362579346,0.046617257423929394,0.02778486232491983,1.3862943611198906
unbound,基准,45,0,32,8,256,0.3777469992637634,0.21350014209747314,0.3333227336406708,0.18015439808368683,-0.6761502027511597,5.327938079833984,-13.815510749816895,2.0208117961883545,1,1,1,0.125,0.125,7,8,8,19.27854243595982,5.741753101348877,6.677007675170898,0.8346259593963623,0.1653740406036377,1.8338970765612027e-07,0.34019650349038777,3.4657359027997265
box33,约束族,45,0,32,8,256,0.3771427869796753,0.21204139292240143,0.33355432748794556,0.17998704314231873,0.6725996732711792,1.549606204032898,-3.0,2.02059006690979,1,0,0,0.125,0.0,7,8,8,19.27854243595982,5.750492572784424,6.73478364944458,0.8418479561805725,0.1581520438194275,0.009124468031218181,0.33843014273535077,3.4657359027997265
box77,约束族,45,0,32,8,256,0.37775468826293945,0.21347354352474213,0.33332177996635437,0.18015114963054657,0.17573058605194092,2.933774709701538,-7.0,2.020807981491089,1,1,0,0.125,0.0,7,8,8,19.27854243595982,5.741910457611084,6.678960800170898,0.8348701000213623,0.1651298999786377,0.00016722780630638577,0.3401978180020478,3.4657359027997265
box33_lam1em2,约束族,45,0,32,8,256,0.37604549527168274,0.2138550579547882,0.3348056674003601,0.18629781901836395,0.6695178151130676,1.5412977933883667,-3.0,1.954655408859253,1,0,0,0.125,0.0,7,8,8,19.27854243595982,5.773554801940918,6.74660062789917,0.8433250784873962,0.15667492151260376,0.009058770784093078,0.33836841784000876,3.4657359027997265
noridge,正则族,45,0,32,8,256,0.3778242766857147,0.21420618891716003,0.33317840099334717,0.17852316796779633,-0.6760391592979431,5.328254222869873,-13.815510749816895,2.028932571411133,1,1,1,0.125,0.125,7,8,8,19.27854243595982,5.741472244262695,6.674361228942871,0.8342951536178589,0.1657048463821411,1.836155806196387e-07,0.3402081054846048,3.4657359027997265
lam1em4,正则族,45,0,32,8,256,0.377816379070282,0.21413946151733398,0.3331928849220276,0.17868897318840027,-0.67604660987854,5.32822322845459,-13.815510749816895,2.0281107425689697,1,1,1,0.125,0.125,7,8,8,19.27854243595982,5.741473197937012,6.674647331237793,0.8343309164047241,0.16566908359527588,1.8359187204440491e-07,0.34020687670196603,3.4657359027997265
lam1em2,正则族,45,0,32,8,256,0.3771640956401825,0.214145690202713,0.33458513021469116,0.18464839458465576,-0.6794840097427368,5.32454776763916,-13.815510749816895,1.9552817344665527,1,1,1,0.125,0.125,7,8,8,19.27854243595982,5.7648162841796875,6.6871256828308105,0.8358907103538513,0.16410928964614868,1.8214260441661973e-07,0.3401581826178629,3.4657359027997265
lam1em1,正则族,45,0,32,8,256,0.38146838545799255,0.19705797731876373,0.3341272175312042,0.1985093504190445,0.9500259757041931,0.3314361870288849,0.4515314996242523,1.5212070941925049,0,0,0,0.0,0.0,8,8,8,19.27854243595982,6.890161514282227,7.101654052734375,0.8877067565917969,0.11229324340820312,0.21493868912431446,0.313154626806673,3.4657359027997265
scalar,对照,45,0,32,8,256,0.3734387457370758,0.2659192979335785,0.3317258358001709,0.18846464157104492,1.1533493995666504,0.0,1.1533493995666504,1.1533493995666504,0,0,0,0.0,0.0,8,8,8,19.27854243595982,0.09611216932535172,7.040800094604492,0.8801000118255615,0.11989998817443848,0.2563905280113256,0.3171562860633036,3.4657359027997265
nobeta,对照,45,0,32,8,256,0.3734387159347534,0.6524999141693115,0.6349626779556274,0.6767523288726807,0.0,0.0,0.0,0.0,0,0,0,0.0,0.0,7,8,8,19.27854243595982,5.741753101348877,7.040799140930176,0.880099892616272,0.11990010738372803,0.2563905280113256,0.3171562860633036,3.4657359027997265
unbound,基准,45,0,32,16,256,0.357723593711853,0.18742214143276215,0.2992900609970093,0.1095646545290947,-0.16238340735435486,3.69739031791687,-13.815510749816895,1.581803560256958,1,1,1,0.0625,0.0625,15,16,16,32.57893514673313,2.6132073402404785,12.652823448181152,0.790801465511322,0.20919853448867798,1.4047292036323874e-07,0.19780708592651727,2.772588722239781
box33,约束族,45,0,32,16,256,0.35796234011650085,0.18736514449119568,0.29897579550743103,0.1094091534614563,0.5120097994804382,1.137992262840271,-3.0,1.5811026096343994,1,0,0,0.0625,0.0,15,16,16,32.57893514673313,2.6136653423309326,12.719037055969238,0.7949398159980774,0.2050601840019226,0.007001470353279385,0.19797490048572833,2.772588722239781
box77,约束族,45,0,32,16,256,0.3577277958393097,0.18742138147354126,0.2992855906486511,0.10956159979104996,0.26355791091918945,2.0412847995758057,-7.0,1.5817903280258179,1,1,0,0.0625,0.0,15,16,16,32.57893514673313,2.6132142543792725,12.655014038085938,0.7909383773803711,0.2090616226196289,0.00012809731768983055,0.1978116867173275,2.772588722239781
box33_lam1em2,约束族,45,0,32,16,256,0.363893061876297,0.17026139795780182,0.3044099807739258,0.10629107803106308,0.6686926484107971,0.6161929965019226,-0.7157489061355591,1.4265482425689697,0,0,0,0.0,0.0,16,16,16,32.57893514673313,2.645689010620117,13.20433521270752,0.82527095079422,0.17472904920578003,0.06807663232575441,0.19127554896290738,2.772588722239781
noridge,正则族,45,0,32,16,256,0.36332961916923523,0.18274535238742828,0.30296438932418823,0.11110255122184753,-0.1699121594429016,3.701456308364868,-13.815510749816895,1.6088422536849976,1,1,1,0.0625,0.0625,15,16,16,32.57893514673313,2.6125364303588867,12.607624053955078,0.7879765033721924,0.21202349662780762,1.408100857001317e-07,0.19944712496865644,2.772588722239781
lam1em4,正则族,45,0,32,16,256,0.36265215277671814,0.18323136866092682,0.30256950855255127,0.11129192262887955,-0.16904357075691223,3.700995922088623,-13.815510749816895,1.6060832738876343,1,1,1,0.0625,0.0625,15,16,16,32.57893514673313,2.6125712394714355,12.612639427185059,0.7882899641990662,0.21171003580093384,1.4077582733478916e-07,0.1992479478758167,2.772588722239781
lam1em2,正则族,45,0,32,16,256,0.3638913631439209,0.1702575385570526,0.30440983176231384,0.10628489404916763,0.6686863899230957,0.6162019371986389,-0.7159069180488586,1.4265778064727783,0,0,0,0.0,0.0,16,16,16,32.57893514673313,2.645690441131592,13.204316139221191,0.8252697587013245,0.17473024129867554,0.0680657979906388,0.1912756489800989,2.772588722239781
lam1em1,正则族,45,0,32,16,256,0.3585211932659149,0.12668152153491974,0.30973613262176514,0.10851570963859558,0.6818886995315552,0.2502061128616333,0.368238627910614,1.176668643951416,0,0,0,0.0,0.0,16,16,16,32.57893514673313,3.0062038898468018,13.296255111694336,0.831015944480896,0.168984055519104,0.12943408286425365,0.1907192676318078,2.772588722239781
scalar,对照,45,0,32,16,256,0.37016358971595764,0.16180729866027832,0.30522775650024414,0.17117495834827423,0.8173743486404419,1.2311882358062576e-07,0.8173744678497314,0.8173744678497314,0,0,0,0.0,0.0,16,16,16,32.57893514673313,0.057116176933050156,13.059815406799316,0.8162384629249573,0.18376153707504272,0.16052273350804414,0.1932073095763886,2.772588722239781
nobeta,对照,45,0,32,16,256,0.3701632618904114,0.5192825198173523,0.4592849016189575,0.513319730758667,0.0,0.0,0.0,0.0,0,0,0,0.0,0.0,15,16,16,32.57893514673313,2.6132073402404785,13.059815406799316,0.8162384629249573,0.18376153707504272,0.1605227211808541,0.1932073095763886,2.772588722239781
unbound,基准,45,0,32,32,256,0.37406960129737854,0.09529797732830048,0.29906409978866577,0.028787702322006226,-2.0203840732574463,5.794053077697754,-13.815510749816895,2.007802724838257,6,6,6,0.1875,0.1875,26,32,32,17800.93683352356,0.36750921607017517,20.695268630981445,0.6467271447181702,0.35327285528182983,8.870656589370809e-08,0.1407936718494073,2.0794415416798357
box33,约束族,45,0,32,32,256,0.3720632493495941,0.09657914191484451,0.2981169819831848,0.02837575599551201,0.0013523846864700317,1.6067044734954834,-3.0,2.0063300132751465,6,0,0,0.1875,0.0,26,32,32,17800.93683352356,0.37499210238456726,21.278146743774414,0.6649420857429504,0.33505791425704956,0.004411518067936991,0.14005408758258026,2.0794415416798357
box77,约束族,45,0,32,32,256,0.3740435242652893,0.09532789885997772,0.2990705072879791,0.028780397027730942,-0.7425902485847473,3.123619794845581,-7.0,2.007772207260132,6,6,0,0.1875,0.0,26,32,32,17800.93683352356,0.3676435947418213,20.714876174926758,0.6473398804664612,0.3526601195335388,8.088767898836645e-05,0.14080091595170785,2.0794415416798357
box33_lam1em2,约束族,45,0,32,32,256,0.33788612484931946,0.09133381396532059,0.2805936634540558,0.03758271783590317,0.15732067823410034,1.332597255706787,-3.0,1.8217320442199707,3,0,0,0.09375,0.0,29,32,32,17800.93683352356,0.4216383397579193,22.331212997436523,0.6978504061698914,0.30214959383010864,0.004416548250461953,0.12277691788392785,2.0794415416798357
noridge,正则族,45,0,32,32,256,0.3743237257003784,0.09753679484128952,0.29928916692733765,0.0301345307379961,-2.0258054733276367,5.79343843460083,-13.815510749816895,2.0303893089294434,6,6,6,0.1875,0.1875,26,32,32,17800.93683352356,0.36510777473449707,20.643953323364258,0.6451235413551331,0.35487645864486694,8.870533046757087e-08,0.14170128499799867,2.0794415416798357
lam1em4,正则族,45,0,32,32,256,0.3742915093898773,0.09696789085865021,0.29926374554634094,0.02998453378677368,-2.025223970413208,5.793502330780029,-13.815510749816895,2.0280933380126953,6,6,6,0.1875,0.1875,26,32,32,17800.93683352356,0.3653297424316406,20.649333953857422,0.6452916860580444,0.35470831394195557,8.870470029829812e-08,0.14160372537174978,2.0794415416798357
lam1em2,正则族,45,0,32,32,256,0.3347255289554596,0.09284204989671707,0.28003647923469543,0.03719676285982132,-0.8490670919418335,4.317099571228027,-13.815510749816895,1.821426272392273,3,3,3,0.09375,0.09375,29,32,32,17800.93683352356,0.4184446930885315,22.16860580444336,0.692768931388855,0.307231068611145,8.897508367844755e-08,0.12177470276032272,2.0794415416798357
lam1em1,正则族,45,0,32,32,256,0.2664099931716919,0.08552698791027069,0.24448128044605255,0.053021885454654694,0.41043418645858765,0.43266695737838745,-1.0172010660171509,1.0899821519851685,0,0,0,0.0,0.0,32,32,32,17800.93683352356,0.9285472631454468,23.857666015625,0.7455520629882812,0.25444793701171875,0.030428473732682506,0.07986934268472161,2.0794415416798357
scalar,对照,45,0,32,32,256,0.253613144159317,0.08940936625003815,0.2354554980993271,0.13295795023441315,0.525885820388794,0.0,0.525885820388794,0.525885820388794,0,0,0,0.0,0.0,32,32,32,17800.93683352356,0.03266381099820137,23.82625389099121,0.7445704340934753,0.25542956590652466,0.06284280165307905,0.06846954036441558,2.0794415416798357
nobeta,对照,45,0,32,32,256,0.25361359119415283,0.3839903473854065,0.3472527265548706,0.36706840991973877,0.0,0.0,0.0,0.0,0,0,0,0.0,0.0,26,32,32,17800.93683352356,0.36750921607017517,23.82625389099121,0.7445704340934753,0.25542956590652466,0.0628428096892193,0.06846955465258579,2.0794415416798357
unbound,基准,45,0,32,64,256,0.23269422352313995,0.05224059522151947,0.21695971488952637,0.013926459476351738,-0.20062237977981567,2.5293216705322266,-13.815510749816895,1.193123698234558,2,2,2,0.03125,0.03125,62,32,32,76.38369282809603,0.03440268710255623,42.041770935058594,0.6569026708602905,0.3430973291397095,7.03131051680578e-08,0.04429962518699826,1.3862943611198906
box33,约束族,45,0,32,64,256,0.23225204646587372,0.05106279253959656,0.2164238840341568,0.014019693247973919,0.14519554376602173,0.7964248061180115,-3.0,1.1893045902252197,2,0,0,0.03125,0.0,62,32,32,76.38369282809603,0.034138768911361694,42.439491271972656,0.6631170511245728,0.33688294887542725,0.0035051646918411446,0.043992636705778215,1.3862943611198906
box77,约束族,45,0,32,64,256,0.2326868176460266,0.052218757569789886,0.2169582098722458,0.013928244821727276,0.01251104474067688,1.3907784223556519,-7.0,1.1930534839630127,2,2,0,0.03125,0.0,62,32,32,76.38369282809603,0.03439745679497719,42.0514030456543,0.6570531725883484,0.3429468274116516,6.411881105839679e-05,0.04429430284359204,1.3862943611198906
box33_lam1em2,约束族,45,0,32,64,256,0.22436808049678802,0.04588646814227104,0.20395728945732117,0.013688580133020878,0.2152789831161499,0.6308705806732178,-3.0,1.1127324104309082,1,0,0,0.015625,0.0,63,32,32,76.38369282809603,0.044005997478961945,43.66249465942383,0.6822264790534973,0.3177735209465027,0.005226821870642206,0.04097318913444745,1.3862943611198906
noridge,正则族,45,0,32,64,256,0.23385602235794067,0.053915586322546005,0.21776898205280304,0.013758593238890171,-0.20957332849502563,2.532374382019043,-13.815510749816895,1.2028018236160278,2,2,2,0.03125,0.03125,62,32,32,76.38369282809603,0.03360489010810852,41.85680389404297,0.6540125608444214,0.3459874391555786,6.998335512661367e-08,0.044754903442826406,1.3862943611198906
lam1em4,正则族,45,0,32,64,256,0.2337387055158615,0.053744684904813766,0.21768420934677124,0.01377466507256031,-0.2086261510848999,2.5320518016815186,-13.815510749816895,1.2018208503723145,2,2,2,0.03125,0.03125,62,32,32,76.38369282809603,0.033681679517030716,41.87617874145508,0.6543152928352356,0.3456847071647644,7.001695491359018e-08,0.04470890625085193,1.3862943611198906
lam1em2,正则族,45,0,32,64,256,0.22470811009407043,0.04634051024913788,0.2044413834810257,0.01375674270093441,0.04191884770989418,1.8257216215133667,-13.815510749816895,1.115393042564392,1,1,1,0.015625,0.015625,63,32,32,76.38369282809603,0.04415289685130119,43.405845642089844,0.6782163381576538,0.3217836618423462,1.0486672401147235e-07,0.041175491764522364,1.3862943611198906
lam1em1,正则族,45,0,32,64,256,0.2036990076303482,0.046319931745529175,0.18049129843711853,0.019302986562252045,0.2683189809322357,0.23285280168056488,-0.6419339179992676,0.7681159377098083,0,0,0,0.0,0.0,64,32,32,76.38369282809603,0.14864850044250488,44.29663848876953,0.6921349763870239,0.3078650236129761,0.03247665254349867,0.03641091208705609,1.3862943611198906
scalar,对照,45,0,32,64,256,0.21512378752231598,0.04799273610115051,0.17570428550243378,0.06356256455183029,0.2700183093547821,3.003791704259129e-08,0.2700182795524597,0.2700182795524597,0,0,0,0.0,0.0,64,32,32,76.38369282809603,0.008673391304910183,42.58375930786133,0.6653712391853333,0.33462876081466675,0.02916488222434247,0.03670456613342014,1.3862943611198906
nobeta,对照,45,0,32,64,256,0.2151244878768921,0.2144395411014557,0.22813966870307922,0.22396360337734222,0.0,0.0,0.0,0.0,0,0,0,0.0,0.0,62,32,32,76.38369282809603,0.03440268710255623,42.58375930786133,0.6653712391853333,0.33462876081466675,0.02916487743326844,0.03670456256137758,1.3862943611198906
unbound,基准,45,1,8,8,256,0.7956514358520508,0.30623525381088257,0.5919644832611084,0.20770947635173798,-0.6375311613082886,5.389583110809326,-13.815510749816895,2.0162346363067627,1,1,1,0.125,0.125,7,8,8,32.19201288904375,0.6627930998802185,5.913736343383789,0.7392170429229736,0.26078295707702637,1.0098754956156071e-07,0.19558265717413226,3.4657359027997265
box33,约束族,45,1,8,8,256,0.796290397644043,0.3062581717967987,0.5910998582839966,0.2077123373746872,0.7142763733863831,1.7152702808380127,-3.0,2.0103402137756348,1,0,0,0.125,0.0,7,8,8,32.19201288904375,0.6673580408096313,5.964571475982666,0.7455714344978333,0.25442856550216675,0.005056333194937528,0.19478800265238383,3.4657359027997265
box77,约束族,45,1,8,8,256,0.7956639528274536,0.3062359392642975,0.5919699668884277,0.20770974457263947,0.21440580487251282,3.0319252014160156,-7.0,2.016126871109009,1,1,0,0.125,0.0,7,8,8,32.19201288904375,0.662876546382904,5.91522741317749,0.7394034266471863,0.2605965733528137,9.209817481763927e-05,0.1955822651761769,3.4657359027997265
box33_lam1em2,约束族,45,1,8,8,256,0.8620613217353821,0.28714293241500854,0.6507049202919006,0.18970389664173126,0.7944602966308594,1.6450458765029907,-3.0,1.999379277229309,1,0,0,0.125,0.0,7,8,8,32.19201288904375,0.6845496892929077,6.246063709259033,0.7807579636573792,0.21924203634262085,0.005118186304876688,0.17896142120383762,3.4657359027997265
noridge,正则族,45,1,8,8,256,0.7481015920639038,0.3138665556907654,0.5924323797225952,0.2038438767194748,-0.6675766706466675,5.390949726104736,-13.815510749816895,2.0165579319000244,1,1,1,0.125,0.125,7,8,8,32.19201288904375,0.6624897718429565,5.850682258605957,0.7313352823257446,0.26866471767425537,1.0095530886898791e-07,0.2042718891844287,3.4657359027997265
lam1em4,正则族,45,1,8,8,256,0.7478930950164795,0.31303292512893677,0.5925047993659973,0.2042459398508072,-0.6639317274093628,5.390723705291748,-13.815510749816895,2.016538381576538,1,1,1,0.125,0.125,7,8,8,32.19201288904375,0.6624933481216431,5.85761833190918,0.7322022914886475,0.26779770851135254,1.0095699585173352e-07,0.2032497265160295,3.4657359027997265
lam1em2,正则族,45,1,8,8,256,0.8608054518699646,0.28676751255989075,0.6528788805007935,0.18895401060581207,-0.5571765303611755,5.390645503997803,-13.815510749816895,2.005080223083496,1,1,1,0.125,0.125,7,8,8,32.19201288904375,0.6800298690795898,6.19227933883667,0.7740349173545837,0.22596508264541626,1.0224923343742304e-07,0.17975889437755063,3.4657359027997265
lam1em1,正则族,45,1,8,8,256,0.8709965348243713,0.2911188304424286,0.6778508424758911,0.2403268814086914,1.24850594997406,0.22276119887828827,0.9261094331741333,1.5768122673034668,0,0,0,0.0,0.0,8,8,8,32.19201288904375,1.2107197046279907,7.5987548828125,0.9498443603515625,0.0501556396484375,0.40812003218271076,0.013223543525992826,3.4657359027997265
scalar,对照,45,1,8,8,256,0.8975219130516052,0.21330396831035614,0.6924970149993896,0.19524052739143372,1.3940486907958984,0.0,1.3940486907958984,1.3940486907958984,0,0,0,0.0,0.0,8,8,8,32.19201288904375,0.09015800803899765,7.665054798126221,0.9581318497657776,0.04186815023422241,0.37346375769130064,0.013010094806008083,3.4657359027997265
nobeta,对照,45,1,8,8,256,0.8975221514701843,0.7924104928970337,0.8052743673324585,0.7839556932449341,0.0,0.0,0.0,0.0,0,0,0,0.0,0.0,7,8,8,32.19201288904375,0.6627930998802185,7.665054798126221,0.9581318497657776,0.04186815023422241,0.3734638260918576,0.01300998047327111,3.4657359027997265
unbound,基准,45,1,8,16,256,0.8431192636489868,0.14512072503566742,0.689795732498169,0.1813744157552719,-0.0009990334510803223,3.723999500274658,-13.815510749816895,1.5933730602264404,1,1,1,0.0625,0.0625,15,8,8,12.45293734134687,6.890517397550866e-05,13.216574668884277,0.8260359168052673,0.17396408319473267,2.7548546923018005e-07,0.028758052664654962,2.772588722239781
box33,约束族,45,1,8,16,256,0.838435709476471,0.1445872038602829,0.6893652677536011,0.1872330904006958,0.6724038124084473,1.1272010803222656,-3.0,1.5843199491500854,1,0,0,0.0625,0.0,15,8,8,12.45293734134687,7.448595715686679e-05,13.340367317199707,0.8337729573249817,0.1662270426750183,0.013884209391127214,0.028095303121556784,2.772588722239781
box77,约束族,45,1,8,16,256,0.8430519104003906,0.14515657722949982,0.6898220777511597,0.18148182332515717,0.42492926120758057,2.0537376403808594,-7.0,1.5932070016860962,1,1,0,0.0625,0.0,15,8,8,12.45293734134687,6.90056913299486e-05,13.22046947479248,0.82627934217453,0.17372065782546997,0.0002512657713187456,0.028746796723365955,2.772588722239781
box33_lam1em2,约束族,45,1,8,16,256,0.8303360342979431,0.1375463753938675,0.6701956987380981,0.18541043996810913,0.7841206192970276,0.803189754486084,-1.8230160474777222,1.5129897594451904,0,0,0,0.0,0.0,16,8,8,12.45293734134687,0.00530582619830966,13.825970649719238,0.8641231656074524,0.1358768343925476,0.046873269653799905,0.028053403673437654,2.772588722239781
noridge,正则族,45,1,8,16,256,0.8448151350021362,0.1483108401298523,0.6920259594917297,0.18330177664756775,-0.02029857039451599,3.728722095489502,-13.815510749816895,1.6000826358795166,1,1,1,0.0625,0.0625,15,8,8,12.45293734134687,7.140479851841519e-08,13.107648849487305,0.8192280530929565,0.18077194690704346,2.7358186143182086e-07,0.028639109285063667,2.772588722239781
lam1em4,正则族,45,1,8,16,256,0.8447375297546387,0.1479649841785431,0.6918169260025024,0.1830914169549942,-0.01788914203643799,3.7280733585357666,-13.815510749816895,1.5993894338607788,1,1,1,0.0625,0.0625,15,8,8,12.45293734134687,1.1334318514855113e-06,13.12016773223877,0.8200104832649231,0.1799895167350769,2.7379188825338465e-07,0.028650313893287094,2.772588722239781
lam1em2,正则族,45,1,8,16,256,0.8304241299629211,0.13758452236652374,0.6702789664268494,0.185281440615654,0.7837427854537964,0.8038489818572998,-1.8251495361328125,1.513085126876831,0,0,0,0.0,0.0,16,8,8,12.45293734134687,0.0053058103658258915,13.822964668273926,0.8639352917671204,0.13606470823287964,0.046755925507737044,0.028073528568466195,2.772588722239781
lam1em1,正则族,45,1,8,16,256,0.7155218124389648,0.15511327981948853,0.5353207588195801,0.1848609298467636,0.8399484157562256,0.3507004976272583,-0.020351467654109,1.310608148574829,0,0,0,0.0,0.0,16,8,8,12.45293734134687,0.14943571388721466,14.313114166259766,0.8945696353912354,0.10543036460876465,0.15899131521495835,0.014921724168282064,2.772588722239781
scalar,对照,45,1,8,16,256,0.6717051267623901,0.13118067383766174,0.5156518220901489,0.158443421125412,0.9236664175987244,6.155941179031288e-08,0.9236663579940796,0.9236663579940796,0,0,0,0.0,0.0,16,8,8,12.45293734134687,0.024222375825047493,14.844589233398438,0.9277868270874023,0.07221317291259766,0.21381003906908239,0.011336040704541467,2.772588722239781
nobeta,对照,45,1,8,16,256,0.6717059016227722,0.6167894601821899,0.6085872650146484,0.6399223208427429,0.0,0.0,0.0,0.0,0,0,0,0.0,0.0,15,8,8,12.45293734134687,6.890517397550866e-05,14.844589233398438,0.9277868270874023,0.07221317291259766,0.21381005207130627,0.011336031371256817,2.772588722239781
unbound,基准,45,1,8,32,256,0.7521296143531799,0.1334257274866104,0.5377583503723145,0.12368939816951752,0.24635325372219086,0.706461489200592,-2.0196588039398193,1.3481040000915527,0,0,0,0.0,0.0,32,8,8,10.10177562411714,6.616826794925146e-06,21.477842330932617,0.6711825728416443,0.3288174271583557,0.0097741209315062,0.0256491472140401,2.0794415416798357
box33,约束族,45,1,8,32,256,0.7521366477012634,0.13245393335819244,0.5391451716423035,0.12255688011646271,0.2596853971481323,0.6820061206817627,-1.8527406454086304,1.346061110496521,0,0,0,0.0,0.0,32,8,8,10.10177562411714,6.622729415539652e-06,21.61688804626465,0.6755277514457703,0.32447224855422974,0.011605533984761602,0.025572838278734196,2.0794415416798357
box77,约束族,45,1,8,32,256,0.7521297931671143,0.13340771198272705,0.5377835631370544,0.12366880476474762,0.2466081976890564,0.7059787511825562,-2.0163300037384033,1.3480665683746338,0,0,0,0.0,0.0,32,8,8,10.10177562411714,6.618308816541685e-06,21.480403900146484,0.6712626218795776,0.32873737812042236,0.009807575576504466,0.025647775221196413,2.0794415416798357
box33_lam1em2,约束族,45,1,8,32,256,0.7413279414176941,0.12100782990455627,0.5538830161094666,0.11210896819829941,0.3751544952392578,0.5026270747184753,-0.7824198603630066,1.3037201166152954,0,0,0,0.0,0.0,32,8,8,10.10177562411714,0.0006180768250487745,23.214509963989258,0.7254534363746643,0.2745465636253357,0.03578641770291056,0.02418382852380951,2.0794415416798357
noridge,正则族,45,1,8,32,256,0.7492091059684753,0.1360020935535431,0.5377368927001953,0.12599097192287445,0.20772123336791992,0.7887837886810303,-2.5956196784973145,1.3548550605773926,0,0,0,0.0,0.0,32,8,8,10.10177562411714,4.547473508864641e-13,21.13213348388672,0.66037917137146,0.33962082862854004,0.005435378509874438,0.025905513876831505,2.0794415416798357
lam1em4,正则族,45,1,8,32,256,0.7495253086090088,0.13588452339172363,0.5376636385917664,0.125748872756958,0.21244782209396362,0.7777197957038879,-2.5165791511535645,1.3541557788848877,0,0,0,0.0,0.0,32,8,8,10.10177562411714,6.642852667937404e-08,21.169254302978516,0.6615391969680786,0.3384608030319214,0.005889191775059949,0.025878092686527108,2.0794415416798357
lam1em2,正则族,45,1,8,32,256,0.7419238090515137,0.12120489776134491,0.5532143712043762,0.11252417415380478,0.37251031398773193,0.5058400630950928,-0.8019287586212158,1.304503083229065,0,0,0,0.0,0.0,32,8,8,10.10177562411714,0.0006180758937261999,23.171838760375977,0.7241199612617493,0.27588003873825073,0.03502931219355189,0.024204245083983396,2.0794415416798357
lam1em1,正则族,45,1,8,32,256,0.6781668066978455,0.12751348316669464,0.5266802906990051,0.1257360875606537,0.4278148114681244,0.35844990611076355,-0.3421670198440552,1.1482982635498047,0,0,0,0.0,0.0,32,8,8,10.10177562411714,0.035342514514923096,24.44044303894043,0.7637638449668884,0.23623615503311157,0.05589076944408011,0.01993938199617726,2.0794415416798357
scalar,对照,45,1,8,32,256,0.6363683342933655,0.0902017280459404,0.49205267429351807,0.09460540115833282,0.5700399875640869,0.0,0.5700399875640869,0.5700399875640869,0,0,0,0.0,0.0,32,8,8,10.10177562411714,0.01410621590912342,27.257614135742188,0.8518004417419434,0.14819955825805664,0.10107832035147307,0.015601403123076424,2.0794415416798357
nobeta,对照,45,1,8,32,256,0.6363682150840759,0.46197381615638733,0.5302907228469849,0.4631015360355377,0.0,0.0,0.0,0.0,0,0,0,0.0,0.0,32,8,8,10.10177562411714,6.616826794925146e-06,27.257614135742188,0.8518004417419434,0.14819955825805664,0.10107831197016738,0.015601412456361074,2.0794415416798357
unbound,基准,45,1,8,64,256,0.6860692501068115,0.09018713235855103,0.5115519165992737,0.07576601952314377,-0.22480662167072296,0.6503734588623047,-1.6299079656600952,1.0417264699935913,0,0,0,0.0,0.0,64,8,8,8.393035042111219,2.515529899937974e-07,33.36814498901367,0.5213772654533386,0.4786227345466614,0.004941086031163099,0.020802160162592745,1.3862943611198906
box33,约束族,45,1,8,64,256,0.6858158111572266,0.09009313583374023,0.5110591650009155,0.0745600163936615,-0.18826887011528015,0.6067001223564148,-1.472077488899231,1.0283849239349365,0,0,0,0.0,0.0,64,8,8,8.393035042111219,2.519313966331538e-07,34.10634994506836,0.5329117178916931,0.4670882821083069,0.006009935047921059,0.020915841902962085,1.3862943611198906
box77,约束族,45,1,8,64,256,0.6860638856887817,0.09012985974550247,0.5115430951118469,0.07574339956045151,-0.22410504519939423,0.6495222449302673,-1.6267848014831543,1.0414848327636719,0,0,0,0.0,0.0,64,8,8,8.393035042111219,2.5162586325677694e-07,33.381683349609375,0.5215888023376465,0.4784111976623535,0.004960328122188897,0.02080420881857362,1.3862943611198906
box33_lam1em2,约束族,45,1,8,64,256,0.6731594800949097,0.08468540012836456,0.5055793523788452,0.06367456912994385,0.014302114956080914,0.37802863121032715,-0.72721928358078,0.9180101752281189,0,0,0,0.0,0.0,64,8,8,8.393035042111219,2.4513061362085864e-05,39.557125091552734,0.6180800795555115,0.3819199204444885,0.01544186170662781,0.021783377711228367,1.3862943611198906
noridge,正则族,45,1,8,64,256,0.6864293217658997,0.09789599478244781,0.5121559500694275,0.07728689163923264,-0.2718881070613861,0.7090380787849426,-1.8504242897033691,1.05726158618927,0,0,0,0.0,0.0,64,8,8,8.393035042111219,8.100187187665142e-13,32.51344299316406,0.5080225467681885,0.4919774532318115,0.0037527774848091296,0.020681308126290335,1.3862943611198906
lam1em4,正则族,45,1,8,64,256,0.6863901615142822,0.09710606932640076,0.5120951533317566,0.07713069021701813,-0.26677340269088745,0.7025225162506104,-1.825334906578064,1.055666446685791,0,0,0,0.0,0.0,64,8,8,8.393035042111219,2.5191866370732896e-09,32.60120391845703,0.5093938112258911,0.4906061887741089,0.003872365375868801,0.020694232392210694,1.3862943611198906
lam1em2,正则族,45,1,8,64,256,0.6748282313346863,0.08694765716791153,0.5060392022132874,0.06221366301178932,0.0011361483484506607,0.3923600912094116,-0.7700833678245544,0.9270432591438293,0,0,0,0.0,0.0,64,8,8,8.393035042111219,2.4513030439266004e-05,39.125343322753906,0.6113334894180298,0.3886665105819702,0.01458082465535955,0.021701954135933763,1.3862943611198906
lam1em1,正则族,45,1,8,64,256,0.6388407349586487,0.0732719898223877,0.48837366700172424,0.03466695547103882,0.20231425762176514,0.16281820833683014,-0.1533704698085785,0.6887542009353638,0,0,0,0.0,0.0,64,8,8,8.393035042111219,0.0019360975129529834,47.32194519042969,0.7394053936004639,0.26059460639953613,0.036509241124304245,0.02317008447816544,1.3862943611198906
scalar,对照,45,1,8,64,256,0.6222955584526062,0.058030497282743454,0.4779600203037262,0.040155619382858276,0.26178792119026184,0.0,0.26178792119026184,0.26178792119026184,0,0,0,0.0,0.0,64,8,8,8.393035042111219,0.00293194642290473,49.94487380981445,0.7803886532783508,0.21961134672164917,0.044284726571681976,0.023288516860422097,1.3862943611198906
nobeta,对照,45,1,8,64,256,0.6222953796386719,0.24777042865753174,0.48165827989578247,0.24403724074363708,0.0,0.0,0.0,0.0,0,0,0,0.0,0.0,64,8,8,8.393035042111219,2.515529899937974e-07,49.944862365722656,0.7803884744644165,0.2196115255355835,0.04428473072883278,0.023288526193706745,1.3862943611198906
unbound,基准,45,1,16,8,256,0.7315140962600708,0.3454403877258301,0.5772732496261597,0.23796729743480682,1.073590874671936,0.7859470844268799,-0.32306525111198425,2.136103630065918,0,0,0,0.0,0.0,8,8,8,14.257405927817183,2.2270822525024414,6.6658124923706055,0.8332265615463257,0.16677343845367432,0.10111088642352878,0.2991448672660594,3.4657359027997265
box33,约束族,45,1,16,8,256,0.7315142154693604,0.3454403877258301,0.5772732496261597,0.23796729743480682,1.073590874671936,0.7859472632408142,-0.3230656683444977,2.136103630065918,0,0,0,0.0,0.0,8,8,8,14.257405927817183,2.2270820140838623,6.6658124923706055,0.8332265615463257,0.16677343845367432,0.10111083727767069,0.2991448672660594,3.4657359027997265
box77,约束族,45,1,16,8,256,0.7315136790275574,0.3454403877258301,0.5772732496261597,0.23796729743480682,1.0735909938812256,0.7859470248222351,-0.32306525111198425,2.136103630065918,0,0,0,0.0,0.0,8,8,8,14.257405927817183,2.2270820140838623,6.6658124923706055,0.8332265615463257,0.16677343845367432,0.10111088642352878,0.29914484043129397,3.4657359027997265
box33_lam1em2,约束族,45,1,16,8,256,0.780997633934021,0.31453245878219604,0.6007900834083557,0.23518140614032745,1.181355357170105,0.5188394784927368,0.5066667795181274,2.0096986293792725,0,0,0,0.0,0.0,8,8,8,14.257405927817183,2.2681493759155273,7.189985752105713,0.8987482190132141,0.10125178098678589,0.261400936094067,0.29652952419914896,3.4657359027997265
noridge,正则族,45,1,16,8,256,0.7127408981323242,0.3476089537143707,0.5562488436698914,0.23311486840248108,1.0434406995773315,0.8557761907577515,-0.5455909967422485,2.153841495513916,0,0,0,0.0,0.0,8,8,8,14.257405927817183,2.2263612747192383,6.564197063446045,0.8205246329307556,0.17947536706924438,0.07958839453629933,0.3008980629914311,3.4657359027997265
lam1em4,正则族,45,1,16,8,256,0.7152113914489746,0.34684106707572937,0.5581387877464294,0.23361964523792267,1.046889066696167,0.8478063941001892,-0.5201287865638733,2.152024269104004,0,0,0,0.0,0.0,8,8,8,14.257405927817183,2.2263686656951904,6.57504940032959,0.8218811750411987,0.17811882495880127,0.08178171702036968,0.3006724362842705,3.4657359027997265
lam1em2,正则族,45,1,16,8,256,0.7809976935386658,0.31453266739845276,0.6007901430130005,0.23518161475658417,1.1813551187515259,0.5188403129577637,0.5066636800765991,2.0096991062164307,0,0,0,0.0,0.0,8,8,8,14.257405927817183,2.2681491374969482,7.189981937408447,0.8987477421760559,0.10125225782394409,0.26140003015437807,0.29652952419914896,3.4657359027997265
lam1em1,正则族,45,1,16,8,256,0.7452828884124756,0.28195998072624207,0.6093825697898865,0.27191099524497986,1.2207279205322266,0.24653729796409607,0.916822075843811,1.5972929000854492,0,0,0,0.0,0.0,8,8,8,14.257405927817183,2.743955612182617,7.7337822914123535,0.9667227864265442,0.03327721357345581,0.4660820287930189,0.29561349264876413,3.4657359027997265
scalar,对照,45,1,16,8,256,0.740031898021698,0.21913893520832062,0.6074597835540771,0.22859294712543488,1.3246402740478516,0.0,1.3246402740478516,1.3246402740478516,0,0,0,0.0,0.0,8,8,8,14.257405927817183,0.0729987621307373,7.608484268188477,0.9510605335235596,0.04893946647644043,0.34908468863100806,0.2961315646288359,3.4657359027997265
nobeta,对照,45,1,16,8,256,0.7400323748588562,0.7801327705383301,0.765350878238678,0.7715824842453003,0.0,0.0,0.0,0.0,0,0,0,0.0,0.0,8,8,8,14.257405927817183,2.2270822525024414,7.608484268188477,0.9510605335235596,0.04893946647644043,0.34908468863100806,0.29613153779407053,3.4657359027997265
unbound,基准,45,1,16,16,256,0.7128655910491943,0.1560811549425125,0.5626623630523682,0.156971275806427,-0.3644431233406067,3.6954405307769775,-13.815510749816895,2.085505962371826,1,1,1,0.0625,0.0625,15,16,16,282.8671035798194,1.370347261428833,10.455414772033691,0.6534634232521057,0.3465365767478943,1.2274901013380415e-07,0.1568659886844955,2.772588722239781
box33,约束族,45,1,16,16,256,0.7142426371574402,0.15654391050338745,0.5649441480636597,0.15712234377861023,0.3118346929550171,1.2517974376678467,-3.0,2.083451986312866,1,0,0,0.0625,0.0,15,16,16,282.8671035798194,1.3710521459579468,10.527318000793457,0.6579573750495911,0.34204262495040894,0.006118604515746746,0.15710901773699315,2.772588722239781
box77,约束族,45,1,16,16,256,0.7128950357437134,0.1560894399881363,0.5627093315124512,0.1569737195968628,0.0615311898291111,2.082301139831543,-7.0,2.085470676422119,1,1,0,0.0625,0.0,15,16,16,282.8671035798194,1.3703597784042358,10.457576751708984,0.6535985469818115,0.3464014530181885,0.00011193500924514988,0.15687139588971588,2.772588722239781
box33_lam1em2,约束族,45,1,16,16,256,0.7256324291229248,0.14578580856323242,0.5782182216644287,0.11174988001585007,0.6570138931274414,0.5662438273429871,-0.09403546154499054,1.6603765487670898,0,0,0,0.0,0.0,16,16,16,282.8671035798194,1.439112663269043,12.575265884399414,0.7859541177749634,0.21404588222503662,0.11789969022434334,0.1265535853232011,2.772588722239781
noridge,正则族,45,1,16,16,256,0.7234658598899841,0.16002804040908813,0.5805104970932007,0.16040807962417603,-0.427052766084671,3.713041067123413,-13.815510749816895,2.1371867656707764,1,1,1,0.0625,0.0625,15,16,16,282.8671035798194,1.3637974262237549,10.175302505493164,0.6359564065933228,0.36404359340667725,1.2155605777103975e-07,0.16575692339626075,2.772588722239781
lam1em4,正则族,45,1,16,16,256,0.7225819826126099,0.1585288792848587,0.5782684683799744,0.1570795625448227,-0.41911581158638,3.71053147315979,-13.815510749816895,2.131988286972046,1,1,1,0.0625,0.0625,15,16,16,282.8671035798194,1.3644384145736694,10.206071853637695,0.637879490852356,0.36212050914764404,1.2167930784785186e-07,0.16477554919222037,2.772588722239781
lam1em2,正则族,45,1,16,16,256,0.7256432175636292,0.14579084515571594,0.5782383680343628,0.11173442006111145,0.657006025314331,0.5662440061569214,-0.09380596876144409,1.6603131294250488,0,0,0,0.0,0.0,16,16,16,282.8671035798194,1.4391162395477295,12.57518196105957,0.7859488725662231,0.21405112743377686,0.11786971353036674,0.12655157271579898,2.772588722239781
lam1em1,正则族,45,1,16,16,256,0.7241005897521973,0.1752060353755951,0.5761371850967407,0.168492391705513,0.7332027554512024,0.33380451798439026,0.013868163339793682,1.3198355436325073,0,0,0,0.0,0.0,16,16,16,282.8671035798194,1.6329829692840576,13.85216236114502,0.8657601475715637,0.13423985242843628,0.09453732833913779,0.12082675121260901,2.772588722239781
scalar,对照,45,1,16,16,256,0.6965811252593994,0.1380922496318817,0.5620908737182617,0.15236827731132507,0.8824111223220825,1.2311882358062576e-07,0.8824112415313721,0.8824112415313721,0,0,0,0.0,0.0,16,16,16,282.8671035798194,0.045482125133275986,14.655719757080078,0.9159824848175049,0.08401751518249512,0.1960289523509895,0.11457564629114665,2.772588722239781
nobeta,对照,45,1,16,16,256,0.6965806484222412,0.6221978664398193,0.6115398406982422,0.6239749193191528,0.0,0.0,0.0,0.0,0,0,0,0.0,0.0,15,16,16,282.8671035798194,1.370347261428833,14.655719757080078,0.9159824848175049,0.08401751518249512,0.1960289642536248,0.11457556578685056,2.772588722239781
unbound,基准,45,1,16,32,256,0.7192720174789429,0.1620337963104248,0.6035535931587219,0.0798330083489418,-2.038297176361084,5.303716659545898,-13.815510749816895,2.0410540103912354,6,5,5,0.1875,0.15625,27,16,16,54.443131979340656,0.023377027362585068,16.836851119995117,0.5261515974998474,0.4738484025001526,6.227779944689905e-08,0.1044880554702273,2.0794415416798357
box33,约束族,45,1,16,32,256,0.7226696014404297,0.15940338373184204,0.6069549322128296,0.0828080028295517,-0.34491509199142456,1.6939750909805298,-3.0,2.0401546955108643,6,0,0,0.1875,0.0,26,16,16,54.443131979340656,0.025434497743844986,17.26495361328125,0.5395298004150391,0.46047019958496094,0.0031424526949778322,0.10241161487000061,2.0794415416798357
box77,约束族,45,1,16,32,256,0.7193599939346313,0.16199786961078644,0.6036328077316284,0.07991493493318558,-0.9753301739692688,2.9268581867218018,-7.0,2.041074752807617,6,5,0,0.1875,0.0,27,16,16,54.443131979340656,0.023402400314807892,16.848661422729492,0.5265206694602966,0.47347933053970337,5.6799601269286926e-05,0.10445992592743696,2.0794415416798357
box33_lam1em2,约束族,45,1,16,32,256,0.6681766510009766,0.15644511580467224,0.5483933687210083,0.07737964391708374,-0.02802053466439247,1.446947455406189,-3.0,1.902428150177002,5,0,0,0.15625,0.0,27,16,16,54.443131979340656,0.051999032497406006,20.254261016845703,0.6329456567764282,0.3670543432235718,0.003453111602126346,0.08071134642574672,2.0794415416798357
noridge,正则族,45,1,16,32,256,0.7226033806800842,0.16302040219306946,0.6094608902931213,0.07940848171710968,-2.459336519241333,5.693562984466553,-13.815510749816895,2.057582378387451,8,6,6,0.25,0.1875,26,16,16,54.443131979340656,0.02161361090838909,16.332857131958008,0.5104017853736877,0.48959821462631226,6.159940881879274e-08,0.1065750756766978,2.0794415416798357
lam1em4,正则族,45,1,16,32,256,0.7224516272544861,0.1625065803527832,0.6089624762535095,0.07956217974424362,-2.4468801021575928,5.693129539489746,-13.815510749816895,2.056135892868042,8,6,6,0.25,0.1875,26,16,16,54.443131979340656,0.02175012230873108,16.381330490112305,0.5119165778160095,0.4880834221839905,6.165335767356077e-08,0.10638692371936469,2.0794415416798357
lam1em2,正则族,45,1,16,32,256,0.6641997694969177,0.15738093852996826,0.549892246723175,0.073301762342453,-1.708906650543213,5.330753326416016,-13.815510749816895,1.9032528400421143,5,5,5,0.15625,0.15625,27,16,16,54.443131979340656,0.048979587852954865,19.819034576416016,0.6193448305130005,0.3806551694869995,6.88409087346312e-08,0.08009291913191381,2.0794415416798357
lam1em1,正则族,45,1,16,32,256,0.5434774160385132,0.11486770957708359,0.44029679894447327,0.1111181378364563,0.43250522017478943,0.39929547905921936,-0.4691486358642578,1.323805809020996,0,0,0,0.0,0.0,32,16,16,54.443131979340656,0.3658093214035034,25.8558349609375,0.8079948425292969,0.19200515747070312,0.05610442732690348,0.04618683418250014,2.0794415416798357
scalar,对照,45,1,16,32,256,0.5413936376571655,0.10303428769111633,0.4354025721549988,0.08899908512830734,0.5282493233680725,0.0,0.5282493233680725,0.5282493233680725,0,0,0,0.0,0.0,32,16,16,54.443131979340656,0.020126182585954666,27.15631866455078,0.8486349582672119,0.15136504173278809,0.07431076347469667,0.0399735763432347,2.0794415416798357
nobeta,对照,45,1,16,32,256,0.5413920879364014,0.43403077125549316,0.45221614837646484,0.43538719415664673,0.0,0.0,0.0,0.0,0,0,0,0.0,0.0,27,16,16,54.443131979340656,0.023377027362585068,27.15631866455078,0.8486349582672119,0.15136504173278809,0.07431076347469667,0.039973656847530785,2.0794415416798357
unbound,基准,45,1,16,64,256,0.566959023475647,0.0934847965836525,0.43619123101234436,0.03509996458888054,-0.18187275528907776,1.1115612983703613,-6.177399158477783,1.2294602394104004,2,0,0,0.03125,0.0,64,16,16,35.167683205125016,0.00034642533864825964,36.70514678955078,0.573517918586731,0.42648208141326904,0.0001699410901772003,0.04589649208432425,1.3862943611198906
box33,约束族,45,1,16,64,256,0.5682801008224487,0.09011862426996231,0.43619102239608765,0.034910548478364944,-0.08841922879219055,0.778761625289917,-2.9685020446777344,1.215631127357483,0,0,0,0.0,0.0,64,16,16,35.167683205125016,0.0003419906133785844,37.312843322753906,0.5830131769180298,0.4169868230819702,0.0034022491319820763,0.04575047741730025,1.3862943611198906
box77,约束族,45,1,16,64,256,0.5669825077056885,0.09342294186353683,0.4361911416053772,0.035096634179353714,-0.17506136000156403,1.0781842470169067,-5.815774917602539,1.2292075157165527,2,0,0,0.03125,0.0,64,16,16,35.167683205125016,0.00034633971517905593,36.71705627441406,0.5737040042877197,0.4262959957122803,0.0002440217069945457,0.04589379183605974,1.3862943611198906
box33_lam1em2,约束族,45,1,16,64,256,0.5683197379112244,0.0809282511472702,0.42583489418029785,0.02751930058002472,0.07953914999961853,0.4856503903865814,-1.6497184038162231,1.1011312007904053,0,0,0,0.0,0.0,64,16,16,35.167683205125016,0.0011934519279748201,41.10053253173828,0.6421958208084106,0.35780417919158936,0.017147248816194907,0.043996644366251156,1.3862943611198906
noridge,正则族,45,1,16,64,256,0.5670145750045776,0.09655587375164032,0.43678998947143555,0.035042207688093185,-0.4995766878128052,2.53572416305542,-13.815510749816895,1.2444647550582886,3,2,2,0.046875,0.03125,62,16,16,35.167683205125016,0.0003043875622097403,36.13822937011719,0.564659833908081,0.43534016609191895,4.8572009301113436e-08,0.046187843840546874,1.3862943611198906
lam1em4,正则族,45,1,16,64,256,0.5670140981674194,0.09623892605304718,0.4367353916168213,0.03505103662610054,-0.39752623438835144,2.0969889163970947,-13.815510749816895,1.2429630756378174,3,2,1,0.046875,0.015625,63,16,16,35.167683205125016,0.0003080838068854064,36.1948127746582,0.5655439496040344,0.4344560503959656,8.111757362097941e-08,0.04615692012781326,1.3862943611198906
lam1em2,正则族,45,1,16,64,256,0.5674558877944946,0.08165474236011505,0.4262814521789551,0.029049452394247055,0.06720910966396332,0.5065333247184753,-1.8548407554626465,1.110832691192627,0,0,0,0.0,0.0,64,16,16,35.167683205125016,0.0011973073706030846,40.76686096191406,0.6369822025299072,0.3630177974700928,0.013874810947743966,0.044087500173074314,1.3862943611198906
lam1em1,正则族,45,1,16,64,256,0.553010106086731,0.07349787652492523,0.41117891669273376,0.04012957215309143,0.223019078373909,0.24180510640144348,-0.5655130743980408,0.7832733392715454,0,0,0,0.0,0.0,64,16,16,35.167683205125016,0.027526183053851128,47.059600830078125,0.7353062629699707,0.2646937370300293,0.04738138995778564,0.0403430944166101,1.3862943611198906
scalar,对照,45,1,16,64,256,0.53089439868927,0.05955088138580322,0.4080805480480194,0.04168771207332611,0.25440558791160583,0.0,0.25440558791160583,0.25440558791160583,0,0,0,0.0,0.0,64,16,16,35.167683205125016,0.00423678383231163,48.17662048339844,0.7527596950531006,0.24724030494689941,0.04476753992788867,0.039665305267451566,1.3862943611198906
nobeta,对照,45,1,16,64,256,0.5308941602706909,0.239629328250885,0.3988429307937622,0.23991453647613525,0.0,0.0,0.0,0.0,0,0,0,0.0,0.0,64,16,16,35.167683205125016,0.00034642533864825964,48.17662048339844,0.7527596950531006,0.24724030494689941,0.04476753992788867,0.03966531533048858,1.3862943611198906
unbound,基准,45,1,32,8,256,0.547068178653717,0.23205915093421936,0.4778681993484497,0.2313080132007599,-0.518691897392273,5.3930745124816895,-13.815510749816895,1.99383544921875,1,1,1,0.125,0.125,7,8,8,6.276128220334988,14.08066177368164,6.789525032043457,0.8486906290054321,0.15130937099456787,1.3551512239882136e-07,0.46004828305318063,3.4657359027997265
box33,约束族,45,1,32,8,256,0.5451220870018005,0.233047217130661,0.47690901160240173,0.23226870596408844,0.8319957256317139,1.6173173189163208,-3.0,1.9928240776062012,1,0,0,0.125,0.0,7,8,8,6.276128220334988,14.095243453979492,6.845715522766113,0.8557144403457642,0.14428555965423584,0.006758553122596757,0.45782528653228105,3.4657359027997265
box77,约束族,45,1,32,8,256,0.5470712184906006,0.2320774346590042,0.4778675436973572,0.23132562637329102,0.33322399854660034,2.9998061656951904,-7.0,1.9938169717788696,1,1,0,0.125,0.0,7,8,8,6.276128220334988,14.080921173095703,6.79126501083374,0.8489081263542175,0.15109187364578247,0.00012357775351682588,0.46004699286367345,3.4657359027997265
box33_lam1em2,约束族,45,1,32,8,256,0.5461467504501343,0.2269616425037384,0.47419559955596924,0.23581849038600922,0.8321666121482849,1.612314224243164,-3.0,1.9705747365951538,1,0,0,0.125,0.0,7,8,8,6.276128220334988,14.106491088867188,6.866206645965576,0.858275830745697,0.14172416925430298,0.0068375248028209636,0.4575440668387286,3.4657359027997265
noridge,正则族,45,1,32,8,256,0.5470539331436157,0.23261146247386932,0.4781801402568817,0.23090939223766327,-0.5187437534332275,5.393235206604004,-13.815510749816895,1.9963655471801758,1,1,1,0.125,0.125,7,8,8,6.276128220334988,14.08053970336914,6.787058353424072,0.848382294178009,0.15161770582199097,1.3533778361320553e-07,0.46008037131479507,3.4657359027997265
lam1em4,正则族,45,1,32,8,256,0.5470554232597351,0.23255594074726105,0.4781489372253418,0.23094938695430756,-0.5187383890151978,5.393218994140625,-13.815510749816895,1.9961118698120117,1,1,1,0.125,0.125,7,8,8,6.276128220334988,14.08053970336914,6.787306785583496,0.848413348197937,0.151586651802063,1.353555451374245e-07,0.4600772082695516,3.4657359027997265
lam1em2,正则族,45,1,32,8,256,0.5471769571304321,0.22649279236793518,0.4751570224761963,0.23486767709255219,-0.5185100436210632,5.391624927520752,-13.815510749816895,1.9715865850448608,1,1,1,0.125,0.125,7,8,8,6.276128220334988,14.09195327758789,6.809839725494385,0.8512299656867981,0.1487700343132019,1.3710497922964838e-07,0.45978125544420734,3.4657359027997265
lam1em1,正则族,45,1,32,8,256,0.5425544381141663,0.2213861644268036,0.4564156234264374,0.265835165977478,1.1402902603149414,0.6549209356307983,-0.2774413526058197,1.7729930877685547,0,0,0,0.0,0.0,8,8,8,6.276128220334988,15.037613868713379,7.361433506011963,0.9201791882514954,0.07982081174850464,0.11762804066564464,0.4353453991300366,3.4657359027997265
scalar,对照,45,1,32,8,256,0.5583425760269165,0.20190362632274628,0.4619290828704834,0.2283039093017578,1.4561026096343994,1.2744008870413381e-07,1.456102728843689,1.456102728843689,0,0,0,0.0,0.0,8,8,8,6.276128220334988,0.11350493133068085,7.7310590744018555,0.9663823843002319,0.033617615699768066,0.4167860220909288,0.4342535242358011,3.4657359027997265
nobeta,对照,45,1,32,8,256,0.5583425164222717,0.7550131678581238,0.7388797998428345,0.7746824026107788,0.0,0.0,0.0,0.0,0,0,0,0.0,0.0,7,8,8,6.276128220334988,14.08066177368164,7.731060981750488,0.966382622718811,0.033617377281188965,0.41678599113531656,0.4342535242358011,3.4657359027997265
unbound,基准,45,1,32,16,256,0.5023439526557922,0.1755121946334839,0.40763092041015625,0.10199771821498871,-0.8647578954696655,5.074700832366943,-13.815510749816895,1.6564428806304932,2,2,2,0.125,0.125,14,16,16,15.083695989349076,3.8351590633392334,13.036443710327148,0.8147777318954468,0.18522226810455322,1.5727671994607423e-07,0.29977357590333625,2.772588722239781
box33,约束族,45,1,32,16,256,0.5031940340995789,0.17313449084758759,0.40840578079223633,0.1029118224978447,0.4844691753387451,1.4305617809295654,-3.0,1.6502974033355713,2,0,0,0.125,0.0,14,16,16,15.083695989349076,3.8491570949554443,13.189144134521484,0.8243215084075928,0.17567849159240723,0.007860448019816333,0.298009116895196,2.772588722239781
box77,约束族,45,1,32,16,256,0.5023372173309326,0.17546874284744263,0.40762969851493835,0.1020144447684288,-0.012868016958236694,2.7630085945129395,-7.0,1.6563308238983154,2,2,0,0.125,0.0,14,16,16,15.083695989349076,3.8354105949401855,13.041433334350586,0.8150895833969116,0.18491041660308838,0.0001434279338774438,0.29977428342661444,2.772588722239781
box33_lam1em2,约束族,45,1,32,16,256,0.5010908842086792,0.16226856410503387,0.40762859582901,0.1011086031794548,0.4888922870159149,1.4227550029754639,-3.0,1.6079535484313965,2,0,0,0.125,0.0,14,16,16,15.083695989349076,3.857800245285034,13.27476692199707,0.8296729326248169,0.1703270673751831,0.007974586755113908,0.2978065779520743,2.772588722239781
noridge,正则族,45,1,32,16,256,0.5026432275772095,0.17508408427238464,0.4077359735965729,0.10229695588350296,-0.8654193878173828,5.074791431427002,-13.815510749816895,1.661784052848816,2,2,2,0.125,0.125,14,16,16,15.083695989349076,3.8350512981414795,13.024799346923828,0.8140499591827393,0.18595004081726074,1.5704136030356395e-07,0.2997973403616785,2.772588722239781
lam1em4,正则族,45,1,32,16,256,0.5026127099990845,0.17512772977352142,0.40772533416748047,0.1022661030292511,-0.8653508424758911,5.074782371520996,-13.815510749816895,1.661243200302124,2,2,2,0.125,0.125,14,16,16,15.083695989349076,3.8350510597229004,13.02599811553955,0.8141248822212219,0.18587511777877808,1.5706464719182464e-07,0.29979494726823774,2.772588722239781
lam1em2,正则族,45,1,32,16,256,0.5002585649490356,0.1705445498228073,0.4075653851032257,0.10016877204179764,-0.8605837225914001,5.073738098144531,-13.815510749816895,1.6141211986541748,2,2,2,0.125,0.125,14,16,16,15.083695989349076,3.8437607288360596,13.11838150024414,0.8198988437652588,0.1801011562347412,1.5958291564263666e-07,0.29958375156971295,2.772588722239781
lam1em1,正则族,45,1,32,16,256,0.4899458587169647,0.15093015134334564,0.40333157777786255,0.09056805819272995,-0.004114791750907898,3.692852258682251,-13.815510749816895,1.2363530397415161,1,1,1,0.0625,0.0625,15,16,16,15.083695989349076,4.29149055480957,14.109955787658691,0.8818722367286682,0.11812776327133179,2.1477651101350993e-07,0.27430914721881544,2.772588722239781
scalar,对照,45,1,32,16,256,0.49631088972091675,0.1569020003080368,0.40475958585739136,0.12078652530908585,0.9511204957962036,1.2311882358062576e-07,0.9511206150054932,0.9511206150054932,0,0,0,0.0,0.0,16,16,16,15.083695989349076,0.040612947195768356,15.03826904296875,0.9398918151855469,0.060108184814453125,0.2561750018607823,0.255120845392052,2.772588722239781
nobeta,对照,45,1,32,16,256,0.4963110089302063,0.6135271191596985,0.5256311893463135,0.60612952709198,0.0,0.0,0.0,0.0,0,0,0,0.0,0.0,14,16,16,15.083695989349076,3.8351590633392334,15.03826904296875,0.9398918151855469,0.060108184814453125,0.25617497292689106,0.255120845392052,2.772588722239781
unbound,基准,45,1,32,32,256,0.5403056740760803,0.10904575884342194,0.4402804374694824,0.04728829115629196,-1.9219579696655273,5.320572376251221,-13.815510749816895,2.0479207038879395,6,5,5,0.1875,0.15625,27,32,32,2982.8478407290377,0.36936867237091064,18.075267791748047,0.5648521184921265,0.43514788150787354,6.011647691467075e-08,0.16623381155522451,2.0794415416798357
box33,约束族,45,1,32,32,256,0.5401145815849304,0.11301969736814499,0.4366714358329773,0.04898909851908684,-0.2321511209011078,1.6460000276565552,-3.0,2.04305362701416,6,0,0,0.1875,0.0,26,32,32,2982.8478407290377,0.3827935457229614,18.481279373168945,0.5775399804115295,0.42246001958847046,0.002361823163272529,0.16410553991556298,2.0794415416798357
box77,约束族,45,1,32,32,256,0.5403070449829102,0.10913189500570297,0.4402417242527008,0.04732087254524231,-0.8571498990058899,2.912296772003174,-7.0,2.0478317737579346,6,5,0,0.1875,0.0,27,32,32,2982.8478407290377,0.3696102499961853,18.088481903076172,0.5652650594711304,0.43473494052886963,5.481981954622284e-05,0.16621983797048123,2.0794415416798357
box33_lam1em2,约束族,45,1,32,32,256,0.49533435702323914,0.09818927198648453,0.3899231553077698,0.05021032691001892,0.014082200825214386,1.3691848516464233,-3.0,1.8926925659179688,3,0,0,0.09375,0.0,29,32,32,2982.8478407290377,0.4308681786060333,20.521020889282227,0.6412819027900696,0.3587180972099304,0.0035389122374556415,0.15216202674285506,2.0794415416798357
noridge,正则族,45,1,32,32,256,0.5424127578735352,0.10775543004274368,0.4419025778770447,0.04764376953244209,-2.346031904220581,5.743860244750977,-13.815510749816895,2.063286304473877,7,6,6,0.21875,0.1875,26,32,32,2982.8478407290377,0.36704349517822266,17.795372009277344,0.556105375289917,0.443894624710083,4.6845833698164926e-08,0.16752491668078096,2.0794415416798357
lam1em4,正则族,45,1,32,32,256,0.5421870946884155,0.10792240500450134,0.44201555848121643,0.047611773014068604,-2.3113622665405273,5.728533744812012,-13.815510749816895,2.0617432594299316,7,6,6,0.21875,0.1875,26,32,32,2982.8478407290377,0.3672368824481964,17.825695037841797,0.5570529699325562,0.44294703006744385,4.690114626874926e-08,0.16742946346675658,2.0794415416798357
lam1em2,正则族,45,1,32,32,256,0.4971357583999634,0.10161060094833374,0.3933602571487427,0.04919949918985367,-1.07010018825531,4.346436500549316,-13.815510749816895,1.8958085775375366,4,3,3,0.125,0.09375,29,32,32,2982.8478407290377,0.4179266393184662,20.122865676879883,0.6288395524024963,0.37116044759750366,7.11906135082097e-08,0.15399646812700668,2.0794415416798357
lam1em1,正则族,45,1,32,32,256,0.4190560579299927,0.09142895042896271,0.3513178825378418,0.07586515694856644,0.4273080825805664,0.5777854323387146,-1.1942684650421143,1.2737892866134644,0,0,0,0.0,0.0,32,32,32,2982.8478407290377,0.9968568086624146,26.280029296875,0.8212509155273438,0.17874908447265625,0.036415073392746404,0.10316896346755856,2.0794415416798357
scalar,对照,45,1,32,32,256,0.4016590416431427,0.10907329618930817,0.3261648118495941,0.08448994904756546,0.569564163684845,0.0,0.569564163684845,0.569564163684845,0,0,0,0.0,0.0,32,32,32,2982.8478407290377,0.019255487248301506,28.13977813720703,0.8793680667877197,0.12063193321228027,0.11388533010916474,0.08625044313846165,2.0794415416798357
nobeta,对照,45,1,32,32,256,0.4016593098640442,0.43547365069389343,0.36526772379875183,0.4425692558288574,0.0,0.0,0.0,0.0,0,0,0,0.0,0.0,27,32,32,2982.8478407290377,0.36936867237091064,28.139772415161133,0.8793678879737854,0.1206321120262146,0.11388533941851338,0.08625044313846165,2.0794415416798357
unbound,基准,45,1,32,64,256,0.42119845747947693,0.05892027169466019,0.3541487455368042,0.006818384397774935,-0.7821239829063416,3.493861198425293,-13.815510749816895,1.131819725036621,5,4,4,0.078125,0.0625,60,32,32,64.87453854995407,0.0087110735476017,40.22337341308594,0.6284902095794678,0.3715097904205322,7.460304876986973e-08,0.0838492652037658,1.3862943611198906
box33,约束族,45,1,32,64,256,0.4230821132659912,0.058225568383932114,0.3555571138858795,0.00681739766150713,-0.07808054238557816,1.0551179647445679,-3.0,1.122458815574646,5,0,0,0.078125,0.0,59,32,32,64.87453854995407,0.008860236965119839,40.9129638671875,0.6392650604248047,0.3607349395751953,0.003768842525117761,0.08315549180815611,1.3862943611198906
box77,约束族,45,1,32,64,256,0.4212058484554291,0.05888007953763008,0.35416197776794434,0.006819961126893759,-0.35587599873542786,1.9211819171905518,-7.0,1.1316338777542114,5,4,0,0.078125,0.0,60,32,32,64.87453854995407,0.008712448179721832,40.237674713134766,0.6287136673927307,0.3712863326072693,6.804677016079692e-05,0.08383996855598612,1.3862943611198906
box33_lam1em2,约束族,45,1,32,64,256,0.4075230658054352,0.05094388499855995,0.3416878283023834,0.007311373949050903,0.046069007366895676,0.8476994037628174,-2.9413273334503174,1.0382542610168457,0,0,0,0.0,0.0,64,32,32,64.87453854995407,0.01380714401602745,43.74274444580078,0.6834803819656372,0.3165196180343628,0.004353153725166379,0.07449076116102105,1.3862943611198906
noridge,正则族,45,1,32,64,256,0.42370685935020447,0.0603036992251873,0.3556637763977051,0.0066469511948525906,-0.9477011561393738,3.8341972827911377,-13.815510749816895,1.1429085731506348,5,5,5,0.078125,0.078125,59,32,32,64.87453854995407,0.008459188975393772,39.78550720214844,0.6216485500335693,0.37835144996643066,7.406751100753804e-08,0.08507385793880003,1.3862943611198906
lam1em4,正则族,45,1,32,64,256,0.4235236942768097,0.06015051528811455,0.3554832935333252,0.006680515129119158,-0.9458396434783936,3.833930730819702,-13.815510749816895,1.1417518854141235,5,5,5,0.078125,0.078125,59,32,32,64.87453854995407,0.008479301817715168,39.823028564453125,0.6222348213195801,0.3777651786804199,7.411927234522221e-08,0.08494868354471674,1.3862943611198906
lam1em2,正则族,45,1,32,64,256,0.40704545378685,0.05186235532164574,0.34128379821777344,0.007284563034772873,0.004953470081090927,0.9880610108375549,-4.249787330627441,1.044103741645813,2,0,0,0.03125,0.0,64,32,32,64.87453854995407,0.013795649632811546,43.47214889526367,0.6792523264884949,0.3207476735115051,0.0011678450779182056,0.07478034627686211,1.3862943611198906
lam1em1,正则族,45,1,32,64,256,0.35604414343833923,0.060971613973379135,0.3047201931476593,0.022119896486401558,0.2607053518295288,0.2765792906284332,-0.5727677941322327,0.7566063404083252,0,0,0,0.0,0.0,64,32,32,64.87453854995407,0.11525294184684753,50.47968673706055,0.788745105266571,0.21125489473342896,0.07704493086630124,0.0562602689720396,1.3862943611198906
scalar,对照,45,1,32,64,256,0.3364935517311096,0.052850816398859024,0.27816101908683777,0.03256729990243912,0.27648699283599854,0.0,0.27648699283599854,0.27648699283599854,0,0,0,0.0,0.0,64,32,32,64.87453854995407,0.004496965557336807,50.497127532958984,0.7890176177024841,0.21098238229751587,0.0651716719377114,0.05275184311893985,1.3862943611198906
nobeta,对照,45,1,32,64,256,0.3364931046962738,0.23538154363632202,0.3008372485637665,0.24416308104991913,0.0,0.0,0.0,0.0,0,0,0,0.0,0.0,60,32,32,64.87453854995407,0.0087110735476017,50.497127532958984,0.7890176177024841,0.21098238229751587,0.06517166527337635,0.05275181710705463,1.3862943611198906
unbound,基准,45,2,8,8,256,0.5504143834114075,0.3058478832244873,0.45460808277130127,0.2823861539363861,-0.7017325162887573,5.3250813484191895,-13.815510749816895,2.0093133449554443,1,1,1,0.125,0.125,7,8,8,1998.439699418687,0.6315590739250183,6.086681842803955,0.7608352303504944,0.23916476964950562,6.12132040616457e-08,0.1415799502674507,3.4657359027997265
box33,约束族,45,2,8,8,256,0.5507643222808838,0.3050902187824249,0.4551072418689728,0.28169018030166626,0.6495921611785889,1.5673820972442627,-3.0,2.0120131969451904,1,0,0,0.125,0.0,7,8,8,1998.439699418687,0.6354717016220093,6.121379375457764,0.7651724219322205,0.23482757806777954,0.003047534985680474,0.14153290495286364,3.4657359027997265
box77,约束族,45,2,8,8,256,0.5504136681556702,0.30583399534225464,0.4546342194080353,0.28237342834472656,0.15019521117210388,2.9371066093444824,-7.0,2.0093626976013184,1,1,0,0.125,0.0,7,8,8,1998.439699418687,0.6316308379173279,6.087698936462402,0.7609623670578003,0.2390376329421997,5.581919900944283e-05,0.14158231308145688,3.4657359027997265
box33_lam1em2,约束族,45,2,8,8,256,0.5475502610206604,0.29998940229415894,0.43224769830703735,0.26341333985328674,0.6096272468566895,1.5239224433898926,-3.0,1.9514561891555786,1,0,0,0.125,0.0,7,8,8,1998.439699418687,0.6652554273605347,6.022057056427002,0.7527571320533752,0.24724286794662476,0.003052675892351308,0.14533596379786776,3.4657359027997265
noridge,正则族,45,2,8,8,256,0.5587847828865051,0.30528876185417175,0.45379114151000977,0.2894591689109802,-0.7036192417144775,5.330134868621826,-13.815510749816895,2.0160326957702637,1,1,1,0.125,0.125,7,8,8,1998.439699418687,0.6263411641120911,6.080081462860107,0.7600101828575134,0.23998981714248657,6.119781867071038e-08,0.14229738498593741,3.4657359027997265
lam1em4,正则族,45,2,8,8,256,0.5578492283821106,0.3053516149520874,0.4544309973716736,0.2886583209037781,-0.7030921578407288,5.329598903656006,-13.815510749816895,2.0153648853302,1,1,1,0.125,0.125,7,8,8,1998.439699418687,0.6269122958183289,6.081738471984863,0.7602173089981079,0.2397826910018921,6.119940032602793e-08,0.14217143012216582,3.4657359027997265
lam1em2,正则族,45,2,8,8,256,0.5474790930747986,0.2980053126811981,0.4326969087123871,0.26412543654441833,-0.7418548464775085,5.301022052764893,-13.815510749816895,1.948809027671814,1,1,1,0.125,0.125,7,8,8,1998.439699418687,0.660944938659668,5.987320423126221,0.7484150528907776,0.2515849471092224,6.131900179767423e-08,0.14542786038546476,3.4657359027997265
lam1em1,正则族,45,2,8,8,256,0.5441545248031616,0.29593780636787415,0.423312246799469,0.27025100588798523,0.8354096412658691,0.6417752504348755,-0.45670995116233826,1.5597809553146362,0,0,0,0.0,0.0,8,8,8,1998.439699418687,1.2311795949935913,6.1466755867004395,0.7683344483375549,0.23166555166244507,0.0388822734999566,0.12832880831944526,3.4657359027997265
scalar,对照,45,2,8,8,256,0.5733469128608704,0.21006441116333008,0.43322575092315674,0.2961011230945587,1.2174525260925293,0.0,1.2174525260925293,1.2174525260925293,0,0,0,0.0,0.0,8,8,8,1998.439699418687,0.1049259603023529,6.837742805480957,0.8547178506851196,0.14528214931488037,0.1364669609431903,0.1122978410090491,3.4657359027997265
nobeta,对照,45,2,8,8,256,0.5733471512794495,0.7224121689796448,0.6910434365272522,0.7358503341674805,0.0,0.0,0.0,0.0,0,0,0,0.0,0.0,7,8,8,1998.439699418687,0.6315590739250183,6.837742805480957,0.8547178506851196,0.14528214931488037,0.1364669742577455,0.1122978241318062,3.4657359027997265
unbound,基准,45,2,8,16,256,0.6192815899848938,0.18571674823760986,0.5184491276741028,0.20158424973487854,-1.2992777824401855,5.1616950035095215,-13.815510749816895,2.0703365802764893,3,2,2,0.1875,0.125,14,8,8,35.80928898872068,0.005370595492422581,10.75355339050293,0.6720970869064331,0.3279029130935669,7.976852528083761e-08,0.02831964439850932,2.772588722239781
box33,约束族,45,2,8,16,256,0.6215946078300476,0.1858833134174347,0.5199963450431824,0.20229904353618622,0.1918027400970459,1.7141075134277344,-3.0,2.072657346725464,2,0,0,0.125,0.0,14,8,8,35.80928898872068,0.005343460477888584,10.89754867553711,0.6810967922210693,0.31890320777893066,0.0039719195865634575,0.028324376355487742,2.772588722239781
box77,约束族,45,2,8,16,256,0.6192744970321655,0.18571977317333221,0.5184840559959412,0.20159728825092316,-0.43834388256073,3.037172794342041,-7.0,2.070378541946411,3,2,0,0.1875,0.0,14,8,8,35.80928898872068,0.0053701018914580345,10.757620811462402,0.6723513007164001,0.32764869928359985,7.273962464509076e-05,0.028319779416452532,2.772588722239781
box33_lam1em2,约束族,45,2,8,16,256,0.6036656498908997,0.18103688955307007,0.45703861117362976,0.1917833685874939,0.47158578038215637,1.1947015523910522,-3.0,1.6942908763885498,1,0,0,0.0625,0.0,15,8,8,35.80928898872068,0.06638547778129578,11.348312377929688,0.7092695236206055,0.29073047637939453,0.004164539253231255,0.031454579609473295,2.772588722239781
noridge,正则族,45,2,8,16,256,0.6354156136512756,0.20247073471546173,0.5233294367790222,0.19895298779010773,-1.0937222242355347,4.5885009765625,-13.815510749816895,2.129465103149414,3,2,1,0.1875,0.0625,15,8,8,35.80928898872068,0.0021694586612284184,10.697123527526855,0.6685702204704285,0.33142977952957153,8.188164755647494e-08,0.028489068711028284,2.772588722239781
lam1em4,正则族,45,2,8,16,256,0.6334909200668335,0.20175495743751526,0.523226797580719,0.1992250382900238,-1.3771207332611084,5.228646755218506,-13.815510749816895,2.123359203338623,3,2,2,0.1875,0.125,14,8,8,35.80928898872068,0.0024029435589909554,10.70361042022705,0.6689756512641907,0.3310243487358093,8.165178591691018e-08,0.028463921619105513,2.772588722239781
lam1em2,正则族,45,2,8,16,256,0.6035600304603577,0.18094991147518158,0.45670461654663086,0.19283774495124817,-0.20265142619609833,3.706907033920288,-13.815510749816895,1.6927244663238525,1,1,1,0.0625,0.0625,15,8,8,35.80928898872068,0.06603406369686127,11.29243278503418,0.7057770490646362,0.29422295093536377,8.366186716399621e-08,0.03151567944808633,2.772588722239781
lam1em1,正则族,45,2,8,16,256,0.5383390784263611,0.15728077292442322,0.42156553268432617,0.20721113681793213,0.542680025100708,0.6210365295410156,-1.1272006034851074,1.3068575859069824,0,0,0,0.0,0.0,16,8,8,35.80928898872068,0.3751208782196045,10.902938842773438,0.6814336776733398,0.31856632232666016,0.023837448654512535,0.03882390747192249,2.772588722239781
scalar,对照,45,2,8,16,256,0.5085525512695312,0.1649245023727417,0.3854599595069885,0.23509855568408966,0.8559756278991699,0.0,0.8559756278991699,0.8559756278991699,0,0,0,0.0,0.0,16,8,8,35.80928898872068,0.0467689149081707,12.957148551940918,0.8098217844963074,0.19017821550369263,0.12940301954347605,0.024565571751025896,2.772588722239781
nobeta,对照,45,2,8,16,256,0.508552610874176,0.5945026278495789,0.5820135474205017,0.6100022792816162,0.0,0.0,0.0,0.0,0,0,0,0.0,0.0,14,8,8,35.80928898872068,0.005370595492422581,12.957148551940918,0.8098217844963074,0.19017821550369263,0.12940301954347605,0.024565561202749085,2.772588722239781
unbound,基准,45,2,8,32,256,0.5935797691345215,0.14255325496196747,0.43437659740448,0.16520026326179504,-0.9148719310760498,3.66986083984375,-13.815510749816895,1.6781773567199707,4,2,2,0.125,0.0625,30,8,8,26.29984940763416,0.000900454237125814,16.079317092895508,0.5024786591529846,0.4975213408470154,8.32112780814243e-08,0.02298976678755072,2.0794415416798357
box33,约束族,45,2,8,32,256,0.5953183174133301,0.13914118707180023,0.43539443612098694,0.1611439287662506,-0.1337277591228485,1.3575376272201538,-3.0,1.6783154010772705,2,0,0,0.0625,0.0,30,8,8,26.29984940763416,0.0008921942790038884,16.441408157348633,0.5137940049171448,0.4862059950828552,0.004161976269294824,0.022880241919743447,2.0794415416798357
box77,约束族,45,2,8,32,256,0.5936179161071777,0.14252744615077972,0.4343964159488678,0.16512587666511536,-0.48327910900115967,2.2096405029296875,-7.0,1.6781814098358154,4,2,0,0.125,0.0,30,8,8,26.29984940763416,0.0009002949809655547,16.088001251220703,0.502750039100647,0.497249960899353,7.588527329286047e-05,0.022987891303933326,2.0794415416798357
box33_lam1em2,约束族,45,2,8,32,256,0.5916382074356079,0.11058429628610611,0.4309057295322418,0.15532653033733368,0.17126524448394775,1.0500202178955078,-3.0,1.4992775917053223,2,0,0,0.0625,0.0,30,8,8,26.29984940763416,0.012102652341127396,18.60652732849121,0.5814539790153503,0.41854602098464966,0.005584984694200033,0.02419968578286026,2.0794415416798357
noridge,正则族,45,2,8,32,256,0.5962635278701782,0.14161095023155212,0.43562912940979004,0.160063698887825,-1.291594386100769,4.286546230316162,-13.815510749816895,1.7043061256408691,4,3,3,0.125,0.09375,29,8,8,26.29984940763416,0.00040629543946124613,15.648883819580078,0.48902761936187744,0.5109723806381226,8.417381720843713e-08,0.022841947455600645,2.0794415416798357
lam1em4,正则族,45,2,8,32,256,0.5959910750389099,0.14169612526893616,0.43546053767204285,0.1605912744998932,-1.275820016860962,4.280763149261475,-13.815510749816895,1.7016291618347168,4,3,3,0.125,0.09375,29,8,8,26.29984940763416,0.00044559023808687925,15.694774627685547,0.49046170711517334,0.5095382928848267,8.407384767308736e-08,0.022856858499703845,2.0794415416798357
lam1em2,正则族,45,2,8,32,256,0.590787947177887,0.11180301010608673,0.43103331327438354,0.15566174685955048,-0.1701662838459015,2.6412341594696045,-13.815510749816895,1.4987713098526,2,1,1,0.0625,0.03125,31,8,8,26.29984940763416,0.012032690457999706,18.46459197998047,0.5770184993743896,0.42298150062561035,1.1202588250010172e-07,0.024249460991486598,2.0794415416798357
lam1em1,正则族,45,2,8,32,256,0.5267450213432312,0.1046258732676506,0.4263819754123688,0.15880440175533295,0.2604190409183502,0.7992806434631348,-3.347360849380493,1.03541898727417,1,0,0,0.03125,0.0,32,8,8,26.29984940763416,0.14801424741744995,18.938753128051758,0.5918360352516174,0.40816396474838257,0.003247757047246331,0.032418755399864684,2.0794415416798357
scalar,对照,45,2,8,32,256,0.4865252673625946,0.09911223500967026,0.3649378716945648,0.13874907791614532,0.5713613033294678,0.0,0.5713613033294678,0.5713613033294678,0,0,0,0.0,0.0,32,8,8,26.29984940763416,0.03088393062353134,23.593109130859375,0.7372846603393555,0.26271533966064453,0.06644581076446822,0.022856565257608437,2.0794415416798357
nobeta,对照,45,2,8,32,256,0.48652517795562744,0.4142400920391083,0.4586012661457062,0.4309394657611847,0.0,0.0,0.0,0.0,0,0,0,0.0,0.0,30,8,8,26.29984940763416,0.000900454237125814,23.593103408813477,0.7372844815254211,0.26271551847457886,0.06644579196350339,0.0228565673672638,2.0794415416798357
unbound,基准,45,2,8,64,256,0.5171911716461182,0.10029254108667374,0.3743194043636322,0.1751178354024887,-0.439935564994812,1.211561918258667,-4.3727803230285645,1.0332046747207642,4,0,0,0.0625,0.0,64,8,8,17.146814473931336,3.1033052891871193e-06,24.98356819152832,0.39036825299263,0.60963174700737,0.0003281280386848811,0.03143106328114585,1.3862943611198906
box33,约束族,45,2,8,64,256,0.5172415971755981,0.0987372174859047,0.37339577078819275,0.1736074537038803,-0.31122303009033203,0.9120907187461853,-2.7905611991882324,1.0065494775772095,0,0,0,0.0,0.0,64,8,8,17.146814473931336,3.0843191325402586e-06,25.81419563293457,0.40334680676460266,0.5966531932353973,0.0015544708028429257,0.03129093997195871,1.3862943611198906
box77,约束族,45,2,8,64,256,0.5171917676925659,0.10026375204324722,0.37430205941200256,0.1750900000333786,-0.4355117976665497,1.1993712186813354,-4.304380893707275,1.032721757888794,4,0,0,0.0625,0.0,64,8,8,17.146814473931336,3.1035294796311064e-06,24.999267578125,0.3906135559082031,0.6093864440917969,0.0003503235158359023,0.03142854857195357,1.3862943611198906
box33_lam1em2,约束族,45,2,8,64,256,0.519534707069397,0.08443070948123932,0.3719554841518402,0.12245399504899979,-0.020176293328404427,0.5469666123390198,-2.168776035308838,0.8555144667625427,0,0,0,0.0,0.0,64,8,8,17.146814473931336,0.0002306434907950461,31.258892059326172,0.48842018842697144,0.5115798115730286,0.008199127987577636,0.030953053349766155,1.3862943611198906
noridge,正则族,45,2,8,64,256,0.5169450044631958,0.10207274556159973,0.37645137310028076,0.17904599010944366,-0.9654964208602905,3.0501418113708496,-13.815510749816895,1.0542577505111694,5,3,3,0.078125,0.046875,61,8,8,17.146814473931336,1.3710962321056286e-07,24.163541793823242,0.37755534052848816,0.6224446594715118,2.430901158627824e-08,0.03143406110141617,1.3862943611198906
lam1em4,正则族,45,2,8,64,256,0.5169676542282104,0.10192180424928665,0.3762381970882416,0.17808663845062256,-0.7847386002540588,2.3506646156311035,-11.462510108947754,1.052130937576294,5,3,0,0.078125,0.0,64,8,8,17.146814473931336,2.0618273310901714e-07,24.243648529052734,0.378807008266449,0.621192991733551,2.910387376087404e-07,0.031435170780136926,1.3862943611198906
lam1em2,正则族,45,2,8,64,256,0.5193912982940674,0.08568057417869568,0.3727045953273773,0.1253497451543808,-0.041043397039175034,0.5833078026771545,-2.4842844009399414,0.8741542100906372,0,0,0,0.0,0.0,64,8,8,17.146814473931336,0.00023071943724062294,30.782155990600586,0.48097118735313416,0.5190288126468658,0.0072886630857708235,0.031056101575610097,1.3862943611198906
lam1em1,正则族,45,2,8,64,256,0.5146282911300659,0.06434887647628784,0.36974087357521057,0.10118848085403442,0.1919146180152893,0.2578886151313782,-0.9695808291435242,0.6011835336685181,0,0,0,0.0,0.0,64,8,8,17.146814473931336,0.01152708474546671,38.342674255371094,0.5991042852401733,0.40089571475982666,0.026578404450698433,0.030186725258594695,1.3862943611198906
scalar,对照,45,2,8,64,256,0.4685523509979248,0.040017250925302505,0.3650365471839905,0.0813002958893776,0.2929573953151703,0.0,0.2929573953151703,0.2929573953151703,0,0,0,0.0,0.0,64,8,8,17.146814473931336,0.006616114638745785,43.66436767578125,0.682255744934082,0.31774425506591797,0.04034154048105499,0.024815122883873626,1.3862943611198906
nobeta,对照,45,2,8,64,256,0.46855252981185913,0.2407951056957245,0.37711676955223083,0.2652263939380646,0.0,0.0,0.0,0.0,0,0,0,0.0,0.0,64,8,8,17.146814473931336,3.1033052891871193e-06,43.66436004638672,0.6822556257247925,0.3177443742752075,0.040341533891899616,0.024815116554907538,1.3862943611198906
unbound,基准,45,2,16,8,256,0.5125582218170166,0.31214940547943115,0.4006446897983551,0.2787000834941864,-0.7755042314529419,5.286728382110596,-13.815510749816895,1.84964120388031,1,1,1,0.125,0.125,7,8,8,18.570407707775136,10.859594345092773,6.754746437072754,0.8443433046340942,0.15565669536590576,6.494151363470717e-08,0.33487775383811336,3.4657359027997265
box33,约束族,45,2,16,8,256,0.5122742652893066,0.31324586272239685,0.4006257653236389,0.2786116302013397,0.5758093595504761,1.5079814195632935,-3.0,1.8503409624099731,1,0,0,0.125,0.0,7,8,8,18.570407707775136,10.877836227416992,6.782443046569824,0.847805380821228,0.15219461917877197,0.003229506554445176,0.33410071805794134,3.4657359027997265
box77,约束族,45,2,16,8,256,0.5125610828399658,0.3121694326400757,0.4006449282169342,0.2786986231803894,0.0764232873916626,2.8919179439544678,-7.0,1.849653959274292,1,1,0,0.125,0.0,7,8,8,18.570407707775136,10.8599271774292,6.755549907684326,0.8444437384605408,0.15555626153945923,5.9217770613104374e-05,0.33488028632702393,3.4657359027997265
box33_lam1em2,约束族,45,2,16,8,256,0.5105498433113098,0.3085741102695465,0.39912983775138855,0.2691817879676819,0.5731839537620544,1.4992834329605103,-3.0,1.7733465433120728,1,0,0,0.125,0.0,7,8,8,18.570407707775136,10.897652626037598,6.78076171875,0.84759521484375,0.15240478515625,0.003224009804202695,0.33362811666585174,3.4657359027997265
noridge,正则族,45,2,16,8,256,0.5126094222068787,0.3125366270542145,0.400842547416687,0.2791670858860016,-0.7752646803855896,5.287102699279785,-13.815510749816895,1.859025478363037,1,1,1,0.125,0.125,7,8,8,18.570407707775136,10.859345436096191,6.754579544067383,0.8443224430084229,0.15567755699157715,6.486446073805384e-08,0.3349393127993253,3.4657359027997265
lam1em4,正则族,45,2,16,8,256,0.5126043558120728,0.3124975264072418,0.4008224606513977,0.2791200578212738,-0.7752879858016968,5.287065505981445,-13.815510749816895,1.8580777645111084,1,1,1,0.125,0.125,7,8,8,18.570407707775136,10.859349250793457,6.75460147857666,0.8443251848220825,0.15567481517791748,6.487202456144216e-08,0.3349330789804684,3.4657359027997265
lam1em2,正则族,45,2,16,8,256,0.5110187530517578,0.3090182840824127,0.3991515636444092,0.2696274518966675,-0.7781627178192139,5.283480167388916,-13.815510749816895,1.7728592157363892,1,1,1,0.125,0.125,7,8,8,18.570407707775136,10.879318237304688,6.752693176269531,0.8440866470336914,0.1559133529663086,6.476214503858138e-08,0.3344154528576506,3.4657359027997265
lam1em1,正则族,45,2,16,8,256,0.49522751569747925,0.2579737901687622,0.381476491689682,0.29192566871643066,0.6973280310630798,1.0063095092773438,-1.713119626045227,1.3611769676208496,0,0,0,0.0,0.0,8,8,8,18.570407707775136,11.536344528198242,6.748738765716553,0.8435923457145691,0.1564076542854309,0.009983406105635462,0.3222559021601472,3.4657359027997265
scalar,对照,45,2,16,8,256,0.5000028610229492,0.2496042251586914,0.38390952348709106,0.3223054111003876,1.2587376832962036,0.0,1.2587376832962036,1.2587376832962036,0,0,0,0.0,0.0,8,8,8,18.570407707775136,0.17839616537094116,7.096570014953613,0.8870712518692017,0.11292874813079834,0.12346849309813343,0.28312785270259483,3.4657359027997265
nobeta,对照,45,2,16,8,256,0.500002920627594,0.6982622742652893,0.6388380527496338,0.7074044346809387,0.0,0.0,0.0,0.0,0,0,0,0.0,0.0,7,8,8,18.570407707775136,10.859594345092773,7.096570014953613,0.8870712518692017,0.11292874813079834,0.12346846538913277,0.2831278770534498,3.4657359027997265
unbound,基准,45,2,16,16,256,0.5324753522872925,0.23004667460918427,0.425910085439682,0.1465274542570114,-2.7335352897644043,6.666146278381348,-13.815510749816895,2.6743860244750977,4,4,4,0.25,0.25,12,16,16,185.09035019409689,0.7250000834465027,9.239664077758789,0.5774790048599243,0.4225209951400757,5.189329487891201e-08,0.17259689935690736,2.772588722239781
box33,约束族,45,2,16,16,256,0.5323840379714966,0.23010985553264618,0.4259524941444397,0.1463918387889862,-0.03464926779270172,1.9749646186828613,-3.0,2.6716017723083496,4,0,0,0.25,0.0,12,16,16,185.09035019409689,0.7312596440315247,9.440430641174316,0.5900269150733948,0.4099730849266052,0.0025911438291137383,0.17284910116120825,2.772588722239781
box77,约束族,45,2,16,16,256,0.5324718356132507,0.23006072640419006,0.42591458559036255,0.1465502679347992,-1.0297529697418213,3.6667585372924805,-7.0,2.674335241317749,4,4,0,0.25,0.0,12,16,16,185.09035019409689,0.7251135110855103,9.246127128601074,0.5778829455375671,0.42211705446243286,4.732306995659559e-05,0.17261064541450394,2.772588722239781
box33_lam1em2,约束族,45,2,16,16,256,0.48712852597236633,0.2300107628107071,0.4047100245952606,0.16465048491954803,0.5123649835586548,1.2762385606765747,-3.0,2.327756881713867,1,0,0,0.0625,0.0,15,16,16,185.09035019409689,0.9817761182785034,11.586004257202148,0.7241252660751343,0.2758747339248657,0.0035672367676772877,0.12355827110875685,2.772588722239781
noridge,正则族,45,2,16,16,256,0.5317965149879456,0.2274474948644638,0.4272668957710266,0.14462138712406158,-2.746288776397705,6.661933898925781,-13.815510749816895,2.716357946395874,4,4,4,0.25,0.25,12,16,16,185.09035019409689,0.7141251564025879,9.102299690246582,0.5688937306404114,0.4311062693595886,5.0015213963296934e-08,0.1765839257084277,2.772588722239781
lam1em4,正则族,45,2,16,16,256,0.5320460796356201,0.22771915793418884,0.42716649174690247,0.1445552557706833,-2.745093822479248,6.662367343902588,-13.815510749816895,2.712322473526001,4,4,4,0.25,0.25,12,16,16,185.09035019409689,0.7148423194885254,9.116043090820312,0.5697526931762695,0.43024730682373047,5.019248945495435e-08,0.17627884602269014,2.772588722239781
lam1em2,正则族,45,2,16,16,256,0.487922340631485,0.2320624440908432,0.4053240418434143,0.16430506110191345,-0.16407887637615204,3.742640733718872,-13.815510749816895,2.327911853790283,1,1,1,0.0625,0.0625,15,16,16,185.09035019409689,0.9797918200492859,11.535888671875,0.7209930419921875,0.2790069580078125,7.163838641903867e-08,0.12384791235248158,2.772588722239781
lam1em1,正则族,45,2,16,16,256,0.45390745997428894,0.1746106594800949,0.37901604175567627,0.1386440247297287,0.7324631810188293,0.5362266898155212,-0.25707489252090454,1.5384119749069214,0,0,0,0.0,0.0,16,16,16,185.09035019409689,2.5506210327148438,13.054797172546387,0.8159248232841492,0.18407517671585083,0.06391469045626975,0.10093183416481324,2.772588722239781
scalar,对照,45,2,16,16,256,0.5206350088119507,0.19275826215744019,0.40321117639541626,0.2064870148897171,0.8844037055969238,0.0,0.8844037055969238,0.8844037055969238,0,0,0,0.0,0.0,16,16,16,185.09035019409689,0.06223120540380478,13.26823902130127,0.8292649388313293,0.17073506116867065,0.10272349642972269,0.08923094399496355,2.772588722239781
nobeta,对照,45,2,16,16,256,0.5206352472305298,0.5519051551818848,0.5582945942878723,0.5842838287353516,0.0,0.0,0.0,0.0,0,0,0,0.0,0.0,12,16,16,185.09035019409689,0.7250000834465027,13.26823902130127,0.8292649388313293,0.17073506116867065,0.10272349642972269,0.08923088920554,2.772588722239781
unbound,基准,45,2,16,32,256,0.4964752197265625,0.12101936340332031,0.37545785307884216,0.10674935579299927,-1.3467637300491333,4.860544204711914,-13.815510749816895,1.8320482969284058,4,4,4,0.125,0.125,28,16,16,51.98499866701893,0.06961805373430252,18.122190475463867,0.5663184523582458,0.43368154764175415,3.179730440330574e-08,0.055501016404672594,2.0794415416798357
box33,约束族,45,2,16,32,256,0.4905686378479004,0.12081404030323029,0.3801274001598358,0.10542676597833633,0.006274010986089706,1.4224402904510498,-3.0,1.8279657363891602,4,0,0,0.125,0.0,28,16,16,51.98499866701893,0.07079464942216873,18.437801361083984,0.5761812925338745,0.4238187074661255,0.001585226920039743,0.05535210483918539,2.0794415416798357
box77,约束族,45,2,16,32,256,0.49639084935188293,0.12101525813341141,0.375544011592865,0.10672520846128464,-0.49480006098747253,2.6341440677642822,-7.0,1.8319746255874634,4,4,0,0.125,0.0,28,16,16,51.98499866701893,0.06963946670293808,18.131715774536133,0.5666161179542542,0.43338388204574585,2.8996119486241713e-05,0.055499719721648653,2.0794415416798357
box33_lam1em2,约束族,45,2,16,32,256,0.49734267592430115,0.08946479111909866,0.3800008296966553,0.09096480160951614,0.18007749319076538,1.2136582136154175,-3.0,1.631390929222107,2,0,0,0.0625,0.0,30,16,16,51.98499866701893,0.11307061463594437,19.835044860839844,0.6198451519012451,0.3801548480987549,0.0015893274638861938,0.05298428249717909,2.0794415416798357
noridge,正则族,45,2,16,32,256,0.49945685267448425,0.12879709899425507,0.3729710280895233,0.10385491698980331,-1.3927778005599976,4.860869884490967,-13.815510749816895,1.8611576557159424,4,4,4,0.125,0.125,28,16,16,51.98499866701893,0.06449980288743973,17.837705612182617,0.5574283003807068,0.4425716996192932,3.181574425711898e-08,0.05607463731835552,2.0794415416798357
lam1em4,正则族,45,2,16,32,256,0.49911558628082275,0.12798216938972473,0.3732563853263855,0.1041610985994339,-1.3870112895965576,4.8606133460998535,-13.815510749816895,1.8581712245941162,4,4,4,0.125,0.125,28,16,16,51.98499866701893,0.06501714140176773,17.86878776550293,0.5583996176719666,0.44160038232803345,3.181376916298425e-08,0.05601190342839412,2.0794415416798357
lam1em2,正则族,45,2,16,32,256,0.49591487646102905,0.08819205313920975,0.38034144043922424,0.09071744233369827,-0.4963788688182831,3.6036055088043213,-13.815510749816895,1.6328356266021729,2,2,2,0.0625,0.0625,30,16,16,51.98499866701893,0.11224106699228287,19.70921516418457,0.6159129738807678,0.3840870261192322,3.1946231744083806e-08,0.05316250031655025,2.0794415416798357
lam1em1,正则族,45,2,16,32,256,0.4353289008140564,0.07322529703378677,0.3326564431190491,0.09396974742412567,0.4717842936515808,0.4408729374408722,-0.6714839339256287,1.121522307395935,0,0,0,0.0,0.0,32,16,16,51.98499866701893,0.4502324163913727,22.62954330444336,0.707173228263855,0.292826771736145,0.038613492301701066,0.03767300978026967,2.0794415416798357
scalar,对照,45,2,16,32,256,0.385360985994339,0.11023856699466705,0.30211979150772095,0.12442650645971298,0.5704144835472107,6.055837786789198e-08,0.5704144239425659,0.5704144239425659,0,0,0,0.0,0.0,32,16,16,51.98499866701893,0.025529969483613968,24.29071044921875,0.7590847015380859,0.24091529846191406,0.06570192988548973,0.035509469803958624,2.0794415416798357
nobeta,对照,45,2,16,32,256,0.3853604197502136,0.4115118682384491,0.4226363003253937,0.4267731010913849,0.0,0.0,0.0,0.0,0,0,0,0.0,0.0,28,16,16,51.98499866701893,0.06961805373430252,24.29071617126465,0.7590848803520203,0.24091511964797974,0.06570194243437458,0.035509451540817444,2.0794415416798357
unbound,基准,45,2,16,64,256,0.41192376613616943,0.07425443083047867,0.30438491702079773,0.0514715239405632,-0.017704784870147705,0.8634740710258484,-4.528748512268066,1.2036844491958618,1,0,0,0.015625,0.0,64,16,16,27.266338178719888,0.00035366477095521986,35.25844192504883,0.5509131550788879,0.44908684492111206,0.00046033971415440536,0.03997280192137169,1.3862943611198906
box33,约束族,45,2,16,64,256,0.411510705947876,0.07220995426177979,0.3052593171596527,0.050405099987983704,0.028496310114860535,0.7078787684440613,-2.825666904449463,1.1887720823287964,0,0,0,0.0,0.0,64,16,16,27.266338178719888,0.0003420043794903904,35.72026443481445,0.5581291317939758,0.44187086820602417,0.00253851550266707,0.03969329976486004,1.3862943611198906
box77,约束族,45,2,16,64,256,0.4119165539741516,0.07423679530620575,0.3044000566005707,0.051437243819236755,-0.016083456575870514,0.8563857674598694,-4.449673652648926,1.2034140825271606,1,0,0,0.015625,0.0,64,16,16,27.266338178719888,0.00035344177740626037,35.26714324951172,0.5510491132736206,0.4489508867263794,0.000498257745492965,0.0399676151892759,1.3862943611198906
box33_lam1em2,约束族,45,2,16,64,256,0.40807029604911804,0.06328112632036209,0.3074428141117096,0.04126165434718132,0.16621439158916473,0.4495466351509094,-1.2104469537734985,1.0312271118164062,0,0,0,0.0,0.0,64,16,16,27.266338178719888,0.0024085475597530603,39.049522399902344,0.6101487874984741,0.3898512125015259,0.013159222409560028,0.037551243330293166,1.3862943611198906
noridge,正则族,45,2,16,64,256,0.41225680708885193,0.07592213898897171,0.30389517545700073,0.05341178923845291,-0.17227041721343994,1.690688133239746,-12.171492576599121,1.225326657295227,2,1,0,0.03125,0.0,64,16,16,27.266338178719888,0.0002513532526791096,34.68788528442383,0.5419982075691223,0.4580017924308777,2.1967341229525493e-07,0.040384163957219964,1.3862943611198906
lam1em4,正则族,45,2,16,64,256,0.41222405433654785,0.07574409246444702,0.3039383292198181,0.053219035267829895,-0.1045587807893753,1.2470009326934814,-8.120591163635254,1.2231318950653076,1,1,0,0.015625,0.0,64,16,16,27.266338178719888,0.00026019939105026424,34.746456146240234,0.5429133772850037,0.45708662271499634,1.2626333950325078e-05,0.040341364285859105,1.3862943611198906
lam1em2,正则族,45,2,16,64,256,0.40854412317276,0.06288237869739532,0.3048989176750183,0.042235419154167175,0.15941400825977325,0.45879247784614563,-1.2712160348892212,1.0409119129180908,0,0,0,0.0,0.0,64,16,16,27.266338178719888,0.0024220836348831654,38.832374572753906,0.6067558526992798,0.3932441473007202,0.012352784079792355,0.03765542541916792,1.3862943611198906
lam1em1,正则族,45,2,16,64,256,0.38271641731262207,0.0482383631169796,0.29972225427627563,0.048068154603242874,0.25075772404670715,0.23849627375602722,-0.6282605528831482,0.6882643103599548,0,0,0,0.0,0.0,64,16,16,27.266338178719888,0.04837687313556671,42.33255386352539,0.6614461541175842,0.33855384588241577,0.03413274001328962,0.03500686815862016,1.3862943611198906
scalar,对照,45,2,16,64,256,0.36175552010536194,0.043568938970565796,0.27782368659973145,0.07696880400180817,0.28959187865257263,0.0,0.28959187865257263,0.28959187865257263,0,0,0,0.0,0.0,64,16,16,27.266338178719888,0.005451382137835026,44.5445671081543,0.6960088610649109,0.3039911389350891,0.0428017834878352,0.031697815265641874,1.3862943611198906
nobeta,对照,45,2,16,64,256,0.3617560565471649,0.23560144007205963,0.29827243089675903,0.25110939145088196,0.0,0.0,0.0,0.0,0,0,0,0.0,0.0,64,16,16,27.266338178719888,0.00035366477095521986,44.5445671081543,0.6960088610649109,0.3039911389350891,0.0428017834878352,0.03169779091478696,1.3862943611198906
unbound,基准,45,2,32,8,256,0.4752659797668457,0.27522069215774536,0.36203670501708984,0.18194295465946198,1.0381649732589722,0.6228724718093872,0.20887425541877747,2.2613914012908936,0,0,0,0.0,0.0,8,8,8,10.932118325123485,4.661846160888672,6.93342399597168,0.86667799949646,0.13332200050354004,0.1530009493650503,0.3534562611415128,3.4657359027997265
box33,约束族,45,2,32,8,256,0.4752659499645233,0.27522069215774536,0.36203664541244507,0.18194295465946198,1.0381649732589722,0.6228724122047424,0.20887434482574463,2.2613914012908936,0,0,0,0.0,0.0,8,8,8,10.932118325123485,4.66184663772583,6.93342399597168,0.86667799949646,0.13332200050354004,0.1530009637423984,0.3534562611415128,3.4657359027997265
box77,约束族,45,2,32,8,256,0.4752659797668457,0.27522069215774536,0.36203670501708984,0.18194295465946198,1.0381649732589722,0.6228724718093872,0.20887425541877747,2.2613914012908936,0,0,0,0.0,0.0,8,8,8,10.932118325123485,4.661846160888672,6.93342399597168,0.86667799949646,0.13332200050354004,0.1530009493650503,0.3534562611415128,3.4657359027997265
box33_lam1em2,约束族,45,2,32,8,256,0.47964730858802795,0.2591101825237274,0.3567338287830353,0.19659706950187683,1.051721453666687,0.5578506588935852,0.31543147563934326,2.1325578689575195,0,0,0,0.0,0.0,8,8,8,10.932118325123485,4.715536117553711,7.071794033050537,0.8839742541313171,0.11602574586868286,0.19055225862916103,0.3529274643757914,3.4657359027997265
noridge,正则族,45,2,32,8,256,0.4746954143047333,0.2761024236679077,0.3628256022930145,0.18980713188648224,1.035808801651001,0.6314781308174133,0.19391724467277527,2.2775423526763916,0,0,0,0.0,0.0,8,8,8,10.932118325123485,4.661092758178711,6.912559986114502,0.8640699982643127,0.13593000173568726,0.14862162278103974,0.3535531879902499,3.4657359027997265
lam1em4,正则族,45,2,32,8,256,0.4747534394264221,0.27620431780815125,0.36274442076683044,0.18900635838508606,1.0360543727874756,0.6306021213531494,0.19544841349124908,2.2759079933166504,0,0,0,0.0,0.0,8,8,8,10.932118325123485,4.6611008644104,6.914709568023682,0.8643386960029602,0.1356613039970398,0.14906154398629023,0.3535430701587088,3.4657359027997265
lam1em2,正则族,45,2,32,8,256,0.4796472489833832,0.2591101825237274,0.35673367977142334,0.1965968757867813,1.0517215728759766,0.5578506588935852,0.31543147563934326,2.1325578689575195,0,0,0,0.0,0.0,8,8,8,10.932118325123485,4.715536117553711,7.071794033050537,0.8839742541313171,0.11602574586868286,0.19055225862916103,0.3529274643757914,3.4657359027997265
lam1em1,正则族,45,2,32,8,256,0.4874556064605713,0.2141440212726593,0.3438103199005127,0.20585007965564728,1.020248532295227,0.2974748909473419,0.6090034246444702,1.5131113529205322,0,0,0,0.0,0.0,8,8,8,10.932118325123485,5.707247734069824,7.229019641876221,0.9036274552345276,0.09637254476547241,0.21717880764966374,0.35525644418527924,3.4657359027997265
scalar,对照,45,2,32,8,256,0.4967331886291504,0.2250295728445053,0.3490161597728729,0.26435184478759766,1.2672654390335083,0.0,1.2672654390335083,1.2672654390335083,0,0,0,0.0,0.0,8,8,8,10.932118325123485,0.22114691138267517,6.857565879821777,0.8571957349777222,0.14280426502227783,0.15344926353054192,0.3688348377702426,3.4657359027997265
nobeta,对照,45,2,32,8,256,0.4967331290245056,0.6847746968269348,0.6119000315666199,0.6829810738563538,0.0,0.0,0.0,0.0,0,0,0,0.0,0.0,8,8,8,10.932118325123485,4.661846160888672,6.857565879821777,0.8571957349777222,0.14280426502227783,0.15344926353054192,0.3688348377702426,3.4657359027997265
unbound,基准,45,2,32,16,256,0.3907689154148102,0.215084046125412,0.32801613211631775,0.10786670446395874,-1.0050718784332275,5.060125350952148,-13.815510749816895,1.7939122915267944,2,2,2,0.125,0.125,14,16,16,40.56162785407773,1.8147962093353271,11.531371116638184,0.7207106947898865,0.2792893052101135,4.3806467617509844e-08,0.2520025561531063,2.772588722239781
box33,约束族,45,2,32,16,256,0.39072319865226746,0.21484774351119995,0.3273385465145111,0.10852301120758057,0.34614095091819763,1.517150640487671,-3.0,1.7931413650512695,2,0,0,0.125,0.0,14,16,16,40.56162785407773,1.8171348571777344,11.61109447479248,0.72569340467453,0.27430659532546997,0.002178461195937331,0.251211354909437,2.772588722239781
box77,约束族,45,2,32,16,256,0.3907667398452759,0.21508003771305084,0.32801246643066406,0.10786540061235428,-0.15314623713493347,2.782358407974243,-7.0,1.7938982248306274,2,2,0,0.125,0.0,14,16,16,40.56162785407773,1.814838171005249,11.533812522888184,0.7208632826805115,0.2791367173194885,3.994549843496847e-05,0.25200052929108746,2.772588722239781
box33_lam1em2,约束族,45,2,32,16,256,0.3934077322483063,0.176768958568573,0.318509578704834,0.11128628253936768,0.47520720958709717,1.2355226278305054,-3.0,1.7145909070968628,1,0,0,0.0625,0.0,15,16,16,40.56162785407773,1.8491413593292236,11.845139503479004,0.7403212189674377,0.25967878103256226,0.0021834103298044747,0.24077327916939492,2.772588722239781
noridge,正则族,45,2,32,16,256,0.3900907635688782,0.21708378195762634,0.32779040932655334,0.10876858234405518,-1.0057841539382935,5.061218738555908,-13.815510749816895,1.8035154342651367,2,2,2,0.125,0.125,14,16,16,40.56162785407773,1.813673973083496,11.52377986907959,0.7202362418174744,0.27976375818252563,4.380699967520009e-08,0.25217549856682536,2.772588722239781
lam1em4,正则族,45,2,32,16,256,0.39016228914260864,0.21687902510166168,0.32781901955604553,0.1086469441652298,-1.0057059526443481,5.061110019683838,-13.815510749816895,1.8025422096252441,2,2,2,0.125,0.125,14,16,16,40.56162785407773,1.813765048980713,11.524625778198242,0.7202891111373901,0.27971088886260986,4.380707947311857e-08,0.2521591024065919,2.772588722239781
lam1em2,正则族,45,2,32,16,256,0.3934765160083771,0.17928747832775116,0.31853342056274414,0.11173107475042343,-0.20327995717525482,3.722219228744507,-13.815510749816895,1.7153242826461792,1,1,1,0.0625,0.0625,15,16,16,40.56162785407773,1.8472702503204346,11.80558967590332,0.7378493547439575,0.2621506452560425,4.3920032994981025e-08,0.24145570548472114,2.772588722239781
lam1em1,正则族,45,2,32,16,256,0.39191627502441406,0.14981631934642792,0.31601887941360474,0.11398535221815109,0.7127001881599426,0.4405064582824707,-0.20365867018699646,1.2745118141174316,0,0,0,0.0,0.0,16,16,16,40.56162785407773,2.4047157764434814,12.51112174987793,0.7819451093673706,0.2180548906326294,0.039484165852845664,0.22177408431149703,2.772588722239781
scalar,对照,45,2,32,16,256,0.4071483314037323,0.2172180712223053,0.32214951515197754,0.21877935528755188,0.9222074151039124,0.0,0.9222074151039124,0.9222074151039124,0,0,0,0.0,0.0,16,16,16,40.56162785407773,0.09240241348743439,12.482748031616211,0.7801717519760132,0.21982824802398682,0.07043417917620946,0.23224986298079972,2.772588722239781
nobeta,对照,45,2,32,16,256,0.4071483612060547,0.5569708943367004,0.4902191460132599,0.5722154974937439,0.0,0.0,0.0,0.0,0,0,0,0.0,0.0,14,16,16,40.56162785407773,1.8147962093353271,12.482748031616211,0.7801717519760132,0.21982824802398682,0.07043417917620946,0.23224986298079972,2.772588722239781
unbound,基准,45,2,32,32,256,0.32749658823013306,0.08084943145513535,0.25797656178474426,0.04850294813513756,-0.7032378911972046,4.3220720291137695,-13.815510749816895,1.8572437763214111,3,3,3,0.09375,0.09375,29,32,32,2450.307439605785,0.3465691804885864,22.123313903808594,0.6913535594940186,0.30864644050598145,4.662356572046122e-08,0.10411492538344977,2.0794415416798357
box33,约束族,45,2,32,32,256,0.32682353258132935,0.08158186823129654,0.25933998823165894,0.04762275144457817,0.3107806146144867,1.2206467390060425,-3.0,1.859962821006775,3,0,0,0.09375,0.0,29,32,32,2450.307439605785,0.3488001525402069,22.380788803100586,0.6993996500968933,0.3006003499031067,0.0023201072357925865,0.10395020576767693,2.0794415416798357
box77,约束族,45,2,32,32,256,0.32749462127685547,0.08078513294458389,0.25800618529319763,0.04850119724869728,-0.06428133696317673,2.3360917568206787,-7.0,1.8572953939437866,3,3,0,0.09375,0.0,29,32,32,2450.307439605785,0.346609503030777,22.13125991821289,0.6916018724441528,0.30839812755584717,4.251480350766551e-05,0.10411502425476776,2.0794415416798357
box33_lam1em2,约束族,45,2,32,32,256,0.32487356662750244,0.07907120883464813,0.25745081901550293,0.045998889952898026,0.31964772939682007,1.1846808195114136,-3.0,1.6324783563613892,3,0,0,0.09375,0.0,29,32,32,2450.307439605785,0.38874244689941406,22.712295532226562,0.7097592353820801,0.2902407646179199,0.0023150314377068273,0.10207185670776216,2.0794415416798357
noridge,正则族,45,2,32,32,256,0.32969239354133606,0.07832228392362595,0.2583276927471161,0.04645154997706413,-0.7061038017272949,4.323055744171143,-13.815510749816895,1.8854233026504517,3,3,3,0.09375,0.09375,29,32,32,2450.307439605785,0.34253406524658203,22.049671173095703,0.6890522241592407,0.3109477758407593,4.664356043732365e-08,0.104612758948087,2.0794415416798357
lam1em4,正则族,45,2,32,32,256,0.32946914434432983,0.07834339886903763,0.2582850754261017,0.04666024073958397,-0.7057895064353943,4.32295560836792,-13.815510749816895,1.8825747966766357,3,3,3,0.09375,0.09375,29,32,32,2450.307439605785,0.34293144941329956,22.05754280090332,0.6892982125282288,0.31070178747177124,4.66414393035703e-08,0.104558346766086,2.0794415416798357
lam1em2,正则族,45,2,32,32,256,0.32443323731422424,0.0786776915192604,0.2573949694633484,0.04562666267156601,-0.6934327483177185,4.3144612312316895,-13.815510749816895,1.6299070119857788,3,3,3,0.09375,0.09375,29,32,32,2450.307439605785,0.38681215047836304,22.468395233154297,0.7021373510360718,0.2978626489639282,4.652742582073328e-08,0.10216944269861918,2.0794415416798357
lam1em1,正则族,45,2,32,32,256,0.32056158781051636,0.07211466878652573,0.24750666320323944,0.08828850090503693,0.5110729336738586,0.3198598325252533,-0.12325195968151093,1.1449425220489502,0,0,0,0.0,0.0,32,32,32,2450.307439605785,0.7320114970207214,23.744892120361328,0.7420278787612915,0.2579721212387085,0.03971502596405522,0.08774727304664491,2.0794415416798357
scalar,对照,45,2,32,32,256,0.32953593134880066,0.12106332927942276,0.2563219666481018,0.13084639608860016,0.5926082134246826,0.0,0.5926082134246826,0.5926082134246826,0,0,0,0.0,0.0,32,32,32,2450.307439605785,0.03406137228012085,23.41377067565918,0.7316803336143494,0.26831966638565063,0.038092454727968364,0.08627943769902839,2.0794415416798357
nobeta,对照,45,2,32,32,256,0.3295356035232544,0.3964136242866516,0.3690854012966156,0.41783785820007324,0.0,0.0,0.0,0.0,0,0,0,0.0,0.0,29,32,32,2450.307439605785,0.3465691804885864,23.41376495361328,0.731680154800415,0.26831984519958496,0.038092457275439785,0.08627948713468739,2.0794415416798357
unbound,基准,45,2,32,64,256,0.3006940186023712,0.044583771377801895,0.23317831754684448,0.012519017793238163,0.12768587470054626,1.8363109827041626,-13.815510749816895,1.219018816947937,1,1,1,0.015625,0.015625,63,32,32,94.9960096917798,0.03359578549861908,46.50457763671875,0.7266340255737305,0.27336597442626953,6.711614794050694e-08,0.046889277636257144,1.3862943611198906
box33,约束族,45,2,32,64,256,0.30142340064048767,0.045671138912439346,0.2322717010974884,0.012056500650942326,0.30108779668807983,0.6363196969032288,-3.0,1.2210681438446045,1,0,0,0.015625,0.0,63,32,32,94.9960096917798,0.0331786572933197,46.755653381347656,0.7305570840835571,0.26944291591644287,0.0033502841405561217,0.046729180254600364,1.3862943611198906
box77,约束族,45,2,32,64,256,0.30070677399635315,0.0446346178650856,0.2331620305776596,0.012495330534875393,0.23426136374473572,1.0396513938903809,-7.0,1.2190570831298828,1,1,0,0.015625,0.0,63,32,32,94.9960096917798,0.03358815237879753,46.510440826416016,0.7267256379127502,0.27327436208724976,6.120495593124805e-05,0.04688631149671742,1.3862943611198906
box33_lam1em2,约束族,45,2,32,64,256,0.29724612832069397,0.03901069238781929,0.22637037932872772,0.01168016716837883,0.3181139826774597,0.5705556273460388,-3.0,1.1053433418273926,1,0,0,0.015625,0.0,63,32,32,94.9960096917798,0.04311845824122429,47.10686111450195,0.736044704914093,0.263955295085907,0.003291691482160918,0.045194087692920534,1.3862943611198906
noridge,正则族,45,2,32,64,256,0.3011493682861328,0.04411706700921059,0.23559504747390747,0.01293470524251461,0.12341675907373428,1.8406884670257568,-13.815510749816895,1.2333085536956787,1,1,1,0.015625,0.015625,63,32,32,94.9960096917798,0.03260883316397667,46.41415786743164,0.7252212166786194,0.2747787833213806,6.723956082504329e-08,0.04711346011052503,1.3862943611198906
lam1em4,正则族,45,2,32,64,256,0.30110326409339905,0.04416612163186073,0.2353466898202896,0.012852378189563751,0.12387844920158386,1.840212106704712,-13.815510749816895,1.2318692207336426,1,1,1,0.015625,0.015625,63,32,32,94.9960096917798,0.03270627558231354,46.423828125,0.725372314453125,0.274627685546875,6.722728821577288e-08,0.04709064143426038,1.3862943611198906
lam1em2,正则族,45,2,32,64,256,0.29733359813690186,0.039505183696746826,0.22488029301166534,0.011654571630060673,0.14707240462303162,1.814749002456665,-13.815510749816895,1.1024588346481323,1,1,1,0.015625,0.015625,63,32,32,94.9960096917798,0.04335382208228111,46.91844177246094,0.7331006526947021,0.26689934730529785,6.601592648802956e-08,0.04528858395509034,1.3862943611198906
lam1em1,正则族,45,2,32,64,256,0.26184508204460144,0.03368590772151947,0.20797808468341827,0.027456654235720634,0.3085463345050812,0.2224568873643875,-0.7866240739822388,0.7599775195121765,0,0,0,0.0,0.0,64,32,32,94.9960096917798,0.1331675946712494,45.313114166259766,0.7080174088478088,0.29198259115219116,0.027210679327476867,0.04488043079550912,1.3862943611198906
scalar,对照,45,2,32,64,256,0.25125953555107117,0.050501447170972824,0.19840620458126068,0.08388597518205643,0.3054339587688446,0.0,0.3054339587688446,0.3054339587688446,0,0,0,0.0,0.0,64,32,32,94.9960096917798,0.007820826023817062,43.29665756225586,0.6765102744102478,0.3234897255897522,0.023883634102917994,0.04693279337508789,1.3862943611198906
nobeta,对照,45,2,32,64,256,0.25125986337661743,0.23576486110687256,0.24191738665103912,0.24784532189369202,0.0,0.0,0.0,0.0,0,0,0,0.0,0.0,63,32,32,94.9960096917798,0.03359578549861908,43.29663848876953,0.6765099763870239,0.3234900236129761,0.023883627440903932,0.04693281397327914,1.3862943611198906
unbound,基准,46,0,8,8,256,0.8053661584854126,0.3879861831665039,0.7186740636825562,0.25070592761039734,-2.507138729095459,6.988777160644531,-13.815510749816895,1.8374966382980347,2,2,2,0.25,0.25,6,8,8,61.508071500141654,1.8577537536621094,5.5522308349609375,0.6940288543701172,0.3059711456298828,1.5789238862320383e-07,0.26855810895413407,3.4657359027997265
box33,约束族,46,0,8,8,256,0.7910577654838562,0.38404548168182373,0.7128753066062927,0.2503412067890167,0.19274944067001343,2.0011844635009766,-3.0,1.8223743438720703,2,0,0,0.25,0.0,6,8,8,61.508071500141654,1.876281976699829,5.674472808837891,0.7093091011047363,0.29069089889526367,0.007781292050642576,0.2646875398227416,3.4657359027997265
box77,约束族,46,0,8,8,256,0.8052417039871216,0.3879307508468628,0.7186248302459717,0.25073373317718506,-0.8033328056335449,3.841230630874634,-7.0,1.8372209072113037,2,2,0,0.25,0.0,6,8,8,61.508071500141654,1.8580909967422485,5.556195259094238,0.6945244073867798,0.3054755926132202,0.00014395187074099048,0.26855904890292565,3.4657359027997265
box33_lam1em2,约束族,46,0,8,8,256,0.7331302165985107,0.36298316717147827,0.6947051882743835,0.2521655559539795,0.14880219101905823,1.9645135402679443,-3.0,1.6767586469650269,2,0,0,0.25,0.0,6,8,8,61.508071500141654,1.9051320552825928,5.3144636154174805,0.6643079519271851,0.33569204807281494,0.0059334807437291005,0.2645827455319346,3.4657359027997265
noridge,正则族,46,0,8,8,256,0.8125339150428772,0.3966427743434906,0.7315710783004761,0.24828141927719116,-2.5048887729644775,6.991940975189209,-13.815510749816895,1.8637491464614868,2,2,2,0.25,0.25,6,8,8,61.508071500141654,1.854864239692688,5.5821404457092285,0.6977675557136536,0.30223244428634644,1.7008116672256698e-07,0.26867746245175544,3.4657359027997265
lam1em4,正则族,46,0,8,8,256,0.8096831440925598,0.39594167470932007,0.7316251397132874,0.24982817471027374,-2.505016326904297,6.991650581359863,-13.815510749816895,1.8609819412231445,2,2,2,0.25,0.25,6,8,8,61.508071500141654,1.8551243543624878,5.579761505126953,0.6974701881408691,0.30252981185913086,1.6867558843823598e-07,0.26866272325474694,3.4657359027997265
lam1em2,正则族,46,0,8,8,256,0.7428415417671204,0.36340072751045227,0.6999675035476685,0.25466370582580566,-2.550459384918213,6.958881378173828,-13.815510749816895,1.6897858381271362,2,2,2,0.25,0.25,6,8,8,61.508071500141654,1.8883870840072632,5.198173522949219,0.6497716903686523,0.35022830963134766,1.1917835326600509e-07,0.26856028883537414,3.4657359027997265
lam1em1,正则族,46,0,8,8,256,0.7150823473930359,0.39082422852516174,0.6049317717552185,0.19461537897586823,0.563809335231781,0.9492047429084778,-1.5102696418762207,1.3513717651367188,0,0,0,0.0,0.0,8,8,8,61.508071500141654,2.330188035964966,5.412021160125732,0.6765026450157166,0.32349735498428345,0.02465061091495959,0.14961692886966496,3.4657359027997265
scalar,对照,46,0,8,8,256,0.7845897078514099,0.3446688652038574,0.6751967668533325,0.30731627345085144,1.191667914390564,0.0,1.191667914390564,1.191667914390564,0,0,0,0.0,0.0,8,8,8,61.508071500141654,0.09459369629621506,7.215748310089111,0.9019685387611389,0.09803146123886108,0.25921418270709434,0.08343289957560313,3.4657359027997265
nobeta,对照,46,0,8,8,256,0.784594714641571,0.606923520565033,0.7329342365264893,0.6146765947341919,0.0,0.0,0.0,0.0,0,0,0,0.0,0.0,6,8,8,61.508071500141654,1.8577537536621094,7.215747356414795,0.9019684195518494,0.09803158044815063,0.25921418270709434,0.08343240460256926,3.4657359027997265
unbound,基准,46,0,8,16,256,0.8073665499687195,0.26671478152275085,0.7179163098335266,0.304599791765213,-4.610348224639893,7.4314351081848145,-13.815510749816895,2.4985642433166504,6,6,6,0.375,0.375,10,8,8,31.047925872372215,0.11440744251012802,7.432285308837891,0.46451783180236816,0.5354821681976318,5.523532992872419e-08,0.2131900654051652,2.772588722239781
box33,约束族,46,0,8,16,256,0.8062734007835388,0.2621469795703888,0.7202757000923157,0.2969134449958801,-0.5507733821868896,2.1805436611175537,-3.0,2.502161741256714,6,0,0,0.375,0.0,10,8,8,31.047925872372215,0.12244724482297897,7.846547603607178,0.4904092252254486,0.5095907747745514,0.002816496850743065,0.2124164475518661,2.772588722239781
box77,约束族,46,0,8,16,256,0.807415783405304,0.26662927865982056,0.718224048614502,0.30445796251296997,-2.054417610168457,4.080151081085205,-7.0,2.4986305236816406,6,6,0,0.375,0.0,10,8,8,31.047925872372215,0.11455237865447998,7.44551420211792,0.46534463763237,0.53465536236763,5.0389919721973556e-05,0.21325710175302492,2.772588722239781
box33_lam1em2,约束族,46,0,8,16,256,0.759709894657135,0.27454787492752075,0.7196831107139587,0.23365116119384766,-0.09024301171302795,1.8240993022918701,-3.0,2.226989507675171,3,0,0,0.1875,0.0,13,8,8,31.047925872372215,0.26228225231170654,9.959546089172363,0.6224716305732727,0.3775283694267273,0.003701440343839906,0.06453495413567703,2.772588722239781
noridge,正则族,46,0,8,16,256,0.8182612061500549,0.26775988936424255,0.7308356761932373,0.3123040199279785,-3.988173246383667,7.002391815185547,-13.815510749816895,2.5318737030029297,6,5,5,0.375,0.3125,11,8,8,31.047925872372215,0.10803191363811493,7.292889595031738,0.45580559968948364,0.5441944003105164,5.494907603776774e-08,0.22099460021410616,2.772588722239781
lam1em4,正则族,46,0,8,16,256,0.8168433308601379,0.2685512900352478,0.726492702960968,0.3114922046661377,-4.0031514167785645,7.0032639503479,-13.815510749816895,2.5283920764923096,6,5,5,0.375,0.3125,11,8,8,31.047925872372215,0.10865183174610138,7.306130409240723,0.45663315057754517,0.5433668494224548,5.497624217671161e-08,0.22018862412368384,2.772588722239781
lam1em2,正则族,46,0,8,16,256,0.754570484161377,0.27379149198532104,0.7203785181045532,0.23174993693828583,-2.108659029006958,5.910736083984375,-13.815510749816895,2.2218661308288574,3,3,3,0.1875,0.1875,13,8,8,31.047925872372215,0.2612111568450928,9.846783638000488,0.6154239773750305,0.3845760226249695,7.403280272918522e-08,0.06430094188466455,2.772588722239781
lam1em1,正则族,46,0,8,16,256,0.6340624094009399,0.22558677196502686,0.5723332166671753,0.1310017704963684,-0.5449566841125488,3.667515754699707,-13.815510749816895,1.419576644897461,1,1,1,0.0625,0.0625,15,8,8,31.047925872372215,1.056322455406189,10.776336669921875,0.6735210418701172,0.3264789581298828,4.912171707912495e-08,0.036850107406136146,2.772588722239781
scalar,对照,46,0,8,16,256,0.5703850984573364,0.21848298609256744,0.5292763113975525,0.1614728569984436,0.8167859315872192,6.155941179031288e-08,0.816785991191864,0.816785991191864,0,0,0,0.0,0.0,16,8,8,31.047925872372215,0.0800408199429512,13.744580268859863,0.8590362668037415,0.14096373319625854,0.11027611966409812,0.02886871223254788,2.772588722239781
nobeta,对照,46,0,8,16,256,0.5703855156898499,0.4678579270839691,0.5966967940330505,0.48998767137527466,0.0,0.0,0.0,0.0,0,0,0,0.0,0.0,10,8,8,31.047925872372215,0.11440744251012802,13.744580268859863,0.8590362668037415,0.14096373319625854,0.11027611966409812,0.028868654735680312,2.772588722239781
unbound,基准,46,0,8,32,256,0.6389720439910889,0.17296338081359863,0.5972204208374023,0.1397341638803482,-0.8640177845954895,4.297951698303223,-13.815510749816895,1.6615043878555298,3,3,3,0.09375,0.09375,29,8,8,23.15403377271448,0.0014852400636300445,22.20877456665039,0.6940242052078247,0.3059757947921753,6.363569135017544e-08,0.026289687737803224,2.0794415416798357
box33,约束族,46,0,8,32,256,0.6471068263053894,0.16909870505332947,0.6006714701652527,0.1404915153980255,0.15608710050582886,1.2692855596542358,-3.0,1.658045768737793,3,0,0,0.09375,0.0,29,8,8,23.15403377271448,0.0014751635026186705,22.572010040283203,0.7053753137588501,0.2946246862411499,0.0031792945902021836,0.02667536922587562,2.0794415416798357
box77,约束族,46,0,8,32,256,0.6389214992523193,0.17288467288017273,0.5973168611526489,0.13961893320083618,-0.22494666278362274,2.3369712829589844,-7.0,1.6614408493041992,3,3,0,0.09375,0.0,29,8,8,23.15403377271448,0.0014850632287561893,22.218704223632812,0.6943345069885254,0.3056654930114746,5.8031985982939284e-05,0.02629669985578303,2.0794415416798357
box33_lam1em2,约束族,46,0,8,32,256,0.6011047959327698,0.1528448909521103,0.553747296333313,0.11922070384025574,0.2320171296596527,1.145969033241272,-3.0,1.4921783208847046,2,0,0,0.0625,0.0,30,8,8,23.15403377271448,0.018877724185585976,24.32709503173828,0.7602217197418213,0.2397782802581787,0.004517587255491839,0.024562669325766888,2.0794415416798357
noridge,正则族,46,0,8,32,256,0.6440037488937378,0.17646972835063934,0.5977897047996521,0.141865536570549,-0.8908323049545288,4.304433345794678,-13.815510749816895,1.6823501586914062,3,3,3,0.09375,0.09375,29,8,8,23.15403377271448,0.0006499020964838564,21.83672332763672,0.6823976039886475,0.31760239601135254,6.24731636682909e-08,0.02639655941543419,2.0794415416798357
lam1em4,正则族,46,0,8,32,256,0.6434887051582336,0.17611627280712128,0.5977535843849182,0.14162412285804749,-0.8875245451927185,4.303526878356934,-13.815510749816895,1.6802451610565186,3,3,3,0.09375,0.09375,29,8,8,23.15403377271448,0.0007190736941993237,21.877103805541992,0.6836594939231873,0.31634050607681274,6.258962129442861e-08,0.026388332363643973,2.0794415416798357
lam1em2,正则族,46,0,8,32,256,0.60166996717453,0.1527848094701767,0.5502422451972961,0.11323133856058121,-0.4742279648780823,3.614391803741455,-13.815510749816895,1.4951986074447632,3,2,2,0.09375,0.0625,30,8,8,23.15403377271448,0.018797319382429123,24.03679847717285,0.7511499524116516,0.2488500475883484,9.047050476299703e-08,0.024340681419668088,2.0794415416798357
lam1em1,正则族,46,0,8,32,256,0.5545721650123596,0.1453096717596054,0.5169042944908142,0.06947425752878189,0.33844804763793945,0.5598924160003662,-2.241692304611206,0.8641924262046814,0,0,0,0.0,0.0,32,8,8,23.15403377271448,0.22464516758918762,24.837583541870117,0.7761744856834412,0.22382551431655884,0.009416334188027994,0.020784133930376498,2.0794415416798357
scalar,对照,46,0,8,32,256,0.5451531410217285,0.12128748744726181,0.4955429434776306,0.08188377320766449,0.4840850830078125,0.0,0.4840850830078125,0.4840850830078125,0,0,0,0.0,0.0,32,8,8,23.15403377271448,0.03542380779981613,25.6709041595459,0.8022157549858093,0.19778424501419067,0.0783870010115374,0.021986359683117084,2.0794415416798357
nobeta,对照,46,0,8,32,256,0.5451532006263733,0.3210354447364807,0.5297203660011292,0.33490145206451416,0.0,0.0,0.0,0.0,0,0,0,0.0,0.0,29,8,8,23.15403377271448,0.0014852400636300445,25.6708927154541,0.8022153973579407,0.19778460264205933,0.07838700755616336,0.021986359683117084,2.0794415416798357
unbound,基准,46,0,8,64,256,0.5678554177284241,0.09905245155096054,0.5241321921348572,0.09019337594509125,-0.7391945719718933,3.0763468742370605,-13.815510749816895,1.2291723489761353,4,3,3,0.0625,0.046875,61,8,8,19.32005969671639,6.0306800151010975e-05,33.13817596435547,0.5177839994430542,0.4822160005569458,7.8949009401201e-08,0.028421944072477393,1.3862943611198906
box33,约束族,46,0,8,64,256,0.566315233707428,0.094486303627491,0.5236849784851074,0.07937760651111603,-0.1633535474538803,0.9422969818115234,-3.0,1.2169591188430786,3,0,0,0.046875,0.0,61,8,8,19.32005969671639,5.9359354054322466e-05,34.11806869506836,0.5330948233604431,0.4669051766395569,0.0027157697335758063,0.028501179755717344,1.3862943611198906
box77,约束族,46,0,8,64,256,0.5678289532661438,0.098883718252182,0.5241244435310364,0.08999191969633102,-0.4150131940841675,1.7430564165115356,-7.0,1.2289491891860962,4,3,0,0.0625,0.0,61,8,8,19.32005969671639,6.028796633472666e-05,33.16117477416992,0.518143355846405,0.48185664415359497,7.202729244883614e-05,0.028423453990217076,1.3862943611198906
box33_lam1em2,约束族,46,0,8,64,256,0.5638666152954102,0.09848794341087341,0.5151073336601257,0.06903760135173798,-0.014521319419145584,0.7524359822273254,-3.0,1.1138856410980225,1,0,0,0.015625,0.0,63,8,8,19.32005969671639,0.001243139267899096,37.29766845703125,0.5827760696411133,0.4172239303588867,0.005269823700548938,0.028415434427122875,1.3862943611198906
noridge,正则族,46,0,8,64,256,0.5690745115280151,0.10283870249986649,0.5245981216430664,0.0927002802491188,-0.8875976800918579,3.4289615154266357,-13.815510749816895,1.2419661283493042,4,4,4,0.0625,0.0625,60,8,8,19.32005969671639,2.0957546439603902e-05,32.68973159790039,0.5107770562171936,0.4892229437828064,5.0172343857896463e-08,0.02843848317142728,1.3862943611198906
lam1em4,正则族,46,0,8,64,256,0.5690134763717651,0.1024446189403534,0.5245655179023743,0.09257417917251587,-0.8850342631340027,3.428773880004883,-13.815510749816895,1.2406814098358154,4,4,4,0.0625,0.0625,60,8,8,19.32005969671639,2.3979235265869647e-05,32.73536682128906,0.5114901065826416,0.4885098934173584,5.021698376746674e-08,0.028436550776704143,1.3862943611198906
lam1em2,正则族,46,0,8,64,256,0.5636958479881287,0.09818461537361145,0.5168126821517944,0.06530003249645233,-0.216801255941391,1.8800101280212402,-13.815510749816895,1.1238728761672974,3,1,1,0.046875,0.015625,63,8,8,19.32005969671639,0.0012408868642523885,36.60203552246094,0.5719068050384521,0.42809319496154785,1.0354407876486732e-07,0.028355917669595845,1.3862943611198906
lam1em1,正则族,46,0,8,64,256,0.553663432598114,0.06264286488294601,0.4920315742492676,0.03817050904035568,0.18933552503585815,0.2858352065086365,-1.216484785079956,0.635371744632721,0,0,0,0.0,0.0,64,8,8,19.32005969671639,0.03768059238791466,43.42747116088867,0.6785542368888855,0.3214457631111145,0.022906657205376425,0.028339423568194494,1.3862943611198906
scalar,对照,46,0,8,64,256,0.5406747460365295,0.06334533542394638,0.48082318902015686,0.05595805123448372,0.24488326907157898,3.003791704259129e-08,0.2448832392692566,0.2448832392692566,0,0,0,0.0,0.0,64,8,8,19.32005969671639,0.01093685906380415,44.390838623046875,0.6936068534851074,0.3063931465148926,0.027060147999371092,0.028814830168042777,1.3862943611198906
nobeta,对照,46,0,8,64,256,0.5406751036643982,0.1745288223028183,0.49229100346565247,0.17773796617984772,0.0,0.0,0.0,0.0,0,0,0,0.0,0.0,61,8,8,19.32005969671639,6.0306800151010975e-05,44.39082717895508,0.6936066746711731,0.3063933253288269,0.027060138633516372,0.028814840167498006,1.3862943611198906
unbound,基准,46,0,16,8,256,0.49758675694465637,0.3380272388458252,0.44562527537345886,0.23070192337036133,-1.3720964193344116,5.113206386566162,-13.815510749816895,1.886618733406067,1,1,1,0.125,0.125,7,8,8,16.012930903455068,2.227017879486084,4.09363317489624,0.51170414686203,0.48829585313796997,7.54966888677917e-08,0.370224781890523,3.4657359027997265
box33,约束族,46,0,16,8,256,0.49402621388435364,0.3399255573749542,0.4425048530101776,0.22624456882476807,-0.01268460601568222,1.512497067451477,-3.0,1.8850312232971191,1,0,0,0.125,0.0,7,8,8,16.012930903455068,2.2289392948150635,4.152058124542236,0.5190072655677795,0.48099273443222046,0.0037682316531589383,0.36581839128026383,3.4657359027997265
box77,约束族,46,0,16,8,256,0.49757513403892517,0.33806198835372925,0.4456157982349396,0.23062090575695038,-0.5200120210647583,2.7784862518310547,-7.0,1.8865900039672852,1,1,0,0.125,0.0,7,8,8,16.012930903455068,2.22704815864563,4.09527587890625,0.5119094848632812,0.48809051513671875,6.884722652747682e-05,0.37021084379978786,3.4657359027997265
box33_lam1em2,约束族,46,0,16,8,256,0.4925873279571533,0.3306915760040283,0.450288861989975,0.21640506386756897,0.014261879026889801,1.486777663230896,-3.0,1.794278621673584,1,0,0,0.125,0.0,7,8,8,16.012930903455068,2.2452151775360107,4.206336498260498,0.5257920622825623,0.47420793771743774,0.003801810215919789,0.36704051433892854,3.4657359027997265
noridge,正则族,46,0,16,8,256,0.5009904503822327,0.3376027047634125,0.4446513056755066,0.2303546965122223,-1.3905855417251587,5.114700794219971,-13.815510749816895,1.8994680643081665,1,1,1,0.125,0.125,7,8,8,16.012930903455068,2.226747989654541,4.0797119140625,0.5099639892578125,0.4900360107421875,7.539994303295533e-08,0.37251531822217515,3.4657359027997265
lam1em4,正则族,46,0,16,8,256,0.5005355477333069,0.33764493465423584,0.4447520971298218,0.23075540363788605,-1.38835871219635,5.114497661590576,-13.815510749816895,1.8981469869613647,1,1,1,0.125,0.125,7,8,8,16.012930903455068,2.2267508506774902,4.08126163482666,0.5101577043533325,0.4898422956466675,7.540992812647015e-08,0.3722315630104799,3.4657359027997265
lam1em2,正则族,46,0,16,8,256,0.49488139152526855,0.334422767162323,0.45027291774749756,0.21731838583946228,-1.337951421737671,5.113259792327881,-13.815510749816895,1.7952940464019775,1,1,1,0.125,0.125,7,8,8,16.012930903455068,2.2435154914855957,4.1510820388793945,0.5188852548599243,0.4811147451400757,7.617902602741258e-08,0.370309582797706,3.4657359027997265
lam1em1,正则族,46,0,16,8,256,0.5060935616493225,0.2996377944946289,0.45211660861968994,0.1948612481355667,0.3936084508895874,0.7885072231292725,-0.7387303709983826,1.3860366344451904,0,0,0,0.0,0.0,8,8,8,16.012930903455068,2.6501078605651855,4.840358734130859,0.6050448417663574,0.3949551582336426,0.03703449872923239,0.3359453286423158,3.4657359027997265
scalar,对照,46,0,16,8,256,0.5173386931419373,0.32743531465530396,0.4840690791606903,0.2334662824869156,1.0415735244750977,0.0,1.0415735244750977,1.0415735244750977,0,0,0,0.0,0.0,8,8,8,16.012930903455068,0.15725663304328918,6.832905292510986,0.8541131615638733,0.1458868384361267,0.20075679152856407,0.33182002286188206,3.4657359027997265
nobeta,对照,46,0,16,8,256,0.5173385739326477,0.6067929863929749,0.6029766201972961,0.613176167011261,0.0,0.0,0.0,0.0,0,0,0,0.0,0.0,7,8,8,16.012930903455068,2.227017879486084,6.832905292510986,0.8541131615638733,0.1458868384361267,0.20075679152856407,0.33182004457230374,3.4657359027997265
unbound,基准,46,0,16,16,256,0.4680664539337158,0.1398506760597229,0.4207324683666229,0.0729503259062767,0.39296960830688477,1.2390060424804688,-2.28839111328125,2.0481481552124023,0,0,0,0.0,0.0,16,16,16,635.7514394844667,0.0976501926779747,12.631733894348145,0.789483368396759,0.21051663160324097,0.011443669089367378,0.11351841091521515,2.772588722239781
box33,约束族,46,0,16,16,256,0.46925631165504456,0.14037536084651947,0.42131784558296204,0.0721893310546875,0.4083814024925232,1.2050780057907104,-2.054060935974121,2.0500855445861816,0,0,0,0.0,0.0,16,16,16,635.7514394844667,0.09750362485647202,12.65990924835205,0.7912443280220032,0.20875567197799683,0.014531424322569896,0.11321396567163426,2.772588722239781
box77,约束族,46,0,16,16,256,0.4680878221988678,0.1398600935935974,0.42073366045951843,0.0729362890124321,0.39328014850616455,1.2383031845092773,-2.283658266067505,2.048182964324951,0,0,0,0.0,0.0,16,16,16,635.7514394844667,0.09764750301837921,12.632254600524902,0.7895159125328064,0.2104840874671936,0.011498895616927098,0.11351301587542126,2.772588722239781
box33_lam1em2,约束族,46,0,16,16,256,0.44652724266052246,0.1429571658372879,0.4013819396495819,0.08479186147451401,0.4213402271270752,1.1771141290664673,-3.0,1.7968025207519531,1,0,0,0.0625,0.0,15,16,16,635.7514394844667,0.14769873023033142,12.977884292602539,0.8111177682876587,0.1888822317123413,0.00464407801462628,0.09992986882474543,2.772588722239781
noridge,正则族,46,0,16,16,256,0.4709577262401581,0.1398332566022873,0.43195098638534546,0.07517983764410019,0.3980467915534973,1.2343003749847412,-2.331829786300659,2.085860252380371,0,0,0,0.0,0.0,16,16,16,635.7514394844667,0.09623659402132034,12.578594207763672,0.7861621379852295,0.2138378620147705,0.017911658279037145,0.11576128201601214,2.772588722239781
lam1em4,正则族,46,0,16,16,256,0.47046685218811035,0.1398148238658905,0.4307292401790619,0.07496089488267899,0.39885735511779785,1.2307102680206299,-2.2762765884399414,2.0819709300994873,0,0,0,0.0,0.0,16,16,16,635.7514394844667,0.0963144302368164,12.584845542907715,0.7865528464317322,0.21344715356826782,0.019003323606177087,0.11555152677670125,2.772588722239781
lam1em2,正则族,46,0,16,16,256,0.4462335705757141,0.14374664425849915,0.40134796500205994,0.08491796255111694,-0.253415048122406,3.6918609142303467,-13.815510749816895,1.794975996017456,1,1,1,0.0625,0.0625,15,16,16,635.7514394844667,0.14764264225959778,12.923498153686523,0.8077186346054077,0.19228136539459229,9.294431365924157e-08,0.09981972100022089,2.772588722239781
lam1em1,正则族,46,0,16,16,256,0.43986833095550537,0.16139060258865356,0.41022759675979614,0.1068209782242775,0.5271146893501282,0.37067344784736633,-0.24012644588947296,1.0671625137329102,0,0,0,0.0,0.0,16,16,16,635.7514394844667,0.6792938709259033,12.477445602416992,0.779840350151062,0.220159649848938,0.04853659280222613,0.09094139601657263,2.772588722239781
scalar,对照,46,0,16,16,256,0.4578702747821808,0.17110037803649902,0.4117387533187866,0.1346556395292282,0.6789387464523315,6.155941179031288e-08,0.6789386868476868,0.6789386868476868,0,0,0,0.0,0.0,16,16,16,635.7514394844667,0.054072264581918716,13.044203758239746,0.8152627348899841,0.18473726511001587,0.1251739491202034,0.09017577256751103,2.772588722239781
nobeta,对照,46,0,16,16,256,0.45786941051483154,0.46155497431755066,0.48798590898513794,0.47879457473754883,0.0,0.0,0.0,0.0,0,0,0,0.0,0.0,16,16,16,635.7514394844667,0.0976501926779747,13.044206619262695,0.8152629137039185,0.18473708629608154,0.12517396604182862,0.09017575085708932,2.772588722239781
unbound,基准,46,0,16,32,256,0.4055640995502472,0.13595907390117645,0.3552202880382538,0.03950010612607002,-0.6722286343574524,3.576960325241089,-13.815510749816895,1.2765957117080688,3,2,2,0.09375,0.0625,30,16,16,87.22594892563639,0.060186441987752914,19.19432830810547,0.5998227596282959,0.4001772403717041,3.80703305071896e-08,0.04266532887771019,2.0794415416798357
box33,约束族,46,0,16,32,256,0.40296682715415955,0.13744157552719116,0.3548733592033386,0.04282821714878082,0.04615631699562073,1.1521365642547607,-3.0,1.277742862701416,2,0,0,0.0625,0.0,30,16,16,87.22594892563639,0.06020981818437576,19.55658721923828,0.6111433506011963,0.3888566493988037,0.0019266805097802628,0.04189665782820162,2.0794415416798357
box77,约束族,46,0,16,32,256,0.4055183529853821,0.1359855830669403,0.3552171587944031,0.03956058993935585,-0.2451990246772766,2.0100300312042236,-7.0,1.2766151428222656,3,2,0,0.09375,0.0,30,16,16,87.22594892563639,0.0601869598031044,19.20217514038086,0.6000679731369019,0.39993202686309814,3.4725925435111535e-05,0.04265138535936962,2.0794415416798357
box33_lam1em2,约束族,46,0,16,32,256,0.39382508397102356,0.11248317360877991,0.3347562253475189,0.028363913297653198,0.2369193285703659,0.8188976049423218,-3.0,1.1357958316802979,1,0,0,0.03125,0.0,31,16,16,87.22594892563639,0.06904655694961548,21.12755584716797,0.660236120223999,0.339763879776001,0.0023921715724869613,0.03949168857754074,2.0794415416798357
noridge,正则族,46,0,16,32,256,0.4091387093067169,0.14224131405353546,0.3558293282985687,0.04309402406215668,-0.7413694858551025,3.622384786605835,-13.815510749816895,1.299377202987671,3,2,2,0.09375,0.0625,30,16,16,87.22594892563639,0.05945331230759621,18.96751594543457,0.5927348732948303,0.4072651267051697,3.786383224370347e-08,0.0428833530738883,2.0794415416798357
lam1em4,正则族,46,0,16,32,256,0.4087812602519989,0.1415829360485077,0.35576605796813965,0.042016319930553436,-0.7321459054946899,3.6152355670928955,-13.815510749816895,1.2970023155212402,3,2,2,0.09375,0.0625,30,16,16,87.22594892563639,0.05952564254403114,18.99124526977539,0.593476414680481,0.40652358531951904,3.7884435906936117e-08,0.042860500141240196,2.0794415416798357
lam1em2,正则族,46,0,16,32,256,0.3951685130596161,0.1137942224740982,0.33517971634864807,0.028727227821946144,-0.1057170182466507,2.5667901039123535,-13.815510749816895,1.1339234113693237,1,1,1,0.03125,0.03125,31,16,16,87.22594892563639,0.0689508318901062,20.981685638427734,0.6556776762008667,0.3443223237991333,4.7699281573876e-08,0.039812552327536666,2.0794415416798357
lam1em1,正则族,46,0,16,32,256,0.3501816987991333,0.10688573122024536,0.3168254792690277,0.05404966324567795,0.3264622390270233,0.3412644565105438,-0.7183988690376282,0.765932559967041,0,0,0,0.0,0.0,32,16,16,87.22594892563639,0.1620941162109375,21.63941764831543,0.6762318015098572,0.3237681984901428,0.022903088898290888,0.03833215123704851,2.0794415416798357
scalar,对照,46,0,16,32,256,0.3412116467952728,0.11688323318958282,0.3101591467857361,0.08320076763629913,0.43683668971061707,0.0,0.43683668971061707,0.43683668971061707,0,0,0,0.0,0.0,32,16,16,87.22594892563639,0.029018450528383255,22.50606918334961,0.7033146619796753,0.2966853380203247,0.05123805213433476,0.03522757992973345,2.0794415416798357
nobeta,对照,46,0,16,32,256,0.3412119746208191,0.3287285268306732,0.35570430755615234,0.32958388328552246,0.0,0.0,0.0,0.0,0,0,0,0.0,0.0,30,16,16,87.22594892563639,0.060186441987752914,22.50606918334961,0.7033146619796753,0.2966853380203247,0.05123805213433476,0.03522756636071988,2.0794415416798357
unbound,基准,46,0,16,64,256,0.3654725253582001,0.12295757234096527,0.3357831537723541,0.04416324570775032,-0.7643254995346069,3.000896692276001,-13.815510749816895,0.9022365808486938,3,3,3,0.046875,0.046875,61,16,16,46.53262934463683,0.010422516614198685,28.729177474975586,0.44889339804649353,0.5511066019535065,2.4048518503208726e-08,0.04633336161476757,1.3862943611198906
box33,约束族,46,0,16,64,256,0.36185210943222046,0.11897031217813492,0.3351455330848694,0.042452212423086166,-0.2195030301809311,0.8899407386779785,-3.0,0.8824609518051147,3,0,0,0.046875,0.0,61,16,16,46.53262934463683,0.010135386139154434,29.574678421020508,0.46210435032844543,0.5378956496715546,0.001223839053008552,0.045554304842275475,1.3862943611198906
box77,约束族,46,0,16,64,256,0.3654075264930725,0.122817762196064,0.33577460050582886,0.04410453513264656,-0.4440748691558838,1.6249821186065674,-7.0,0.9018784761428833,3,3,0,0.046875,0.0,61,16,16,46.53262934463683,0.01041722483932972,28.7468204498291,0.4491690695285797,0.5508309304714203,2.1938094808408034e-05,0.04631973289754173,1.3862943611198906
box33_lam1em2,约束族,46,0,16,64,256,0.345496267080307,0.10898381471633911,0.321166455745697,0.03769829496741295,0.007708185818046331,0.5314600467681885,-2.3155384063720703,0.7744232416152954,0,0,0,0.0,0.0,64,16,16,46.53262934463683,0.011446313932538033,33.657161712646484,0.5258931517601013,0.4741068482398987,0.005347213844575195,0.041318604281270266,1.3862943611198906
noridge,正则族,46,0,16,64,256,0.36770403385162354,0.12689264118671417,0.33624085783958435,0.04566311463713646,-0.8144315481185913,3.0213699340820312,-13.815510749816895,0.9122759103775024,4,3,3,0.0625,0.046875,61,16,16,46.53262934463683,0.010412313975393772,28.19732666015625,0.4405832290649414,0.5594167709350586,2.3777702037936872e-08,0.04662549704924125,1.3862943611198906
lam1em4,正则族,46,0,16,64,256,0.3674749433994293,0.12649303674697876,0.33619311451911926,0.0455116331577301,-0.8077521324157715,3.017454147338867,-13.815510749816895,0.9112561345100403,4,3,3,0.0625,0.046875,61,16,16,46.53262934463683,0.010412848554551601,28.252716064453125,0.4414486885070801,0.5585513114929199,2.3805059403018904e-08,0.0465970943900446,1.3862943611198906
lam1em2,正则族,46,0,16,64,256,0.34768086671829224,0.11103196442127228,0.32213184237480164,0.03856382519006729,-0.012473482638597488,0.5740554928779602,-2.7291109561920166,0.7753967642784119,0,0,0,0.0,0.0,64,16,16,46.53262934463683,0.011638440191745758,33.21591567993164,0.5189986824989319,0.4810013175010681,0.0034868614282301943,0.04182203096739054,1.3862943611198906
lam1em1,正则族,46,0,16,64,256,0.31736302375793457,0.04687592014670372,0.2950599491596222,0.02085559070110321,0.17199134826660156,0.17844821512699127,-0.4110275208950043,0.508682131767273,0,0,0,0.0,0.0,64,16,16,46.53262934463683,0.030134115368127823,39.102115631103516,0.6109705567359924,0.38902944326400757,0.016649701477355387,0.03237402180437851,1.3862943611198906
scalar,对照,46,0,16,64,256,0.31215277314186096,0.046537768095731735,0.2900313436985016,0.033986590802669525,0.21200346946716309,0.0,0.21200346946716309,0.21200346946716309,0,0,0,0.0,0.0,64,16,16,46.53262934463683,0.00713114719837904,39.138668060302734,0.6115416884422302,0.3884583115577698,0.018811773793586433,0.03144862864818097,1.3862943611198906
nobeta,对照,46,0,16,64,256,0.3121536076068878,0.16321220993995667,0.30809828639030457,0.17274333536624908,0.0,0.0,0.0,0.0,0,0,0,0.0,0.0,61,16,16,46.53262934463683,0.010422516614198685,39.138675689697266,0.6115418076515198,0.3884581923484802,0.01881177578789051,0.03144860422395655,1.3862943611198906
unbound,基准,46,0,32,8,256,0.4376085102558136,0.2785915434360504,0.3804042935371399,0.21907499432563782,0.8037968873977661,0.7171339988708496,-0.11691918969154358,1.831939697265625,0,0,0,0.0,0.0,8,8,8,25.431760231786477,0.25788813829421997,6.980349063873291,0.8725436329841614,0.12745636701583862,0.1850242414580807,0.33418241616509425,3.4657359027997265
box33,约束族,46,0,32,8,256,0.4376039206981659,0.27858197689056396,0.3803967535495758,0.2190942019224167,0.8037706017494202,0.7172130942344666,-0.11706485599279404,1.8319659233093262,0,0,0,0.0,0.0,8,8,8,25.431760231786477,0.2578870356082916,6.980203151702881,0.8725253939628601,0.1274746060371399,0.18499855416577074,0.33418244334705255,3.4657359027997265
box77,约束族,46,0,32,8,256,0.43760836124420166,0.27859145402908325,0.38040393590927124,0.21907512843608856,0.8037964105606079,0.717135488986969,-0.11692220717668533,1.831939935684204,0,0,0,0.0,0.0,8,8,8,25.431760231786477,0.25788816809654236,6.980345726013184,0.872543215751648,0.12745678424835205,0.18502373412016052,0.33418238898313596,3.4657359027997265
box33_lam1em2,约束族,46,0,32,8,256,0.442915678024292,0.28603142499923706,0.3846849203109741,0.22229593992233276,0.8392082452774048,0.48875004053115845,0.18848367035388947,1.60524320602417,0,0,0,0.0,0.0,8,8,8,25.431760231786477,0.2728080153465271,7.310946464538574,0.9138683080673218,0.08613169193267822,0.30320264316382217,0.3363575164692384,3.4657359027997265
noridge,正则族,46,0,32,8,256,0.43669769167900085,0.2807858884334564,0.3794780969619751,0.22308899462223053,0.7876946330070496,0.7682690024375916,-0.24687916040420532,1.864340901374817,0,0,0,0.0,0.0,8,8,8,25.431760231786477,0.25742581486701965,6.890621185302734,0.8613276481628418,0.1386723518371582,0.1634325370919409,0.3340446036364513,3.4657359027997265
lam1em4,正则族,46,0,32,8,256,0.43679696321487427,0.2816135883331299,0.3795693516731262,0.22266896069049835,0.7895654439926147,0.7626638412475586,-0.2324315905570984,1.861015796661377,0,0,0,0.0,0.0,8,8,8,25.431760231786477,0.25744739174842834,6.900513172149658,0.8625641465187073,0.13743585348129272,0.16570907562471113,0.3340560472409007,3.4657359027997265
lam1em2,正则族,46,0,32,8,256,0.4429161548614502,0.2860279083251953,0.38468456268310547,0.22229637205600739,0.8392084240913391,0.4887460768222809,0.1884840726852417,1.6052403450012207,0,0,0,0.0,0.0,8,8,8,25.431760231786477,0.2728084325790405,7.310948371887207,0.9138685464859009,0.08613145351409912,0.3032046823928901,0.336357570833155,3.4657359027997265
lam1em1,正则族,46,0,32,8,256,0.4220711588859558,0.2971429228782654,0.39433369040489197,0.27210015058517456,0.6863713264465332,0.20184201002120972,0.26820680499076843,0.908515989780426,0,0,0,0.0,0.0,8,8,8,25.431760231786477,0.39040619134902954,7.105489253997803,0.8881861567497253,0.11181384325027466,0.22540442001254846,0.3514680758228366,3.4657359027997265
scalar,对照,46,0,32,8,256,0.4330832064151764,0.3205568194389343,0.3618658185005188,0.21633249521255493,0.9913310408592224,6.372004435206691e-08,0.9913309812545776,0.9913309812545776,0,0,0,0.0,0.0,8,8,8,25.431760231786477,0.14391395449638367,6.376402378082275,0.7970502972602844,0.20294970273971558,0.16796177151329628,0.3746402875546324,3.4657359027997265
nobeta,对照,46,0,32,8,256,0.433083176612854,0.6084692478179932,0.5123546719551086,0.6028919816017151,0.0,0.0,0.0,0.0,0,0,0,0.0,0.0,8,8,8,25.431760231786477,0.25788813829421997,6.376402378082275,0.7970502972602844,0.20294970273971558,0.16796177151329628,0.3746402875546324,3.4657359027997265
unbound,基准,46,0,32,16,256,0.28728991746902466,0.12093373388051987,0.25282132625579834,0.08758147060871124,0.6529710292816162,0.4255083501338959,-0.15961867570877075,1.267935037612915,0,0,0,0.0,0.0,16,16,16,90.43223846108164,0.055268544703722,14.02474308013916,0.8765464425086975,0.12345355749130249,0.13488110338657838,0.17603269967837387,2.772588722239781
box33,约束族,46,0,32,16,256,0.2873780131340027,0.12066023796796799,0.2529233396053314,0.08785761892795563,0.6535143256187439,0.4251185953617096,-0.15877342224121094,1.2680913209915161,0,0,0,0.0,0.0,16,16,16,90.43223846108164,0.05525566637516022,14.029548645019531,0.8768467903137207,0.1231532096862793,0.13577993045309175,0.1760272089227948,2.772588722239781
box77,约束族,46,0,32,16,256,0.2872914969921112,0.12092872709035873,0.25282323360443115,0.0875866562128067,0.6529811024665833,0.4255010783672333,-0.15960322320461273,1.2679376602172852,0,0,0,0.0,0.0,16,16,16,90.43223846108164,0.0552683100104332,14.024827003479004,0.8765516877174377,0.12344831228256226,0.13489774588326964,0.17603260454151978,2.772588722239781
box33_lam1em2,约束族,46,0,32,16,256,0.2840624749660492,0.1430380642414093,0.2612861692905426,0.08917896449565887,0.6503478288650513,0.3393561542034149,0.04957534372806549,1.1162277460098267,0,0,0,0.0,0.0,16,16,16,90.43223846108164,0.058496251702308655,14.121377944946289,0.8825861215591431,0.11741387844085693,0.14443555046839054,0.1764546452172545,2.772588722239781
noridge,正则族,46,0,32,16,256,0.28799012303352356,0.12246324121952057,0.25158581137657166,0.08979363739490509,0.6515756845474243,0.43936389684677124,-0.19586049020290375,1.2889920473098755,0,0,0,0.0,0.0,16,16,16,90.43223846108164,0.05506611987948418,13.994765281677246,0.8746728301048279,0.12532716989517212,0.13237950510070381,0.17601378103538856,2.772588722239781
lam1em4,正则族,46,0,32,16,256,0.28791582584381104,0.12229855358600616,0.25171300768852234,0.0891992375254631,0.6517412066459656,0.4379208981990814,-0.19208744168281555,1.2868399620056152,0,0,0,0.0,0.0,16,16,16,90.43223846108164,0.05508402734994888,13.998035430908203,0.8748772144317627,0.1251227855682373,0.13264761959540067,0.17601520808819995,2.772588722239781
lam1em2,正则族,46,0,32,16,256,0.28404542803764343,0.14304226636886597,0.2612549066543579,0.08911419659852982,0.6501994132995605,0.3394525647163391,0.04964159056544304,1.1161742210388184,0,0,0,0.0,0.0,16,16,16,90.43223846108164,0.058501243591308594,14.120018005371094,0.8825011253356934,0.11749887466430664,0.14418428429582222,0.17645616740692,2.772588722239781
lam1em1,正则族,46,0,32,16,256,0.2873622179031372,0.19997833669185638,0.2617688477039337,0.13884975016117096,0.53281569480896,0.1629045009613037,0.11337456107139587,0.7444239854812622,0,0,0,0.0,0.0,16,16,16,90.43223846108164,0.09870263189077377,13.491628646850586,0.8432267904281616,0.15677320957183838,0.11237103150785412,0.18218041600789114,2.772588722239781
scalar,对照,46,0,32,16,256,0.3119487464427948,0.16541551053524017,0.2763574719429016,0.11902226507663727,0.637810468673706,0.0,0.637810468673706,0.637810468673706,0,0,0,0.0,0.0,16,16,16,90.43223846108164,0.04502570256590843,12.143962860107422,0.7589976787567139,0.24100232124328613,0.08753187416910929,0.20538339771649639,2.772588722239781
nobeta,对照,46,0,32,16,256,0.3119492530822754,0.45732900500297546,0.3425386846065521,0.4605192244052887,0.0,0.0,0.0,0.0,0,0,0,0.0,0.0,16,16,16,90.43223846108164,0.055268544703722,12.143962860107422,0.7589976787567139,0.24100232124328613,0.08753185547560735,0.20538342489845468,2.772588722239781
unbound,基准,46,0,32,32,256,0.2563035786151886,0.06613781303167343,0.2149730622768402,0.05351147800683975,0.350212961435318,0.3987693190574646,-0.7000963687896729,1.0593607425689697,0,0,0,0.0,0.0,32,31,32,631567.3578280787,0.014614872634410858,22.644304275512695,0.7076345086097717,0.29236549139022827,0.0290040340069328,0.07715381411258126,2.0794415416798357
box33,约束族,46,0,32,32,256,0.2558527886867523,0.06594489514827728,0.21580573916435242,0.053778089582920074,0.3547353744506836,0.39607566595077515,-0.7224532961845398,1.0566673278808594,0,0,0,0.0,0.0,32,31,32,631567.3578280787,0.014471756294369698,22.694427490234375,0.7092008590698242,0.2907991409301758,0.029609933099762422,0.07697449473359552,2.0794415416798357
box77,约束族,46,0,32,32,256,0.2562951147556305,0.06613410264253616,0.21498796343803406,0.05350692942738533,0.3502970039844513,0.39871543645858765,-0.7005007266998291,1.0593119859695435,0,0,0,0.0,0.0,32,31,32,631567.3578280787,0.014612238854169846,22.645221710205078,0.7076631784439087,0.2923368215560913,0.029015105563615015,0.07715040277681308,2.0794415416798357
box33_lam1em2,约束族,46,0,32,32,256,0.2500920593738556,0.0770026370882988,0.20919384062290192,0.058632995933294296,0.37924525141716003,0.2987285852432251,-0.3700717091560364,0.9538856744766235,0,0,0,0.0,0.0,32,31,32,631567.3578280787,0.015773288905620575,23.048141479492188,0.7202544212341309,0.27974557876586914,0.03245192188795403,0.07413173757840742,2.0794415416798357
noridge,正则族,46,0,32,32,256,0.2572062313556671,0.0688859224319458,0.21601910889148712,0.05334348976612091,0.34459927678108215,0.4146483838558197,-0.7519301176071167,1.0728784799575806,0,0,0,0.0,0.0,32,31,32,631567.3578280787,0.014519959688186646,22.573871612548828,0.7054334878921509,0.2945665121078491,0.027675421425385687,0.07772181510896306,2.0794415416798357
lam1em4,正则族,46,0,32,32,256,0.2571139633655548,0.06904517859220505,0.21590931713581085,0.053460340946912766,0.3451961874961853,0.4129946529865265,-0.746566653251648,1.0715065002441406,0,0,0,0.0,0.0,32,31,32,631567.3578280787,0.014528902247548103,22.581262588500977,0.7056644558906555,0.2943355441093445,0.027851776689318482,0.07766164104874938,2.0794415416798357
lam1em2,正则族,46,0,32,32,256,0.2501342296600342,0.07671419531106949,0.20893999934196472,0.05831645801663399,0.3770788609981537,0.29979005455970764,-0.3616219460964203,0.9554798603057861,0,0,0,0.0,0.0,32,31,32,631567.3578280787,0.015851128846406937,23.021549224853516,0.7194234132766724,0.28057658672332764,0.03212948373024492,0.07423974508976104,2.0794415416798357
lam1em1,正则族,46,0,32,32,256,0.24047183990478516,0.0972503274679184,0.21532726287841797,0.07267022132873535,0.3246840536594391,0.13207681477069855,0.036816637963056564,0.5944494009017944,0,0,0,0.0,0.0,32,31,32,631567.3578280787,0.028974153101444244,22.415569305419922,0.7004865407943726,0.29951345920562744,0.03139578188947489,0.07436092225991693,2.0794415416798357
scalar,对照,46,0,32,32,256,0.24947284162044525,0.10586372017860413,0.2072390615940094,0.06280288100242615,0.4017347991466522,3.027918893394599e-08,0.40173476934432983,0.40173476934432983,0,0,0,0.0,0.0,32,31,32,631567.3578280787,0.021216969937086105,20.976938247680664,0.6555293202400208,0.34447067975997925,0.028663602795945656,0.08111640679082678,2.0794415416798357
nobeta,对照,46,0,32,32,256,0.2494729906320572,0.31617429852485657,0.26488518714904785,0.32022756338119507,0.0,0.0,0.0,0.0,0,0,0,0.0,0.0,32,31,32,631567.3578280787,0.014614872634410858,20.976938247680664,0.6555293202400208,0.34447067975997925,0.028663602795945656,0.08111637281337888,2.0794415416798357
unbound,基准,46,0,32,64,256,0.21883656084537506,0.050702210515737534,0.17421287298202515,0.03651238605380058,-0.10057700425386429,0.5587666034698486,-2.9105842113494873,0.8456262350082397,0,0,0,0.0,0.0,64,32,32,311.91161274695224,0.006893236190080643,32.305110931396484,0.5047673583030701,0.49523264169692993,0.0012969708198508113,0.05093448786526127,1.3862943611198906
box33,约束族,46,0,32,64,256,0.21609187126159668,0.04912567138671875,0.17421841621398926,0.03510047495365143,-0.0711306631565094,0.4946100115776062,-2.3117623329162598,0.8321713209152222,0,0,0,0.0,0.0,64,32,32,311.91161274695224,0.006668061017990112,32.667510986328125,0.510429859161377,0.48957014083862305,0.002358369116921629,0.05001845247239455,1.3862943611198906
box77,约束族,46,0,32,64,256,0.21878555417060852,0.05067336931824684,0.17421220242977142,0.03650163486599922,-0.09996549040079117,0.5572364926338196,-2.8956732749938965,0.8453820943832397,0,0,0,0.0,0.0,64,32,32,311.91161274695224,0.006889066658914089,32.31181335449219,0.5048720836639404,0.49512791633605957,0.001316433344373874,0.05091733265182147,1.3862943611198906
box33_lam1em2,约束族,46,0,32,64,256,0.21178652346134186,0.038043681532144547,0.17162078619003296,0.03247992694377899,0.02289620414376259,0.3270811140537262,-1.0788893699645996,0.7423045039176941,0,0,0,0.0,0.0,64,32,32,311.91161274695224,0.006111820228397846,34.15825271606445,0.5337226986885071,0.4662773013114929,0.008051922094200055,0.04641636391400969,1.3862943611198906
noridge,正则族,46,0,32,64,256,0.22045445442199707,0.051783036440610886,0.1742921620607376,0.036902423948049545,-0.12837398052215576,0.6523138284683228,-3.854112148284912,0.8570287823677063,1,0,0,0.015625,0.0,64,32,32,311.91161274695224,0.0069867148995399475,32.07633972167969,0.5011928081512451,0.4988071918487549,0.0005051967852708349,0.05151147589661005,1.3862943611198906
lam1em4,正则族,46,0,32,64,256,0.22028927505016327,0.05167340859770775,0.17428351938724518,0.036880746483802795,-0.12471111118793488,0.6377665996551514,-3.7062933444976807,0.8558789491653442,1,0,0,0.015625,0.0,64,32,32,311.91161274695224,0.006977119483053684,32.09988784790039,0.5015607476234436,0.4984392523765564,0.000585635092617301,0.05145232795532265,1.3862943611198906
lam1em2,正则族,46,0,32,64,256,0.21196065843105316,0.03870866820216179,0.17288421094417572,0.03331935405731201,0.009713513776659966,0.34440547227859497,-1.1796410083770752,0.7530631422996521,0,0,0,0.0,0.0,64,32,32,311.91161274695224,0.0062666991725564,33.912742614746094,0.5298866033554077,0.4701133966445923,0.007284636179907572,0.04698042352643622,1.3862943611198906
lam1em1,正则族,46,0,32,64,256,0.20661240816116333,0.04698585718870163,0.16631905734539032,0.03587421029806137,0.14552810788154602,0.0861746296286583,-0.019805727526545525,0.39512574672698975,0,0,0,0.0,0.0,64,32,32,311.91161274695224,0.006625549402087927,36.72724151611328,0.57386314868927,0.42613685131073,0.020447930191528962,0.04082672376834548,1.3862943611198906
scalar,对照,46,0,32,64,256,0.21131014823913574,0.05209775269031525,0.16836002469062805,0.03651325777173042,0.1974782645702362,1.5018958521295644e-08,0.197478249669075,0.197478249669075,0,0,0,0.0,0.0,64,32,32,311.91161274695224,0.005775434896349907,35.85578536987305,0.5602466464042664,0.43975335359573364,0.02001779140265769,0.0421137147440439,1.3862943611198906
nobeta,对照,46,0,32,64,256,0.21131007373332977,0.1602613925933838,0.19564399123191833,0.16864147782325745,0.0,0.0,0.0,0.0,0,0,0,0.0,0.0,64,32,32,311.91161274695224,0.006893236190080643,35.85578536987305,0.5602466464042664,0.43975335359573364,0.02001779140265769,0.0421137147440439,1.3862943611198906
unbound,基准,46,1,8,8,256,0.6005722284317017,0.24701394140720367,0.4765223264694214,0.31831783056259155,-2.509552001953125,7.042295932769775,-13.815510749816895,2.0185723304748535,2,2,2,0.25,0.25,6,8,8,467.7828115108212,3.2557907104492188,5.059998989105225,0.6324998736381531,0.3675001263618469,1.0667278546854185e-07,0.2553155664920739,3.4657359027997265
box33,约束族,46,1,8,8,256,0.6018732786178589,0.24696649610996246,0.47430509328842163,0.32011276483535767,0.20360378921031952,2.1777806282043457,-3.0,2.0046579837799072,2,0,0,0.25,0.0,6,8,8,467.7828115108212,3.296335220336914,5.197024822235107,0.6496281027793884,0.3503718972206116,0.005382479587374765,0.24981062249352343,3.4657359027997265
box77,约束族,46,1,8,8,256,0.6005771160125732,0.2470129281282425,0.4764915704727173,0.31835082173347473,-0.8054917454719543,3.9389586448669434,-7.0,2.0183188915252686,2,2,0,0.25,0.0,6,8,8,467.7828115108212,3.256526470184326,5.06400203704834,0.6330002546310425,0.3669997453689575,9.729667048822e-05,0.25526696996354176,3.4657359027997265
box33_lam1em2,约束族,46,1,8,8,256,0.6145343780517578,0.25747668743133545,0.47066161036491394,0.31548765301704407,0.29247140884399414,2.133220911026001,-3.0,1.905181646347046,2,0,0,0.25,0.0,6,8,8,467.7828115108212,3.3273165225982666,5.39840841293335,0.6748010516166687,0.3251989483833313,0.005952697953983722,0.23342417098225096,3.4657359027997265
noridge,正则族,46,1,8,8,256,0.6011729836463928,0.24823540449142456,0.47325822710990906,0.3176399767398834,-2.533816337585449,7.036828994750977,-13.815510749816895,2.032667875289917,2,2,2,0.25,0.25,6,8,8,467.7828115108212,3.2552859783172607,5.02424955368042,0.6280311942100525,0.3719688057899475,1.0515973151989773e-07,0.2612483275159431,3.4657359027997265
lam1em4,正则族,46,1,8,8,256,0.6010606288909912,0.24859248101711273,0.47367632389068604,0.3177081048488617,-2.5310938358306885,7.037414073944092,-13.815510749816895,2.031226634979248,2,2,2,0.25,0.25,6,8,8,467.7828115108212,3.25529146194458,5.028006553649902,0.6285008192062378,0.3714991807937622,1.0531345417245516e-07,0.26060236607365794,3.4657359027997265
lam1em2,正则族,46,1,8,8,256,0.6143454313278198,0.2567969858646393,0.4712822735309601,0.32132282853126526,-2.4120349884033203,7.069420337677002,-13.815510749816895,1.9174208641052246,2,2,2,0.25,0.25,6,8,8,467.7828115108212,3.288313388824463,5.2670817375183105,0.6583852171897888,0.3416147828102112,1.181746953766703e-07,0.2362473872382916,3.4657359027997265
lam1em1,正则族,46,1,8,8,256,0.6468647122383118,0.28232792019844055,0.468901127576828,0.3242473602294922,1.0438225269317627,0.7001391053199768,-0.29394662380218506,1.7563652992248535,0,0,0,0.0,0.0,8,8,8,467.7828115108212,4.549424648284912,6.783104419708252,0.8478880524635315,0.1521119475364685,0.18650177548826732,0.12303439144667463,3.4657359027997265
scalar,对照,46,1,8,8,256,0.7312549352645874,0.30232495069503784,0.5046494007110596,0.26984575390815735,1.4130724668502808,0.0,1.4130724668502808,1.4130724668502808,0,0,0,0.0,0.0,8,8,8,467.7828115108212,0.16038303077220917,7.709753513336182,0.9637191891670227,0.036280810832977295,0.4093570499345479,0.10902448706453825,3.4657359027997265
nobeta,对照,46,1,8,8,256,0.7312546372413635,0.7735669016838074,0.7945331931114197,0.7905333042144775,0.0,0.0,0.0,0.0,0,0,0,0.0,0.0,6,8,8,467.7828115108212,3.2557907104492188,7.709753513336182,0.9637191891670227,0.036280810832977295,0.4093570499345479,0.10902445913549887,3.4657359027997265
unbound,基准,46,1,8,16,256,0.6605261564254761,0.19387464225292206,0.5266926288604736,0.11645284295082092,-0.11599278450012207,3.786989450454712,-13.815510749816895,2.62333083152771,1,1,1,0.0625,0.0625,15,8,8,26.112377167614117,0.013611194677650928,11.751825332641602,0.7344890832901001,0.2655109167098999,1.4084256487500094e-07,0.02553528564144944,2.772588722239781
box33,约束族,46,1,8,16,256,0.656902015209198,0.19629177451133728,0.5248270630836487,0.1242651492357254,0.5482608079910278,1.3965431451797485,-3.0,2.6243772506713867,1,0,0,0.0625,0.0,15,8,8,26.112377167614117,0.013571081683039665,11.792871475219727,0.7370544672012329,0.2629455327987671,0.007004929371461273,0.025092563818778127,2.772588722239781
box77,约束族,46,1,8,16,256,0.660431981086731,0.19381673634052277,0.5266520380973816,0.11659546196460724,0.30978381633758545,2.1899805068969727,-7.0,2.623349666595459,1,1,0,0.0625,0.0,15,8,8,26.112377167614117,0.013610461726784706,11.75374984741211,0.7346093654632568,0.26539063453674316,0.00012842942559815763,0.025527202511967065,2.772588722239781
box33_lam1em2,约束族,46,1,8,16,256,0.63474041223526,0.14127181470394135,0.5273049473762512,0.1526574343442917,0.5911321640014648,1.3564025163650513,-3.0,2.278667688369751,1,0,0,0.0625,0.0,15,8,8,26.112377167614117,0.18289966881275177,12.467748641967773,0.7792342901229858,0.22076570987701416,0.008925058782584896,0.027251739234370867,2.772588722239781
noridge,正则族,46,1,8,16,256,0.6489254236221313,0.20175375044345856,0.5408310294151306,0.13525794446468353,-0.20987461507320404,3.8398358821868896,-13.815510749816895,2.673187732696533,1,1,1,0.0625,0.0625,15,8,8,26.112377167614117,0.0043023694306612015,11.427860260009766,0.7142412662506104,0.28575873374938965,1.346977371193215e-07,0.024861648848552416,2.772588722239781
lam1em4,正则族,46,1,8,16,256,0.6508106589317322,0.20045173168182373,0.5384395122528076,0.13330170512199402,-0.19159916043281555,3.827094078063965,-13.815510749816895,2.6680750846862793,1,1,1,0.0625,0.0625,15,8,8,26.112377167614117,0.005023983307182789,11.467610359191895,0.7167256474494934,0.2832743525505066,1.353151752508044e-07,0.024915877733360754,2.772588722239781
lam1em2,正则族,46,1,8,16,256,0.631567120552063,0.14150750637054443,0.5251098871231079,0.1528698205947876,-0.08526384830474854,3.7873947620391846,-13.815510749816895,2.278082847595215,1,1,1,0.0625,0.0625,15,8,8,26.112377167614117,0.1825108677148819,12.386740684509277,0.7741712927818298,0.22582870721817017,1.7940778062091005e-07,0.027121056931662575,2.772588722239781
lam1em1,正则族,46,1,8,16,256,0.5929431319236755,0.1299515664577484,0.4956434965133667,0.1472654640674591,0.7247291207313538,0.7788867354393005,-1.6855019330978394,1.528603196144104,0,0,0,0.0,0.0,16,8,8,26.112377167614117,1.304993987083435,13.263529777526855,0.8289706110954285,0.17102938890457153,0.07260089911509642,0.027700638029586444,2.772588722239781
scalar,对照,46,1,8,16,256,0.5394573211669922,0.15987446904182434,0.43224161863327026,0.1951104700565338,0.9560242295265198,6.155941179031288e-08,0.9560242891311646,0.9560242891311646,0,0,0,0.0,0.0,16,8,8,26.112377167614117,0.0663846954703331,14.832174301147461,0.9270108938217163,0.07298910617828369,0.2596576651509582,0.0199802159994605,2.772588722239781
nobeta,对照,46,1,8,16,256,0.5394573211669922,0.6041812896728516,0.6089318990707397,0.6104049682617188,0.0,0.0,0.0,0.0,0,0,0,0.0,0.0,15,8,8,26.112377167614117,0.013611194677650928,14.832174301147461,0.9270108938217163,0.07298910617828369,0.2596576353517192,0.019980125230082493,2.772588722239781
unbound,基准,46,1,8,32,256,0.5368737578392029,0.09368053823709488,0.4555940628051758,0.09845388680696487,0.3543981909751892,0.8324993252754211,-2.273197650909424,1.5004181861877441,0,0,0,0.0,0.0,32,8,8,14.76510335430653,5.055224028183147e-05,25.0455379486084,0.7826730608940125,0.21732693910598755,0.008537731140810809,0.02367202072557415,2.0794415416798357
box33,约束族,46,1,8,32,256,0.5357387661933899,0.09376146644353867,0.45480382442474365,0.09910538792610168,0.37104082107543945,0.7907187938690186,-2.0181961059570312,1.4969310760498047,0,0,0,0.0,0.0,32,8,8,14.76510335430653,5.055087967775762e-05,25.163293838500977,0.7863529324531555,0.21364706754684448,0.011043756370683689,0.02370210961067296,2.0794415416798357
box77,约束族,46,1,8,32,256,0.5368515253067017,0.09368184208869934,0.4555796682834625,0.09846584498882294,0.3547341227531433,0.8316277265548706,-2.2678592205047607,1.5003544092178345,0,0,0,0.0,0.0,32,8,8,14.76510335430653,5.054931534687057e-05,25.04774284362793,0.7827419638633728,0.2172580361366272,0.008583803169056917,0.02367263981928055,2.0794415416798357
box33_lam1em2,约束族,46,1,8,32,256,0.5283703207969666,0.09455253928899765,0.4546393156051636,0.09655992686748505,0.4762665033340454,0.5648255348205566,-0.6958988904953003,1.4064286947250366,0,0,0,0.0,0.0,32,8,8,14.76510335430653,0.004289482720196247,26.392656326293945,0.8247705101966858,0.1752294898033142,0.04247997903841288,0.023603859904951965,2.0794415416798357
noridge,正则族,46,1,8,32,256,0.5384654998779297,0.09288927167654037,0.4559803903102875,0.09944061934947968,0.2962764501571655,1.004028081893921,-3.3206193447113037,1.5134671926498413,1,0,0,0.03125,0.0,32,8,8,14.76510335430653,5.85521320317639e-09,24.76979637145996,0.7740561366081238,0.22594386339187622,0.0029815112986270134,0.023641606001682507,2.0794415416798357
lam1em4,正则族,46,1,8,32,256,0.5383002758026123,0.09296898543834686,0.4560436010360718,0.09929536283016205,0.30506008863449097,0.9760509729385376,-3.143805742263794,1.5121289491653442,1,0,0,0.03125,0.0,32,8,8,14.76510335430653,6.015644089529815e-07,24.799949645996094,0.7749984264373779,0.22500157356262207,0.0035598931291952857,0.023645327546180726,2.0794415416798357
lam1em2,正则族,46,1,8,32,256,0.5288538932800293,0.09421589970588684,0.4547809958457947,0.09667006880044937,0.4739396274089813,0.5677984952926636,-0.7203456163406372,1.4079656600952148,0,0,0,0.0,0.0,32,8,8,14.76510335430653,0.004289549775421619,26.355871200561523,0.8236209750175476,0.1763790249824524,0.041413460269200696,0.02360002897171615,2.0794415416798357
lam1em1,正则族,46,1,8,32,256,0.5234399437904358,0.08856171369552612,0.428783655166626,0.09633427113294601,0.5009825229644775,0.3814171254634857,-0.14732983708381653,1.2301805019378662,0,0,0,0.0,0.0,32,8,8,14.76510335430653,0.16973336040973663,27.125608444213867,0.8476752638816833,0.15232473611831665,0.07651444476007947,0.02200784331212397,2.0794415416798357
scalar,对照,46,1,8,32,256,0.5049418210983276,0.0814228355884552,0.41375237703323364,0.10991070419549942,0.5715718269348145,0.0,0.5715718269348145,0.5715718269348145,0,0,0,0.0,0.0,32,8,8,14.76510335430653,0.025763442739844322,27.955677032470703,0.8736149072647095,0.12638509273529053,0.13802054934121494,0.022987626597673515,2.0794415416798357
nobeta,对照,46,1,8,32,256,0.5049418210983276,0.42253023386001587,0.5025001168251038,0.42320138216018677,0.0,0.0,0.0,0.0,0,0,0,0.0,0.0,32,8,8,14.76510335430653,5.055224028183147e-05,27.955677032470703,0.8736149072647095,0.12638509273529053,0.13802054934121494,0.02298760099605408,2.0794415416798357
unbound,基准,46,1,8,64,256,0.527786135673523,0.0556638166308403,0.4364028573036194,0.07236834615468979,-0.09915341436862946,0.7709819078445435,-3.6614553928375244,1.0963363647460938,1,0,0,0.015625,0.0,64,8,8,12.457790567528635,2.0645659333240474e-06,38.53411865234375,0.6020956039428711,0.3979043960571289,0.0013686293399570873,0.02635025733816067,1.3862943611198906
box33,约束族,46,1,8,64,256,0.5261411666870117,0.05689001455903053,0.43780022859573364,0.0708015114068985,-0.05648621544241905,0.6680232286453247,-2.6054768562316895,1.0860732793807983,0,0,0,0.0,0.0,64,8,8,12.457790567528635,2.065484977720189e-06,39.147701263427734,0.6116828322410583,0.38831716775894165,0.003975106665270883,0.026582405840959278,1.3862943611198906
box77,约束族,46,1,8,64,256,0.5277559161186218,0.055615659803152084,0.4364278316497803,0.07233944535255432,-0.09812074899673462,0.7679053544998169,-3.6276626586914062,1.0961508750915527,1,0,0,0.015625,0.0,64,8,8,12.457790567528635,2.0642094114009524e-06,38.54551315307617,0.6022736430168152,0.3977263569831848,0.0014159319962477352,0.02635453280860672,1.3862943611198906
box33_lam1em2,约束族,46,1,8,64,256,0.5210826396942139,0.052060287445783615,0.43960443139076233,0.06722910702228546,0.10267901420593262,0.42517560720443726,-1.1480939388275146,1.0102758407592773,0,0,0,0.0,0.0,64,8,8,12.457790567528635,0.00019636632350739092,43.14000701904297,0.6740626096725464,0.3259373903274536,0.018405404412823612,0.0280313201833398,1.3862943611198906
noridge,正则族,46,1,8,64,256,0.5294553637504578,0.05825387313961983,0.43512529134750366,0.07388251274824142,-0.288966566324234,1.845947265625,-13.815510749816895,1.107048511505127,1,1,1,0.015625,0.015625,63,8,8,12.457790567528635,1.290345608140342e-11,37.9003791809082,0.5921934247016907,0.4078065752983093,5.2700193897677696e-08,0.02612109491515645,1.3862943611198906
lam1em4,正则族,46,1,8,64,256,0.5292884707450867,0.0579884834587574,0.4352510869503021,0.07372985035181046,-0.16831804811954498,1.0285698175430298,-6.312630653381348,1.105956792831421,1,0,0,0.015625,0.0,64,8,8,12.457790567528635,2.1300024855008814e-08,37.96540451049805,0.593209445476532,0.406790554523468,9.566276162316153e-05,0.02614415731942966,1.3862943611198906
lam1em2,正则族,46,1,8,64,256,0.5209895968437195,0.05387697368860245,0.44029825925827026,0.06716322898864746,0.09112279862165451,0.4408557713031769,-1.2406907081604004,1.0172693729400635,0,0,0,0.0,0.0,64,8,8,12.457790567528635,0.00019636382057797164,42.78670883178711,0.6685423254966736,0.3314576745033264,0.016660723082234433,0.02789780541055375,1.3862943611198906
lam1em1,正则族,46,1,8,64,256,0.4952261745929718,0.044663023203611374,0.431082159280777,0.05480731651186943,0.2535453736782074,0.21233057975769043,-0.3120940029621124,0.85661780834198,0,0,0,0.0,0.0,64,8,8,12.457790567528635,0.013283171691000462,49.03892517089844,0.7662332057952881,0.23376679420471191,0.0596820822786962,0.02965317346502004,1.3862943611198906
scalar,对照,46,1,8,64,256,0.4995981454849243,0.0482783243060112,0.4169553816318512,0.06180606782436371,0.2865969240665436,0.0,0.2865969240665436,0.2865969240665436,0,0,0,0.0,0.0,64,8,8,12.457790567528635,0.0064314864575862885,49.93214797973633,0.7801898121833801,0.21981018781661987,0.06942721203479864,0.030328176453427044,1.3862943611198906
nobeta,对照,46,1,8,64,256,0.49959811568260193,0.24790944159030914,0.42903807759284973,0.2649909257888794,0.0,0.0,0.0,0.0,0,0,0,0.0,0.0,64,8,8,12.457790567528635,2.0645659333240474e-06,49.932159423828125,0.7801899909973145,0.21981000900268555,0.06942719789158412,0.030328199727626532,1.3862943611198906
unbound,基准,46,1,16,8,256,0.5376900434494019,0.17056496441364288,0.4460572600364685,0.202606663107872,-0.7656996846199036,5.353539943695068,-13.815510749816895,2.1905553340911865,1,1,1,0.125,0.125,7,8,8,10.575866365811265,5.385305404663086,5.179689884185791,0.6474612355232239,0.3525387644767761,1.9931389796156523e-07,0.36086665176983296,3.4657359027997265
box33,约束族,46,1,16,8,256,0.536476194858551,0.16852720081806183,0.4436998963356018,0.20114779472351074,0.5831133127212524,1.718846321105957,-3.0,2.1889922618865967,1,0,0,0.125,0.0,7,8,8,10.575866365811265,5.389232158660889,5.249427318572998,0.6561784148216248,0.34382158517837524,0.009918659232706264,0.35949164302495096,3.4657359027997265
box77,约束族,46,1,16,8,256,0.5377024412155151,0.17052774131298065,0.4460693895816803,0.20257993042469025,0.08618204295635223,3.0091421604156494,-7.0,2.1905264854431152,1,1,0,0.125,0.0,7,8,8,10.575866365811265,5.385371685028076,5.181949138641357,0.6477436423301697,0.3522563576698303,0.0001817492284342703,0.36087124609604887,3.4657359027997265
box33_lam1em2,约束族,46,1,16,8,256,0.5371897220611572,0.1692395657300949,0.43015363812446594,0.19561927020549774,0.7335206866264343,1.371205449104309,-1.826463222503662,2.153414726257324,0,0,0,0.0,0.0,8,8,8,10.575866365811265,5.4176435470581055,5.3980536460876465,0.6747567057609558,0.3252432942390442,0.03197578888910038,0.3488270632961647,3.4657359027997265
noridge,正则族,46,1,16,8,256,0.537693440914154,0.17207100987434387,0.4461759030818939,0.2055024802684784,-0.7670662999153137,5.3535990715026855,-13.815510749816895,2.1942596435546875,1,1,1,0.125,0.125,7,8,8,10.575866365811265,5.385108470916748,5.17479944229126,0.6468499302864075,0.35315006971359253,1.9937897227330522e-07,0.36089246875067144,3.4657359027997265
lam1em4,正则族,46,1,16,8,256,0.5376930832862854,0.17192010581493378,0.4461638629436493,0.20521141588687897,-0.7669275403022766,5.353593349456787,-13.815510749816895,2.193887710571289,1,1,1,0.125,0.125,7,8,8,10.575866365811265,5.385110855102539,5.175292015075684,0.6469115018844604,0.35308849811553955,1.9937224839022302e-07,0.3608898322339225,3.4657359027997265
lam1em2,正则族,46,1,16,8,256,0.5371896028518677,0.1692395657300949,0.43015363812446594,0.19561927020549774,0.7335206866264343,1.371205449104309,-1.8264634609222412,2.153414726257324,0,0,0,0.0,0.0,8,8,8,10.575866365811265,5.4176435470581055,5.3980536460876465,0.6747567057609558,0.3252432942390442,0.03197578189118408,0.3488270632961647,3.4657359027997265
lam1em1,正则族,46,1,16,8,256,0.5523441433906555,0.2179672122001648,0.422177791595459,0.24075450003147125,0.9691883325576782,0.7823095321655273,-0.18502669036388397,1.8575637340545654,0,0,0,0.0,0.0,8,8,8,10.575866365811265,6.84495210647583,6.281922340393066,0.7852402925491333,0.2147597074508667,0.08574299601413025,0.33099188892582626,3.4657359027997265
scalar,对照,46,1,16,8,256,0.5392707586288452,0.26025378704071045,0.4205111861228943,0.27074864506721497,1.4937262535095215,0.0,1.4937262535095215,1.4937262535095215,0,0,0,0.0,0.0,8,8,8,10.575866365811265,0.1695423722267151,7.615420341491699,0.9519275426864624,0.0480724573135376,0.3295859094252494,0.33381092572533444,3.4657359027997265
nobeta,对照,46,1,16,8,256,0.5392708778381348,0.7722538113594055,0.7673723101615906,0.7852588295936584,0.0,0.0,0.0,0.0,0,0,0,0.0,0.0,7,8,8,10.575866365811265,5.385305404663086,7.615420341491699,0.9519275426864624,0.0480724573135376,0.32958595052654044,0.33381092572533444,3.4657359027997265
unbound,基准,46,1,16,16,256,0.5003393888473511,0.19147677719593048,0.38607391715049744,0.181923046708107,-1.1600751876831055,5.029539108276367,-13.815510749816895,2.0601933002471924,2,2,2,0.125,0.125,14,16,16,205.1964263337185,1.8193658590316772,10.303277969360352,0.643954873085022,0.356045126914978,1.4543375674874358e-07,0.20674415763546386,2.772588722239781
box33,约束族,46,1,16,16,256,0.5010868310928345,0.1948653608560562,0.38724955916404724,0.18322566151618958,0.1902674287557602,1.5616371631622314,-3.0,2.0446343421936035,2,0,0,0.125,0.0,14,16,16,205.1964263337185,1.8385322093963623,10.454898834228516,0.6534311771392822,0.3465688228607178,0.0072222719215113895,0.20589262798587538,2.772588722239781
box77,约束族,46,1,16,16,256,0.500360369682312,0.19154509902000427,0.3861556053161621,0.18194685876369476,-0.3081636130809784,2.7775137424468994,-7.0,2.059910535812378,2,2,0,0.125,0.0,14,16,16,205.1964263337185,1.8197156190872192,10.308140754699707,0.6442587971687317,0.3557412028312683,0.00013261228811661747,0.2067433353554877,2.772588722239781
box33_lam1em2,约束族,46,1,16,16,256,0.5236574411392212,0.16444441676139832,0.379672646522522,0.14090164005756378,0.30135178565979004,1.495131015777588,-3.0,1.902030110359192,2,0,0,0.125,0.0,14,16,16,205.1964263337185,1.9468064308166504,11.723502159118652,0.7327188849449158,0.26728111505508423,0.00884681724819242,0.1994827075825785,2.772588722239781
noridge,正则族,46,1,16,16,256,0.491451621055603,0.2002771943807602,0.38858479261398315,0.18957911431789398,-1.20369291305542,5.026609897613525,-13.815510749816895,2.082371950149536,2,2,2,0.125,0.125,14,16,16,205.1964263337185,1.80893075466156,9.976341247558594,0.6235213279724121,0.3764786720275879,1.3956229838817954e-07,0.2095856439835273,2.772588722239781
lam1em4,正则族,46,1,16,16,256,0.4924689531326294,0.19936154782772064,0.3881576359272003,0.18877369165420532,-1.198240041732788,5.026867389678955,-13.815510749816895,2.0800740718841553,2,2,2,0.125,0.125,14,16,16,205.1964263337185,1.8099181652069092,10.01278018951416,0.625798761844635,0.374201238155365,1.4015619692832016e-07,0.2091743473706944,2.772588722239781
lam1em2,正则族,46,1,16,16,256,0.5236984491348267,0.16916699707508087,0.37981268763542175,0.13942739367485046,-1.0472859144210815,5.041245937347412,-13.815510749816895,1.918881893157959,2,2,2,0.125,0.125,14,16,16,205.1964263337185,1.9289164543151855,11.565824508666992,0.722864031791687,0.277135968208313,1.7812168643719196e-07,0.20018139757310777,2.772588722239781
lam1em1,正则族,46,1,16,16,256,0.5336185693740845,0.17272891104221344,0.4303649067878723,0.15680883824825287,0.7091270089149475,0.4847847521305084,-0.21210436522960663,1.2860186100006104,0,0,0,0.0,0.0,16,16,16,205.1964263337185,2.86643648147583,14.101299285888672,0.881331205368042,0.11866879463195801,0.13821003755776493,0.12048932445651181,2.772588722239781
scalar,对照,46,1,16,16,256,0.5952672958374023,0.15792228281497955,0.45653319358825684,0.15025006234645844,0.9225074052810669,6.155941179031288e-08,0.9225074648857117,0.9225074648857117,0,0,0,0.0,0.0,16,16,16,205.1964263337185,0.06488773226737976,15.261913299560547,0.9538695812225342,0.04613041877746582,0.3455396323548396,0.09838043474853829,2.772588722239781
nobeta,对照,46,1,16,16,256,0.5952677726745605,0.576777458190918,0.5610085129737854,0.6067432761192322,0.0,0.0,0.0,0.0,0,0,0,0.0,0.0,14,16,16,205.1964263337185,1.8193658590316772,15.261913299560547,0.9538695812225342,0.04613041877746582,0.3455396323548396,0.09838024549362315,2.772588722239781
unbound,基准,46,1,16,32,256,0.5742897391319275,0.13638195395469666,0.424296110868454,0.05653519555926323,-2.137096881866455,5.739047527313232,-13.815510749816895,1.994913935661316,6,6,6,0.1875,0.1875,26,16,16,37.47254507838819,0.04462524503469467,20.512638092041016,0.6410199403762817,0.35898005962371826,7.063846082275926e-08,0.06342891533177478,2.0794415416798357
box33,约束族,46,1,16,32,256,0.5747701525688171,0.13529260456562042,0.42212018370628357,0.05808417499065399,-0.10903164744377136,1.5583374500274658,-3.0,1.9884772300720215,6,0,0,0.1875,0.0,26,16,16,37.47254507838819,0.046872809529304504,21.153871536254883,0.6610584855079651,0.3389415144920349,0.003565516926052385,0.06378376177164176,2.0794415416798357
box77,约束族,46,1,16,32,256,0.5743131041526794,0.13636252284049988,0.4242642819881439,0.05656176805496216,-0.8591804504394531,3.0709266662597656,-7.0,1.9947948455810547,6,6,0,0.1875,0.0,26,16,16,37.47254507838819,0.044666681438684464,20.532546997070312,0.6416420936584473,0.35835790634155273,6.443032668331838e-05,0.0634367269915482,2.0794415416798357
box33_lam1em2,约束族,46,1,16,32,256,0.5581931471824646,0.12040875107049942,0.40985310077667236,0.0623251274228096,0.017593398690223694,1.3999803066253662,-3.0,1.8072428703308105,3,0,0,0.09375,0.0,29,16,16,37.47254507838819,0.09824834018945694,22.29506492614746,0.6967207789421082,0.30327922105789185,0.0036570690343843497,0.052325600290475255,2.0794415416798357
noridge,正则族,46,1,16,32,256,0.5735194087028503,0.13789014518260956,0.4251718521118164,0.05774776265025139,-2.1563491821289062,5.7362236976623535,-13.815510749816895,2.015044689178467,6,6,6,0.1875,0.1875,26,16,16,37.47254507838819,0.03954625502228737,20.33405113220215,0.6354390978813171,0.36456090211868286,7.034151736294723e-08,0.0659866237236243,2.0794415416798357
lam1em4,正则族,46,1,16,32,256,0.5735926628112793,0.13786862790584564,0.4250933527946472,0.05761932209134102,-2.1541216373443604,5.736525058746338,-13.815510749816895,2.0130016803741455,6,6,6,0.1875,0.1875,26,16,16,37.47254507838819,0.040048521012067795,20.35332679748535,0.6360414624214172,0.36395853757858276,7.037263946311748e-08,0.06571164285794888,2.0794415416798357
lam1em2,正则族,46,1,16,32,256,0.5575326681137085,0.12118905782699585,0.41025447845458984,0.06181817129254341,-0.6653975248336792,3.6458020210266113,-13.815510749816895,1.8055977821350098,3,2,2,0.09375,0.0625,30,16,16,37.47254507838819,0.09776903688907623,22.11019515991211,0.6909435987472534,0.3090564012527466,7.319895200128265e-08,0.052275431422882705,2.0794415416798357
lam1em1,正则族,46,1,16,32,256,0.46713101863861084,0.10335481911897659,0.361428439617157,0.10103577375411987,0.439628541469574,0.36537691950798035,-0.5326929688453674,1.012528896331787,0,0,0,0.0,0.0,32,16,16,37.47254507838819,0.5046055316925049,27.042823791503906,0.8450882434844971,0.15491175651550293,0.1153416053241984,0.03790631398773111,2.0794415416798357
scalar,对照,46,1,16,32,256,0.42843833565711975,0.09058387577533722,0.34927546977996826,0.10429943352937698,0.5352001190185547,0.0,0.5352001190185547,0.5352001190185547,0,0,0,0.0,0.0,32,16,16,37.47254507838819,0.019013619050383568,28.586944580078125,0.8933420181274414,0.1066579818725586,0.1457824133427884,0.0363211866048163,2.0794415416798357
nobeta,对照,46,1,16,32,256,0.42843884229660034,0.4144848585128784,0.4223911166191101,0.4143590033054352,0.0,0.0,0.0,0.0,0,0,0,0.0,0.0,26,16,16,37.47254507838819,0.04462524503469467,28.586936950683594,0.8933417797088623,0.1066582202911377,0.1457824133427884,0.03632117681576896,2.0794415416798357
unbound,基准,46,1,16,64,256,0.5033261179924011,0.06804664433002472,0.39301034808158875,0.02284068614244461,-0.8840177655220032,3.508151054382324,-13.815510749816895,1.1795958280563354,6,4,4,0.09375,0.0625,60,16,16,25.620506472409176,0.000857449893373996,38.2145881652832,0.59710294008255,0.40289705991744995,4.3933346240501934e-08,0.04970781651513003,1.3862943611198906
box33,约束族,46,1,16,64,256,0.499946653842926,0.06830155849456787,0.39201855659484863,0.024374406784772873,-0.15999741852283478,1.1238616704940796,-3.0,1.1699565649032593,6,0,0,0.09375,0.0,58,16,16,25.620506472409176,0.0010591372847557068,39.20754623413086,0.6126179099082947,0.3873820900917053,0.002196775423192987,0.04950993744928189,1.3862943611198906
box77,约束族,46,1,16,64,256,0.5032733678817749,0.06799259036779404,0.39301496744155884,0.02287687547504902,-0.45699334144592285,1.9684350490570068,-7.0,1.179457187652588,6,4,0,0.09375,0.0,60,16,16,25.620506472409176,0.0008613909012638032,38.23979568481445,0.5974968075752258,0.40250319242477417,4.006611702023222e-05,0.049705356201233133,1.3862943611198906
box33_lam1em2,约束族,46,1,16,64,256,0.4782927334308624,0.06743153929710388,0.3807687759399414,0.02770189382135868,0.0500275194644928,0.7694419622421265,-2.71001935005188,1.0642191171646118,0,0,0,0.0,0.0,64,16,16,25.620506472409176,0.004411026369780302,42.93342590332031,0.6708347797393799,0.3291652202606201,0.006623913424937506,0.047466783804572026,1.3862943611198906
noridge,正则族,46,1,16,64,256,0.5058827996253967,0.07081393152475357,0.3931587040424347,0.023099396377801895,-0.9829290509223938,3.5873336791992188,-13.815510749816895,1.194993257522583,7,4,4,0.109375,0.0625,60,16,16,25.620506472409176,0.0006864421884529293,37.67775344848633,0.5887148976325989,0.4112851023674011,4.341464141677909e-08,0.04997075685258323,1.3862943611198906
lam1em4,正则族,46,1,16,64,256,0.5056273341178894,0.07053066790103912,0.3931436538696289,0.022984592244029045,-0.9633053541183472,3.56728196144104,-13.815510749816895,1.193432092666626,7,4,4,0.109375,0.0625,60,16,16,25.620506472409176,0.0007024853257462382,37.73506164550781,0.5896103382110596,0.41038966178894043,4.346702063895372e-08,0.04994446347144107,1.3862943611198906
lam1em2,正则族,46,1,16,64,256,0.47887295484542847,0.0686347484588623,0.380729615688324,0.02779478207230568,0.026254918426275253,0.8353620171546936,-3.631047248840332,1.0684540271759033,1,0,0,0.015625,0.0,64,16,16,25.620506472409176,0.004426140803843737,42.61277389526367,0.6658245921134949,0.3341754078865051,0.002548558569469046,0.04758263717978332,1.3862943611198906
lam1em1,正则族,46,1,16,64,256,0.4282146692276001,0.048742666840553284,0.3313145637512207,0.04123304784297943,0.23253437876701355,0.2620626389980316,-0.7198135852813721,0.6722559928894043,0,0,0,0.0,0.0,64,16,16,25.620506472409176,0.07974594831466675,49.1098518371582,0.7673414349555969,0.23265856504440308,0.04567342227271814,0.03920612000796884,1.3862943611198906
scalar,对照,46,1,16,64,256,0.4186991751194,0.054741837084293365,0.3270719051361084,0.054845478385686874,0.26457640528678894,0.0,0.26457640528678894,0.26457640528678894,0,0,0,0.0,0.0,64,16,16,25.620506472409176,0.006221205461770296,50.14753723144531,0.783555269241333,0.216444730758667,0.06209554965914656,0.03410910663325984,1.3862943611198906
nobeta,对照,46,1,16,64,256,0.41869914531707764,0.24682480096817017,0.3571092188358307,0.24881204962730408,0.0,0.0,0.0,0.0,0,0,0,0.0,0.0,60,16,16,25.620506472409176,0.000857449893373996,50.14753723144531,0.783555269241333,0.216444730758667,0.06209556106625229,0.03410909358119672,1.3862943611198906
unbound,基准,46,1,32,8,256,0.4877997040748596,0.20663727819919586,0.37656596302986145,0.21698500216007233,0.9900320172309875,0.7111586332321167,-0.0684436783194542,1.9832360744476318,0,0,0,0.0,0.0,8,8,8,7.69928666931127,10.481440544128418,6.647850513458252,0.8309813141822815,0.1690186858177185,0.11237652899671077,0.36239942280410187,3.4657359027997265
box33,约束族,46,1,32,8,256,0.48779961466789246,0.20663714408874512,0.37656596302986145,0.21698492765426636,0.9900320172309875,0.7111585736274719,-0.0684434175491333,1.9832360744476318,0,0,0,0.0,0.0,8,8,8,7.69928666931127,10.481437683105469,6.64785099029541,0.8309813737869263,0.16901862621307373,0.11237655075703891,0.36239942280410187,3.4657359027997265
box77,约束族,46,1,32,8,256,0.4877995252609253,0.20663727819919586,0.37656596302986145,0.21698492765426636,0.9900320172309875,0.7111585140228271,-0.06844348460435867,1.9832359552383423,0,0,0,0.0,0.0,8,8,8,7.69928666931127,10.481439590454102,6.64785099029541,0.8309813737869263,0.16901862621307373,0.11237657830579752,0.36239942280410187,3.4657359027997265
box33_lam1em2,约束族,46,1,32,8,256,0.48601746559143066,0.20819135010242462,0.3758339285850525,0.21556644141674042,0.9992116689682007,0.6759175062179565,0.003097381442785263,1.9639643430709839,0,0,0,0.0,0.0,8,8,8,7.69928666931127,10.493439674377441,6.709902286529541,0.8387377858161926,0.16126221418380737,0.12401156430830039,0.3622620673863503,3.4657359027997265
noridge,正则族,46,1,32,8,256,0.4881693720817566,0.2084856629371643,0.37666454911231995,0.21717017889022827,0.9887790083885193,0.7156277894973755,-0.07736102491617203,1.98544180393219,0,0,0,0.0,0.0,8,8,8,7.69928666931127,10.481307983398438,6.640102863311768,0.830012857913971,0.16998714208602905,0.11097551739906683,0.36241726385385,3.4657359027997265
lam1em4,正则族,46,1,32,8,256,0.4881323575973511,0.20829957723617554,0.37665441632270813,0.21715125441551208,0.9889069199562073,0.7151750326156616,-0.07645997405052185,1.9852206707000732,0,0,0,0.0,0.0,8,8,8,7.69928666931127,10.481307983398438,6.640887260437012,0.8301109075546265,0.16988909244537354,0.11111683390555482,0.36241543841825796,3.4657359027997265
lam1em2,正则族,46,1,32,8,256,0.48601746559143066,0.20819129049777985,0.37583398818969727,0.21556653082370758,0.9992119669914246,0.6759164929389954,0.0031001148745417595,1.9639642238616943,0,0,0,0.0,0.0,8,8,8,7.69928666931127,10.493440628051758,6.709901332855225,0.8387376666069031,0.16126233339309692,0.1240118728042434,0.3622620329441693,3.4657359027997265
lam1em1,正则族,46,1,32,8,256,0.4809649884700775,0.1969795525074005,0.3967478573322296,0.2442759871482849,1.0189692974090576,0.5102347731590271,0.3574422299861908,1.808952808380127,0,0,0,0.0,0.0,8,8,8,7.69928666931127,11.174674987792969,7.009202480316162,0.8761503100395203,0.12384968996047974,0.19242474732988005,0.3617821844787442,3.4657359027997265
scalar,对照,46,1,32,8,256,0.46519309282302856,0.23411720991134644,0.3575046956539154,0.21229435503482819,1.3625842332839966,0.0,1.3625842332839966,1.3625842332839966,0,0,0,0.0,0.0,8,8,8,7.69928666931127,0.15083658695220947,7.533213138580322,0.9416516423225403,0.05834835767745972,0.3463352118102693,0.3666242040497551,3.4657359027997265
nobeta,对照,46,1,32,8,256,0.4651932120323181,0.7495476603507996,0.7060515880584717,0.7552843689918518,0.0,0.0,0.0,0.0,0,0,0,0.0,0.0,8,8,8,7.69928666931127,10.481440544128418,7.533213138580322,0.9416516423225403,0.05834835767745972,0.34633518811710634,0.3666242040497551,3.4657359027997265
unbound,基准,46,1,32,16,256,0.4158725440502167,0.145402729511261,0.335166335105896,0.14436882734298706,-0.3287155330181122,3.696230411529541,-13.815510749816895,1.718403697013855,1,1,1,0.0625,0.0625,15,16,16,18.69493685802653,3.4886834621429443,11.656177520751953,0.7285110950469971,0.27148890495300293,1.2588223727541898e-07,0.23419432815804034,2.772588722239781
box33,约束族,46,1,32,16,256,0.41508519649505615,0.1473052203655243,0.33500245213508606,0.14737804234027863,0.34145858883857727,1.2421386241912842,-3.0,1.717870831489563,1,0,0,0.0625,0.0,15,16,16,18.69493685802653,3.5027236938476562,11.686834335327148,0.7304271459579468,0.2695728540420532,0.006312771437666484,0.2344506124267188,2.772588722239781
box77,约束族,46,1,32,16,256,0.41587623953819275,0.14543752372264862,0.335170179605484,0.14442387223243713,0.09715082496404648,2.075975179672241,-7.0,1.7183940410614014,1,1,0,0.0625,0.0,15,16,16,18.69493685802653,3.4889392852783203,11.657424926757812,0.7285890579223633,0.2714109420776367,0.00011480493925028387,0.23420912107477163,2.772588722239781
box33_lam1em2,约束族,46,1,32,16,256,0.41850677132606506,0.15268167853355408,0.3363451361656189,0.1500399112701416,0.40001726150512695,1.1583013534545898,-3.0,1.6573442220687866,1,0,0,0.0625,0.0,15,16,16,18.69493685802653,3.520066261291504,12.059806823730469,0.7537379264831543,0.2462620735168457,0.006286141078608156,0.2284401074237518,2.772588722239781
noridge,正则族,46,1,32,16,256,0.416367769241333,0.14699046313762665,0.3359067142009735,0.14693692326545715,-0.33851271867752075,3.699340343475342,-13.815510749816895,1.7260839939117432,1,1,1,0.0625,0.0625,15,16,16,18.69493685802653,3.4884607791900635,11.604609489440918,0.7252880930900574,0.2747119069099426,1.2568746533903814e-07,0.23582475212131151,2.772588722239781
lam1em4,正则族,46,1,32,16,256,0.4163140058517456,0.14682793617248535,0.3357132077217102,0.14654819667339325,-0.337478369474411,3.6990039348602295,-13.815510749816895,1.7253062725067139,1,1,1,0.0625,0.0625,15,16,16,18.69493685802653,3.4884629249572754,11.609898567199707,0.7256186604499817,0.2743813395500183,1.2570701118697174e-07,0.23564203635120815,2.772588722239781
lam1em2,正则族,46,1,32,16,256,0.4181709885597229,0.1538509577512741,0.3367116153240204,0.14971648156642914,-0.272646963596344,3.6814069747924805,-13.815510749816895,1.6576251983642578,1,1,1,0.0625,0.0625,15,16,16,18.69493685802653,3.505918502807617,12.020356178283691,0.7512722611427307,0.2487277388572693,1.2658041094057192e-07,0.22881141135581579,2.772588722239781
lam1em1,正则族,46,1,32,16,256,0.42699456214904785,0.17897766828536987,0.33832529187202454,0.1522788405418396,-0.1715649664402008,3.659888505935669,-13.815510749816895,1.345247507095337,1,1,1,0.0625,0.0625,15,16,16,18.69493685802653,3.9928808212280273,13.104192733764648,0.8190120458602905,0.18098795413970947,1.2900491681499067e-07,0.22674961629685003,2.772588722239781
scalar,对照,46,1,32,16,256,0.39918434619903564,0.16089093685150146,0.32316240668296814,0.1594979614019394,0.9039555191993713,6.155941179031288e-08,0.9039555788040161,0.9039555788040161,0,0,0,0.0,0.0,16,16,16,18.69493685802653,0.06814400851726532,14.524322509765625,0.9077701568603516,0.09222984313964844,0.1778256969957636,0.21665667958222362,2.772588722239781
nobeta,对照,46,1,32,16,256,0.3991844952106476,0.5621503591537476,0.4974401295185089,0.6138105392456055,0.0,0.0,0.0,0.0,0,0,0,0.0,0.0,15,16,16,18.69493685802653,3.4886834621429443,14.524322509765625,0.9077701568603516,0.09222984313964844,0.17782567192000473,0.21665667958222362,2.772588722239781
unbound,基准,46,1,32,32,256,0.3876369893550873,0.08165140450000763,0.31429898738861084,0.04132368415594101,-1.955958604812622,5.317861557006836,-13.815510749816895,1.9656122922897339,6,5,5,0.1875,0.15625,27,32,32,882.5239082949188,0.46321210265159607,19.26248550415039,0.6019526720046997,0.3980473279953003,6.580119188622445e-08,0.1402526423524413,2.0794415416798357
box33,约束族,46,1,32,32,256,0.3885800838470459,0.08113584667444229,0.3134927451610565,0.04086175560951233,-0.2075895518064499,1.5290884971618652,-3.0,1.971035122871399,6,0,0,0.1875,0.0,26,32,32,882.5239082949188,0.46794384717941284,19.595932006835938,0.612372875213623,0.38762712478637695,0.003273584520951966,0.14092768326803012,2.0794415416798357
box77,约束族,46,1,32,32,256,0.38765648007392883,0.08163148164749146,0.3143119812011719,0.04132038727402687,-0.8906381726264954,2.9194648265838623,-7.0,1.9657200574874878,6,5,0,0.1875,0.0,27,32,32,882.5239082949188,0.4632927477359772,19.27155876159668,0.6022362112998962,0.39776378870010376,6.00007299603979e-05,0.1402736090301134,2.0794415416798357
box33_lam1em2,约束族,46,1,32,32,256,0.3765113055706024,0.08169694244861603,0.2936080992221832,0.04344494268298149,-0.0656171590089798,1.4113506078720093,-3.0,1.7289774417877197,5,0,0,0.15625,0.0,27,32,32,882.5239082949188,0.5223804712295532,21.231595993041992,0.6634873747825623,0.33651262521743774,0.003354399478259298,0.12420111361213128,2.0794415416798357
noridge,正则族,46,1,32,32,256,0.39004191756248474,0.08242151141166687,0.3177186846733093,0.04163605347275734,-2.251046657562256,5.6906256675720215,-13.815510749816895,1.997226357460022,6,6,6,0.1875,0.1875,26,32,32,882.5239082949188,0.45688632130622864,19.007152557373047,0.5939735174179077,0.4060264825820923,6.564340694758512e-08,0.14421190021436797,2.0794415416798357
lam1em4,正则族,46,1,32,32,256,0.3898591995239258,0.08231537789106369,0.31747111678123474,0.041500866413116455,-2.2488701343536377,5.69112491607666,-13.815510749816895,1.9940763711929321,6,6,6,0.1875,0.1875,26,32,32,882.5239082949188,0.4575013518333435,19.03201675415039,0.5947505235671997,0.4052494764328003,6.565542206939305e-08,0.14378251815462503,2.0794415416798357
lam1em2,正则族,46,1,32,32,256,0.37642166018486023,0.08065960556268692,0.29392558336257935,0.04287399724125862,-1.753121018409729,5.306416988372803,-13.815510749816895,1.723778486251831,5,5,5,0.15625,0.15625,27,32,32,882.5239082949188,0.516964316368103,20.91739273071289,0.6536685228347778,0.34633147716522217,6.750989906664918e-08,0.12430313135219653,2.0794415416798357
lam1em1,正则族,46,1,32,32,256,0.36000722646713257,0.10025438666343689,0.2822454571723938,0.04710470139980316,-0.029090235009789467,2.548098564147949,-13.815510749816895,1.051129937171936,1,1,1,0.03125,0.03125,31,32,32,882.5239082949188,0.9295304417610168,24.5252628326416,0.76641446352005,0.23358553647994995,1.4856357906118613e-07,0.10166049715358015,2.0794415416798357
scalar,对照,46,1,32,32,256,0.32992956042289734,0.10953852534294128,0.26004812121391296,0.09611058235168457,0.5386585593223572,6.055837786789198e-08,0.5386584997177124,0.5386584997177124,0,0,0,0.0,0.0,32,32,32,882.5239082949188,0.022914856672286987,27.0277099609375,0.8446159362792969,0.15538406372070312,0.10503789307819682,0.07877641465574281,2.0794415416798357
nobeta,对照,46,1,32,32,256,0.32992953062057495,0.41791731119155884,0.3595789968967438,0.4184829592704773,0.0,0.0,0.0,0.0,0,0,0,0.0,0.0,27,32,32,882.5239082949188,0.46321210265159607,27.02770233154297,0.8446156978607178,0.15538430213928223,0.10503789307819682,0.07877648354010477,2.0794415416798357
unbound,基准,46,1,32,64,256,0.339203417301178,0.06508614122867584,0.2753044068813324,0.009167695418000221,-0.4609476923942566,2.714437484741211,-13.815510749816895,1.0865275859832764,4,3,2,0.0625,0.03125,62,32,32,76.14341356363033,0.0330062098801136,40.47600555419922,0.6324375867843628,0.3675624132156372,5.303167564096888e-08,0.0713337434937756,1.3862943611198906
box33,约束族,46,1,32,64,256,0.33889493346214294,0.06475015729665756,0.2760106921195984,0.00921898428350687,-0.026936912909150124,0.9610558152198792,-3.0,1.0850327014923096,2,0,0,0.03125,0.0,62,32,32,76.14341356363033,0.032709185034036636,41.07213592529297,0.6417521238327026,0.35824787616729736,0.00265341538069045,0.07072035408214251,1.3862943611198906
box77,约束族,46,1,32,64,256,0.3392004370689392,0.06506896018981934,0.27531698346138,0.009168518707156181,-0.23021356761455536,1.6649171113967896,-7.0,1.0864847898483276,4,2,0,0.0625,0.0,62,32,32,76.14341356363033,0.03300124406814575,40.489295959472656,0.6326452493667603,0.36735475063323975,4.836266367792837e-05,0.07132298892276433,1.3862943611198906
box33_lam1em2,约束族,46,1,32,64,256,0.31432536244392395,0.06361742317676544,0.26409900188446045,0.011564694344997406,0.09782817959785461,0.729392945766449,-3.0,0.9983652234077454,1,0,0,0.015625,0.0,63,32,32,76.14341356363033,0.03991665691137314,43.88159942626953,0.6856499910354614,0.3143500089645386,0.0028159882148042314,0.060988526414009765,1.3862943611198906
noridge,正则族,46,1,32,64,256,0.34369131922721863,0.06599081307649612,0.27737972140312195,0.009246553294360638,-0.5790402889251709,3.069309711456299,-13.815510749816895,1.09980046749115,4,3,3,0.0625,0.046875,61,32,32,76.14341356363033,0.03247985988855362,40.07501220703125,0.6261720657348633,0.3738279342651367,5.2609903575770446e-08,0.0729051507799361,1.3862943611198906
lam1em4,正则族,46,1,32,64,256,0.3432314693927765,0.06589923799037933,0.2772524952888489,0.009284770116209984,-0.5766881704330444,3.068155527114868,-13.815510749816895,1.0984375476837158,4,3,3,0.0625,0.046875,61,32,32,76.14341356363033,0.03253060206770897,40.115848541259766,0.6268101334571838,0.37318986654281616,5.265218935973591e-08,0.0727449429751037,1.3862943611198906
lam1em2,正则族,46,1,32,64,256,0.31418898701667786,0.06432782858610153,0.26369255781173706,0.011557691730558872,0.07808374613523483,0.787399172782898,-3.424971103668213,1.0001728534698486,1,0,0,0.015625,0.0,64,32,32,76.14341356363033,0.040190886706113815,43.61158752441406,0.6814310550689697,0.3185689449310303,0.0018359433953297612,0.06129563442599808,1.3862943611198906
lam1em1,正则族,46,1,32,64,256,0.29540708661079407,0.06465660780668259,0.24390576779842377,0.021193360909819603,0.22869247198104858,0.26182812452316284,-0.5490326881408691,0.6923573613166809,0,0,0,0.0,0.0,64,32,32,76.14341356363033,0.1457924246788025,47.45847702026367,0.7415387034416199,0.2584612965583801,0.03271017210028907,0.0494828575410016,1.3862943611198906
scalar,对照,46,1,32,64,256,0.27810895442962646,0.054611384868621826,0.23409782350063324,0.05522394925355911,0.2584724724292755,0.0,0.2584724724292755,0.2584724724292755,0,0,0,0.0,0.0,64,32,32,76.14341356363033,0.006395222619175911,48.275596618652344,0.7543061971664429,0.24569380283355713,0.039736782313279435,0.04297646262681765,1.3862943611198906
nobeta,对照,46,1,32,64,256,0.2781091034412384,0.23673294484615326,0.2638999819755554,0.2256418764591217,0.0,0.0,0.0,0.0,0,0,0,0.0,0.0,62,32,32,76.14341356363033,0.0330062098801136,48.275596618652344,0.7543061971664429,0.24569380283355713,0.039736776906618046,0.042976471237362895,1.3862943611198906
unbound,基准,46,2,8,8,256,0.6156344413757324,0.36433422565460205,0.582165539264679,0.2585085332393646,-2.4914743900299072,7.016046524047852,-13.815510749816895,2.5224382877349854,2,2,2,0.25,0.25,6,8,8,103.87609330818402,0.0970088392496109,4.366836071014404,0.5458545088768005,0.45414549112319946,7.922235482431299e-08,0.32312604290394786,3.4657359027997265
box33,约束族,46,2,8,8,256,0.6043675541877747,0.3610662519931793,0.5754168033599854,0.256410151720047,0.21142876148223877,2.070388078689575,-3.0,2.5093894004821777,2,0,0,0.25,0.0,6,8,8,103.87609330818402,0.10224036127328873,4.518165111541748,0.5647706389427185,0.4352293610572815,0.003988943394708437,0.30966215815938,3.4657359027997265
box77,约束族,46,2,8,8,256,0.6156401038169861,0.36425963044166565,0.5823013782501221,0.2584749758243561,-0.7876193523406982,3.882781744003296,-7.0,2.5222065448760986,2,2,0,0.25,0.0,6,8,8,103.87609330818402,0.09710028022527695,4.371337890625,0.546417236328125,0.453582763671875,7.225586461007385e-05,0.32313261750114247,3.4657359027997265
box33_lam1em2,约束族,46,2,8,8,256,0.8999690413475037,0.2523956298828125,0.8181522488594055,0.2608843743801117,0.697994589805603,1.5855963230133057,-3.0,2.2669572830200195,1,0,0,0.125,0.0,7,8,8,103.87609330818402,0.16463738679885864,5.804185390472412,0.7255231738090515,0.2744768261909485,0.01161712635667442,0.14673316141214024,3.4657359027997265
noridge,正则族,46,2,8,8,256,0.5608072876930237,0.3759198784828186,0.5417378544807434,0.27470672130584717,-2.5362136363983154,6.996813774108887,-13.815510749816895,2.54520583152771,2,2,2,0.25,0.25,6,8,8,103.87609330818402,0.09345948696136475,4.202934265136719,0.5253667831420898,0.47463321685791016,7.73922569343744e-08,0.330640225371618,3.4657359027997265
lam1em4,正则族,46,2,8,8,256,0.5615637898445129,0.3760216534137726,0.5475935339927673,0.2683269679546356,-2.53078293800354,6.999065399169922,-13.815510749816895,2.542865514755249,2,2,2,0.25,0.25,6,8,8,103.87609330818402,0.09378428757190704,4.22087287902832,0.52760910987854,0.47239089012145996,7.75786821307091e-08,0.3296209231075941,3.4657359027997265
lam1em2,正则族,46,2,8,8,256,0.9104079008102417,0.2531539499759674,0.8409562706947327,0.2692602872848511,-0.6426593065261841,5.3473591804504395,-13.815510749816895,2.2688229084014893,1,1,1,0.125,0.125,7,8,8,103.87609330818402,0.16219215095043182,5.724921226501465,0.7156151533126831,0.2843848466873169,2.3297374687572543e-07,0.14569471748232574,3.4657359027997265
lam1em1,正则族,46,2,8,8,256,0.8443050384521484,0.21301576495170593,0.7396239638328552,0.20669205486774445,0.9425097703933716,0.5175079107284546,0.18359434604644775,1.5778226852416992,0,0,0,0.0,0.0,8,8,8,103.87609330818402,0.6853592395782471,7.163404941558838,0.8954256176948547,0.10457438230514526,0.1433644351083776,0.08729791246263754,3.4657359027997265
scalar,对照,46,2,8,8,256,0.9187716841697693,0.2121991515159607,0.8208651542663574,0.17080770432949066,1.194252848625183,0.0,1.194252848625183,1.194252848625183,0,0,0,0.0,0.0,8,8,8,103.87609330818402,0.07619035243988037,7.499598026275635,0.9374497532844543,0.06255024671554565,0.2868275797175321,0.07129562967346516,3.4657359027997265
nobeta,对照,46,2,8,8,256,0.9187744855880737,0.7148273587226868,0.8048574328422546,0.7020501494407654,0.0,0.0,0.0,0.0,0,0,0,0.0,0.0,6,8,8,103.87609330818402,0.0970088392496109,7.499599933624268,0.9374499917030334,0.06255000829696655,0.2868275623566862,0.07129553978639414,3.4657359027997265
unbound,基准,46,2,8,16,256,0.5179587006568909,0.17823009192943573,0.49743640422821045,0.18064703047275543,-0.16311132907867432,3.691784381866455,-13.815510749816895,1.668648600578308,1,1,1,0.0625,0.0625,15,8,8,23.032571422413923,5.13630875502713e-05,11.187702178955078,0.6992313861846924,0.3007686138153076,1.0597169289100528e-07,0.022189847657673525,2.772588722239781
box33,约束族,46,2,8,16,256,0.5174378156661987,0.1781873106956482,0.49624568223953247,0.18071690201759338,0.516944169998169,1.1178396940231323,-3.0,1.6660611629486084,1,0,0,0.0625,0.0,15,8,8,23.032571422413923,5.1667164370883256e-05,11.28090763092041,0.7050567269325256,0.29494327306747437,0.0052896740420831775,0.02212099202110358,2.772588722239781
box77,约束族,46,2,8,16,256,0.5179580450057983,0.17822960019111633,0.49739041924476624,0.18064779043197632,0.26293450593948364,2.031266450881958,-7.0,1.6686023473739624,1,1,0,0.0625,0.0,15,8,8,23.032571422413923,5.136686741025187e-05,11.190186500549316,0.6993866562843323,0.3006133437156677,9.663815391406904e-05,0.022188567836995663,2.772588722239781
box33_lam1em2,约束族,46,2,8,16,256,0.5085719227790833,0.1552090048789978,0.4855470061302185,0.16588659584522247,0.6199892163276672,0.9094941020011902,-2.1707630157470703,1.590517520904541,0,0,0,0.0,0.0,16,8,8,23.032571422413923,0.0034357933327555656,11.84730339050293,0.7404564619064331,0.2595435380935669,0.012987071560548616,0.019203261976119792,2.772588722239781
noridge,正则族,46,2,8,16,256,0.5199062824249268,0.18363648653030396,0.5036381483078003,0.17580407857894897,-0.17785996198654175,3.691445827484131,-13.815510749816895,1.6823961734771729,1,1,1,0.0625,0.0625,15,8,8,23.032571422413923,5.055575456935912e-06,11.07093620300293,0.6919335126876831,0.3080664873123169,1.0460465002396906e-07,0.02295910763197074,2.772588722239781
lam1em4,正则族,46,2,8,16,256,0.5196976065635681,0.18307410180568695,0.5029475688934326,0.17608660459518433,-0.1762349009513855,3.691478729248047,-13.815510749816895,1.680964469909668,1,1,1,0.0625,0.0625,15,8,8,23.032571422413923,6.118553301348584e-06,11.083468437194824,0.6927167773246765,0.3072832226753235,1.0474652500014535e-07,0.022875268676729045,2.772588722239781
lam1em2,正则族,46,2,8,16,256,0.5084624886512756,0.15566286444664001,0.48631343245506287,0.16668814420700073,0.6081525683403015,0.9462024569511414,-2.3488144874572754,1.5911622047424316,0,0,0,0.0,0.0,16,8,8,23.032571422413923,0.003435654565691948,11.822932243347168,0.738933265209198,0.261066734790802,0.010861868508448665,0.019210609174091526,2.772588722239781
lam1em1,正则族,46,2,8,16,256,0.47574275732040405,0.17532789707183838,0.46068793535232544,0.157801553606987,0.695263683795929,0.4704563021659851,-0.3953472077846527,1.36150324344635,0,0,0,0.0,0.0,16,8,8,23.032571422413923,0.12388965487480164,12.487972259521484,0.7804982662200928,0.21950173377990723,0.08542899305357284,0.017158640364734547,2.772588722239781
scalar,对照,46,2,8,16,256,0.48571884632110596,0.16597764194011688,0.45833858847618103,0.11729313433170319,0.8717309236526489,1.2311882358062576e-07,0.8717310428619385,0.8717310428619385,0,0,0,0.0,0.0,16,8,8,23.032571422413923,0.03551504388451576,13.522595405578613,0.8451622128486633,0.15483778715133667,0.12701588866492178,0.013145044602816932,2.772588722239781
nobeta,对照,46,2,8,16,256,0.4857165813446045,0.6306980848312378,0.6097679138183594,0.6162031888961792,0.0,0.0,0.0,0.0,0,0,0,0.0,0.0,15,8,8,23.032571422413923,5.13630875502713e-05,13.522595405578613,0.8451622128486633,0.15483778715133667,0.1270158771302663,0.013145085266015726,2.772588722239781
unbound,基准,46,2,8,32,256,0.4931804835796356,0.13579846918582916,0.48956170678138733,0.14058274030685425,0.09125716239213943,0.8282711505889893,-2.561103343963623,1.4308056831359863,0,0,0,0.0,0.0,32,8,8,16.770319958753173,4.556442036118824e-06,17.316322326660156,0.5411350727081299,0.4588649272918701,0.009796539747832117,0.030060603575407987,2.0794415416798357
box33,约束族,46,2,8,32,256,0.495225191116333,0.13680358231067657,0.4900417923927307,0.13898436725139618,0.12470913678407669,0.763626754283905,-2.089866876602173,1.423276424407959,0,0,0,0.0,0.0,32,8,8,16.770319958753173,4.554753104457632e-06,17.588285446166992,0.5496339201927185,0.4503660798072815,0.01586800995465849,0.029671657938766225,2.0794415416798357
box77,约束族,46,2,8,32,256,0.4932183027267456,0.13581672310829163,0.4895690083503723,0.1405533105134964,0.09195543080568314,0.8267971277236938,-2.550138235092163,1.4306666851043701,0,0,0,0.0,0.0,32,8,8,16.770319958753173,4.556417479761876e-06,17.321392059326172,0.5412935018539429,0.45870649814605713,0.009906561518412281,0.030053677990602705,2.0794415416798357
box33_lam1em2,约束族,46,2,8,32,256,0.484356552362442,0.12291111797094345,0.46354424953460693,0.12126941978931427,0.2965331971645355,0.5381476283073425,-1.0876529216766357,1.326009750366211,0,0,0,0.0,0.0,32,8,8,16.770319958753173,0.0003930044767912477,19.828947067260742,0.6196545958518982,0.3803454041481018,0.04660816971010497,0.025766520558792267,2.0794415416798357
noridge,正则族,46,2,8,32,256,0.5021868348121643,0.13404043018817902,0.4907744228839874,0.14396168291568756,0.03950348496437073,0.9247097373008728,-3.1409740447998047,1.445289969444275,1,0,0,0.03125,0.0,32,8,8,16.770319958753173,9.00547547644237e-09,16.923810958862305,0.528869092464447,0.471130907535553,0.005403645434208922,0.030688081676349104,2.0794415416798357
lam1em4,正则族,46,2,8,32,256,0.5011617541313171,0.1342218667268753,0.48951369524002075,0.14361390471458435,0.04560631886124611,0.9123567938804626,-3.063347816467285,1.443814754486084,1,0,0,0.03125,0.0,32,8,8,16.770319958753173,7.650008626569615e-08,16.96471405029297,0.5301473140716553,0.4698526859283447,0.005848894803052138,0.03062410348346619,2.0794415416798357
lam1em2,正则族,46,2,8,32,256,0.48507678508758545,0.12332920730113983,0.46306079626083374,0.12365011870861053,0.2881675660610199,0.5493601560592651,-1.1658358573913574,1.3301985263824463,0,0,0,0.0,0.0,32,8,8,16.770319958753173,0.0003930175444111228,19.70100212097168,0.615656316280365,0.384343683719635,0.043697388070562865,0.02596623250925262,2.0794415416798357
lam1em1,正则族,46,2,8,32,256,0.4746561348438263,0.10118801891803741,0.44164881110191345,0.08740875124931335,0.41326379776000977,0.33902430534362793,-0.386995792388916,1.101081132888794,0,0,0,0.0,0.0,32,8,8,16.770319958753173,0.020535031333565712,22.389360427856445,0.6996675133705139,0.3003324866294861,0.07313413171443582,0.020968126130216886,2.0794415416798357
scalar,对照,46,2,8,32,256,0.452759712934494,0.14054915308952332,0.4501933157444,0.07508466392755508,0.5498991012573242,0.0,0.5498991012573242,0.5498991012573242,0,0,0,0.0,0.0,32,8,8,16.770319958753173,0.016248878091573715,25.11208724975586,0.7847527265548706,0.2152472734451294,0.08131886638454779,0.015945122102592694,2.0794415416798357
nobeta,对照,46,2,8,32,256,0.4527592360973358,0.4876784682273865,0.5128762125968933,0.4579946994781494,0.0,0.0,0.0,0.0,0,0,0,0.0,0.0,32,8,8,16.770319958753173,4.556442036118824e-06,25.11208152770996,0.7847525477409363,0.21524745225906372,0.08131886638454779,0.01594513387351866,2.0794415416798357
unbound,基准,46,2,8,64,256,0.4801952540874481,0.12416200339794159,0.46296700835227966,0.1349681317806244,-0.4536835849285126,0.9687305688858032,-3.703752040863037,1.1720398664474487,3,0,0,0.046875,0.0,64,8,8,14.530601484886123,2.0800246147700818e-07,24.960039138793945,0.3900006115436554,0.6099993884563446,0.0006668761471578772,0.03389984303148224,1.3862943611198906
box33,约束族,46,2,8,64,256,0.47863683104515076,0.12025674432516098,0.4619641900062561,0.1301233321428299,-0.3639639616012573,0.7911590933799744,-2.620014190673828,1.154557228088379,0,0,0,0.0,0.0,64,8,8,14.530601484886123,2.0770714570517157e-07,25.822696685791016,0.4034796357154846,0.5965203642845154,0.0020090079426222525,0.03356739783948184,1.3862943611198906
box77,约束族,46,2,8,64,256,0.4800310730934143,0.12409047037363052,0.4629784822463989,0.13487954437732697,-0.4513678252696991,0.9631821513175964,-3.668586015701294,1.1717236042022705,3,0,0,0.046875,0.0,64,8,8,14.530601484886123,2.0771061315372208e-07,24.976051330566406,0.3902508020401001,0.6097491979598999,0.0006909815065101836,0.03389401963338114,1.3862943611198906
box33_lam1em2,约束族,46,2,8,64,256,0.47038960456848145,0.11313039809465408,0.4395866394042969,0.11709713935852051,-0.12913301587104797,0.516121506690979,-1.5761606693267822,1.043931007385254,0,0,0,0.0,0.0,64,8,8,14.530601484886123,2.0268633306841366e-05,30.22015953063965,0.4721899926662445,0.5278100073337555,0.008430724457593712,0.03135018128081156,1.3862943611198906
noridge,正则族,46,2,8,64,256,0.48523834347724915,0.12750884890556335,0.4625972509384155,0.1387576311826706,-0.6551574468612671,1.6866228580474854,-10.12472915649414,1.1864310503005981,3,1,0,0.046875,0.0,64,8,8,14.530601484886123,2.077626959362533e-11,24.336139678955078,0.3802521824836731,0.6197478175163269,1.0703556321392733e-06,0.03415945829427258,1.3862943611198906
lam1em4,正则族,46,2,8,64,256,0.485249400138855,0.12716618180274963,0.4626312553882599,0.13837388157844543,-0.5685575604438782,1.2923572063446045,-6.096450328826904,1.184967279434204,3,0,0,0.046875,0.0,64,8,8,14.530601484886123,2.138136778739863e-09,24.400169372558594,0.381252646446228,0.618747353553772,6.019815807011499e-05,0.03413425567169316,1.3862943611198906
lam1em2,正则族,46,2,8,64,256,0.47366824746131897,0.11356194317340851,0.44310253858566284,0.11917365342378616,-0.15417072176933289,0.5430499911308289,-1.6719099283218384,1.0582630634307861,0,0,0,0.0,0.0,64,8,8,14.530601484886123,2.026743459282443e-05,29.637310028076172,0.4630829691886902,0.5369170308113098,0.007249816286094704,0.031642168730179374,1.3862943611198906
lam1em1,正则族,46,2,8,64,256,0.4662209749221802,0.08202940970659256,0.4306589663028717,0.06663849204778671,0.1776171326637268,0.2161063402891159,-0.49886825680732727,0.7004902958869934,0,0,0,0.0,0.0,64,8,8,14.530601484886123,0.0016452493146061897,41.03502655029297,0.6411722898483276,0.35882771015167236,0.028432144684382706,0.025946376027230555,1.3862943611198906
scalar,对照,46,2,8,64,256,0.45959416031837463,0.06697287410497665,0.4508824944496155,0.04616144299507141,0.2765629291534424,0.0,0.2765629291534424,0.2765629291534424,0,0,0,0.0,0.0,64,8,8,14.530601484886123,0.005648158956319094,45.36193084716797,0.7087801694869995,0.2912198305130005,0.03716458725356034,0.02305764312332426,1.3862943611198906
nobeta,对照,46,2,8,64,256,0.45959416031837463,0.2651091516017914,0.46841686964035034,0.2528485357761383,0.0,0.0,0.0,0.0,0,0,0,0.0,0.0,64,8,8,14.530601484886123,2.0800246147700818e-07,45.36191940307617,0.7087799906730652,0.2912200093269348,0.037164580073949606,0.02305763456265083,1.3862943611198906
unbound,基准,46,2,16,8,256,0.455404132604599,0.17114326357841492,0.4219546914100647,0.1446945071220398,1.0789943933486938,0.4084361493587494,0.4910649061203003,1.5839545726776123,0,0,0,0.0,0.0,8,8,8,21.23509221426277,1.4594768285751343,7.699446201324463,0.9624307751655579,0.03756922483444214,0.4096392331851422,0.2611017607784737,3.4657359027997265
box33,约束族,46,2,16,8,256,0.45540422201156616,0.17114360630512238,0.42195364832878113,0.14469829201698303,1.0789932012557983,0.4084411561489105,0.49106889963150024,1.5839556455612183,0,0,0,0.0,0.0,8,8,8,21.23509221426277,1.4594768285751343,7.69943904876709,0.9624298810958862,0.03757011890411377,0.4096307540305691,0.26110180683670436,3.4657359027997265
box77,约束族,46,2,16,8,256,0.45540401339530945,0.17114344239234924,0.42195451259613037,0.14469456672668457,1.0789943933486938,0.4084361791610718,0.4910649061203003,1.5839544534683228,0,0,0,0.0,0.0,8,8,8,21.23509221426277,1.4594767093658447,7.699446201324463,0.9624307751655579,0.03756922483444214,0.40963930068503523,0.261101783807589,3.4657359027997265
box33_lam1em2,约束族,46,2,16,8,256,0.4554581344127655,0.1773105263710022,0.42261168360710144,0.13951849937438965,1.082965612411499,0.34922170639038086,0.476842999458313,1.53413987159729,0,0,0,0.0,0.0,8,8,8,21.23509221426277,1.4681072235107422,7.753167152404785,0.9691458940505981,0.030854105949401855,0.5044584306907556,0.26100312707746365,3.4657359027997265
noridge,正则族,46,2,16,8,256,0.4558636546134949,0.17250420153141022,0.4193413257598877,0.15141661465168,1.0764694213867188,0.42217546701431274,0.49674177169799805,1.5909359455108643,0,0,0,0.0,0.0,8,8,8,21.23509221426277,1.4592459201812744,7.681957244873047,0.9602446556091309,0.03975534439086914,0.38956589850622636,0.26113275796772406,3.4657359027997265
lam1em4,正则族,46,2,16,8,256,0.4558144211769104,0.17226216197013855,0.419620543718338,0.15119443833827972,1.0767666101455688,0.4206629991531372,0.4961091876029968,1.590217113494873,0,0,0,0.0,0.0,8,8,8,21.23509221426277,1.4592534303665161,7.683942794799805,0.9604928493499756,0.039507150650024414,0.3917035057495854,0.26112930360042275,3.4657359027997265
lam1em2,正则族,46,2,16,8,256,0.4554581344127655,0.17731043696403503,0.42261165380477905,0.13951849937438965,1.082965612411499,0.34922167658805847,0.47684308886528015,1.53413987159729,0,0,0,0.0,0.0,8,8,8,21.23509221426277,1.4681071043014526,7.753167152404785,0.9691458940505981,0.030854105949401855,0.5044585598057548,0.26100312707746365,3.4657359027997265
lam1em1,正则族,46,2,16,8,256,0.45077991485595703,0.20878086984157562,0.42814716696739197,0.14654801785945892,1.0390888452529907,0.21852530539035797,0.6233729124069214,1.2867064476013184,0,0,0,0.0,0.0,8,8,8,21.23509221426277,1.658707857131958,7.7304158210754395,0.9663019776344299,0.03369802236557007,0.36029034314035724,0.2617096833652733,3.4657359027997265
scalar,对照,46,2,16,8,256,0.4574381709098816,0.23168089985847473,0.4483678340911865,0.18078836798667908,1.150558590888977,0.0,1.150558590888977,1.150558590888977,0,0,0,0.0,0.0,8,8,8,21.23509221426277,0.05788911506533623,7.57210636138916,0.946513295173645,0.05348670482635498,0.3344228458113627,0.26271495030818476,3.4657359027997265
nobeta,对照,46,2,16,8,256,0.4574381709098816,0.7075533866882324,0.661270022392273,0.6901338696479797,0.0,0.0,0.0,0.0,0,0,0,0.0,0.0,8,8,8,21.23509221426277,1.4594768285751343,7.572104454040527,0.9465130567550659,0.05348694324493408,0.33442282139441476,0.2627149733373001,3.4657359027997265
unbound,基准,46,2,16,16,256,0.5333542227745056,0.2129780799150467,0.49583765864372253,0.1307133436203003,-1.952496886253357,5.957953929901123,-13.815510749816895,2.0181994438171387,3,3,3,0.1875,0.1875,13,16,16,626.9530512782082,0.5935628414154053,9.931954383850098,0.6207471489906311,0.3792528510093689,7.551093675851378e-08,0.22440654660632633,2.772588722239781
box33,约束族,46,2,16,16,256,0.5341424942016602,0.21495801210403442,0.48875755071640015,0.12797431647777557,0.06488489359617233,1.782281756401062,-3.0,2.0136661529541016,3,0,0,0.1875,0.0,13,16,16,626.9530512782082,0.6032149791717529,10.202588081359863,0.6376617550849915,0.36233824491500854,0.0038077546089693376,0.22270071094559415,2.772588722239781
box77,约束族,46,2,16,16,256,0.5333763360977173,0.2130143791437149,0.49583396315574646,0.13066338002681732,-0.6747540235519409,3.2717018127441406,-7.0,2.0181167125701904,3,3,0,0.1875,0.0,13,16,16,626.9530512782082,0.5937373638153076,9.94088077545166,0.6213050484657288,0.37869495153427124,6.88730349581502e-05,0.22445456231181452,2.772588722239781
box33_lam1em2,约束族,46,2,16,16,256,0.5814531445503235,0.22522789239883423,0.5090451836585999,0.12739166617393494,0.14019466936588287,1.691206455230713,-3.0,1.6633723974227905,3,0,0,0.1875,0.0,13,16,16,626.9530512782082,0.6635806560516357,10.67375659942627,0.6671097874641418,0.33289021253585815,0.003660173680492529,0.20843470366084293,2.772588722239781
noridge,正则族,46,2,16,16,256,0.5284295082092285,0.2050504982471466,0.4969943165779114,0.12753917276859283,-2.048610210418701,5.963959693908691,-13.815510749816895,2.075007677078247,3,3,3,0.1875,0.1875,13,16,16,626.9530512782082,0.5859555006027222,9.703204154968262,0.6064502596855164,0.39354974031448364,7.618971230482176e-08,0.22810778602410167,2.772588722239781
lam1em4,正则族,46,2,16,16,256,0.5284620523452759,0.20588809251785278,0.494598925113678,0.12528128921985626,-2.027630090713501,5.960901737213135,-13.815510749816895,2.0691912174224854,3,3,3,0.1875,0.1875,13,16,16,626.9530512782082,0.5867106914520264,9.733345985412598,0.6083341240882874,0.39166587591171265,7.611637251389119e-08,0.2278611672279036,2.772588722239781
lam1em2,正则族,46,2,16,16,256,0.5826164484024048,0.22309014201164246,0.5170020461082458,0.13097339868545532,-1.8755508661270142,5.958415508270264,-13.815510749816895,1.6706361770629883,3,3,3,0.1875,0.1875,13,16,16,626.9530512782082,0.6547993421554565,10.408053398132324,0.6505033373832703,0.34949666261672974,7.285545078934367e-08,0.2100660171043282,2.772588722239781
lam1em1,正则族,46,2,16,16,256,0.491993248462677,0.19173775613307953,0.44691380858421326,0.14872628450393677,0.530829668045044,0.6411226987838745,-0.9860855340957642,1.3980486392974854,0,0,0,0.0,0.0,16,16,16,626.9530512782082,1.0636098384857178,12.15935230255127,0.7599595189094543,0.24004048109054565,0.033900357615419686,0.1213486416460314,2.772588722239781
scalar,对照,46,2,16,16,256,0.5190697908401489,0.1628142148256302,0.4554399251937866,0.11194174736738205,0.8409053087234497,1.2311882358062576e-07,0.8409054279327393,0.8409054279327393,0,0,0,0.0,0.0,16,16,16,626.9530512782082,0.04951813444495201,13.641404151916504,0.8525877594947815,0.1474122405052185,0.19331156818204362,0.10064931281578457,2.772588722239781
nobeta,对照,46,2,16,16,256,0.5190710425376892,0.607261598110199,0.552163302898407,0.5877443552017212,0.0,0.0,0.0,0.0,0,0,0,0.0,0.0,13,16,16,626.9530512782082,0.5935628414154053,13.641404151916504,0.8525877594947815,0.1474122405052185,0.19331154338316256,0.1006493013012269,2.772588722239781
unbound,基准,46,2,16,32,256,0.49620911478996277,0.09487976133823395,0.4436166286468506,0.07031498849391937,-1.2892802953720093,4.913324356079102,-13.815510749816895,1.9823111295700073,5,4,4,0.15625,0.125,28,16,16,31.82049734047136,0.010735776275396347,21.118837356567383,0.6599636673927307,0.3400363326072693,6.289328825455691e-08,0.03924909700535074,2.0794415416798357
box33,约束族,46,2,16,32,256,0.49579569697380066,0.09271115809679031,0.44251391291618347,0.06879322975873947,0.08928845822811127,1.4853155612945557,-3.0,1.9804232120513916,4,0,0,0.125,0.0,28,16,16,31.82049734047136,0.01117527112364769,21.7254695892334,0.6789209246635437,0.3210790753364563,0.003188334367205908,0.03952307439057519,2.0794415416798357
box77,约束族,46,2,16,32,256,0.4962120056152344,0.0948382169008255,0.44357070326805115,0.07028600573539734,-0.4366186857223511,2.7108874320983887,-7.0,1.9822736978530884,5,4,0,0.15625,0.0,28,16,16,31.82049734047136,0.010743897408246994,21.137470245361328,0.6605459451675415,0.3394540548324585,5.737049667155115e-05,0.0392547967113979,2.0794415416798357
box33_lam1em2,约束族,46,2,16,32,256,0.48673927783966064,0.08497154712677002,0.44323083758354187,0.07229340821504593,0.20443184673786163,1.3015109300613403,-3.0,1.7892721891403198,2,0,0,0.0625,0.0,30,16,16,31.82049734047136,0.035419099032878876,22.68617820739746,0.7089430689811707,0.29105693101882935,0.0059980753752854705,0.03727857620743465,2.0794415416798357
noridge,正则族,46,2,16,32,256,0.49705934524536133,0.09806475043296814,0.44547390937805176,0.07091188430786133,-1.299145221710205,4.911303520202637,-13.815510749816895,2.0070102214813232,5,4,4,0.15625,0.125,28,16,16,31.82049734047136,0.008869973011314869,20.973833084106445,0.6554322838783264,0.3445677161216736,6.2359965137651e-08,0.039709797336408004,2.0794415416798357
lam1em4,正则族,46,2,16,32,256,0.4969739019870758,0.09773567318916321,0.4452891945838928,0.07084812223911285,-1.2979215383529663,4.911464691162109,-13.815510749816895,2.004497528076172,5,4,4,0.15625,0.125,28,16,16,31.82049734047136,0.00904702115803957,20.98961067199707,0.6559253334999084,0.34407466650009155,6.241537967400939e-08,0.0396618766260206,2.0794415416798357
lam1em2,正则族,46,2,16,32,256,0.48673051595687866,0.08386614173650742,0.4425927400588989,0.07109016925096512,-0.538357138633728,3.707200288772583,-13.815510749816895,1.79032564163208,3,2,2,0.09375,0.0625,30,16,16,31.82049734047136,0.03506889566779137,22.424110412597656,0.7007534503936768,0.29924654960632324,1.210791566506789e-07,0.03731643031577815,2.0794415416798357
lam1em1,正则族,46,2,16,32,256,0.3718816339969635,0.13351264595985413,0.34094589948654175,0.05392484739422798,0.4694530963897705,0.30988261103630066,-0.36819279193878174,1.0369397401809692,0,0,0,0.0,0.0,32,16,16,31.82049734047136,0.2556040287017822,24.756759643554688,0.773648738861084,0.22635126113891602,0.07912766536634583,0.03402341363247435,2.0794415416798357
scalar,对照,46,2,16,32,256,0.35250693559646606,0.119514100253582,0.33344846963882446,0.09734270721673965,0.5332446694374084,0.0,0.5332446694374084,0.5332446694374084,0,0,0,0.0,0.0,32,16,16,31.82049734047136,0.016726674512028694,24.991485595703125,0.7809839248657227,0.21901607513427734,0.0842702058956711,0.030762945725067135,2.0794415416798357
nobeta,对照,46,2,16,32,256,0.3525066673755646,0.4511899948120117,0.3831685781478882,0.41963231563568115,0.0,0.0,0.0,0.0,0,0,0,0.0,0.0,28,16,16,31.82049734047136,0.010735776275396347,24.991479873657227,0.7809837460517883,0.21901625394821167,0.08427021411555793,0.030762965875543058,2.0794415416798357
unbound,基准,46,2,16,64,256,0.38032159209251404,0.0851331502199173,0.3633372485637665,0.04620000347495079,-0.8101344108581543,3.485538959503174,-13.815510749816895,1.230850338935852,5,4,4,0.078125,0.0625,60,16,16,23.52737567732244,7.962102972669527e-05,36.445552825927734,0.5694617629051208,0.43053823709487915,4.0752916297326664e-08,0.034333987160616745,1.3862943611198906
box33,约束族,46,2,16,64,256,0.37689051032066345,0.08187216520309448,0.36253097653388977,0.04687190055847168,-0.09739131480455399,1.0393234491348267,-3.0,1.2202397584915161,4,0,0,0.0625,0.0,60,16,16,23.52737567732244,7.985987758729607e-05,37.19515609741211,0.5811743140220642,0.4188256859779358,0.0020409338160743097,0.03397896456122477,1.3862943611198906
box77,约束族,46,2,16,64,256,0.38025858998298645,0.0850745141506195,0.363322913646698,0.046214524656534195,-0.38310837745666504,1.9111113548278809,-7.0,1.2306567430496216,5,4,0,0.078125,0.0,60,16,16,23.52737567732244,7.962555537233129e-05,36.46333694458008,0.5697396397590637,0.4302603602409363,3.716587367745385e-05,0.03432756203743632,1.3862943611198906
box33_lam1em2,约束族,46,2,16,64,256,0.36836838722229004,0.07491785287857056,0.35401487350463867,0.03772514685988426,0.065208300948143,0.7345642447471619,-2.456062078475952,1.1058118343353271,0,0,0,0.0,0.0,64,16,16,23.52737567732244,0.0011748330434784293,40.01116180419922,0.6251744031906128,0.3748255968093872,0.0038109686567171577,0.03256153402647885,1.3862943611198906
noridge,正则族,46,2,16,64,256,0.3826863467693329,0.0852007195353508,0.3647398352622986,0.04578900709748268,-0.8611817955970764,3.524094343185425,-13.815510749816895,1.246120810508728,6,4,4,0.09375,0.0625,60,16,16,23.52737567732244,4.497321788221598e-05,36.0402717590332,0.5631292462348938,0.4368707537651062,4.0637376836159244e-08,0.03453885992797852,1.3862943611198906
lam1em4,正则族,46,2,16,64,256,0.38243845105171204,0.08519551903009415,0.36459586024284363,0.04586443677544594,-0.8532629013061523,3.516216278076172,-13.815510749816895,1.2445709705352783,6,4,4,0.09375,0.0625,60,16,16,23.52737567732244,4.7653549700044096e-05,36.082305908203125,0.5637860298156738,0.43621397018432617,4.064930371865051e-08,0.03451800130675745,1.3862943611198906
lam1em2,正则族,46,2,16,64,256,0.3678301274776459,0.0752701386809349,0.35433241724967957,0.039377786219120026,0.0308444332331419,0.8307752013206482,-3.0831079483032227,1.1130650043487549,1,0,0,0.015625,0.0,64,16,16,23.52737567732244,0.0011739155743271112,39.5743293762207,0.6183488965034485,0.3816511034965515,0.0021441168649188463,0.03278348000422734,1.3862943611198906
lam1em1,正则族,46,2,16,64,256,0.3553982973098755,0.0641864612698555,0.33669790625572205,0.034354355186223984,0.23801597952842712,0.23891329765319824,-0.41927140951156616,0.7266851663589478,0,0,0,0.0,0.0,64,16,16,23.52737567732244,0.03441743180155754,44.57289123535156,0.6964514255523682,0.30354857444763184,0.028136213810773972,0.03044647962203659,1.3862943611198906
scalar,对照,46,2,16,64,256,0.3494396507740021,0.06522874534130096,0.3217625916004181,0.048871733248233795,0.2670307159423828,0.0,0.2670307159423828,0.2670307159423828,0,0,0,0.0,0.0,64,16,16,23.52737567732244,0.00495791994035244,44.83815002441406,0.7005960941314697,0.2994039058685303,0.03549779391029629,0.03062718909012571,1.3862943611198906
nobeta,对照,46,2,16,64,256,0.3494392931461334,0.25577104091644287,0.33779001235961914,0.24668064713478088,0.0,0.0,0.0,0.0,0,0,0,0.0,0.0,60,16,16,23.52737567732244,7.962102972669527e-05,44.83815002441406,0.7005960941314697,0.2994039058685303,0.03549779391029629,0.03062719196876513,1.3862943611198906
unbound,基准,46,2,32,8,256,0.41299036145210266,0.1812659054994583,0.38257506489753723,0.15262676775455475,1.0727745294570923,0.7560968995094299,-0.5290510654449463,1.8257476091384888,0,0,0,0.0,0.0,8,8,8,9.838514602211736,4.451997756958008,7.277961254119873,0.9097451567649841,0.09025484323501587,0.14499554790279914,0.3376750691848335,3.4657359027997265
box33,约束族,46,2,32,8,256,0.41299039125442505,0.1812659651041031,0.3825750946998596,0.1526264250278473,1.0727744102478027,0.7560974359512329,-0.5290527939796448,1.8257482051849365,0,0,0,0.0,0.0,8,8,8,9.838514602211736,4.451997756958008,7.277960300445557,0.9097450375556946,0.09025496244430542,0.14499535069332786,0.3376750691848335,3.4657359027997265
box77,约束族,46,2,32,8,256,0.41299042105674744,0.1812659651041031,0.382575124502182,0.1526264250278473,1.0727744102478027,0.7560973763465881,-0.5290526151657104,1.825748085975647,0,0,0,0.0,0.0,8,8,8,9.838514602211736,4.451997756958008,7.277961254119873,0.9097451567649841,0.09025484323501587,0.144995370065439,0.3376751033890565,3.4657359027997265
box33_lam1em2,约束族,46,2,32,8,256,0.41190463304519653,0.16988275945186615,0.38321176171302795,0.1599220633506775,1.092383623123169,0.6542632579803467,-0.2665765583515167,1.7350893020629883,0,0,0,0.0,0.0,8,8,8,9.838514602211736,4.478195667266846,7.3918046951293945,0.9239755868911743,0.07602441310882568,0.19772745251776963,0.337557201432315,3.4657359027997265
noridge,正则族,46,2,32,8,256,0.4131677448749542,0.18273788690567017,0.3824746906757355,0.15197409689426422,1.0693418979644775,0.7708473801612854,-0.5684162378311157,1.8372187614440918,0,0,0,0.0,0.0,8,8,8,9.838514602211736,4.451661586761475,7.261314392089844,0.9076642990112305,0.09233570098876953,0.1386359793590341,0.33770824728116045,3.4657359027997265
lam1em4,正则族,46,2,32,8,256,0.4131489098072052,0.18258856236934662,0.382485032081604,0.15204042196273804,1.0697011947631836,0.7693293690681458,-0.5643512606620789,1.8360573053359985,0,0,0,0.0,0.0,8,8,8,9.838514602211736,4.451664924621582,7.263026237487793,0.9078782796859741,0.09212172031402588,0.13927735608835615,0.3377045874292976,3.4657359027997265
lam1em2,正则族,46,2,32,8,256,0.41190460324287415,0.16988269984722137,0.38321179151535034,0.15992215275764465,1.0923835039138794,0.6542631387710571,-0.2665761709213257,1.7350891828536987,0,0,0,0.0,0.0,8,8,8,9.838514602211736,4.478195667266846,7.3918046951293945,0.9239755868911743,0.07602441310882568,0.1977275129977533,0.337557201432315,3.4657359027997265
lam1em1,正则族,46,2,32,8,256,0.4210662841796875,0.1550462543964386,0.38363534212112427,0.14424656331539154,1.0789400339126587,0.3320668637752533,0.4236869215965271,1.370719313621521,0,0,0,0.0,0.0,8,8,8,9.838514602211736,5.217959403991699,7.579188346862793,0.9473985433578491,0.05260145664215088,0.3821540769846413,0.33851396195856187,3.4657359027997265
scalar,对照,46,2,32,8,256,0.4304584264755249,0.20912638306617737,0.39328670501708984,0.23702558875083923,1.2511309385299683,0.0,1.2511309385299683,1.2511309385299683,0,0,0,0.0,0.0,8,8,8,9.838514602211736,0.07827313989400864,7.584057807922363,0.9480072259902954,0.05199277400970459,0.3937520178076838,0.34201042024808476,3.4657359027997265
nobeta,对照,46,2,32,8,256,0.4304584264755249,0.6986606121063232,0.6633285284042358,0.6933340430259705,0.0,0.0,0.0,0.0,0,0,0,0.0,0.0,8,8,8,9.838514602211736,4.451997756958008,7.584057807922363,0.9480072259902954,0.05199277400970459,0.39375205320781864,0.34201038604386175,3.4657359027997265
unbound,基准,46,2,32,16,256,0.424185574054718,0.16360025107860565,0.3597489595413208,0.08389103412628174,-1.0417274236679077,5.030682563781738,-13.815510749816895,1.594787359237671,2,2,2,0.125,0.125,14,16,16,30.977028442516268,1.5268739461898804,11.593954086303711,0.7246221303939819,0.27537786960601807,9.61580919254429e-08,0.29194997454517535,2.772588722239781
box33,约束族,46,2,32,16,256,0.41973599791526794,0.16689157485961914,0.35370492935180664,0.08440645039081573,0.30769261717796326,1.4557939767837524,-3.0,1.590561866760254,2,0,0,0.125,0.0,14,16,16,30.977028442516268,1.5365486145019531,11.795117378234863,0.737194836139679,0.26280516386032104,0.004845611833106035,0.28510222068861596,2.772588722239781
box77,约束族,46,2,32,16,256,0.4242110550403595,0.1636625975370407,0.3598005771636963,0.0838431641459465,-0.18982692062854767,2.740647792816162,-7.0,1.594626545906067,2,2,0,0.125,0.0,14,16,16,30.977028442516268,1.5270440578460693,11.600225448608398,0.7250140905380249,0.2749859094619751,8.770417407012939e-05,0.29195996217829645,2.772588722239781
box33_lam1em2,约束族,46,2,32,16,256,0.41531503200531006,0.15857872366905212,0.35315048694610596,0.0965324193239212,0.35238978266716003,1.3998994827270508,-3.0,1.5981359481811523,2,0,0,0.125,0.0,14,16,16,30.977028442516268,1.5529371500015259,12.037914276123047,0.7523696422576904,0.24763035774230957,0.004936160394372408,0.28143385197420684,2.772588722239781
noridge,正则族,46,2,32,16,256,0.4276822507381439,0.1602015197277069,0.36395367980003357,0.08259778469800949,-1.0570441484451294,5.031939506530762,-13.815510749816895,1.6277881860733032,2,2,2,0.125,0.125,14,16,16,30.977028442516268,1.5261509418487549,11.531835556030273,0.7207397222518921,0.2792602777481079,9.593763373861818e-08,0.2933913747073579,2.772588722239781
lam1em4,正则族,46,2,32,16,256,0.4273572564125061,0.16055019199848175,0.36343228816986084,0.0827380120754242,-1.0552033185958862,5.031765937805176,-13.815510749816895,1.6239635944366455,2,2,2,0.125,0.125,14,16,16,30.977028442516268,1.5262012481689453,11.538777351379395,0.7211735844612122,0.27882641553878784,9.595994055007584e-08,0.29322175596541383,2.772588722239781
lam1em2,正则族,46,2,32,16,256,0.42142078280448914,0.15554268658161163,0.36567452549934387,0.09302028268575668,-1.000479817390442,5.028111934661865,-13.815510749816895,1.6080974340438843,2,2,2,0.125,0.125,14,16,16,30.977028442516268,1.5433027744293213,11.82523250579834,0.7390770316123962,0.26092296838760376,9.803081120809706e-08,0.2889974318100775,2.772588722239781
lam1em1,正则族,46,2,32,16,256,0.3662719428539276,0.19043223559856415,0.35056066513061523,0.10988041758537292,0.6629708409309387,0.43734097480773926,-0.5120563507080078,1.2777100801467896,0,0,0,0.0,0.0,16,16,16,30.977028442516268,1.9877077341079712,13.466086387634277,0.8416303992271423,0.15836960077285767,0.06179788408015506,0.227482299656598,2.772588722239781
scalar,对照,46,2,32,16,256,0.3871709108352661,0.15074676275253296,0.3562295138835907,0.17271889746189117,0.8684998154640198,0.0,0.8684998154640198,0.8684998154640198,0,0,0,0.0,0.0,16,16,16,30.977028442516268,0.0472419299185276,14.189480781555176,0.8868425488471985,0.11315745115280151,0.1838015012379537,0.2279613811062933,2.772588722239781
nobeta,对照,46,2,32,16,256,0.3871710002422333,0.5830526947975159,0.5017457008361816,0.5675902962684631,0.0,0.0,0.0,0.0,0,0,0,0.0,0.0,14,16,16,30.977028442516268,1.5268739461898804,14.189480781555176,0.8868425488471985,0.11315745115280151,0.18380151397619965,0.2279613811062933,2.772588722239781
unbound,基准,46,2,32,32,256,0.3555578589439392,0.10118647664785385,0.32181259989738464,0.05307893082499504,-0.08497439324855804,2.690092086791992,-13.815510749816895,1.9499804973602295,1,1,1,0.03125,0.03125,31,32,32,38473.8989491785,0.38865071535110474,23.17063331604004,0.7240822911262512,0.2759177088737488,2.1145384649473305e-07,0.11964321677581342,2.0794415416798357
box33,约束族,46,2,32,32,256,0.3548911213874817,0.10074647516012192,0.32117098569869995,0.05312638357281685,0.2544749677181244,1.1397764682769775,-3.0,1.9476674795150757,1,0,0,0.03125,0.0,31,32,32,38473.8989491785,0.3903544545173645,23.305692672729492,0.7283028960227966,0.27169710397720337,0.010579799530536326,0.11959049951708763,2.0794415416798357
box77,约束族,46,2,32,32,256,0.35554811358451843,0.10117858648300171,0.32180148363113403,0.05307982489466667,0.12804390490055084,1.6280286312103271,-7.0,1.9499390125274658,1,1,0,0.03125,0.0,31,32,32,38473.8989491785,0.3886816203594208,23.17478370666504,0.7242119908332825,0.27578800916671753,0.0001928383287120821,0.1196446448021244,2.0794415416798357
box33_lam1em2,约束族,46,2,32,32,256,0.3354589641094208,0.10482415556907654,0.30644163489341736,0.05688004940748215,0.3971376121044159,0.8774715065956116,-3.0,1.6895171403884888,1,0,0,0.03125,0.0,31,32,32,38473.8989491785,0.4473799765110016,25.424299240112305,0.7945093512535095,0.20549064874649048,0.010544241075579207,0.1091491815818585,2.0794415416798357
noridge,正则族,46,2,32,32,256,0.3613002896308899,0.10122694075107574,0.3235098421573639,0.054727546870708466,-0.5168592929840088,3.655855894088745,-13.815510749816895,1.9842681884765625,3,2,2,0.09375,0.0625,30,32,32,38473.8989491785,0.38300806283950806,22.60768699645996,0.7064902186393738,0.2935097813606262,1.2482185522831115e-07,0.12145929854798594,2.0794415416798357
lam1em4,正则族,46,2,32,32,256,0.3606400191783905,0.10164214670658112,0.3233691155910492,0.053249094635248184,-0.20541107654571533,2.816016912460327,-13.815510749816895,1.9807825088500977,3,1,1,0.09375,0.03125,31,32,32,38473.8989491785,0.3835498094558716,22.677827835083008,0.708682119846344,0.291317880153656,2.1143846262119636e-07,0.12128729406148644,2.0794415416798357
lam1em2,正则族,46,2,32,32,256,0.33609694242477417,0.10426992177963257,0.3062163293361664,0.05867353081703186,0.06020244583487511,2.6072371006011963,-13.815510749816895,1.6921441555023193,1,1,1,0.03125,0.03125,31,32,32,38473.8989491785,0.44566720724105835,25.3022518157959,0.7906953692436218,0.20930463075637817,2.1092197181591167e-07,0.10918299245631136,2.0794415416798357
lam1em1,正则族,46,2,32,32,256,0.31634560227394104,0.09876609593629837,0.2987448275089264,0.06424670666456223,0.4526958763599396,0.32262369990348816,-0.5412311553955078,1.1261096000671387,0,0,0,0.0,0.0,32,32,32,38473.8989491785,0.787985622882843,26.33185386657715,0.8228704333305359,0.1771295666694641,0.10109564404352128,0.0935851655737371,2.0794415416798357
scalar,对照,46,2,32,32,256,0.316487193107605,0.09134019911289215,0.3044719398021698,0.12235956639051437,0.5367758870124817,0.0,0.5367758870124817,0.5367758870124817,0,0,0,0.0,0.0,32,32,32,38473.8989491785,0.025535643100738525,26.336380004882812,0.8230118751525879,0.1769881248474121,0.07526627057359969,0.09088701674733227,2.0794415416798357
nobeta,对照,46,2,32,32,256,0.31648653745651245,0.42906996607780457,0.36720603704452515,0.41279956698417664,0.0,0.0,0.0,0.0,0,0,0,0.0,0.0,31,32,32,38473.8989491785,0.38865071535110474,26.336380004882812,0.8230118751525879,0.1769881248474121,0.07526627057359969,0.0908870680536668,2.0794415416798357
unbound,基准,46,2,32,64,256,0.2950104773044586,0.05709213763475418,0.2815183103084564,0.012039347551763058,-0.2660059630870819,2.565183162689209,-13.815510749816895,1.275659441947937,2,2,2,0.03125,0.03125,62,32,32,95.65916384026178,0.030478384345769882,43.11589431762695,0.6736858487129211,0.32631415128707886,8.072590320512536e-08,0.05401456504746292,1.3862943611198906
box33,约束族,46,2,32,64,256,0.2932452857494354,0.05831341817975044,0.281141459941864,0.01226417999714613,0.08245587348937988,0.9193434715270996,-3.0,1.2713924646377563,2,0,0,0.03125,0.0,62,32,32,95.65916384026178,0.03035801649093628,43.63959884643555,0.6818687319755554,0.3181312680244446,0.004027038244171509,0.0536749470415938,1.3862943611198906
box77,约束族,46,2,32,64,256,0.29501259326934814,0.057114578783512115,0.2814846932888031,0.012043607421219349,-0.05281754955649376,1.464552879333496,-7.0,1.2755790948867798,2,2,0,0.03125,0.0,62,32,32,95.65916384026178,0.030476253479719162,43.12946319580078,0.6738978624343872,0.3261021375656128,7.362321217581065e-05,0.05400839973626401,1.3862943611198906
box33_lam1em2,约束族,46,2,32,64,256,0.2841392755508423,0.05971550941467285,0.27926191687583923,0.015080221928656101,0.18329516053199768,0.7435261607170105,-3.0,1.1636197566986084,2,0,0,0.03125,0.0,62,32,32,95.65916384026178,0.0397338941693306,45.978519439697266,0.7184143662452698,0.2815856337547302,0.003915066753485758,0.04989474334450092,1.3862943611198906
noridge,正则族,46,2,32,64,256,0.29692113399505615,0.059497442096471786,0.2823961675167084,0.01145553681999445,-0.45333540439605713,3.0630416870117188,-13.815510749816895,1.2894575595855713,3,3,3,0.046875,0.046875,61,32,32,95.65916384026178,0.029697008430957794,42.65696334838867,0.666515052318573,0.333484947681427,8.004081325121309e-08,0.0545959727058431,1.3862943611198906
lam1em4,正则族,46,2,32,64,256,0.29672184586524963,0.05925225093960762,0.28232061862945557,0.01160316914319992,-0.3186049461364746,2.627032995223999,-13.815510749816895,1.288061261177063,3,2,2,0.046875,0.03125,62,32,32,95.65916384026178,0.02977176569402218,42.70753860473633,0.6673052906990051,0.3326947093009949,8.01100825425674e-08,0.05453635902065139,1.3862943611198906
lam1em2,正则族,46,2,32,64,256,0.2838117480278015,0.05970190465450287,0.2792518436908722,0.01454177126288414,-0.15695719420909882,2.517322063446045,-13.815510749816895,1.1670693159103394,2,2,2,0.03125,0.03125,62,32,32,95.65916384026178,0.039629559963941574,45.587703704833984,0.712307870388031,0.287692129611969,7.867171736791646e-08,0.050036062367425804,1.3862943611198906
lam1em1,正则族,46,2,32,64,256,0.28079843521118164,0.06680028885602951,0.25231796503067017,0.019147049635648727,0.26373565196990967,0.2537752389907837,-0.7250471115112305,0.7795804738998413,0,0,0,0.0,0.0,64,32,32,95.65916384026178,0.14555568993091583,47.340415954589844,0.7396939992904663,0.2603060007095337,0.04579159242360142,0.04619966113191509,1.3862943611198906
scalar,对照,46,2,32,64,256,0.26442858576774597,0.054449811577796936,0.23917965590953827,0.06287060678005219,0.27807581424713135,0.0,0.27807581424713135,0.27807581424713135,0,0,0,0.0,0.0,64,32,32,95.65916384026178,0.008945661596953869,46.4289665222168,0.7254526019096375,0.27454739809036255,0.05198505137169144,0.047250337903512414,1.3862943611198906
nobeta,对照,46,2,32,64,256,0.2644285559654236,0.2446032017469406,0.2696020305156708,0.2374190241098404,0.0,0.0,0.0,0.0,0,0,0,0.0,0.0,62,32,32,95.65916384026178,0.030478384345769882,46.4289665222168,0.7254526019096375,0.27454739809036255,0.05198504199505601,0.04725033362798453,1.3862943611198906
