seed,dest,M,B,L_s,nominal_ratio,retained_mass_fraction,rel_err,mix_err,abs_mass_err,rel_err_oracle,mix_err_oracle,gap_rel,gap_mix,cond_xtx,numeric_rank,rank_upper_bound,beta_mean,beta_clamped
42,0,4,8,2048,0.00390625,0.058240585029125214,1.326162576675415,1.2419263124465942,0.5048381686210632,0.6941992044448853,0.7182334065437317,0.6338258981704712,0.4640098214149475,189803.375,8,4,1.0968087911605835,2
42,0,4,16,2048,0.0078125,0.09846571087837219,0.933594822883606,0.9058285355567932,0.4333145320415497,0.6255597472190857,0.6281507611274719,0.31637293100357056,0.2472015619277954,126971.6015625,16,4,0.7575726509094238,3
42,0,4,32,2048,0.015625,0.16967852413654327,0.8507196307182312,0.7893059253692627,0.30044984817504883,0.4895033836364746,0.46264708042144775,0.3543688654899597,0.2938361167907715,50210.67578125,32,4,1.0860724449157715,2
42,0,4,64,2048,0.03125,0.25879865884780884,0.8357039093971252,0.7601997256278992,0.2381840944290161,0.3661920428276062,0.34681349992752075,0.45237356424331665,0.3843613564968109,14531.8173828125,64,4,0.9549177289009094,0
42,0,4,100,2048,0.048828125,0.33878442645072937,0.8307098150253296,0.7502301931381226,0.19617372751235962,0.2964992821216583,0.28225770592689514,0.5145174264907837,0.4362567067146301,19891.8125,100,4,0.6828939914703369,0
42,0,8,8,2048,0.00390625,0.05781090259552002,0.9837325215339661,0.9060965180397034,0.36313870549201965,0.680414617061615,0.6412901878356934,0.27078402042388916,0.21926847100257874,1006.7835083007812,8,8,2.341419219970703,0
42,0,8,16,2048,0.0078125,0.1125066727399826,1.123323917388916,0.9980838298797607,0.2726648449897766,0.6087815761566162,0.5551602840423584,0.4939005374908447,0.4079880714416504,123082.1328125,16,8,0.8295885920524597,4
42,0,8,32,2048,0.015625,0.17513833940029144,0.8638760447502136,0.770714282989502,0.2424662709236145,0.5332658886909485,0.478340208530426,0.3212563395500183,0.26917773485183716,81646.03125,32,8,0.4080067574977875,9
42,0,8,64,2048,0.03125,0.2625681161880493,0.8223748803138733,0.7345521450042725,0.18909189105033875,0.3994658589363098,0.358875572681427,0.4038001298904419,0.3444628417491913,43713.75390625,64,8,0.6230164170265198,8
42,0,8,100,2048,0.048828125,0.35583752393722534,0.8126245141029358,0.7213441729545593,0.1782214641571045,0.32183870673179626,0.2947552502155304,0.4737626910209656,0.4027100205421448,30417.9375,100,8,0.4929925799369812,9
42,0,16,8,2048,0.00390625,0.06843719631433487,0.8261331915855408,0.7367011904716492,0.30335313081741333,0.6807454228401184,0.6169184446334839,0.12888675928115845,0.09640651941299438,95.92642211914062,8,8,2.4457995891571045,0
42,0,16,16,2048,0.0078125,0.12504440546035767,0.8353148698806763,0.7465606331825256,0.2614035904407501,0.6061605215072632,0.5380356311798096,0.2035607099533081,0.16132211685180664,102498.890625,16,16,0.8771467208862305,4
42,0,16,32,2048,0.015625,0.19203732907772064,0.9438990950584412,0.8419486880302429,0.23861995339393616,0.5219348669052124,0.47491762042045593,0.41044288873672485,0.3400452435016632,82823.875,32,16,0.24827507138252258,10
42,0,16,64,2048,0.03125,0.28797227144241333,0.8218525052070618,0.7333617806434631,0.1952798068523407,0.40715450048446655,0.37071406841278076,0.4065708816051483,0.3471413850784302,45120.66015625,64,16,0.4322137236595154,13
42,0,16,100,2048,0.048828125,0.36651358008384705,0.7721274495124817,0.6889190077781677,0.1577296108007431,0.35344982147216797,0.32085034251213074,0.41581934690475464,0.35555797815322876,29491.7109375,100,16,0.30092835426330566,17
42,0,32,8,2048,0.00390625,0.06926830857992172,0.7673718333244324,0.7119720578193665,0.3754272162914276,0.6792725920677185,0.6478297114372253,0.07334095239639282,0.04420095682144165,102929.4375,8,8,1.6000406742095947,1
42,0,32,16,2048,0.0078125,0.12592150270938873,0.7402104139328003,0.6623803973197937,0.2687418758869171,0.5904228687286377,0.5310895442962646,0.1417132019996643,0.11004972457885742,80076.84375,16,16,1.211329460144043,2
42,0,32,32,2048,0.015625,0.19024305045604706,0.7662470936775208,0.6774669885635376,0.20922063291072845,0.5185421109199524,0.4594915211200714,0.22981667518615723,0.18929342925548553,61523.3515625,32,32,0.4845835566520691,8
42,0,32,64,2048,0.03125,0.30244678258895874,0.8478670120239258,0.7318110466003418,0.17807452380657196,0.3881100118160248,0.3425220847129822,0.4420969784259796,0.3707347512245178,31235.58203125,64,32,0.37832045555114746,15
42,0,32,100,2048,0.048828125,0.3759393095970154,0.7797481417655945,0.6770711541175842,0.1586151123046875,0.3345195949077606,0.30038347840309143,0.4314422011375427,0.3592776358127594,24632.99609375,100,32,0.20692121982574463,22
42,0,48,8,2048,0.00390625,0.06852993369102478,0.7585398554801941,0.6999669671058655,0.37171146273612976,0.680124819278717,0.6439115405082703,0.06611055135726929,0.04271352291107178,175853.53125,8,8,1.2412631511688232,2
42,0,48,16,2048,0.0078125,0.12704998254776,0.6908789873123169,0.6240351796150208,0.27723169326782227,0.5844850540161133,0.5200979113578796,0.10504090785980225,0.08400934934616089,80659.3125,16,16,1.4653940200805664,1
42,0,48,32,2048,0.015625,0.203990176320076,0.6748619675636292,0.5914309024810791,0.2010161131620407,0.46090930700302124,0.41318613290786743,0.19448643922805786,0.1612206995487213,50308.953125,32,32,0.9641910195350647,4
42,0,48,64,2048,0.03125,0.3011375665664673,0.7617655396461487,0.6714843511581421,0.1517542600631714,0.40353935956954956,0.3564552068710327,0.3495371639728546,0.2966126799583435,29515.955078125,64,48,0.3013094663619995,16
42,0,48,100,2048,0.048828125,0.3782860338687897,0.7234448790550232,0.6263898015022278,0.12954221665859222,0.33786386251449585,0.3013252019882202,0.37354421615600586,0.31283921003341675,22143.876953125,100,48,0.18606701493263245,22
42,0,96,8,2048,0.00390625,0.0698389783501625,0.712590217590332,0.6715265512466431,0.34558165073394775,0.6661243438720703,0.6203679442405701,0.040468454360961914,0.035686761140823364,261.0028381347656,8,8,2.2833003997802734,0
42,0,96,16,2048,0.0078125,0.1285969465970993,0.6440955400466919,0.5762014389038086,0.2472189962863922,0.573584794998169,0.5098498463630676,0.06811022758483887,0.05333679914474487,2315.95751953125,16,16,1.6801691055297852,0
42,0,96,32,2048,0.015625,0.20389997959136963,0.564668595790863,0.5005507469177246,0.18864719569683075,0.4508689343929291,0.40264183282852173,0.10952702164649963,0.08637827634811401,42203.578125,32,32,1.1787725687026978,3
42,0,96,64,2048,0.03125,0.3031926155090332,0.5668819546699524,0.49944597482681274,0.14130258560180664,0.3810086250305176,0.33616432547569275,0.17612716555595398,0.14743679761886597,28619.1015625,64,64,0.5590817928314209,11
42,0,96,100,2048,0.048828125,0.38208532333374023,0.5444415211677551,0.47018131613731384,0.12653672695159912,0.32207778096199036,0.28585338592529297,0.21229027211666107,0.17921483516693115,21493.240234375,100,96,0.3279367685317993,17
42,0,192,8,2048,0.00390625,0.0735693871974945,0.6913664937019348,0.6488023996353149,0.3499200642108917,0.6670387983322144,0.6267039775848389,0.019176959991455078,0.016961902379989624,139.82359313964844,8,8,2.1876277923583984,0
42,0,192,16,2048,0.0078125,0.1315329670906067,0.6072848439216614,0.5389990210533142,0.23734739422798157,0.565473198890686,0.5005467534065247,0.03600013256072998,0.028597980737686157,1230.9324951171875,16,16,1.7468078136444092,0
42,0,192,32,2048,0.015625,0.214727982878685,0.5267380475997925,0.4597393274307251,0.18409766256809235,0.4495905339717865,0.39919403195381165,0.06662973761558533,0.052946001291275024,46197.1015625,32,32,1.0942975282669067,3
42,0,192,64,2048,0.03125,0.3094377815723419,0.4298882782459259,0.3742876350879669,0.14610841870307922,0.328395277261734,0.29098933935165405,0.09827050566673279,0.07776805758476257,24210.681640625,64,64,0.9365300536155701,2
42,0,192,100,2048,0.048828125,0.38747933506965637,0.43473467230796814,0.3764568865299225,0.10939539968967438,0.29487696290016174,0.2591342329978943,0.13153913617134094,0.10624513030052185,18280.109375,100,100,0.5854811668395996,10
42,1,4,8,2048,0.00390625,0.06679785251617432,0.8756757974624634,0.8630607724189758,0.36922216415405273,0.6983267664909363,0.6881369948387146,0.16825181245803833,0.16114580631256104,733.38525390625,8,4,2.2918801307678223,0
42,1,4,16,2048,0.0078125,0.13175104558467865,0.8577622175216675,0.8452428579330444,0.2426593154668808,0.5857914090156555,0.5731591582298279,0.24954605102539062,0.2462940812110901,503.3471984863281,16,4,1.9564356803894043,0
42,1,4,32,2048,0.015625,0.19114872813224792,0.8579773306846619,0.8418866991996765,0.2183525115251541,0.4741571843624115,0.46605196595191956,0.35630667209625244,0.3478095233440399,16339.359375,32,4,1.4322857856750488,0
42,1,4,64,2048,0.03125,0.27684834599494934,0.8516760468482971,0.8338070511817932,0.17855601012706757,0.3706391155719757,0.3624373972415924,0.45694419741630554,0.4488596022129059,21050.5859375,64,4,1.0287381410598755,0
42,1,4,100,2048,0.048828125,0.3467600345611572,0.8489203453063965,0.8305032253265381,0.15801328420639038,0.3127911686897278,0.30668139457702637,0.5131060481071472,0.5020097494125366,30174.560546875,100,4,0.7733151316642761,0
42,1,8,8,2048,0.00390625,0.05102698877453804,0.9334530234336853,0.9221214652061462,0.527801513671875,0.7094980478286743,0.7153286933898926,0.21715861558914185,0.19204086065292358,79731.515625,8,8,1.712869644165039,1
42,1,8,16,2048,0.0078125,0.11013936251401901,0.8674142956733704,0.8535254597663879,0.3149970471858978,0.6329758167266846,0.6167072057723999,0.2258952260017395,0.22210681438446045,143342.546875,16,8,1.3788022994995117,3
42,1,8,32,2048,0.015625,0.1865886151790619,0.9140337705612183,0.8968988060951233,0.2693054676055908,0.4974948763847351,0.4903372824192047,0.39287304878234863,0.3854663372039795,70700.7421875,32,8,1.3018893003463745,3
42,1,8,64,2048,0.03125,0.2805561125278473,0.8235516548156738,0.8047571778297424,0.2216736525297165,0.35226503014564514,0.3448270559310913,0.44637739658355713,0.43907296657562256,26359.244140625,64,8,1.236359715461731,0
42,1,8,100,2048,0.048828125,0.3692852258682251,0.8142204284667969,0.7991255521774292,0.2170877903699875,0.2784728407859802,0.2743571400642395,0.517685055732727,0.509484052658081,21409.16015625,100,8,0.944614052772522,0
42,1,16,8,2048,0.00390625,0.07707703113555908,0.810093104839325,0.7970835566520691,0.32208865880966187,0.6780316233634949,0.6640293002128601,0.1332324743270874,0.1327725648880005,28.852113723754883,8,8,2.554142475128174,0
42,1,16,16,2048,0.0078125,0.12915518879890442,0.8541656732559204,0.8408046364784241,0.3200097382068634,0.59165358543396,0.5770191550254822,0.2569691836833954,0.2519809603691101,129683.1796875,16,16,0.9239383935928345,4
42,1,16,32,2048,0.015625,0.20413684844970703,1.0050725936889648,0.9853725433349609,0.2832290232181549,0.5011454224586487,0.4940218925476074,0.49410101771354675,0.4844316840171814,90188.515625,32,16,0.655728816986084,8
42,1,16,64,2048,0.03125,0.2971855401992798,0.8091667890548706,0.7904881238937378,0.21259881556034088,0.36950811743736267,0.3615110516548157,0.4215394854545593,0.4118364155292511,46637.359375,63,16,0.7242848873138428,7
42,1,16,100,2048,0.048828125,0.37310513854026794,0.7626078724861145,0.7455030679702759,0.2096470445394516,0.2795732617378235,0.2762821316719055,0.46507880091667175,0.4556523561477661,28716.85546875,100,16,0.766039252281189,2
42,1,32,8,2048,0.00390625,0.09481240063905716,0.7206681966781616,0.7061037421226501,0.32449114322662354,0.6540580987930298,0.643326461315155,0.07161065936088562,0.06819137930870056,508.84210205078125,8,8,2.053522825241089,0
42,1,32,16,2048,0.0078125,0.1361946016550064,0.6752547025680542,0.6643924713134766,0.25137192010879517,0.5524531006813049,0.5428105592727661,0.11431673169136047,0.11072695255279541,1406.312255859375,16,16,1.773048758506775,0
42,1,32,32,2048,0.015625,0.21111483871936798,0.8703497052192688,0.8465287089347839,0.23190738260746002,0.5040415525436401,0.4954920709133148,0.3410663604736328,0.33872807025909424,72557.875,32,32,0.5389931201934814,8
42,1,32,64,2048,0.03125,0.31013715267181396,0.8292236328125,0.8139082193374634,0.17283234000205994,0.38807204365730286,0.38167768716812134,0.4291974902153015,0.42118608951568604,32922.15234375,64,32,0.7034461498260498,10
42,1,32,100,2048,0.048828125,0.3751336932182312,0.7596630454063416,0.7427377700805664,0.1522802710533142,0.33070287108421326,0.3253181576728821,0.4234510064125061,0.41674327850341797,24509.025390625,100,32,0.5659179091453552,11
42,1,48,8,2048,0.00390625,0.09487983584403992,0.6979296207427979,0.687278151512146,0.3107612729072571,0.6593933701515198,0.6491599082946777,0.03988635540008545,0.03926640748977661,44.268672943115234,8,8,2.259791851043701,0
42,1,48,16,2048,0.0078125,0.15172149240970612,0.6467094421386719,0.6350322961807251,0.2503300607204437,0.5546067357063293,0.5417406558990479,0.08782497048377991,0.0875931978225708,90876.859375,16,16,1.105902075767517,2
42,1,48,32,2048,0.015625,0.22420650720596313,0.6529154777526855,0.6408621072769165,0.20514647662639618,0.46177902817726135,0.4519387185573578,0.17452311515808105,0.17390063405036926,59185.13671875,32,32,0.7644622325897217,6
42,1,48,64,2048,0.03125,0.3121194839477539,0.7429621815681458,0.7272754311561584,0.17977485060691833,0.40261438488960266,0.39608657360076904,0.322071373462677,0.31549379229545593,36385.83984375,64,48,0.31532761454582214,17
42,1,48,100,2048,0.048828125,0.38401204347610474,0.7210283875465393,0.7099149227142334,0.15842774510383606,0.36790162324905396,0.36199867725372314,0.3547400236129761,0.34846940636634827,23471.013671875,100,48,0.447124719619751,20
42,1,96,8,2048,0.00390625,0.0989631712436676,0.6909236907958984,0.6804625391960144,0.3111773133277893,0.6601155996322632,0.6497191786766052,0.02855139970779419,0.02922976016998291,65.28275299072266,8,8,2.001437187194824,0
42,1,96,16,2048,0.0078125,0.1539611518383026,0.5935603380203247,0.582862913608551,0.23848910629749298,0.5259977579116821,0.5147872567176819,0.057795315980911255,0.05731046199798584,534.9986572265625,16,16,1.6461158990859985,0
42,1,96,32,2048,0.015625,0.227547287940979,0.5217568278312683,0.5085302591323853,0.1844693422317505,0.42418068647384644,0.41434037685394287,0.09202980995178223,0.08966225385665894,39615.46875,32,32,1.2535765171051025,2
42,1,96,64,2048,0.03125,0.3178943991661072,0.5345929265022278,0.5243459343910217,0.15082868933677673,0.3459133505821228,0.33982157707214355,0.17980656027793884,0.1758265197277069,28788.39453125,64,64,0.7740198969841003,6
42,1,96,100,2048,0.048828125,0.39539092779159546,0.5035707950592041,0.4913206398487091,0.1404397338628769,0.2852533459663391,0.27996090054512024,0.2197069227695465,0.21728256344795227,17503.326171875,100,96,0.7936469912528992,6
42,1,192,8,2048,0.00390625,0.0989631712436676,0.6691436767578125,0.6574978828430176,0.3062807321548462,0.6597371101379395,0.6473150253295898,0.010008633136749268,0.011345982551574707,36.513118743896484,8,8,2.0789170265197754,0
42,1,192,16,2048,0.0078125,0.1514512002468109,0.5709730386734009,0.5608678460121155,0.2394045889377594,0.5389431715011597,0.5277350544929504,0.026339292526245117,0.026424944400787354,131.4058837890625,16,16,1.7583940029144287,0
42,1,192,32,2048,0.015625,0.2282024472951889,0.4733465313911438,0.4624531865119934,0.18443924188613892,0.4130140542984009,0.40402644872665405,0.04389411211013794,0.043516188859939575,49130.484375,32,32,1.083368182182312,1
42,1,192,64,2048,0.03125,0.32141757011413574,0.41092976927757263,0.4019317626953125,0.14193183183670044,0.3191487193107605,0.31064048409461975,0.08411690592765808,0.081300288438797,26151.345703125,64,64,0.8191868662834167,4
42,1,192,100,2048,0.048828125,0.4019269049167633,0.40626752376556396,0.3974965512752533,0.11741834133863449,0.29289084672927856,0.28675755858421326,0.10852590203285217,0.10673686861991882,17169.2421875,100,100,0.5572425723075867,11
42,2,4,8,2048,0.00390625,0.07758250832557678,1.116817593574524,1.032220482826233,0.5136165022850037,0.5855324268341064,0.5699461102485657,0.5388461947441101,0.45233675837516785,347784.53125,8,4,0.8696061372756958,1
42,2,4,16,2048,0.0078125,0.12959566712379456,1.0294257402420044,0.9798762798309326,0.39454492926597595,0.5044147968292236,0.47907334566116333,0.5352768301963806,0.47553306818008423,182623.421875,16,4,1.0292270183563232,1
42,2,4,32,2048,0.015625,0.18766802549362183,0.9575527906417847,0.908022940158844,0.30561140179634094,0.41975733637809753,0.39940345287323,0.5332262516021729,0.4905910789966583,111039.3125,32,4,0.9423142075538635,1
42,2,4,64,2048,0.03125,0.2632529139518738,0.8931350708007812,0.8420526385307312,0.24291229248046875,0.32405558228492737,0.306988000869751,0.5540837645530701,0.5197349786758423,70879.3359375,64,4,0.813105583190918,1
42,2,4,100,2048,0.048828125,0.3333493173122406,0.8487882614135742,0.7992807626724243,0.2132188081741333,0.2747880518436432,0.2591532766819,0.5670602321624756,0.5243518948554993,55887.515625,100,4,0.6416802406311035,1
42,2,8,8,2048,0.00390625,0.0893295630812645,0.824675440788269,0.7850215435028076,0.4547159671783447,0.5807860493659973,0.5573834180831909,0.2128705084323883,0.17734479904174805,362608.5625,8,8,-0.3055484890937805,4
42,2,8,16,2048,0.0078125,0.13920322060585022,1.0620536804199219,0.9870381951332092,0.3535000681877136,0.511097252368927,0.48216789960861206,0.4961693286895752,0.4425067901611328,202232.578125,16,8,0.2038935422897339,6
42,2,8,32,2048,0.015625,0.2069825977087021,0.8147103786468506,0.773959219455719,0.27777978777885437,0.412805438041687,0.3860214650630951,0.40008679032325745,0.3761027157306671,96751.234375,32,8,0.5183838605880737,6
42,2,8,64,2048,0.03125,0.29823461174964905,0.7394834756851196,0.6970271468162537,0.2348073124885559,0.3053392767906189,0.2843884229660034,0.4273334741592407,0.4036661386489868,48890.890625,64,8,0.596221923828125,5
42,2,8,100,2048,0.048828125,0.3631090223789215,0.7297326326370239,0.6853953003883362,0.21462106704711914,0.25801435112953186,0.24165016412734985,0.45805516839027405,0.4292908310890198,37484.0625,100,8,0.5360004305839539,5
42,2,16,8,2048,0.00390625,0.09340083599090576,0.6696844696998596,0.6373235583305359,0.3984876573085785,0.5681425333023071,0.541742742061615,0.0944415032863617,0.08479246497154236,246080.4375,8,8,0.5183308124542236,3
42,2,16,16,2048,0.0078125,0.15002213418483734,0.83847576379776,0.7842101454734802,0.31330567598342896,0.49926045536994934,0.46615487337112427,0.31993788480758667,0.29261860251426697,163531.0625,16,16,0.42148810625076294,5
42,2,16,32,2048,0.015625,0.21325533092021942,0.7721853852272034,0.7287187576293945,0.27785181999206543,0.4151049554347992,0.3882501423358917,0.34323805570602417,0.321445494890213,89903.453125,32,16,0.45456498861312866,9
42,2,16,64,2048,0.03125,0.29767289757728577,0.6804948449134827,0.6437168121337891,0.2426910102367401,0.327067106962204,0.3087408244609833,0.3373044729232788,0.31664058566093445,57015.97265625,64,16,0.40588051080703735,11
42,2,16,100,2048,0.048828125,0.3769342005252838,0.6691431403160095,0.62882000207901,0.22235806286334991,0.26354166865348816,0.24946700036525726,0.3921721577644348,0.36517590284347534,41481.81640625,100,16,0.4071652889251709,10
42,2,32,8,2048,0.00390625,0.10681384801864624,0.6278793215751648,0.5939306020736694,0.35505613684654236,0.5431234836578369,0.5109335780143738,0.07279479503631592,0.06527334451675415,200247.015625,8,8,1.037613034248352,2
42,2,32,16,2048,0.0078125,0.15561625361442566,0.6018438339233398,0.5668950080871582,0.2830308973789215,0.475323885679245,0.44785138964653015,0.1111968457698822,0.10140439867973328,118853.0078125,16,16,1.088775873184204,3
42,2,32,32,2048,0.015625,0.22840875387191772,0.6263256072998047,0.5909257531166077,0.260295569896698,0.39492863416671753,0.3722573518753052,0.22560280561447144,0.21217800676822662,72154.2265625,32,32,0.7267710566520691,7
42,2,32,64,2048,0.03125,0.3162829577922821,0.6182174682617188,0.5835896730422974,0.20817779004573822,0.3158705234527588,0.2965172231197357,0.2829761207103729,0.2640281915664673,42215.390625,64,32,0.19863471388816833,18
42,2,32,100,2048,0.048828125,0.39850062131881714,0.5765172243118286,0.5433322787284851,0.1909273862838745,0.24713236093521118,0.23256877064704895,0.3099486529827118,0.29051703214645386,25349.583984375,100,32,0.31043240427970886,19
42,2,48,8,2048,0.00390625,0.10796062648296356,0.6117586493492126,0.5798924565315247,0.375879168510437,0.5440207719802856,0.5074179768562317,0.06529051065444946,0.05686527490615845,9359.3984375,8,8,1.347930908203125,0
42,2,48,16,2048,0.0078125,0.1621798574924469,0.5841637849807739,0.5519334077835083,0.2641063928604126,0.46290966868400574,0.43294090032577515,0.110088050365448,0.10250821709632874,107131.3828125,16,16,1.0899986028671265,2
42,2,48,32,2048,0.015625,0.23437532782554626,0.5265682339668274,0.4983443319797516,0.21652229130268097,0.36228612065315247,0.3407015800476074,0.1611977517604828,0.15242034196853638,53844.4921875,32,32,1.0475776195526123,3
42,2,48,64,2048,0.03125,0.3250277638435364,0.5513036251068115,0.5187139511108398,0.20826344192028046,0.3284617066383362,0.30783897638320923,0.21673542261123657,0.2026805281639099,40268.00390625,64,48,0.2589121460914612,16
42,2,48,100,2048,0.048828125,0.40249863266944885,0.541282594203949,0.50867760181427,0.17012067139148712,0.26673588156700134,0.250095009803772,0.2661973237991333,0.2507353723049164,23914.470703125,100,48,0.39384815096855164,15
42,2,96,8,2048,0.00390625,0.11565804481506348,0.5673742890357971,0.5347520709037781,0.3374541401863098,0.5238041281700134,0.4927084743976593,0.03263664245605469,0.030329346656799316,120.7481460571289,8,8,2.0560214519500732,0
42,2,96,16,2048,0.0078125,0.1637115329504013,0.5208691358566284,0.48804524540901184,0.28350237011909485,0.46228477358818054,0.4372420012950897,0.053671300411224365,0.049420833587646484,101456.40625,16,16,1.2724756002426147,2
42,2,96,32,2048,0.015625,0.23636426031589508,0.4645244777202606,0.4349030554294586,0.20941278338432312,0.3717993199825287,0.3500748574733734,0.08766484260559082,0.08182334899902344,57409.56640625,32,32,0.8384940028190613,5
42,2,96,64,2048,0.03125,0.3336851894855499,0.44357773661613464,0.4188932478427887,0.1823701113462448,0.3020976781845093,0.28399577736854553,0.14205724000930786,0.13263502717018127,31098.08984375,64,64,0.46508538722991943,13
42,2,96,100,2048,0.048828125,0.41370463371276855,0.4818507730960846,0.452900230884552,0.1447366625070572,0.2609611749649048,0.2453010082244873,0.21450886130332947,0.20002174377441406,18678.544921875,100,96,0.2923755943775177,22
42,2,192,8,2048,0.00390625,0.11491498351097107,0.5343201160430908,0.5092071890830994,0.35132384300231934,0.5212323665618896,0.4942317008972168,0.01385188102722168,0.01250922679901123,56.632530212402344,8,8,2.020160675048828,0
42,2,192,16,2048,0.0078125,0.16763561964035034,0.47285032272338867,0.4426339268684387,0.2582089900970459,0.4454807639122009,0.41724681854248047,0.02591565251350403,0.023289918899536133,1248.6282958984375,16,16,1.5575900077819824,0
42,2,192,32,2048,0.015625,0.23852422833442688,0.39678755402565,0.3754397928714752,0.1895582377910614,0.35289111733436584,0.3307834267616272,0.04014939069747925,0.03700852394104004,49338.09765625,32,32,1.0575636625289917,2
42,2,192,64,2048,0.03125,0.33948397636413574,0.39598286151885986,0.37251272797584534,0.1395241618156433,0.28797435760498047,0.27210357785224915,0.09532636404037476,0.08834192156791687,27261.021484375,64,64,0.6051622033119202,9
42,2,192,100,2048,0.048828125,0.4182964563369751,0.3851394057273865,0.3623576760292053,0.10637491196393967,0.250294029712677,0.23542672395706177,0.12519925832748413,0.11684048175811768,16971.857421875,100,100,0.4847361445426941,13
43,0,4,8,2048,0.00390625,0.0740416869521141,0.8982768654823303,0.9016246199607849,0.4007778465747833,0.6217711567878723,0.6183236241340637,0.24563544988632202,0.225655198097229,133262.4375,8,4,1.6621545553207397,1
43,0,4,16,2048,0.0078125,0.12230708450078964,0.7757038474082947,0.7736431956291199,0.37033283710479736,0.5380240678787231,0.5382437705993652,0.20363575220108032,0.20466625690460205,78404.15625,16,4,1.4622066020965576,1
43,0,4,32,2048,0.015625,0.1742326319217682,0.7614976167678833,0.7581467628479004,0.276959627866745,0.4567474126815796,0.45194756984710693,0.2745499908924103,0.2735239565372467,78539.796875,32,4,1.3074185848236084,0
43,0,4,64,2048,0.03125,0.24726448953151703,0.7532684803009033,0.7502946853637695,0.2378656268119812,0.35779598355293274,0.3553568720817566,0.3685282766819,0.3659341335296631,37933.6796875,64,4,0.9734333753585815,0
43,0,4,100,2048,0.048828125,0.3184524178504944,0.7511162161827087,0.7456182241439819,0.21119628846645355,0.29572200775146484,0.292647123336792,0.43487927317619324,0.43071284890174866,36549.16796875,100,4,0.7025854587554932,0
43,0,8,8,2048,0.00390625,0.07270857691764832,1.1285256147384644,1.109578251838684,0.40024101734161377,0.6324102282524109,0.6355230212211609,0.4652212858200073,0.43537765741348267,252338.1875,8,8,1.3257360458374023,2
43,0,8,16,2048,0.0078125,0.12907660007476807,1.0023794174194336,0.995502233505249,0.2955257296562195,0.5431790947914124,0.5414077639579773,0.43286556005477905,0.42708325386047363,155098.75,16,8,0.7170392274856567,5
43,0,8,32,2048,0.015625,0.17912569642066956,0.7450700402259827,0.7369483113288879,0.2637837827205658,0.4803229570388794,0.47509709000587463,0.2541047930717468,0.25073447823524475,114826.65625,32,8,0.5253013968467712,9
43,0,8,64,2048,0.03125,0.25891637802124023,0.7046518921852112,0.6941810250282288,0.1705741435289383,0.33247998356819153,0.3301960229873657,0.35076266527175903,0.3480592966079712,42539.58984375,64,8,1.1559104919433594,1
43,0,8,100,2048,0.048828125,0.3265523314476013,0.6950674057006836,0.6862664222717285,0.142429918050766,0.27398085594177246,0.2709076404571533,0.40669918060302734,0.3992183804512024,27832.59375,100,8,0.965080976486206,0
43,0,16,8,2048,0.00390625,0.08790852129459381,0.7307473421096802,0.7287140488624573,0.355912446975708,0.6001859307289124,0.594020664691925,0.11657965183258057,0.11621284484863281,656.0497436523438,8,8,2.2185678482055664,0
43,0,16,16,2048,0.0078125,0.13442377746105194,0.8138623833656311,0.8021641969680786,0.27756574749946594,0.5158782005310059,0.5123483538627625,0.2482362985610962,0.24486857652664185,124338.7421875,16,16,1.438744306564331,2
43,0,16,32,2048,0.015625,0.1819334328174591,0.7641644477844238,0.7550736665725708,0.21016311645507812,0.46923673152923584,0.4632928669452667,0.28661662340164185,0.28289705514907837,73645.109375,32,16,0.9528909921646118,7
43,0,16,64,2048,0.03125,0.26455041766166687,0.7083591222763062,0.7024043798446655,0.16382482647895813,0.349123477935791,0.345369428396225,0.34723007678985596,0.3394894003868103,32782.859375,64,16,0.9557582139968872,5
43,0,16,100,2048,0.048828125,0.3403783142566681,0.653040885925293,0.6436184644699097,0.13767069578170776,0.26423361897468567,0.2607792317867279,0.3762049078941345,0.3698497414588928,19842.34375,100,16,0.8736844658851624,3
43,0,32,8,2048,0.00390625,0.0898241251707077,0.6695194840431213,0.6696347594261169,0.35813379287719727,0.60921311378479,0.6043292880058289,0.057257235050201416,0.05937236547470093,177187.484375,8,8,1.7021584510803223,1
43,0,32,16,2048,0.0078125,0.13931392133235931,0.6596280932426453,0.647940993309021,0.2703496217727661,0.5089642405509949,0.5024818778038025,0.1352890431880951,0.1357174515724182,138138.609375,16,16,1.5442123413085938,1
43,0,32,32,2048,0.015625,0.1841070055961609,0.7222553491592407,0.7147011756896973,0.21485194563865662,0.43644118309020996,0.4322335720062256,0.2630305886268616,0.2589476406574249,79385.21875,32,32,1.1133935451507568,3
43,0,32,64,2048,0.03125,0.271715372800827,0.7149224877357483,0.704879879951477,0.16668550670146942,0.3596459627151489,0.35587629675865173,0.3432635962963104,0.3365081548690796,39652.39453125,64,32,0.38962024450302124,14
43,0,32,100,2048,0.048828125,0.3434939682483673,0.6494203805923462,0.6398281455039978,0.1431124210357666,0.2844456136226654,0.28189826011657715,0.34682121872901917,0.34139710664749146,21184.33984375,100,32,0.5190201997756958,15
43,0,48,8,2048,0.00390625,0.0971120223402977,0.6840195655822754,0.6802811622619629,0.3487721383571625,0.6000039577484131,0.5953466892242432,0.07288768887519836,0.07296490669250488,159675.5,8,8,1.1931447982788086,2
43,0,48,16,2048,0.0078125,0.1398043930530548,0.6322744488716125,0.6255739331245422,0.27229756116867065,0.5108315348625183,0.5052791833877563,0.10397469997406006,0.10242292284965515,127809.6953125,16,16,1.245661735534668,2
43,0,48,32,2048,0.015625,0.1838773638010025,0.6536871790885925,0.6443871259689331,0.2100043147802353,0.4373847544193268,0.4335743188858032,0.1984938383102417,0.194865882396698,80053.671875,32,32,0.9909541606903076,4
43,0,48,64,2048,0.03125,0.2719305455684662,0.6516690254211426,0.6452592015266418,0.1731213927268982,0.36811548471450806,0.3629119098186493,0.27579060196876526,0.2722412943840027,52152.484375,64,48,0.27248415350914,15
43,0,48,100,2048,0.048828125,0.34283173084259033,0.6262158155441284,0.6211217641830444,0.13876572251319885,0.2939079999923706,0.2909843623638153,0.3215475380420685,0.31593573093414307,25980.830078125,100,48,0.28452268242836,18
43,0,96,8,2048,0.00390625,0.0930975154042244,0.624154269695282,0.6319186687469482,0.43325942754745483,0.5870956778526306,0.596356987953186,0.03288024663925171,0.034943580627441406,567.110107421875,8,8,1.907545804977417,0
43,0,96,16,2048,0.0078125,0.1473751664161682,0.574195921421051,0.5646865367889404,0.2629854679107666,0.512127161026001,0.5073521137237549,0.06269389390945435,0.06229180097579956,115320.3125,16,16,1.1883070468902588,2
43,0,96,32,2048,0.015625,0.2005053013563156,0.5336695313453674,0.5236945748329163,0.19548629224300385,0.419843465089798,0.4159899055957794,0.09897077083587646,0.09883919358253479,56128.62109375,32,32,1.0511550903320312,3
43,0,96,64,2048,0.03125,0.27961426973342896,0.5025115609169006,0.49900445342063904,0.14942465722560883,0.3438137173652649,0.3410245180130005,0.15136364102363586,0.1498076319694519,35729.6171875,64,64,0.5983872413635254,11
43,0,96,100,2048,0.048828125,0.35087525844573975,0.4998787045478821,0.4922149181365967,0.12832817435264587,0.29817453026771545,0.2964279353618622,0.1912904977798462,0.1881149709224701,22795.39453125,100,96,0.3416723608970642,18
43,0,192,8,2048,0.00390625,0.09782654792070389,0.601222813129425,0.6047776937484741,0.3800541162490845,0.5784719586372375,0.5779648423194885,0.02323591709136963,0.02440550923347473,91.89599609375,8,8,1.9031637907028198,0
43,0,192,16,2048,0.0078125,0.1439259797334671,0.5357102155685425,0.529931902885437,0.24889659881591797,0.4999297857284546,0.49391862750053406,0.03130751848220825,0.03138646483421326,17556.47265625,16,16,1.5698682069778442,0
43,0,192,32,2048,0.015625,0.20505911111831665,0.4731239676475525,0.469353049993515,0.17296093702316284,0.41524699330329895,0.4094877243041992,0.054440855979919434,0.05401650071144104,20339.517578125,32,32,1.4441815614700317,1
43,0,192,64,2048,0.03125,0.2852884531021118,0.38940921425819397,0.38208022713661194,0.1294098198413849,0.30365195870399475,0.30086541175842285,0.07564452290534973,0.07460495829582214,23211.599609375,64,64,1.1333271265029907,3
43,0,192,100,2048,0.048828125,0.35368871688842773,0.3871639370918274,0.3835212290287018,0.10423029214143753,0.2750559151172638,0.2734834849834442,0.10329526662826538,0.10166075825691223,16576.548828125,100,100,0.7664848566055298,8
43,1,4,8,2048,0.00390625,0.060695186257362366,0.848504364490509,0.8429901599884033,0.4132953882217407,0.5942493677139282,0.5946728587150574,0.2487735152244568,0.234117329120636,278.6587829589844,8,4,2.358083724975586,0
43,1,4,16,2048,0.0078125,0.09246228635311127,0.8512888550758362,0.85190749168396,0.43108946084976196,0.5419777035713196,0.5514405965805054,0.29327332973480225,0.2770783305168152,1282.1453857421875,16,4,1.8001900911331177,0
43,1,4,32,2048,0.015625,0.144575834274292,0.8330110907554626,0.8291516900062561,0.40940144658088684,0.45803728699684143,0.46774524450302124,0.35697874426841736,0.3414570391178131,7670.576171875,32,4,1.2936283349990845,0
43,1,4,64,2048,0.03125,0.23064222931861877,0.8174533843994141,0.813312292098999,0.3443174660205841,0.3609367609024048,0.3677709102630615,0.43578198552131653,0.420843243598938,13774.5654296875,64,4,0.8675930500030518,0
43,1,4,100,2048,0.048828125,0.31681501865386963,0.8058125376701355,0.7992033958435059,0.2976486086845398,0.28553497791290283,0.29007071256637573,0.5014338493347168,0.48616281151771545,18154.41796875,100,4,0.596138596534729,0
43,1,8,8,2048,0.00390625,0.07099214196205139,0.9052563905715942,0.8965506553649902,0.5747346878051758,0.5729029178619385,0.610100269317627,0.3219812214374542,0.2449159026145935,119.33401489257812,8,8,1.6921366453170776,0
43,1,8,16,2048,0.0078125,0.11209461838006973,0.7730929255485535,0.7570244669914246,0.40911418199539185,0.5136610269546509,0.5113474130630493,0.2509959042072296,0.22924286127090454,71124.7109375,16,8,1.4620977640151978,0
43,1,8,32,2048,0.015625,0.15858465433120728,0.7306390404701233,0.7145782709121704,0.3286389410495758,0.43160292506217957,0.4329994320869446,0.2906205952167511,0.2708497941493988,28547.2109375,32,8,1.2472728490829468,0
43,1,8,64,2048,0.03125,0.251696914434433,0.706097424030304,0.6877131462097168,0.2365705370903015,0.33112475275993347,0.33362865447998047,0.3594104051589966,0.3454454243183136,32626.087890625,64,8,0.8371360898017883,0
43,1,8,100,2048,0.048828125,0.325147807598114,0.699151873588562,0.6796716451644897,0.21007709205150604,0.2796908915042877,0.2794407606124878,0.40341317653656006,0.38598740100860596,26058.998046875,100,8,0.5950813293457031,0
43,1,16,8,2048,0.00390625,0.07473771274089813,0.7316365838050842,0.7449791431427002,0.5280746221542358,0.5749228596687317,0.5980756878852844,0.14179068803787231,0.11753195524215698,220.74557495117188,8,8,1.6699304580688477,0
43,1,16,16,2048,0.0078125,0.11614690721035004,0.8424378037452698,0.8183552622795105,0.3180634379386902,0.5053831338882446,0.49963098764419556,0.32183897495269775,0.29142236709594727,978.0186767578125,16,16,1.7233645915985107,0
43,1,16,32,2048,0.015625,0.16648155450820923,0.713752269744873,0.6974940896034241,0.24321453273296356,0.4333914518356323,0.4204603135585785,0.2601059079170227,0.24556821584701538,56347.1015625,32,16,1.370387315750122,1
43,1,16,64,2048,0.03125,0.26326659321784973,0.6405019760131836,0.6308101415634155,0.1708294302225113,0.33177438378334045,0.3219270408153534,0.29286572337150574,0.2820158898830414,31069.76953125,64,16,0.9539533853530884,1
43,1,16,100,2048,0.048828125,0.34388792514801025,0.6280890703201294,0.6112642884254456,0.14138862490653992,0.2679842710494995,0.25993064045906067,0.3410211205482483,0.32887575030326843,23681.5546875,100,16,0.7454177737236023,1
43,1,32,8,2048,0.00390625,0.07473771274089813,0.658458948135376,0.6597451567649841,0.4287177324295044,0.5758933424949646,0.5837762951850891,0.07307606935501099,0.06653797626495361,64230.4375,8,8,1.4688446521759033,1
43,1,32,16,2048,0.0078125,0.126664936542511,0.6732608675956726,0.6536393761634827,0.24337510764598846,0.5124061703681946,0.5005563497543335,0.1354004144668579,0.1286809742450714,78894.7734375,16,16,1.4028640985488892,2
43,1,32,32,2048,0.015625,0.18643589317798615,0.7298750877380371,0.7090123891830444,0.18853139877319336,0.40614089369773865,0.39661189913749695,0.2976325750350952,0.2877218723297119,37871.1328125,32,32,1.4015450477600098,1
43,1,32,64,2048,0.03125,0.2848826050758362,0.6195886135101318,0.6002638339996338,0.17137941718101501,0.3298934996128082,0.3191271126270294,0.2733822166919708,0.26726651191711426,31176.98046875,64,32,0.8172786235809326,6
43,1,32,100,2048,0.048828125,0.3585512638092041,0.5642515420913696,0.5462853312492371,0.15551263093948364,0.2572680115699768,0.2509519159793854,0.28623107075691223,0.27883365750312805,22315.166015625,100,32,0.6992928385734558,5
43,1,48,8,2048,0.00390625,0.07520555704832077,0.6404863595962524,0.6374879479408264,0.36419662833213806,0.5787065029144287,0.5745223760604858,0.058651506900787354,0.05386427044868469,88883.3046875,8,8,1.605390191078186,1
43,1,48,16,2048,0.0078125,0.1332736611366272,0.6130642294883728,0.5993649363517761,0.238815575838089,0.49698522686958313,0.48519259691238403,0.10335680842399597,0.1012287437915802,61120.796875,16,16,1.4947857856750488,1
43,1,48,32,2048,0.015625,0.19907861948013306,0.6303091645240784,0.6096234917640686,0.20505104959011078,0.43753597140312195,0.42608946561813354,0.18211311101913452,0.17301398515701294,56570.59375,32,32,0.7476160526275635,7
43,1,48,64,2048,0.03125,0.28283095359802246,0.5787697434425354,0.561647891998291,0.1807502806186676,0.326652854681015,0.3150322437286377,0.23622849583625793,0.23078250885009766,30742.849609375,64,48,0.9643333554267883,4
43,1,48,100,2048,0.048828125,0.3642939031124115,0.5538530349731445,0.538862407207489,0.1636486053466797,0.2710995376110077,0.2620587646961212,0.2647364139556885,0.2561189532279968,23078.748046875,100,48,0.6217210292816162,7
43,1,96,8,2048,0.00390625,0.07737122476100922,0.6220751404762268,0.611305296421051,0.3468252718448639,0.581612765789032,0.5728479623794556,0.040960073471069336,0.0387691855430603,71841.5,8,8,1.7486850023269653,1
43,1,96,16,2048,0.0078125,0.13372235000133514,0.5752600431442261,0.5624402165412903,0.24346913397312164,0.5154526829719543,0.5033095479011536,0.061576664447784424,0.05849301815032959,86041.921875,16,16,1.107182502746582,3
43,1,96,32,2048,0.015625,0.1997634768486023,0.5090550780296326,0.4973604679107666,0.19168688356876373,0.4133654236793518,0.3975142538547516,0.08951658010482788,0.08676221966743469,53896.58984375,32,32,0.8268266916275024,4
43,1,96,64,2048,0.03125,0.29547297954559326,0.4675489366054535,0.4551016688346863,0.1518964320421219,0.3125686049461365,0.30512261390686035,0.14065608382225037,0.13616541028022766,25812.76953125,64,64,0.774993896484375,7
43,1,96,100,2048,0.048828125,0.3749508261680603,0.44935861229896545,0.43565428256988525,0.11994267255067825,0.2613494396209717,0.25213125348091125,0.17894354462623596,0.17391318082809448,17081.88671875,100,96,0.6584439277648926,9
43,1,192,8,2048,0.00390625,0.08408614248037338,0.5878358483314514,0.5777257084846497,0.3395818769931793,0.5754222869873047,0.5628008842468262,0.013402223587036133,0.01468116044998169,52.607147216796875,8,8,2.173916816711426,0
43,1,192,16,2048,0.0078125,0.13786980509757996,0.5320643782615662,0.517025887966156,0.231023907661438,0.4945177435874939,0.4800223410129547,0.03464743494987488,0.034239113330841064,70736.375,16,16,1.3830220699310303,2
43,1,192,32,2048,0.015625,0.20559006929397583,0.4354778826236725,0.4235195815563202,0.18046121299266815,0.3869854807853699,0.37358424067497253,0.04474720358848572,0.04308846592903137,10762.462890625,32,32,1.344043254852295,0
43,1,192,64,2048,0.03125,0.2966774106025696,0.38720864057540894,0.3759208619594574,0.12687061727046967,0.30451956391334534,0.2937384843826294,0.07916960120201111,0.07663673162460327,23889.80859375,64,64,0.899612545967102,3
43,1,192,100,2048,0.048828125,0.38202354311943054,0.40227121114730835,0.3923361897468567,0.10617309808731079,0.2857474386692047,0.2754902243614197,0.11110252141952515,0.10776129364967346,16669.15234375,100,100,0.5112707614898682,13
43,2,4,8,2048,0.00390625,0.06238482892513275,0.9511253833770752,0.9207863807678223,0.5278307199478149,0.668967604637146,0.6724667549133301,0.2670033574104309,0.21158593893051147,104985.40625,8,4,1.1794562339782715,2
43,2,4,16,2048,0.0078125,0.10601616650819778,0.9104373455047607,0.872730016708374,0.4585331678390503,0.5969808101654053,0.587760329246521,0.3038651943206787,0.25609058141708374,77940.484375,16,4,1.4139869213104248,1
43,2,4,32,2048,0.015625,0.1681496500968933,0.8709890842437744,0.8295602798461914,0.3668103814125061,0.4808545410633087,0.4697999954223633,0.36687034368515015,0.32881301641464233,15460.5478515625,32,4,1.1636697053909302,0
43,2,4,64,2048,0.03125,0.23830361664295197,0.8542114496231079,0.8103871941566467,0.3216407597064972,0.38044998049736023,0.37164390087127686,0.4498597979545593,0.4141567349433899,33964.671875,64,4,0.8332153558731079,0
43,2,4,100,2048,0.048828125,0.3178373873233795,0.8338862061500549,0.791879415512085,0.2586764693260193,0.3117159903049469,0.30537623167037964,0.5000759363174438,0.4625312089920044,24239.306640625,100,4,0.6345463395118713,0
43,2,8,8,2048,0.00390625,0.05567358434200287,0.9247711896896362,0.8912363648414612,0.4814075529575348,0.681826651096344,0.679760754108429,0.22177273035049438,0.17381465435028076,173319.03125,8,8,1.6646771430969238,1
43,2,8,16,2048,0.0078125,0.10881864279508591,1.0005543231964111,0.9588093161582947,0.31079453229904175,0.627956211566925,0.6015242338180542,0.365739107131958,0.3376697897911072,166627.8125,16,8,0.40068286657333374,6
43,2,8,32,2048,0.015625,0.16604730486869812,0.9016284942626953,0.8586226105690002,0.24288317561149597,0.510891854763031,0.48639389872550964,0.38063979148864746,0.35905399918556213,70244.765625,32,8,0.8550825119018555,6
43,2,8,64,2048,0.03125,0.2360643744468689,0.8299915790557861,0.7941862344741821,0.2072739452123642,0.4031347632408142,0.38536199927330017,0.4072610139846802,0.3844764232635498,36198.33984375,64,8,0.9901151657104492,1
43,2,8,100,2048,0.048828125,0.3162502348423004,0.7941598892211914,0.7570476531982422,0.17002467811107635,0.3206719756126404,0.30584731698036194,0.457297682762146,0.4318683445453644,23482.19921875,100,8,0.8220250010490417,1
43,2,16,8,2048,0.00390625,0.06389783322811127,0.7845006585121155,0.7615049481391907,0.4915781319141388,0.6622397899627686,0.6641001105308533,0.09922677278518677,0.07567769289016724,93160.234375,8,8,1.6489861011505127,1
43,2,16,16,2048,0.0078125,0.11221412569284439,1.0438988208770752,0.9860391020774841,0.2830902338027954,0.5964654088020325,0.5721862316131592,0.43289047479629517,0.40210849046707153,120186.8984375,16,16,0.9926561117172241,4
43,2,16,32,2048,0.015625,0.17639239132404327,0.8506326675415039,0.81348717212677,0.22591756284236908,0.4982805550098419,0.47893568873405457,0.3331608474254608,0.31270912289619446,60850.01171875,32,16,1.0260889530181885,5
43,2,16,64,2048,0.03125,0.27219679951667786,0.7874606251716614,0.7544691562652588,0.1707047075033188,0.3996497690677643,0.3794380724430084,0.37267017364501953,0.353560209274292,35031.24609375,64,16,0.6143403649330139,11
43,2,16,100,2048,0.048828125,0.3379296362400055,0.7428101301193237,0.7059507369995117,0.14596249163150787,0.3200918436050415,0.307302325963974,0.40093734860420227,0.3812486529350281,23588.974609375,100,16,0.6018151640892029,8
43,2,32,8,2048,0.00390625,0.06388368457555771,0.7312476634979248,0.7069941163063049,0.37394624948501587,0.6547005772590637,0.6361067891120911,0.07009673118591309,0.06267476081848145,25.2414493560791,8,8,2.517042636871338,0
43,2,32,16,2048,0.0078125,0.12055132538080215,0.8210493922233582,0.785187840461731,0.2621837258338928,0.5815210938453674,0.5558478832244873,0.21659517288208008,0.20567238330841064,95379.375,16,16,1.4879579544067383,2
43,2,32,32,2048,0.015625,0.18313999474048615,0.8133004307746887,0.7781596183776855,0.20770183205604553,0.5029971599578857,0.47692975401878357,0.30289769172668457,0.2848047614097595,63860.3046875,32,32,0.7767958641052246,7
43,2,32,64,2048,0.03125,0.2733941972255707,0.7612023949623108,0.7293192744255066,0.1857568770647049,0.4066025912761688,0.38706958293914795,0.356413334608078,0.3406379818916321,34386.4921875,64,32,0.32854440808296204,16
43,2,32,100,2048,0.048828125,0.3550369143486023,0.7122200131416321,0.6834390163421631,0.16851839423179626,0.3396732211112976,0.323077529668808,0.3584803342819214,0.34468144178390503,23449.046875,100,32,0.3734297454357147,15
43,2,48,8,2048,0.00390625,0.06339198350906372,0.7377766370773315,0.7091831564903259,0.36199042201042175,0.6801514625549316,0.6570715308189392,0.05120730400085449,0.04764145612716675,380.49810791015625,8,8,2.368391990661621,0
43,2,48,16,2048,0.0078125,0.11983869969844818,0.6981755495071411,0.6694123148918152,0.2683199942111969,0.5917631387710571,0.5672352910041809,0.10655319690704346,0.10150724649429321,106765.9453125,16,16,0.9653655290603638,4
43,2,48,32,2048,0.015625,0.19267398118972778,0.6843971610069275,0.6531445980072021,0.20605070888996124,0.4777107834815979,0.45678234100341797,0.18370851874351501,0.1735532283782959,57357.203125,32,32,0.7561243772506714,6
43,2,48,64,2048,0.03125,0.2836504280567169,0.724265456199646,0.6904320120811462,0.1551852822303772,0.42317113280296326,0.40360578894615173,0.2842220366001129,0.272482305765152,33060.71875,64,48,0.2013954222202301,19
43,2,48,100,2048,0.048828125,0.3609187602996826,0.7001792192459106,0.6715255379676819,0.14156413078308105,0.35249197483062744,0.33610105514526367,0.33341920375823975,0.3208392858505249,22361.01953125,100,48,0.23174385726451874,23
43,2,96,8,2048,0.00390625,0.07172489166259766,0.6977234482765198,0.6740237474441528,0.33368974924087524,0.6556339263916016,0.6348341107368469,0.03947824239730835,0.037216246128082275,53.57121276855469,8,8,2.3803677558898926,0
43,2,96,16,2048,0.0078125,0.12082000821828842,0.6467082500457764,0.6205087900161743,0.251373291015625,0.5825386643409729,0.5536946654319763,0.06561696529388428,0.062149763107299805,88892.734375,16,16,1.4455819129943848,2
43,2,96,32,2048,0.015625,0.19208166003227234,0.5701225996017456,0.5442734360694885,0.1963251233100891,0.46184059977531433,0.4419778883457184,0.09580138325691223,0.09056246280670166,58989.57421875,32,32,1.0034024715423584,3
43,2,96,64,2048,0.03125,0.29017332196235657,0.5775617361068726,0.5550515651702881,0.14330793917179108,0.3948926031589508,0.37469133734703064,0.17506477236747742,0.16722720861434937,30948.544921875,64,64,0.4564257264137268,12
43,2,96,100,2048,0.048828125,0.373916357755661,0.5891839265823364,0.5621986389160156,0.14208556711673737,0.3377559781074524,0.3215790092945099,0.2323218584060669,0.22225141525268555,19552.8515625,100,96,0.30967575311660767,21
43,2,192,8,2048,0.00390625,0.0818912535905838,0.6505163908004761,0.6305123567581177,0.33740532398223877,0.6276065111160278,0.6059678792953491,0.020450174808502197,0.02086588740348816,40.486263275146484,8,8,2.258526086807251,0
43,2,192,16,2048,0.0078125,0.12838204205036163,0.5741395950317383,0.5505111217498779,0.25894010066986084,0.5477571487426758,0.5206195116043091,0.027824819087982178,0.027339160442352295,1109.7952880859375,16,16,1.851832628250122,0
43,2,192,32,2048,0.015625,0.19561965763568878,0.5334835052490234,0.5105692744255066,0.18659424781799316,0.4786190688610077,0.4580612778663635,0.05583372712135315,0.05316567420959473,47246.75390625,32,32,1.0562108755111694,4
43,2,192,64,2048,0.03125,0.29629695415496826,0.45332521200180054,0.43384355306625366,0.12898112833499908,0.3604024648666382,0.3442194163799286,0.09245270490646362,0.08826151490211487,25461.3984375,64,64,0.7490057945251465,7
43,2,192,100,2048,0.048828125,0.3753865361213684,0.4551945626735687,0.4326821565628052,0.10404223948717117,0.3212009072303772,0.3049478530883789,0.1278575360774994,0.1218511164188385,16928.95703125,100,100,0.5589353442192078,12
44,0,4,8,2048,0.00390625,0.04226038232445717,0.8754859566688538,0.8738529682159424,0.48467308282852173,0.7080622315406799,0.7149152159690857,0.15814054012298584,0.15147125720977783,215672.484375,8,4,1.9527695178985596,1
44,0,4,16,2048,0.0078125,0.07437590509653091,0.8641337752342224,0.8483977317810059,0.35560378432273865,0.6495243310928345,0.6369279026985168,0.21059417724609375,0.200844407081604,104728.78125,16,4,1.6354191303253174,2
44,0,4,32,2048,0.015625,0.12959429621696472,0.8488482236862183,0.8279528021812439,0.27004775404930115,0.5407496690750122,0.5342035889625549,0.2939721941947937,0.2842648923397064,57171.3046875,32,4,1.3964495658874512,1
44,0,4,64,2048,0.03125,0.2093244194984436,0.8424183130264282,0.8211777806282043,0.2087181657552719,0.4260252118110657,0.4149434566497803,0.408917635679245,0.39981091022491455,29548.392578125,64,4,1.0863635540008545,0
44,0,4,100,2048,0.048828125,0.29419848322868347,0.8400534987449646,0.8166388869285583,0.16756252944469452,0.34923675656318665,0.3424832820892334,0.4778507649898529,0.46435311436653137,21641.07421875,100,4,0.8400332927703857,0
44,0,8,8,2048,0.00390625,0.04681239277124405,0.9955997467041016,0.9749780297279358,0.42406198382377625,0.7028090357780457,0.6994320750236511,0.28345829248428345,0.25309252738952637,150501.3125,8,8,2.0410993099212646,1
44,0,8,16,2048,0.0078125,0.09591943770647049,0.9913331270217896,0.9636032581329346,0.2682953178882599,0.6274427771568298,0.6120621562004089,0.3460659980773926,0.3316168189048767,91614.15625,16,8,1.4795242547988892,3
44,0,8,32,2048,0.015625,0.16404978930950165,0.8472368121147156,0.825156569480896,0.20433878898620605,0.4912807047367096,0.47845593094825745,0.35204482078552246,0.34151941537857056,46029.078125,32,8,1.5258079767227173,2
44,0,8,64,2048,0.03125,0.24485178291797638,0.8180821537971497,0.7987937331199646,0.17966648936271667,0.39312544465065,0.3841657042503357,0.41342693567276,0.4034010171890259,29174.244140625,64,8,1.0979536771774292,2
44,0,8,100,2048,0.048828125,0.316228449344635,0.8041508793830872,0.7836728096008301,0.1656448245048523,0.32895737886428833,0.31945040822029114,0.45689618587493896,0.4453097879886627,21075.9921875,100,8,0.8014851212501526,3
44,0,16,8,2048,0.00390625,0.05885707959532738,0.8248768448829651,0.7942233681678772,0.36232325434684753,0.6975377798080444,0.6850966811180115,0.1045384407043457,0.09124398231506348,168389.921875,8,8,1.8981695175170898,1
44,0,16,16,2048,0.0078125,0.10025046765804291,0.8669772148132324,0.8414874076843262,0.2689950168132782,0.6204676032066345,0.6064332127571106,0.23663538694381714,0.22494077682495117,100098.6953125,16,16,1.3089268207550049,3
44,0,16,32,2048,0.015625,0.17232705652713776,0.9171004295349121,0.8911027908325195,0.19384533166885376,0.5308774709701538,0.5186171531677246,0.3739418387413025,0.3603307604789734,58097.73046875,32,16,0.7083848714828491,8
44,0,16,64,2048,0.03125,0.26203426718711853,0.8052147030830383,0.783091127872467,0.18349982798099518,0.4194250702857971,0.4077952206134796,0.3718450963497162,0.3624584376811981,30527.1171875,64,16,0.4901227056980133,12
44,0,16,100,2048,0.048828125,0.3382417857646942,0.7828652262687683,0.7615804076194763,0.16312579810619354,0.33624202013015747,0.3280753493309021,0.43184226751327515,0.4203108847141266,21830.72265625,100,16,0.39758217334747314,15
44,0,32,8,2048,0.00390625,0.05961262807250023,0.7664338946342468,0.7519882321357727,0.3758629858493805,0.6956040859222412,0.6848241686820984,0.0688583254814148,0.06187641620635986,819.1079711914062,8,8,2.3167572021484375,0
44,0,32,16,2048,0.0078125,0.10223543643951416,0.7801099419593811,0.7579483389854431,0.25640860199928284,0.6162369251251221,0.6039097309112549,0.13506239652633667,0.12810462713241577,94729.25,16,16,1.7864762544631958,1
44,0,32,32,2048,0.015625,0.1718023717403412,0.8243374824523926,0.8033404350280762,0.21487630903720856,0.5276530981063843,0.5133353471755981,0.2712748050689697,0.2634207010269165,58920.78515625,32,32,0.7390416860580444,7
44,0,32,64,2048,0.03125,0.2743861675262451,0.7836737036705017,0.7601321339607239,0.17940758168697357,0.4184698164463043,0.40592852234840393,0.34940919280052185,0.338312566280365,35766.12109375,64,32,0.38263407349586487,12
44,0,32,100,2048,0.048828125,0.352770060300827,0.7820143103599548,0.7604376673698425,0.15911412239074707,0.3610393702983856,0.35068419575691223,0.4136844277381897,0.4037066102027893,23510.43359375,100,32,0.2001122683286667,22
44,0,48,8,2048,0.00390625,0.05956534296274185,0.7503913044929504,0.7407174706459045,0.42285868525505066,0.6988955736160278,0.6929029822349548,0.05050539970397949,0.04335099458694458,17138.017578125,8,8,2.083526849746704,0
44,0,48,16,2048,0.0078125,0.10807209461927414,0.6958518624305725,0.6802608370780945,0.2522396445274353,0.6065308451652527,0.589503824710846,0.08482688665390015,0.08125293254852295,91247.1875,16,16,1.6373753547668457,1
44,0,48,32,2048,0.015625,0.17680346965789795,0.6844340562820435,0.669417142868042,0.19846297800540924,0.4948539137840271,0.4826436936855316,0.17441925406455994,0.16822829842567444,64965.61328125,32,32,1.0403839349746704,3
44,0,48,64,2048,0.03125,0.27972832322120667,0.7207311987876892,0.7023101449012756,0.1797294169664383,0.4282963275909424,0.4148777723312378,0.2798452377319336,0.27301323413848877,39653.3671875,64,48,0.18268975615501404,17
44,0,48,100,2048,0.048828125,0.35909998416900635,0.7161698937416077,0.6973140835762024,0.14797905087471008,0.35424697399139404,0.3444433808326721,0.35019949078559875,0.34040698409080505,22027.048828125,100,48,0.30693772435188293,18
44,0,96,8,2048,0.00390625,0.06180519983172417,0.721649169921875,0.7129741907119751,0.3968909978866577,0.6858854293823242,0.6783117651939392,0.03714609146118164,0.03018707036972046,670.908203125,8,8,2.252534866333008,0
44,0,96,16,2048,0.0078125,0.10466428101062775,0.6541134119033813,0.6408613324165344,0.2504432499408722,0.6034382581710815,0.5903224945068359,0.04724237322807312,0.044662654399871826,100657.78125,16,16,1.633446455001831,1
44,0,96,32,2048,0.015625,0.18009117245674133,0.6086381077766418,0.5917642116546631,0.17980365455150604,0.49796879291534424,0.4844508469104767,0.10590532422065735,0.10121935606002808,53712.23046875,32,32,1.2349379062652588,3
44,0,96,64,2048,0.03125,0.282095342874527,0.5750304460525513,0.5584051609039307,0.14803457260131836,0.3990347683429718,0.3901691436767578,0.16196539998054504,0.155828595161438,29519.267578125,64,64,0.6147978901863098,10
44,0,96,100,2048,0.048828125,0.3551979064941406,0.5755046606063843,0.5630267262458801,0.1287701427936554,0.33581027388572693,0.32572638988494873,0.2227359563112259,0.21693259477615356,20147.3515625,100,96,0.4472411870956421,14
44,0,192,8,2048,0.00390625,0.05965469032526016,0.7166163921356201,0.7063578367233276,0.4279516935348511,0.6834498047828674,0.6848927140235901,0.02471446990966797,0.018595397472381592,67.3470458984375,8,8,2.358694553375244,0
44,0,192,16,2048,0.0078125,0.11297591775655746,0.6299826502799988,0.6129735112190247,0.25125232338905334,0.5883699655532837,0.5770223736763,0.03855091333389282,0.036108553409576416,91118.265625,16,16,1.644472599029541,1
44,0,192,32,2048,0.015625,0.1826157420873642,0.5649299025535583,0.5493305921554565,0.1769886016845703,0.5074451565742493,0.494843989610672,0.05976194143295288,0.056920379400253296,53372.93359375,32,32,0.9983606934547424,3
44,0,192,64,2048,0.03125,0.28626465797424316,0.46670782566070557,0.4575660526752472,0.13553038239479065,0.3750256299972534,0.3649080693721771,0.09267967939376831,0.09065872430801392,26712.392578125,64,64,0.7671292424201965,7
44,0,192,100,2048,0.048828125,0.36323410272598267,0.4612855017185211,0.4503420293331146,0.12165943533182144,0.31712621450424194,0.3092308044433594,0.13396093249320984,0.13034336268901825,16597.46875,100,100,0.5788943767547607,11
44,1,4,8,2048,0.00390625,0.09970852732658386,0.9817380309104919,0.9452481269836426,0.5001057386398315,0.6481906771659851,0.6422517895698547,0.26118937134742737,0.24046504497528076,98900.421875,8,4,1.4459335803985596,1
44,1,4,16,2048,0.0078125,0.1496189683675766,0.7331429123878479,0.7011995315551758,0.28383710980415344,0.5427125692367554,0.5237880945205688,0.18639007210731506,0.17929160594940186,69046.796875,16,4,1.5939077138900757,0
44,1,4,32,2048,0.015625,0.21392521262168884,0.7030514478683472,0.6728761196136475,0.24952931702136993,0.43234488368034363,0.41630974411964417,0.2525438964366913,0.24393850564956665,45408.984375,32,4,1.2208950519561768,0
44,1,4,64,2048,0.03125,0.2842959761619568,0.7017970681190491,0.6650332808494568,0.23361842334270477,0.35149428248405457,0.3400198221206665,0.3241082429885864,0.3113720715045929,89002.0390625,64,4,0.8372844457626343,0
44,1,4,100,2048,0.048828125,0.35232365131378174,0.6964243054389954,0.6612626910209656,0.21769832074642181,0.29170939326286316,0.2806008458137512,0.36948642134666443,0.3544859290122986,91779.4140625,100,4,0.5533009171485901,0
44,1,8,8,2048,0.00390625,0.10273128747940063,0.96977698802948,0.929118275642395,0.40310192108154297,0.6391758322715759,0.6146432757377625,0.2496488094329834,0.2345527708530426,149608.5,8,8,1.7050552368164062,1
44,1,8,16,2048,0.0078125,0.15635596215724945,0.7533450722694397,0.7261013388633728,0.29328978061676025,0.5494314432144165,0.5284833312034607,0.20685461163520813,0.19573548436164856,124644.1953125,16,8,1.3918330669403076,2
44,1,8,32,2048,0.015625,0.21379366517066956,0.7009031772613525,0.6706767082214355,0.26172369718551636,0.4593687951564789,0.43659865856170654,0.23694106936454773,0.2271546721458435,124940.2578125,32,8,0.9742742776870728,4
44,1,8,64,2048,0.03125,0.30528348684310913,0.6681297421455383,0.6433435678482056,0.21267639100551605,0.3471716344356537,0.33862656354904175,0.307768315076828,0.2966233491897583,99003.9140625,64,8,0.8012360334396362,5
44,1,8,100,2048,0.048828125,0.3774169683456421,0.6652244925498962,0.6391873955726624,0.19834105670452118,0.2886097729206085,0.27903640270233154,0.3608115315437317,0.34727510809898376,96207.171875,99,8,0.5882710218429565,5
44,1,16,8,2048,0.00390625,0.12501148879528046,0.6838077902793884,0.6532999873161316,0.3806442618370056,0.6251923441886902,0.6042022109031677,0.08595472574234009,0.08295315504074097,263086.75,8,8,0.8569121360778809,2
44,1,16,16,2048,0.0078125,0.16075269877910614,0.8051818013191223,0.7641293406486511,0.3225419223308563,0.564792811870575,0.5463894605636597,0.24775129556655884,0.2320774793624878,214604.84375,16,16,0.5834395885467529,4
44,1,16,32,2048,0.015625,0.23014980554580688,0.8770042061805725,0.8458641171455383,0.24697616696357727,0.4668803811073303,0.45245102047920227,0.40237218141555786,0.3913422226905823,108421.375,32,16,0.7303342819213867,6
44,1,16,64,2048,0.03125,0.3238457143306732,0.6790719628334045,0.6446044445037842,0.191579207777977,0.3161433935165405,0.3050456941127777,0.3564196825027466,0.34276142716407776,61655.6875,64,16,0.8068053722381592,3
44,1,16,100,2048,0.048828125,0.3948605954647064,0.6367620229721069,0.6102114915847778,0.1688084602355957,0.24982646107673645,0.24196574091911316,0.3792365491390228,0.36907821893692017,52405.24609375,100,16,0.6121146082878113,2
44,1,32,8,2048,0.00390625,0.12501148879528046,0.6352052092552185,0.6103987097740173,0.308998167514801,0.6062240600585938,0.5749232172966003,0.05915367603302002,0.057079315185546875,156887.359375,8,8,1.6531858444213867,1
44,1,32,16,2048,0.0078125,0.17770160734653473,0.6502912640571594,0.6214518547058105,0.23100696504116058,0.5086759328842163,0.4840564727783203,0.13742691278457642,0.13432246446609497,94846.1796875,16,16,1.267689824104309,2
44,1,32,32,2048,0.015625,0.23613101243972778,0.6954162120819092,0.6637787818908691,0.20318980515003204,0.42831575870513916,0.40933743119239807,0.2508513033390045,0.24136875569820404,61326.00390625,32,32,1.0398142337799072,4
44,1,32,64,2048,0.03125,0.3354741334915161,0.7231632471084595,0.7026503682136536,0.16846483945846558,0.32928669452667236,0.31537365913391113,0.4001736044883728,0.3888222575187683,37432.140625,64,32,0.6714556217193604,9
44,1,32,100,2048,0.048828125,0.4002310335636139,0.6849693059921265,0.6612962484359741,0.14686639606952667,0.28451040387153625,0.2730909585952759,0.38768476247787476,0.37425297498703003,24960.072265625,100,32,0.5643496513366699,12
44,1,48,8,2048,0.00390625,0.13504642248153687,0.6370578408241272,0.6150357127189636,0.38337013125419617,0.5954230427742004,0.5739092230796814,0.05671137571334839,0.04990515112876892,113552.3984375,8,8,0.9960929751396179,2
44,1,48,16,2048,0.0078125,0.1772017627954483,0.6189963817596436,0.5906144380569458,0.23216742277145386,0.509497880935669,0.4845225512981415,0.10103675723075867,0.09528875350952148,67008.7578125,16,16,1.4788665771484375,2
44,1,48,32,2048,0.015625,0.24641545116901398,0.6048504710197449,0.5832453966140747,0.2069011777639389,0.43710091710090637,0.4181425869464874,0.1716829538345337,0.1645113080739975,62562.625,32,32,0.8934385776519775,6
44,1,48,64,2048,0.03125,0.3335989713668823,0.7152842283248901,0.6903219819068909,0.1540626585483551,0.33735892176628113,0.32255348563194275,0.3551326394081116,0.34237241744995117,36765.484375,64,48,0.6891263127326965,10
44,1,48,100,2048,0.048828125,0.40289196372032166,0.6439862847328186,0.6189919114112854,0.13228079676628113,0.27219459414482117,0.262302964925766,0.34123483300209045,0.3273727595806122,23904.51953125,100,48,0.6926965117454529,11
44,1,96,8,2048,0.00390625,0.13162849843502045,0.623970627784729,0.5999032258987427,0.3761292099952698,0.5831092000007629,0.5677737593650818,0.033963024616241455,0.03244990110397339,56.9161262512207,8,8,1.926432728767395,0
44,1,96,16,2048,0.0078125,0.18789519369602203,0.5545702576637268,0.5332643985748291,0.21729899942874908,0.4903309643268585,0.4671945571899414,0.06504321098327637,0.06110846996307373,695.464599609375,16,16,1.7260795831680298,0
44,1,96,32,2048,0.015625,0.25828850269317627,0.5036383867263794,0.482254296541214,0.16479526460170746,0.39150458574295044,0.3743792772293091,0.10846522450447083,0.10421359539031982,33444.92578125,32,32,1.2996420860290527,2
44,1,96,64,2048,0.03125,0.337296724319458,0.443052738904953,0.4247533977031708,0.1292576789855957,0.2939329147338867,0.2802112102508545,0.13814523816108704,0.1323685348033905,23461.845703125,64,64,1.0591448545455933,4
44,1,96,100,2048,0.048828125,0.4092307686805725,0.41189226508140564,0.3942602574825287,0.10891125351190567,0.22759263217449188,0.21964512765407562,0.16654810309410095,0.15912142395973206,17773.28515625,100,96,0.8102647662162781,5
44,1,192,8,2048,0.00390625,0.13162849843502045,0.5884190797805786,0.5717009902000427,0.3736880123615265,0.5873901844024658,0.5694074630737305,0.011448562145233154,0.011766672134399414,61.73886489868164,8,8,1.9376111030578613,0
44,1,192,16,2048,0.0078125,0.18558283150196075,0.5199812054634094,0.500485360622406,0.22581839561462402,0.4901009500026703,0.4663318395614624,0.03065735101699829,0.030776679515838623,223.23309326171875,16,16,1.7107740640640259,0
44,1,192,32,2048,0.015625,0.25940069556236267,0.43999627232551575,0.4226931631565094,0.15704703330993652,0.38913998007774353,0.37296271324157715,0.047569334506988525,0.04596130549907684,31449.107421875,32,32,1.359499454498291,1
44,1,192,64,2048,0.03125,0.3417646586894989,0.37005615234375,0.35308921337127686,0.12076020985841751,0.2888968586921692,0.27591463923454285,0.0754900872707367,0.07271683216094971,24196.5390625,64,64,0.9421322345733643,4
44,1,192,100,2048,0.048828125,0.4136200547218323,0.31990188360214233,0.30598920583724976,0.09926827996969223,0.22033005952835083,0.21206817030906677,0.09123644232749939,0.08653660118579865,16313.6435546875,100,100,0.8863946795463562,4
44,2,4,8,2048,0.00390625,0.051501840353012085,0.9356569051742554,0.9512468576431274,0.5134998559951782,0.6508851051330566,0.6777141690254211,0.2669188380241394,0.23939770460128784,287722.1875,8,4,1.3616403341293335,1
44,2,4,16,2048,0.0078125,0.09179586917161942,0.8566720485687256,0.8439870476722717,0.447780042886734,0.5773676037788391,0.5816267132759094,0.26521867513656616,0.24160122871398926,139979.84375,16,4,1.4641081094741821,0
44,2,4,32,2048,0.015625,0.14632731676101685,0.8571068644523621,0.8301495909690857,0.3850569427013397,0.47955408692359924,0.481566846370697,0.3666130304336548,0.3329261243343353,91928.46875,32,4,1.1378774642944336,0
44,2,4,64,2048,0.03125,0.22255241870880127,0.8379716277122498,0.8092644214630127,0.33611443638801575,0.37636926770210266,0.37746134400367737,0.44327977299690247,0.4127892851829529,53700.4921875,64,4,0.8395217061042786,0
44,2,4,100,2048,0.048828125,0.3089182376861572,0.8156698346138,0.7883038520812988,0.2746628522872925,0.2989325225353241,0.3005944788455963,0.49025866389274597,0.4631028175354004,40612.0859375,100,4,0.635313868522644,0
44,2,8,8,2048,0.00390625,0.05440730229020119,0.935126781463623,0.9442654252052307,0.4790528118610382,0.6544641852378845,0.6734765768051147,0.2701226472854614,0.23808163404464722,83701.3984375,8,8,1.6810959577560425,1
44,2,8,16,2048,0.0078125,0.0846596360206604,1.0464069843292236,1.0046316385269165,0.3669263422489166,0.5918743014335632,0.5869126915931702,0.43318212032318115,0.38865870237350464,133541.59375,16,8,1.2321503162384033,3
44,2,8,32,2048,0.015625,0.15985943377017975,0.8477829098701477,0.8133697509765625,0.21380342543125153,0.45638471841812134,0.4376160502433777,0.3690308630466461,0.3577282428741455,75783.4765625,32,8,1.3260953426361084,2
44,2,8,64,2048,0.03125,0.23364998400211334,0.8129500150680542,0.7821876406669617,0.19582431018352509,0.36112144589424133,0.3489808440208435,0.43519794940948486,0.41688743233680725,46899.72265625,64,8,1.0257856845855713,1
44,2,8,100,2048,0.048828125,0.317769855260849,0.7911185622215271,0.7612807154655457,0.16646221280097961,0.29233676195144653,0.2813487648963928,0.47829151153564453,0.4591696858406067,31917.4453125,100,8,0.8015348315238953,0
44,2,16,8,2048,0.00390625,0.06949461996555328,0.7641334533691406,0.7524989247322083,0.3947105407714844,0.6322752237319946,0.6267207860946655,0.12138086557388306,0.11026757955551147,190140.8125,8,8,1.3146668672561646,2
44,2,16,16,2048,0.0078125,0.1063801720738411,0.7817152142524719,0.759332001209259,0.3127182424068451,0.5767541527748108,0.5653679966926575,0.18675783276557922,0.17706680297851562,151437.46875,16,16,0.4141162633895874,6
44,2,16,32,2048,0.015625,0.17991971969604492,0.9042344689369202,0.8713703751564026,0.225022554397583,0.470257967710495,0.45319458842277527,0.4241129755973816,0.4099857807159424,87102.28125,32,16,0.7878273129463196,5
44,2,16,64,2048,0.03125,0.26192906498908997,0.8160272836685181,0.7848942875862122,0.19268622994422913,0.3835586607456207,0.3704157769680023,0.40567129850387573,0.3892533779144287,56087.8125,64,16,0.7445664405822754,7
44,2,16,100,2048,0.048828125,0.33878517150878906,0.7546390295028687,0.7245866060256958,0.15396925806999207,0.2961622178554535,0.2825329303741455,0.44258832931518555,0.41936737298965454,34900.15234375,100,16,0.652029275894165,5
44,2,32,8,2048,0.00390625,0.06952638924121857,0.746643602848053,0.7305738925933838,0.4105692505836487,0.6306662559509277,0.6221024394035339,0.10412031412124634,0.09407049417495728,894.1686401367188,8,8,2.0727477073669434,0
44,2,32,16,2048,0.0078125,0.10677960515022278,0.7070533633232117,0.6842353343963623,0.28031206130981445,0.5648125410079956,0.5459561347961426,0.13909605145454407,0.12848487496376038,133340.03125,16,16,0.8749295473098755,4
44,2,32,32,2048,0.015625,0.17183764278888702,0.7425293326377869,0.7112639546394348,0.21249282360076904,0.489047110080719,0.47223955392837524,0.2345307469367981,0.21907073259353638,90308.1953125,32,32,0.6901817917823792,8
44,2,32,64,2048,0.03125,0.26700663566589355,0.8904320597648621,0.8549806475639343,0.16729235649108887,0.4245588183403015,0.40484070777893066,0.4451904296875,0.42782706022262573,50531.015625,64,32,-0.024134762585163116,22
44,2,32,100,2048,0.048828125,0.3474887013435364,0.7942788600921631,0.7662603259086609,0.1392248272895813,0.34203222393989563,0.3270593285560608,0.44708195328712463,0.4226980209350586,25477.8203125,100,32,0.13363294303417206,22
44,2,48,8,2048,0.00390625,0.06952638924121857,0.6942911148071289,0.6826512217521667,0.3955514132976532,0.6288008093833923,0.6214691400527954,0.05878323316574097,0.056438326835632324,592.2349243164062,8,8,2.216092348098755,0
44,2,48,16,2048,0.0078125,0.10594011843204498,0.6776061654090881,0.6534807085990906,0.2765873372554779,0.5639472007751465,0.5469828248023987,0.1004873514175415,0.09473425149917603,124614.1484375,16,16,1.483659029006958,2
44,2,48,32,2048,0.015625,0.18300363421440125,0.6438041925430298,0.6185217499732971,0.1987602412700653,0.46361055970191956,0.4438989460468292,0.16773515939712524,0.15938711166381836,71833.96875,32,32,0.7283040881156921,6
44,2,48,64,2048,0.03125,0.2656131386756897,0.7352611422538757,0.7000333070755005,0.15665127336978912,0.43636325001716614,0.419552743434906,0.2919265627861023,0.2766110301017761,43331.5625,64,48,-0.18841975927352905,25
44,2,48,100,2048,0.048828125,0.35384783148765564,0.7172147631645203,0.6874004006385803,0.13367262482643127,0.352091908454895,0.3345932364463806,0.35226988792419434,0.34073328971862793,26022.828125,100,48,0.02994411438703537,25
44,2,96,8,2048,0.00390625,0.07616128772497177,0.6493406891822815,0.6360008120536804,0.36707714200019836,0.6110146045684814,0.5966317057609558,0.03425818681716919,0.03478783369064331,883.036376953125,8,8,2.2230992317199707,0
44,2,96,16,2048,0.0078125,0.11847098171710968,0.606282651424408,0.5821506977081299,0.225095734000206,0.5381996631622314,0.515748918056488,0.06239733099937439,0.05904152989387512,104968.46875,16,16,1.4792699813842773,2
44,2,96,32,2048,0.015625,0.1852179616689682,0.5449315905570984,0.5235377550125122,0.19614998996257782,0.44495853781700134,0.42210331559181213,0.09001085162162781,0.0862697958946228,64556.0625,32,32,0.9091488122940063,5
44,2,96,64,2048,0.03125,0.2884366810321808,0.530167281627655,0.5072749257087708,0.16335493326187134,0.36523663997650146,0.3498760461807251,0.15185996890068054,0.1424570381641388,31555.884765625,64,64,0.43420320749282837,14
44,2,96,100,2048,0.048828125,0.3636690676212311,0.5832116603851318,0.5627872347831726,0.13428550958633423,0.33916303515434265,0.3276723623275757,0.23361220955848694,0.22176885604858398,22805.0703125,100,96,0.11235553026199341,27
44,2,192,8,2048,0.00390625,0.08451834321022034,0.6149570941925049,0.5986873507499695,0.29750877618789673,0.5892181992530823,0.5746208429336548,0.021689116954803467,0.02144482731819153,55.73788833618164,8,8,2.3499574661254883,0
44,2,192,16,2048,0.0078125,0.1265505850315094,0.548424243927002,0.5278134346008301,0.23809945583343506,0.5117077231407166,0.4920831024646759,0.030361175537109375,0.03000462055206299,1062.7718505859375,16,16,1.8070781230926514,0
44,2,192,32,2048,0.015625,0.19108037650585175,0.4719146490097046,0.4542759358882904,0.17674620449543,0.41256365180015564,0.3969554603099823,0.04900440573692322,0.04726216197013855,3117.101318359375,32,32,1.5324468612670898,0
44,2,192,64,2048,0.03125,0.2938336730003357,0.4182237386703491,0.3999679982662201,0.14443588256835938,0.3285197615623474,0.3135381042957306,0.0851019024848938,0.07720145583152771,26218.451171875,64,64,0.7786412835121155,7
44,2,192,100,2048,0.048828125,0.3694663345813751,0.3972969055175781,0.3778553307056427,0.11382115632295609,0.28043508529663086,0.2693440020084381,0.10936033725738525,0.10089792311191559,18088.83984375,100,100,0.4967273771762848,14
45,0,4,8,2048,0.00390625,0.03621503710746765,0.9869008660316467,1.0460973978042603,0.522742748260498,0.7274572849273682,0.8155978322029114,0.25475263595581055,0.18613463640213013,6848.1875,8,4,2.248549699783325,0
45,0,4,16,2048,0.0078125,0.06821778416633606,0.8949432969093323,0.9239224791526794,0.4325895309448242,0.6614120602607727,0.6966604590415955,0.24544161558151245,0.20579904317855835,843.3742065429688,16,4,2.099008560180664,0
45,0,4,32,2048,0.015625,0.11096993833780289,0.8830499649047852,0.8948761224746704,0.3955445885658264,0.5711910128593445,0.6008437871932983,0.31758618354797363,0.28225255012512207,5172.2373046875,32,4,1.5609697103500366,0
45,0,4,64,2048,0.03125,0.20866139233112335,0.8658598065376282,0.8626207709312439,0.29447662830352783,0.42477846145629883,0.44397085905075073,0.43471676111221313,0.40481802821159363,11081.4345703125,64,4,1.122084140777588,0
45,0,4,100,2048,0.048828125,0.2809225022792816,0.8623766899108887,0.8549998998641968,0.26169553399086,0.35073015093803406,0.36558833718299866,0.49939674139022827,0.4700121283531189,19000.8125,100,4,0.8270208835601807,0
45,0,8,8,2048,0.00390625,0.039365313947200775,1.678229570388794,1.5988662242889404,0.4208649694919586,0.7180829644203186,0.7494624257087708,0.9366878271102905,0.7735984325408936,70.06010437011719,8,8,2.779374122619629,0
45,0,8,16,2048,0.0078125,0.07405170053243637,0.9160540103912354,0.9066593647003174,0.2939048409461975,0.6559267044067383,0.6529104113578796,0.2415248155593872,0.22662460803985596,123047.0234375,16,8,1.505192518234253,2
45,0,8,32,2048,0.015625,0.1406998485326767,0.8269137740135193,0.8019900321960449,0.21934399008750916,0.522433876991272,0.5089370608329773,0.2903868556022644,0.27135396003723145,2551.635986328125,32,8,1.7961223125457764,0
45,0,8,64,2048,0.03125,0.22231826186180115,0.811705470085144,0.7876367568969727,0.17446793615818024,0.4143446981906891,0.4024111032485962,0.38535988330841064,0.359600692987442,13431.3837890625,64,8,1.267684817314148,0
45,0,8,100,2048,0.048828125,0.30380237102508545,0.8013739585876465,0.7751395106315613,0.1361454874277115,0.32663390040397644,0.3164696991443634,0.4578865170478821,0.4327850937843323,16560.318359375,100,8,0.9970817565917969,0
45,0,16,8,2048,0.00390625,0.060386981815099716,0.8478825688362122,0.8369458317756653,0.31734466552734375,0.7157959342002869,0.703136682510376,0.12859368324279785,0.12010747194290161,163012.546875,8,8,1.9455021619796753,1
45,0,16,16,2048,0.0078125,0.09731346368789673,0.9918419718742371,0.9643276929855347,0.28527477383613586,0.6543369889259338,0.63788902759552,0.32785922288894653,0.30455321073532104,106215.703125,16,16,1.3354172706604004,3
45,0,16,32,2048,0.015625,0.15312087535858154,0.8878313899040222,0.8618149757385254,0.24135911464691162,0.5521880388259888,0.5386109948158264,0.32841962575912476,0.30888503789901733,77130.953125,32,16,1.007228136062622,5
45,0,16,64,2048,0.03125,0.2417207807302475,0.848785936832428,0.8203675150871277,0.20706292986869812,0.43073132634162903,0.4239388704299927,0.410580039024353,0.3776758909225464,48056.06640625,64,16,0.7382451295852661,6
45,0,16,100,2048,0.048828125,0.32406511902809143,0.813501238822937,0.7851664423942566,0.1823553889989853,0.35625192523002625,0.3495537340641022,0.45123669505119324,0.42174819111824036,31884.802734375,100,16,0.6076452732086182,6
45,0,32,8,2048,0.00390625,0.058783307671546936,0.8019778728485107,0.7874281406402588,0.2797221839427948,0.7015223503112793,0.6825563907623291,0.0882035493850708,0.08595272898674011,29.94828987121582,8,8,2.7578256130218506,0
45,0,32,16,2048,0.0078125,0.10430262237787247,0.8558750152587891,0.8202888369560242,0.2535493075847626,0.6227174401283264,0.6051741242408752,0.22474658489227295,0.20200008153915405,359.2068176269531,16,16,2.144737958908081,0
45,0,32,32,2048,0.015625,0.15966953337192535,0.9000463485717773,0.8611910343170166,0.20981432497501373,0.5479247570037842,0.5253959894180298,0.3453420400619507,0.3236740529537201,54918.2890625,32,32,0.9716295003890991,6
45,0,32,64,2048,0.03125,0.25578969717025757,0.7927810549736023,0.7644001841545105,0.1725134402513504,0.4493993818759918,0.43695366382598877,0.34295693039894104,0.3149121105670929,36017.8125,64,32,0.3499184846878052,16
45,0,32,100,2048,0.048828125,0.33885061740875244,0.7401851415634155,0.7132976055145264,0.1678762435913086,0.38792183995246887,0.3778306841850281,0.3362782597541809,0.3146425187587738,25120.068359375,100,32,0.07953707873821259,26
45,0,48,8,2048,0.00390625,0.060395851731300354,0.7555230855941772,0.7613626718521118,0.32026752829551697,0.7029427289962769,0.6964895725250244,0.05419415235519409,0.06188523769378662,41.9987678527832,8,8,2.52962064743042,0
45,0,48,16,2048,0.0078125,0.10575439035892487,0.7357960939407349,0.7106305956840515,0.2697393298149109,0.638654351234436,0.613290548324585,0.09720456600189209,0.08737081289291382,89277.421875,16,16,1.608278751373291,2
45,0,48,32,2048,0.015625,0.17119482159614563,0.7248501181602478,0.6924769878387451,0.21044115722179413,0.5465788245201111,0.5252431631088257,0.17026716470718384,0.15080198645591736,69891.125,32,32,0.8860929608345032,6
45,0,48,64,2048,0.03125,0.26040753722190857,0.7390425801277161,0.7056111097335815,0.16366161406040192,0.43879109621047974,0.42547938227653503,0.2871797978878021,0.26659250259399414,32291.107421875,64,48,0.47523826360702515,14
45,0,48,100,2048,0.048828125,0.34197109937667847,0.7429465055465698,0.7053850293159485,0.13658300042152405,0.3860335648059845,0.3730514943599701,0.3429439961910248,0.32010433077812195,21577.09375,100,48,0.21293489634990692,26
45,0,96,8,2048,0.00390625,0.06688033044338226,0.7267276644706726,0.7147191762924194,0.30118319392204285,0.7010829448699951,0.6802351474761963,0.031969428062438965,0.0350039005279541,1394.2313232421875,8,8,2.3655922412872314,0
45,0,96,16,2048,0.0078125,0.10394015908241272,0.6743477582931519,0.6495215892791748,0.23749205470085144,0.6164941191673279,0.5953807234764099,0.05581313371658325,0.05112951993942261,72218.734375,16,16,1.9310015439987183,1
45,0,96,32,2048,0.015625,0.17143765091896057,0.6121407151222229,0.5858206152915955,0.18077488243579865,0.5036303997039795,0.487015038728714,0.09604302048683167,0.08596557378768921,53253.92578125,32,32,1.2870397567749023,2
45,0,96,64,2048,0.03125,0.26788538694381714,0.5847848653793335,0.5508041381835938,0.15219151973724365,0.39788487553596497,0.3836870789527893,0.17724698781967163,0.16022932529449463,27944.248046875,64,64,0.7134740352630615,8
45,0,96,100,2048,0.048828125,0.35572731494903564,0.6067707538604736,0.5848315954208374,0.12626735866069794,0.37331199645996094,0.36000770330429077,0.22953349351882935,0.2139284610748291,20408.142578125,100,96,0.2626383900642395,22
45,0,192,8,2048,0.00390625,0.06492264568805695,0.7211736440658569,0.7235446572303772,0.34224456548690796,0.7080273032188416,0.7037736177444458,0.018149971961975098,0.02438676357269287,88.45674133300781,8,8,2.390134334564209,0
45,0,192,16,2048,0.0078125,0.1058608740568161,0.6386855840682983,0.6188613772392273,0.2516895830631256,0.6126267910003662,0.5934112071990967,0.03099149465560913,0.031038284301757812,11384.5966796875,16,16,1.9114022254943848,0
45,0,192,32,2048,0.015625,0.17375969886779785,0.5595548748970032,0.5358003973960876,0.17383544147014618,0.5075463652610779,0.49162739515304565,0.050584763288497925,0.04694610834121704,52803.30078125,32,32,1.1830719709396362,3
45,0,192,64,2048,0.03125,0.2777685523033142,0.5054824948310852,0.4825597107410431,0.13270051777362823,0.39854735136032104,0.3846377730369568,0.09809079766273499,0.08898797631263733,24812.44140625,64,64,0.6701922416687012,10
45,0,192,100,2048,0.048828125,0.3628082573413849,0.4752407968044281,0.4552408754825592,0.11427019536495209,0.34863948822021484,0.33133772015571594,0.12216797471046448,0.11084124445915222,16971.634765625,100,100,0.3353463113307953,20
45,1,4,8,2048,0.00390625,0.11451414972543716,0.9042499661445618,0.9078409075737,0.46093127131462097,0.628157377243042,0.6269735097885132,0.27386486530303955,0.27104246616363525,184808.59375,8,4,1.1240099668502808,0
45,1,4,16,2048,0.0078125,0.14592920243740082,0.8431381583213806,0.8417811393737793,0.3982257843017578,0.544771134853363,0.5423921346664429,0.29975152015686035,0.291999876499176,3245.2275390625,16,4,1.3868703842163086,0
45,1,4,32,2048,0.015625,0.20351405441761017,0.8463231921195984,0.8458459973335266,0.34340566396713257,0.4664096236228943,0.46759963035583496,0.3728095591068268,0.3693848252296448,109698.2734375,32,4,1.021006464958191,0
45,1,4,64,2048,0.03125,0.2967260181903839,0.847019374370575,0.8452437520027161,0.28774362802505493,0.3442840576171875,0.34992724657058716,0.4922577738761902,0.4890514016151428,132717.984375,64,4,0.6586045622825623,0
45,1,4,100,2048,0.048828125,0.3748352825641632,0.8477921485900879,0.8457192778587341,0.25489312410354614,0.27955374121665955,0.285378098487854,0.5614683628082275,0.5564420223236084,138294.1875,100,4,0.4013057351112366,0
45,1,8,8,2048,0.00390625,0.11583895981311798,0.9860203862190247,0.9937697649002075,0.3657797574996948,0.6078460812568665,0.609769880771637,0.3772193193435669,0.36278605461120605,223508.46875,8,8,0.9207344055175781,2
45,1,8,16,2048,0.0078125,0.15439864993095398,0.8078691363334656,0.8049061894416809,0.2896821200847626,0.5346130728721619,0.5328935384750366,0.2627749443054199,0.26078349351882935,234209.171875,16,8,1.2210211753845215,2
45,1,8,32,2048,0.015625,0.21378174424171448,0.7435604333877563,0.7381747961044312,0.25223052501678467,0.4292491674423218,0.43084514141082764,0.3014712929725647,0.2996125817298889,143140.0625,32,8,1.0536370277404785,2
45,1,8,64,2048,0.03125,0.3057229518890381,0.7310463786125183,0.7296072840690613,0.21200662851333618,0.3247944414615631,0.3237508535385132,0.3915710747241974,0.390089750289917,105131.828125,64,8,0.8190632462501526,1
45,1,8,100,2048,0.048828125,0.38489893078804016,0.7201632857322693,0.7200697660446167,0.1840974986553192,0.2588788866996765,0.2589666247367859,0.4428859353065491,0.4414919912815094,82614.2578125,100,8,0.6292040944099426,0
45,1,16,8,2048,0.00390625,0.11583895981311798,0.741847038269043,0.7443988919258118,0.3905125856399536,0.620520293712616,0.6208146214485168,0.12611746788024902,0.1307256817817688,336985.03125,8,8,0.8380358815193176,2
45,1,16,16,2048,0.0078125,0.16939367353916168,0.757818341255188,0.7514562606811523,0.34675100445747375,0.5397584438323975,0.5381926894187927,0.2205532193183899,0.21331214904785156,190669.703125,16,16,0.8436511754989624,4
45,1,16,32,2048,0.015625,0.23163755238056183,0.7815506458282471,0.7714934349060059,0.2587716579437256,0.41527074575424194,0.41687342524528503,0.3478028178215027,0.3403571546077728,102945.25,32,16,0.9881464242935181,4
45,1,16,64,2048,0.03125,0.32362252473831177,0.6668984889984131,0.6616351008415222,0.21680106222629547,0.31341806054115295,0.31196555495262146,0.34841805696487427,0.3429567217826843,63541.76953125,64,16,0.7644387483596802,4
45,1,16,100,2048,0.048828125,0.40078094601631165,0.6277990937232971,0.6216338872909546,0.18774619698524475,0.2402760535478592,0.23999381065368652,0.37452733516693115,0.3732599914073944,52317.83984375,100,16,0.7302876114845276,1
45,1,32,8,2048,0.00390625,0.12689903378486633,0.6721516847610474,0.6706427931785583,0.38551679253578186,0.6071479320526123,0.6021919250488281,0.06358635425567627,0.06929510831832886,233157.984375,8,8,0.36106380820274353,3
45,1,32,16,2048,0.0078125,0.17411576211452484,0.624365508556366,0.6279141902923584,0.2669708728790283,0.5024033188819885,0.4998936951160431,0.13683515787124634,0.1358526051044464,119333.84375,16,16,1.2626606225967407,2
45,1,32,32,2048,0.015625,0.24008628726005554,0.688919723033905,0.6925913095474243,0.18311873078346252,0.391152560710907,0.38667958974838257,0.3052423596382141,0.3019406795501709,81815.484375,32,32,0.7269933223724365,4
45,1,32,64,2048,0.03125,0.3376878499984741,0.711510956287384,0.7084314227104187,0.13600383698940277,0.3190683424472809,0.31403887271881104,0.38111600279808044,0.38286346197128296,28479.109375,64,32,0.7684186100959778,9
45,1,32,100,2048,0.048828125,0.4175019860267639,0.6677444577217102,0.6636034846305847,0.1299646645784378,0.2519930899143219,0.25117042660713196,0.4031462073326111,0.4003223478794098,20405.5390625,100,32,0.6503578424453735,7
45,1,48,8,2048,0.00390625,0.11906448751688004,0.6362306475639343,0.6406782865524292,0.38201430439949036,0.5820401906967163,0.5855062007904053,0.05747652053833008,0.05270355939865112,279.0530700683594,8,8,1.9248356819152832,0
45,1,48,16,2048,0.0078125,0.1789531409740448,0.5876443982124329,0.5798851847648621,0.26877108216285706,0.4734567403793335,0.47126683592796326,0.09273621439933777,0.09402889013290405,94258.0234375,16,16,1.2053906917572021,2
45,1,48,32,2048,0.015625,0.23943251371383667,0.6597442626953125,0.6578721404075623,0.16817906498908997,0.39036133885383606,0.38657626509666443,0.24607527256011963,0.24207517504692078,58894.78125,32,32,1.0219734907150269,4
45,1,48,64,2048,0.03125,0.33335164189338684,0.7095627784729004,0.7047640085220337,0.12447424978017807,0.31523385643959045,0.31478551030158997,0.3796403408050537,0.3757590353488922,27048.08984375,64,48,0.8180724382400513,8
45,1,48,100,2048,0.048828125,0.4180368185043335,0.667741060256958,0.6628202199935913,0.12787918746471405,0.25845110416412354,0.2566894292831421,0.3894222676753998,0.3887527585029602,19835.791015625,100,48,0.4870067536830902,14
45,1,96,8,2048,0.00390625,0.1355036497116089,0.6097116470336914,0.6171063184738159,0.38378721475601196,0.5635283589363098,0.5620123744010925,0.03453376889228821,0.04172152280807495,302.8996276855469,8,8,1.7137844562530518,0
45,1,96,16,2048,0.0078125,0.18422947824001312,0.544876754283905,0.5446569323539734,0.2675679326057434,0.46532291173934937,0.46416905522346497,0.06376194953918457,0.06243202090263367,97198.4921875,16,16,1.0882620811462402,2
45,1,96,32,2048,0.015625,0.24478229880332947,0.49123409390449524,0.48546451330184937,0.16373251378536224,0.3780742883682251,0.3737644851207733,0.08998191356658936,0.08840590715408325,50989.28125,32,32,1.0912022590637207,3
45,1,96,64,2048,0.03125,0.347875714302063,0.538976788520813,0.5315921306610107,0.1137431412935257,0.30112606287002563,0.2992793917655945,0.2256588190793991,0.22492295503616333,25403.23046875,64,64,0.7995220422744751,8
45,1,96,100,2048,0.048828125,0.43221569061279297,0.5431898832321167,0.5417031645774841,0.10495404899120331,0.24429552257061005,0.24318194389343262,0.28398847579956055,0.28379547595977783,16308.4716796875,100,96,0.6458641886711121,10
45,1,192,8,2048,0.00390625,0.1355036497116089,0.5864132642745972,0.5958297848701477,0.37234222888946533,0.5666143894195557,0.5674702525138855,0.018924862146377563,0.02677309513092041,61053.0390625,8,8,1.4167577028274536,1
45,1,192,16,2048,0.0078125,0.1883603036403656,0.4945947527885437,0.4912465512752533,0.22180265188217163,0.454639732837677,0.44887933135032654,0.03696662187576294,0.03662613034248352,67900.0078125,16,16,1.4543019533157349,1
45,1,192,32,2048,0.015625,0.24626821279525757,0.45955517888069153,0.4570629298686981,0.15217633545398712,0.37324342131614685,0.36816614866256714,0.06366240978240967,0.06344228982925415,42593.6328125,32,32,1.1082795858383179,2
45,1,192,64,2048,0.03125,0.3503759503364563,0.369377464056015,0.36403194069862366,0.11566551774740219,0.28032734990119934,0.2777858376502991,0.07992517948150635,0.07849128544330597,24975.287109375,64,64,0.7745391130447388,7
45,1,192,100,2048,0.048828125,0.43590450286865234,0.34255480766296387,0.3378857672214508,0.09837300330400467,0.22301891446113586,0.22216515243053436,0.10596898198127747,0.10457229614257812,16562.890625,100,100,0.6383845806121826,7
45,2,4,8,2048,0.00390625,0.06918423622846603,0.7805890440940857,0.7853981256484985,0.4589334726333618,0.6007322072982788,0.6139706969261169,0.17960959672927856,0.17252075672149658,4751.30615234375,8,4,1.8653548955917358,0
45,2,4,16,2048,0.0078125,0.11362151801586151,0.7736490368843079,0.7667919993400574,0.3563060462474823,0.5204018354415894,0.5136029720306396,0.24195855855941772,0.2378571331501007,190917.640625,16,4,1.4662262201309204,0
45,2,4,32,2048,0.015625,0.16974246501922607,0.7617547512054443,0.7457289695739746,0.27300572395324707,0.4526590406894684,0.44141772389411926,0.2976749539375305,0.2847335934638977,126738.4921875,32,4,1.1624417304992676,0
45,2,4,64,2048,0.03125,0.28837746381759644,0.7618263363838196,0.7455620765686035,0.20686635375022888,0.3219059407711029,0.3143989145755768,0.4231567084789276,0.4080943763256073,68712.671875,64,4,0.8257293701171875,0
45,2,4,100,2048,0.048828125,0.3607420325279236,0.7626480460166931,0.7453153729438782,0.19330744445323944,0.26306548714637756,0.25736212730407715,0.47888606786727905,0.46280622482299805,59457.5390625,100,4,0.5558152198791504,0
45,2,8,8,2048,0.00390625,0.07750061899423599,0.7436341047286987,0.7391493916511536,0.3999529182910919,0.5926142930984497,0.585532009601593,0.14868730306625366,0.14087212085723877,298275.0,8,8,1.0447189807891846,2
45,2,8,16,2048,0.0078125,0.11551595479249954,0.7293190360069275,0.7127630710601807,0.2973666191101074,0.5384367108345032,0.5231629014015198,0.1776014268398285,0.17388629913330078,186153.625,16,8,1.3654686212539673,2
45,2,8,32,2048,0.015625,0.1803022027015686,0.7546782493591309,0.7361611723899841,0.23384729027748108,0.44059523940086365,0.42519640922546387,0.3031429946422577,0.29439777135849,100965.875,31,8,1.0776212215423584,2
45,2,8,64,2048,0.03125,0.3099426031112671,0.7027240991592407,0.6853946447372437,0.21238325536251068,0.30368807911872864,0.29570645093917847,0.38656923174858093,0.37193942070007324,46093.09765625,64,8,0.9129611253738403,1
45,2,8,100,2048,0.048828125,0.38318347930908203,0.6890822649002075,0.6691924929618835,0.19060510396957397,0.2461189180612564,0.2368047535419464,0.4283565878868103,0.4109252691268921,37571.8984375,100,8,0.6900959610939026,1
45,2,16,8,2048,0.00390625,0.07225269079208374,0.688793420791626,0.6871160864830017,0.3955506384372711,0.5981953740119934,0.5965511202812195,0.09906074404716492,0.09457206726074219,310343.75,8,8,1.5058397054672241,1
45,2,16,16,2048,0.0078125,0.12443968653678894,0.8049126267433167,0.7780329585075378,0.2772198021411896,0.5193510055541992,0.5058001279830933,0.25128504633903503,0.23402023315429688,148954.65625,16,16,1.0713285207748413,3
45,2,16,32,2048,0.015625,0.20315584540367126,0.7420368790626526,0.7210250496864319,0.2463204711675644,0.41095370054244995,0.39769986271858215,0.31174349784851074,0.2989104986190796,95601.2265625,32,16,1.0388410091400146,2
45,2,16,64,2048,0.03125,0.3123483955860138,0.6828880906105042,0.6689969897270203,0.20318423211574554,0.31882303953170776,0.31001970171928406,0.3565319776535034,0.3452489972114563,49074.6875,64,16,0.6188304424285889,8
45,2,16,100,2048,0.048828125,0.38817593455314636,0.6542569398880005,0.6368248462677002,0.19046832621097565,0.2642775774002075,0.25713297724723816,0.3782055675983429,0.36465078592300415,35622.09375,100,16,0.5293545126914978,8
45,2,32,8,2048,0.00390625,0.0956772044301033,0.6446974873542786,0.636737585067749,0.3514391779899597,0.5526362061500549,0.5455294847488403,0.07806187868118286,0.07837378978729248,111.48094940185547,8,8,2.073395252227783,0
45,2,32,16,2048,0.0078125,0.14469271898269653,0.6324244141578674,0.6137493848800659,0.2710892856121063,0.494948148727417,0.475587397813797,0.12515509128570557,0.12067973613739014,159958.15625,16,16,1.2334030866622925,2
45,2,32,32,2048,0.015625,0.22187015414237976,0.6862876415252686,0.6649574041366577,0.23672573268413544,0.41630956530570984,0.40256375074386597,0.26179397106170654,0.24754005670547485,91191.78125,32,32,0.7315109372138977,6
45,2,32,64,2048,0.03125,0.324007123708725,0.677578330039978,0.6570220589637756,0.2165764421224594,0.3150812089443207,0.30548983812332153,0.35320717096328735,0.339997261762619,47317.640625,64,32,0.23980116844177246,14
45,2,32,100,2048,0.048828125,0.39914774894714355,0.6397362947463989,0.622811496257782,0.20434533059597015,0.2683480679988861,0.2628294825553894,0.36237263679504395,0.35422399640083313,30160.3046875,100,32,0.3093433678150177,17
45,2,48,8,2048,0.00390625,0.09039914608001709,0.6366100907325745,0.6319003105163574,0.3594503700733185,0.5589626431465149,0.5504669547080994,0.06693387031555176,0.0645180344581604,242084.484375,8,8,1.539710521697998,1
45,2,48,16,2048,0.0078125,0.15209712088108063,0.5966336131095886,0.5856279730796814,0.2733141779899597,0.4839634597301483,0.46753424406051636,0.10604995489120483,0.10240459442138672,143824.859375,16,16,1.1996288299560547,2
45,2,48,32,2048,0.015625,0.22892771661281586,0.6008372902870178,0.5810659527778625,0.23196931183338165,0.4150622487068176,0.39968836307525635,0.18155568838119507,0.16883674263954163,72563.8984375,32,32,0.4776779115200043,8
45,2,48,64,2048,0.03125,0.32807087898254395,0.6048632860183716,0.5822353363037109,0.1816268265247345,0.3209647238254547,0.30848994851112366,0.2779250144958496,0.26191312074661255,38736.125,64,48,0.4304684102535248,12
45,2,48,100,2048,0.048828125,0.40699806809425354,0.5806625485420227,0.5574010610580444,0.17899487912654877,0.2658466696739197,0.25866416096687317,0.31363311409950256,0.2969733476638794,25303.296875,100,48,0.20069149136543274,22
45,2,96,8,2048,0.00390625,0.1018785685300827,0.614686906337738,0.6167928576469421,0.38853177428245544,0.5658697485923767,0.5582339763641357,0.04721471667289734,0.046970516443252563,198651.140625,8,8,0.8043893575668335,2
45,2,96,16,2048,0.0078125,0.16859422624111176,0.5347645282745361,0.5178738236427307,0.23773042857646942,0.460739403963089,0.4453818202018738,0.059231460094451904,0.05566883087158203,88373.6171875,16,16,1.4645220041275024,1
45,2,96,32,2048,0.015625,0.23612673580646515,0.5147494673728943,0.49907276034355164,0.1920042335987091,0.39791399240493774,0.3829076290130615,0.11474667489528656,0.11025157570838928,66225.6328125,32,32,0.7811815738677979,5
45,2,96,64,2048,0.03125,0.34083637595176697,0.5105664730072021,0.4951346516609192,0.16215360164642334,0.31744709610939026,0.30322152376174927,0.17526592314243317,0.1681695282459259,36303.1171875,64,64,0.3599112629890442,13
45,2,96,100,2048,0.048828125,0.4151345193386078,0.4912637174129486,0.47422584891319275,0.13224898278713226,0.26249411702156067,0.2504953444004059,0.22390684485435486,0.21768634021282196,22225.2265625,100,96,0.30156275629997253,18
45,2,192,8,2048,0.00390625,0.10508041828870773,0.5653745532035828,0.5669886469841003,0.3488290309906006,0.541752815246582,0.5346855521202087,0.017083585262298584,0.019807159900665283,722.8519287109375,8,8,1.7960076332092285,0
45,2,192,16,2048,0.0078125,0.17275859415531158,0.4871879816055298,0.47344276309013367,0.23234647512435913,0.45042258501052856,0.4329424500465393,0.031140506267547607,0.031491875648498535,1084.2081298828125,16,16,1.5711842775344849,0
45,2,192,32,2048,0.015625,0.24664512276649475,0.4326137900352478,0.4159652888774872,0.17541225254535675,0.358928918838501,0.34640738368034363,0.06171232461929321,0.05850541591644287,51799.27734375,32,32,1.0135443210601807,2
45,2,192,64,2048,0.03125,0.34707164764404297,0.36010727286338806,0.34409162402153015,0.12887586653232574,0.27150458097457886,0.26005181670188904,0.0801541805267334,0.07510672509670258,27725.216796875,64,64,0.6863834857940674,6
45,2,192,100,2048,0.048828125,0.41966068744659424,0.3456651568412781,0.3317766785621643,0.10900362581014633,0.2265351265668869,0.21693143248558044,0.10912364721298218,0.10471650958061218,16424.869140625,100,100,0.5977147817611694,10
46,0,4,8,2048,0.00390625,0.048700686544179916,1.5918240547180176,1.6639628410339355,0.7799388766288757,0.7260611057281494,0.9498289823532104,0.8550965785980225,0.5604186058044434,152731.21875,8,4,0.7686110138893127,2
46,0,4,16,2048,0.0078125,0.08062055706977844,1.3033760786056519,1.350629448890686,0.6967071890830994,0.6554403305053711,0.7921614646911621,0.6359038352966309,0.4924572706222534,115795.5390625,16,4,0.9826469421386719,1
46,0,4,32,2048,0.015625,0.14584584534168243,1.1052446365356445,1.1259443759918213,0.5675323009490967,0.5361513495445251,0.5984633564949036,0.575346827507019,0.5096039772033691,9794.392578125,32,4,0.8951088786125183,0
46,0,4,64,2048,0.03125,0.24283726513385773,0.9547198414802551,0.9763539433479309,0.47611719369888306,0.3914063274860382,0.4338231384754181,0.5648905038833618,0.5273770093917847,21126.46875,64,4,0.6146325469017029,0
46,0,4,100,2048,0.048828125,0.3132079243659973,0.937614381313324,0.9573692679405212,0.44529059529304504,0.32448315620422363,0.3646065592765808,0.6101216077804565,0.5786930918693542,39736.21484375,100,4,0.3505789041519165,0
46,0,8,8,2048,0.00390625,0.05104443058371544,1.135248064994812,1.1996814012527466,0.687974214553833,0.7075679302215576,0.8288396596908569,0.43221765756607056,0.3053687810897827,146251.46875,8,8,1.1433892250061035,2
46,0,8,16,2048,0.0078125,0.08015742897987366,1.1368268728256226,1.1344757080078125,0.461163192987442,0.6422468423843384,0.6593850255012512,0.4905490279197693,0.4316277503967285,80805.515625,16,8,1.7534401416778564,1
46,0,8,32,2048,0.015625,0.133965402841568,1.0521999597549438,1.0557327270507812,0.34320563077926636,0.5378179550170898,0.5491119027137756,0.4996664822101593,0.4840710759162903,21884.287109375,32,8,1.4046133756637573,0
46,0,8,64,2048,0.03125,0.24001125991344452,0.9417722225189209,0.935729444026947,0.2416331022977829,0.3821668326854706,0.3813406229019165,0.540742039680481,0.5326372385025024,14424.552734375,64,8,1.10458242893219,0
46,0,8,100,2048,0.048828125,0.3334392309188843,0.9078460335731506,0.8975832462310791,0.17699120938777924,0.2953399419784546,0.2946012020111084,0.5952380299568176,0.583701491355896,14168.375,100,8,0.8228750824928284,0
46,0,16,8,2048,0.00390625,0.05969206988811493,0.9819899797439575,1.0117796659469604,0.5598030686378479,0.6848738789558411,0.7401925921440125,0.2647510766983032,0.22150439023971558,164129.28125,8,8,1.5524570941925049,1
46,0,16,16,2048,0.0078125,0.09357263147830963,1.180725336074829,1.1579304933547974,0.40236905217170715,0.6252731084823608,0.6355069875717163,0.5358331799507141,0.483622670173645,92868.4765625,16,16,1.1364057064056396,3
46,0,16,32,2048,0.015625,0.15520867705345154,1.0126450061798096,0.9938724040985107,0.27434611320495605,0.510850727558136,0.5091695785522461,0.4766555428504944,0.44937464594841003,56311.83984375,32,16,1.2604429721832275,2
46,0,16,64,2048,0.03125,0.25919225811958313,0.8940080404281616,0.8821948766708374,0.18541036546230316,0.39516589045524597,0.3877122104167938,0.4890006482601166,0.4821256399154663,32300.81640625,64,16,0.683214545249939,6
46,0,16,100,2048,0.048828125,0.34738194942474365,0.848974883556366,0.8329604864120483,0.15837959945201874,0.3228429853916168,0.31408026814460754,0.5150775909423828,0.4974822998046875,21898.8671875,100,16,0.5168892741203308,7
46,0,32,8,2048,0.00390625,0.06823699921369553,0.7726524472236633,0.7736178040504456,0.4183727204799652,0.6822407841682434,0.6922966241836548,0.07868152856826782,0.0714067816734314,182754.375,8,8,1.1595076322555542,2
46,0,32,16,2048,0.0078125,0.09742428362369537,0.7772108912467957,0.7699453234672546,0.2980644702911377,0.5974528789520264,0.5947737097740173,0.16932588815689087,0.15943557024002075,13010.6416015625,16,16,1.9576411247253418,0
46,0,32,32,2048,0.015625,0.17083625495433807,0.7731617093086243,0.7571660876274109,0.20851805806159973,0.5181950926780701,0.5080125331878662,0.25082072615623474,0.2434627115726471,71643.8359375,32,32,0.932601809501648,6
46,0,32,64,2048,0.03125,0.276651531457901,0.8904196619987488,0.8690886497497559,0.1752413660287857,0.4151230454444885,0.4021896719932556,0.4654427170753479,0.4510515630245209,36714.4453125,64,32,0.5692585706710815,12
46,0,32,100,2048,0.048828125,0.36238008737564087,0.7826501131057739,0.7683226466178894,0.15742217004299164,0.33449283242225647,0.3301165699958801,0.4314412474632263,0.4249322712421417,21539.61328125,100,32,0.44379761815071106,17
46,0,48,8,2048,0.00390625,0.07049475610256195,0.739125669002533,0.7395195364952087,0.38496074080467224,0.6746597290039062,0.6786544322967529,0.06084376573562622,0.058219313621520996,155084.0,8,8,1.692148208618164,1
46,0,48,16,2048,0.0078125,0.11004029214382172,0.7007614970207214,0.6912519931793213,0.29840120673179626,0.5898605585098267,0.5833162665367126,0.10110920667648315,0.09624937176704407,78120.7734375,16,16,1.5975651741027832,1
46,0,48,32,2048,0.015625,0.17146556079387665,0.6878216862678528,0.6778355240821838,0.20097067952156067,0.510608971118927,0.5044783353805542,0.16885843873023987,0.16211801767349243,59788.625,32,32,0.7781979441642761,6
46,0,48,64,2048,0.03125,0.2735593914985657,0.7653319835662842,0.7522782683372498,0.15194980800151825,0.4218476414680481,0.4118846654891968,0.3294972777366638,0.32364457845687866,43843.75,64,48,0.276714950799942,16
46,0,48,100,2048,0.048828125,0.3664005994796753,0.7775533199310303,0.7639147639274597,0.1340869963169098,0.3466770052909851,0.3363484740257263,0.4270167946815491,0.41706860065460205,20725.279296875,100,48,0.20719856023788452,21
46,0,96,8,2048,0.00390625,0.06801579892635345,0.7194972038269043,0.7231308221817017,0.3891426920890808,0.6788859367370605,0.6859414577484131,0.035965561866760254,0.03362172842025757,166774.828125,8,8,1.6981645822525024,1
46,0,96,16,2048,0.0078125,0.10477013885974884,0.6632387638092041,0.653186559677124,0.25395509600639343,0.6019058227539062,0.5954899787902832,0.05787938833236694,0.05664542317390442,94536.8203125,16,16,1.6850093603134155,1
46,0,96,32,2048,0.015625,0.1821804642677307,0.5864353775978088,0.5749042630195618,0.19095072150230408,0.4783303141593933,0.46958133578300476,0.09851643443107605,0.09657305479049683,60869.78515625,32,32,1.1819877624511719,2
46,0,96,64,2048,0.03125,0.2897997200489044,0.5757914185523987,0.5640838146209717,0.14250870048999786,0.38400739431381226,0.37078797817230225,0.18485292792320251,0.1801663339138031,29230.203125,64,64,0.6615408658981323,11
46,0,96,100,2048,0.048828125,0.37239423394203186,0.5921280384063721,0.5806472897529602,0.12995895743370056,0.3423601984977722,0.33519789576530457,0.24343308806419373,0.2362862229347229,21582.14453125,100,96,0.18241584300994873,22
46,0,192,8,2048,0.00390625,0.0730016902089119,0.6790995001792908,0.6840831637382507,0.36189213395118713,0.6600414514541626,0.6596554517745972,0.01804029941558838,0.01926887035369873,9258.5830078125,8,8,2.0695598125457764,0
46,0,192,16,2048,0.0078125,0.11850225925445557,0.6025135517120361,0.594081699848175,0.2229820042848587,0.571006178855896,0.5536848902702332,0.029654204845428467,0.029397130012512207,3985.5859375,16,16,1.9220871925354004,0
46,0,192,32,2048,0.015625,0.18788178265094757,0.5177942514419556,0.5028225183486938,0.16511084139347076,0.4608430564403534,0.4487757980823517,0.053040117025375366,0.051553696393966675,43911.796875,32,32,1.360748052597046,2
46,0,192,64,2048,0.03125,0.2931452989578247,0.43753620982170105,0.42864400148391724,0.12516182661056519,0.34725770354270935,0.33924612402915955,0.0842384397983551,0.08160978555679321,22556.251953125,64,64,0.8818093538284302,5
46,0,192,100,2048,0.048828125,0.37670189142227173,0.45991355180740356,0.44520699977874756,0.10869643837213516,0.3015405237674713,0.29321494698524475,0.14871832728385925,0.14572730660438538,16830.080078125,100,100,0.5762919783592224,9
46,1,4,8,2048,0.00390625,0.06177050992846489,0.8211039900779724,0.7967542409896851,0.4868409037590027,0.6368412971496582,0.6394359469413757,0.17901510000228882,0.14782238006591797,1186.82177734375,8,4,1.9973872900009155,0
46,1,4,16,2048,0.0078125,0.11592891812324524,0.8082889318466187,0.788091242313385,0.39990320801734924,0.5459420680999756,0.5462435483932495,0.24862563610076904,0.2341708540916443,2686.51123046875,16,4,1.626605749130249,0
46,1,4,32,2048,0.015625,0.1983393132686615,0.7982712388038635,0.7827688455581665,0.26557543873786926,0.423878937959671,0.4203232228755951,0.3469259738922119,0.3385273516178131,8649.5205078125,32,4,1.2122318744659424,0
46,1,4,64,2048,0.03125,0.28296369314193726,0.7944039702415466,0.7794895172119141,0.23235297203063965,0.3253124952316284,0.32166001200675964,0.4416860044002533,0.4308440089225769,48329.86328125,64,4,0.780003547668457,0
46,1,4,100,2048,0.048828125,0.36276352405548096,0.7936637997627258,0.7793015837669373,0.20684392750263214,0.2596045434474945,0.2602921724319458,0.5100244283676147,0.5006330013275146,40361.87890625,100,4,0.5219380259513855,0
46,1,8,8,2048,0.00390625,0.0770905539393425,0.8566840291023254,0.8405587077140808,0.5384088754653931,0.6241297721862793,0.640477180480957,0.21843236684799194,0.18204855918884277,203460.4375,8,8,1.0262285470962524,2
46,1,8,16,2048,0.0078125,0.12522010505199432,1.1239796876907349,1.095025658607483,0.3507384955883026,0.5537498593330383,0.5473529696464539,0.5661713480949402,0.5359305143356323,143315.59375,16,8,0.9056205153465271,3
46,1,8,32,2048,0.015625,0.19680960476398468,0.8166380524635315,0.8022202253341675,0.26553410291671753,0.43761199712753296,0.43363624811172485,0.3718410134315491,0.3570587635040283,67665.015625,32,8,1.0617570877075195,2
46,1,8,64,2048,0.03125,0.29615604877471924,0.7677798271179199,0.7551932334899902,0.19564135372638702,0.31439143419265747,0.311209499835968,0.42892858386039734,0.42215660214424133,39736.0703125,64,8,0.7416178584098816,2
46,1,8,100,2048,0.048828125,0.3612537086009979,0.7603757977485657,0.7475009560585022,0.18038833141326904,0.26075810194015503,0.25711774826049805,0.47884881496429443,0.46963077783584595,31661.919921875,100,8,0.5718761682510376,1
46,1,16,8,2048,0.00390625,0.07900368422269821,0.7519841194152832,0.7407200336456299,0.47762373089790344,0.6201760768890381,0.6285040378570557,0.10598325729370117,0.08700764179229736,178463.234375,8,8,1.5130943059921265,1
46,1,16,16,2048,0.0078125,0.14288783073425293,0.855694591999054,0.8454587459564209,0.2610974907875061,0.5130361318588257,0.506748378276825,0.3038536310195923,0.29618480801582336,120024.4453125,16,16,1.1099863052368164,2
46,1,16,32,2048,0.015625,0.2104412317276001,0.9286120533943176,0.9235676527023315,0.27343225479125977,0.4863281548023224,0.47978129982948303,0.4249930679798126,0.4172173738479614,103740.3515625,32,16,-0.07996147871017456,12
46,1,16,64,2048,0.03125,0.31134897470474243,0.7263556122779846,0.7183088064193726,0.20894864201545715,0.33137840032577515,0.32695120573043823,0.3779159188270569,0.3757151961326599,48823.37890625,64,16,0.46777448058128357,9
46,1,16,100,2048,0.048828125,0.37719693779945374,0.6880964040756226,0.6798862218856812,0.17770521342754364,0.2583354115486145,0.25190576910972595,0.41286516189575195,0.4037017226219177,33781.9453125,100,16,0.6208990216255188,5
46,1,32,8,2048,0.00390625,0.0892803743481636,0.6684946417808533,0.6661531925201416,0.42282533645629883,0.602019727230072,0.603935718536377,0.06315702199935913,0.0569709837436676,173651.96875,8,8,1.434436559677124,1
46,1,32,16,2048,0.0078125,0.13885171711444855,0.6212420463562012,0.6141096949577332,0.26682400703430176,0.5177600979804993,0.5103147625923157,0.09014350175857544,0.08944922685623169,126469.2578125,16,16,1.6276646852493286,1
46,1,32,32,2048,0.015625,0.22291843593120575,0.7010208368301392,0.6930019855499268,0.25055021047592163,0.44373223185539246,0.43559008836746216,0.23614385724067688,0.23459550738334656,81615.1640625,32,32,0.7139570713043213,7
46,1,32,64,2048,0.03125,0.3149493634700775,0.7127148509025574,0.7071563601493835,0.19172069430351257,0.3471025228500366,0.3416931927204132,0.35356199741363525,0.3491019606590271,38265.28125,64,32,0.4216790497303009,13
46,1,32,100,2048,0.048828125,0.3858994245529175,0.6848830580711365,0.6780673265457153,0.1646387279033661,0.2985103130340576,0.2942418158054352,0.37520018219947815,0.37140488624572754,26518.37109375,100,32,0.4074361324310303,19
46,1,48,8,2048,0.00390625,0.10881993174552917,0.6224287152290344,0.617707371711731,0.32853102684020996,0.5696749091148376,0.5637263059616089,0.04449021816253662,0.041307806968688965,147542.828125,8,8,1.4554065465927124,1
46,1,48,16,2048,0.0078125,0.15977467596530914,0.5958367586135864,0.5884149074554443,0.23475970327854156,0.5025511384010315,0.49406173825263977,0.08358901739120483,0.08204734325408936,121065.4296875,16,16,1.1560511589050293,2
46,1,48,32,2048,0.015625,0.23170943558216095,0.6175677180290222,0.6093103289604187,0.21210597455501556,0.42236921191215515,0.414986252784729,0.16150030493736267,0.15991288423538208,63068.13671875,32,32,0.8102362155914307,5
46,1,48,64,2048,0.03125,0.3244156837463379,0.6050370335578918,0.5930445194244385,0.16357064247131348,0.32391783595085144,0.3189438283443451,0.27007126808166504,0.2647773325443268,31942.314453125,64,48,0.5455905795097351,11
46,1,48,100,2048,0.048828125,0.3902026116847992,0.6321772336959839,0.6225600242614746,0.1457761824131012,0.2815941870212555,0.27869102358818054,0.3322761058807373,0.3295033276081085,23404.259765625,100,48,0.3444020450115204,17
46,1,96,8,2048,0.00390625,0.11273591220378876,0.6065779328346252,0.6056873798370361,0.4265393018722534,0.5757361054420471,0.5769329071044922,0.03550237417221069,0.031982749700546265,415.16448974609375,8,8,1.4117469787597656,0
46,1,96,16,2048,0.0078125,0.16827404499053955,0.5593263506889343,0.5558047890663147,0.2874026596546173,0.5004969835281372,0.4930821657180786,0.05262446403503418,0.0505545437335968,104021.671875,16,16,0.7508857250213623,3
46,1,96,32,2048,0.015625,0.2365109920501709,0.48965033888816833,0.48305848240852356,0.18781182169914246,0.38983532786369324,0.3820464313030243,0.08668303489685059,0.08613014221191406,38522.27734375,32,32,1.1033811569213867,2
46,1,96,64,2048,0.03125,0.3300849199295044,0.5099905729293823,0.502208411693573,0.13977748155593872,0.30106210708618164,0.29569730162620544,0.18961775302886963,0.1856425404548645,27017.146484375,64,64,0.8044314384460449,5
46,1,96,100,2048,0.048828125,0.39787557721138,0.49446192383766174,0.48558542132377625,0.11928167194128036,0.261223703622818,0.2583933174610138,0.2225308120250702,0.21918347477912903,17756.61328125,100,96,0.6922413110733032,8
46,1,192,8,2048,0.00390625,0.11439304053783417,0.5900833606719971,0.5883852243423462,0.40094608068466187,0.5725055932998657,0.5743218660354614,0.013519734144210815,0.010653436183929443,412.576416015625,8,8,1.390984058380127,0
46,1,192,16,2048,0.0078125,0.173685684800148,0.5036769509315491,0.4996306598186493,0.2726458013057709,0.46992117166519165,0.4637797176837921,0.029754459857940674,0.027682185173034668,84652.96875,16,16,1.2225842475891113,1
46,1,192,32,2048,0.015625,0.2439056932926178,0.4262022078037262,0.42117413878440857,0.17478220164775848,0.3642580211162567,0.35948416590690613,0.04415774345397949,0.04365253448486328,30533.86328125,32,32,1.238507628440857,1
46,1,192,64,2048,0.03125,0.3351881504058838,0.35973742604255676,0.3530346155166626,0.12939806282520294,0.272059828042984,0.2664896845817566,0.07364886999130249,0.07286971807479858,22765.765625,64,64,0.9778246879577637,3
46,1,192,100,2048,0.048828125,0.4012264609336853,0.37668123841285706,0.37070685625076294,0.1046464741230011,0.2334623783826828,0.22958561778068542,0.1371605098247528,0.13537129759788513,16285.4775390625,100,100,0.8535792827606201,4
46,2,4,8,2048,0.00390625,0.088236965239048,1.0399506092071533,1.0147780179977417,0.6416934132575989,0.6229507327079773,0.6584895253181458,0.3241908848285675,0.24694204330444336,1225.2586669921875,8,4,1.2347151041030884,0
46,2,4,16,2048,0.0078125,0.10619375854730606,0.9929348826408386,0.9543734788894653,0.584074854850769,0.5871254205703735,0.6099178194999695,0.3419867157936096,0.2763640284538269,12648.3681640625,16,4,0.9704110026359558,0
46,2,4,32,2048,0.015625,0.16096502542495728,0.8715349435806274,0.8532528281211853,0.5054042935371399,0.4958990812301636,0.5137611031532288,0.31122198700904846,0.2742576599121094,25385.84765625,32,4,0.7307743430137634,0
46,2,4,64,2048,0.03125,0.2715511918067932,0.7587800621986389,0.7534337639808655,0.32669010758399963,0.3399809002876282,0.34376782178878784,0.36675482988357544,0.35064512491226196,47898.09375,64,4,0.5933805108070374,0
46,2,4,100,2048,0.048828125,0.3394438922405243,0.7406634092330933,0.7366793751716614,0.28828805685043335,0.2825278639793396,0.28360289335250854,0.41232943534851074,0.4011569619178772,82608.21875,100,4,0.4298396408557892,0
46,2,8,8,2048,0.00390625,0.07977838814258575,0.832576334476471,0.8149092793464661,0.49667394161224365,0.6441394686698914,0.6584466695785522,0.14591604471206665,0.1302376389503479,325987.65625,8,8,0.902574896812439,2
46,2,8,16,2048,0.0078125,0.1218501403927803,0.7971316576004028,0.7893093824386597,0.319457083940506,0.5548496842384338,0.5596901178359985,0.1943650245666504,0.18371492624282837,181168.5625,16,8,0.6403133273124695,4
46,2,8,32,2048,0.015625,0.1764390915632248,0.8117348551750183,0.804931104183197,0.27094241976737976,0.4648314416408539,0.4651718735694885,0.30573081970214844,0.29379838705062866,119200.640625,32,8,0.4962913393974304,4
46,2,8,64,2048,0.03125,0.2802061140537262,0.707976222038269,0.7102147340774536,0.20852360129356384,0.33973371982574463,0.3388924300670624,0.33861473202705383,0.3374178409576416,67816.5546875,64,8,0.6687464118003845,1
46,2,8,100,2048,0.048828125,0.3526695966720581,0.7044278383255005,0.705315887928009,0.18539327383041382,0.2706630229949951,0.27171358466148376,0.3958645164966583,0.3948206901550293,59305.8046875,100,8,0.5218145847320557,1
46,2,16,8,2048,0.00390625,0.0929717943072319,0.686443567276001,0.68535977602005,0.3692772686481476,0.6155559420585632,0.6189561486244202,0.07431313395500183,0.07193437218666077,270522.0,8,8,0.9395221471786499,2
46,2,16,16,2048,0.0078125,0.12386195361614227,0.7974029779434204,0.7974423170089722,0.28650444746017456,0.5423604249954224,0.5412217378616333,0.2286606729030609,0.22673121094703674,161506.390625,16,16,0.9961968660354614,3
46,2,16,32,2048,0.015625,0.19665874540805817,0.8910921812057495,0.8893285393714905,0.2215971052646637,0.4263996183872223,0.4285605847835541,0.4728156626224518,0.4728221595287323,73260.359375,32,16,0.6196632981300354,7
46,2,16,64,2048,0.03125,0.29391446709632874,0.6349327564239502,0.6391466856002808,0.1657741814851761,0.31165948510169983,0.31363436579704285,0.31054404377937317,0.3167176842689514,35739.90234375,64,16,0.6867955923080444,6
46,2,16,100,2048,0.048828125,0.3739556670188904,0.6092632412910461,0.6130768656730652,0.170027956366539,0.24849559366703033,0.24895058572292328,0.34277987480163574,0.34273573756217957,28428.923828125,100,16,0.617403507232666,3
46,2,32,8,2048,0.00390625,0.10438407957553864,0.6164456009864807,0.6203837394714355,0.369805246591568,0.5604899525642395,0.5604246854782104,0.055468738079071045,0.05624765157699585,126072.7578125,8,8,1.501235842704773,1
46,2,32,16,2048,0.0078125,0.14912541210651398,0.5962110757827759,0.5940105319023132,0.28693482279777527,0.48651158809661865,0.48687100410461426,0.1117016077041626,0.11015141010284424,106354.265625,16,16,0.9512528777122498,3
46,2,32,32,2048,0.015625,0.20432403683662415,0.5916025638580322,0.5930739045143127,0.22550292313098907,0.43556663393974304,0.4347756803035736,0.16146281361579895,0.15987855195999146,80946.3515625,32,32,0.3423900604248047,9
46,2,32,64,2048,0.03125,0.3099384903907776,0.7068802118301392,0.710819661617279,0.1396753489971161,0.29749974608421326,0.2956858277320862,0.39725929498672485,0.4022340476512909,29121.296875,64,32,0.7406817674636841,6
46,2,32,100,2048,0.048828125,0.3808663785457611,0.6634949445724487,0.6667242050170898,0.12865877151489258,0.26492366194725037,0.26477277278900146,0.39030349254608154,0.3910038471221924,21491.650390625,100,32,0.5921521186828613,9
46,2,48,8,2048,0.00390625,0.10416940599679947,0.60093092918396,0.6013625264167786,0.3711243271827698,0.5627533197402954,0.5638121366500854,0.03690814971923828,0.03826117515563965,2230.176025390625,8,8,1.7986018657684326,0
46,2,48,16,2048,0.0078125,0.15168027579784393,0.5502541065216064,0.5452699065208435,0.2519747018814087,0.4717617928981781,0.4701724946498871,0.07129257917404175,0.07115894556045532,86454.03125,16,16,1.4588724374771118,1
46,2,48,32,2048,0.015625,0.20985162258148193,0.5096015334129333,0.5107658505439758,0.19407959282398224,0.3939018249511719,0.39552226662635803,0.11604839563369751,0.11452305316925049,59456.890625,32,32,1.0029640197753906,3
46,2,48,64,2048,0.03125,0.31148791313171387,0.6648046970367432,0.6675159931182861,0.13710345327854156,0.3142927885055542,0.31536513566970825,0.3300907611846924,0.3286552429199219,29940.421875,64,48,0.6809014081954956,10
46,2,48,100,2048,0.048828125,0.3931129276752472,0.5958946943283081,0.5982269644737244,0.12823936343193054,0.2498718947172165,0.25012078881263733,0.334210604429245,0.3381209373474121,19120.130859375,100,48,0.4823581576347351,14
46,2,96,8,2048,0.00390625,0.11216114461421967,0.5839066505432129,0.583572506904602,0.3765207529067993,0.5627663135528564,0.5607783198356628,0.01623588800430298,0.017707645893096924,147065.5625,8,8,1.2376869916915894,1
46,2,96,16,2048,0.0078125,0.1517232060432434,0.5237204432487488,0.5227241516113281,0.27669742703437805,0.48658961057662964,0.4849635064601898,0.03655433654785156,0.03557738661766052,100416.671875,16,16,1.0501112937927246,2
46,2,96,32,2048,0.015625,0.22218522429466248,0.4606432318687439,0.4590892195701599,0.17898763716220856,0.38637569546699524,0.38279852271080017,0.07548663020133972,0.07424235343933105,49849.13671875,32,32,1.028536081314087,3
46,2,96,64,2048,0.03125,0.32231706380844116,0.50443035364151,0.5033133625984192,0.12329760193824768,0.30209770798683167,0.3022556006908417,0.18236300349235535,0.18419989943504333,24242.31640625,64,64,0.788483738899231,7
46,2,96,100,2048,0.048828125,0.3988485634326935,0.5321139097213745,0.5341653823852539,0.09830429404973984,0.2632352411746979,0.26144373416900635,0.26325008273124695,0.2648622989654541,15583.873046875,100,96,0.6383811831474304,11
46,2,192,8,2048,0.00390625,0.11454728245735168,0.5622812509536743,0.5617895722389221,0.3521488904953003,0.5532122850418091,0.552545964717865,0.0036184191703796387,0.005837351083755493,358.8619079589844,8,8,1.7848535776138306,0
46,2,192,16,2048,0.0078125,0.15767353773117065,0.4948257505893707,0.4970790147781372,0.2393255978822708,0.47303345799446106,0.47282716631889343,0.021237671375274658,0.022831380367279053,74773.8671875,16,16,1.5647234916687012,1
46,2,192,32,2048,0.015625,0.22465363144874573,0.4227476418018341,0.4212711453437805,0.16653798520565033,0.3736273944377899,0.37027081847190857,0.046374112367630005,0.04530775547027588,44285.32421875,32,32,1.2099156379699707,2
46,2,192,64,2048,0.03125,0.3194495439529419,0.43224048614501953,0.4349191188812256,0.12729214131832123,0.2968609929084778,0.29866209626197815,0.11591333150863647,0.11721831560134888,23981.24609375,64,64,0.8496338725090027,6
46,2,192,100,2048,0.048828125,0.40322399139404297,0.43879589438438416,0.4387442171573639,0.09648527950048447,0.256687730550766,0.25651559233665466,0.1689574122428894,0.16937777400016785,14540.9580078125,100,100,0.7428609728813171,8
