preset,seed,dest,budget,M,L_s,rel_out_err_median,rel_out_err_mean,signed_mass_median,abs_signed_mass_median,js_median,mixture_rel_err_median,abs_mass_common_median,beta_mean,beta_min,beta_max,clamp_hits,mass_target_mean,mass_target_std,needed_compensation_median,needed_compensation_spread,solver_residual,rank_upper_bound,beta_ideal_mass_preserving
legacy,42,0,8,16,256,0.6655307412147522,0.7651346325874329,-0.7091360092163086,0.7064475417137146,0.3343924880027771,0.7449097037315369,1.6961486339569092,1.8099853992462158,1.1750590801239014,2.6184608936309814,0,1.0,8.287689468033932e-08,0.0044010719284415245,5.768431864902821,228032816.0,8,3.4657359027997265
legacy_fixed_solver,42,0,8,16,256,0.9731771349906921,0.9687551856040955,-0.6729374527931213,0.6589320302009583,0.48006242513656616,1.2948120832443237,0.9994280934333801,-7.032402038574219,-13.815510749816895,-4.09331750869751,1,1.0,8.287689468033932e-08,0.0044010719284415245,5.768431864902821,1.786647081375122,8,3.4657359027997265
shift,42,0,8,16,256,0.5939560532569885,0.5959576964378357,-0.6006078720092773,0.5842774510383606,0.330261766910553,0.8031782507896423,0.8246912956237793,-8.475870132446289,-13.815510749816895,-1.603893518447876,4,1.0,8.287689468033932e-08,0.0044010719284415245,5.768431864902821,662.5848999023438,8,3.4657359027997265
am,42,0,8,16,256,0.6189965605735779,0.6404727697372437,-0.6764362454414368,0.6693671941757202,0.4060564637184143,0.5740101933479309,0.23009811341762543,0.9493205547332764,-2.933305025100708,1.8743112087249756,0,2.081413984298706,0.8262818455696106,4.423207759857178,2.8996789048262506,2.3673510551452637,8,3.4657359027997265
am_over_m,42,0,8,16,256,0.591825544834137,0.5881558060646057,-0.652514636516571,0.6418375968933105,0.3272300660610199,0.6843976378440857,0.676404595375061,0.9493205547332764,-2.933305025100708,1.8743112087249756,0,2.081413984298706,0.8262818455696106,4.423207759857178,2.8996789048262506,2.3673510551452637,8,3.4657359027997265
am_logfit,42,0,8,16,256,0.5919155478477478,0.5947009921073914,-0.6969900131225586,0.6864178776741028,0.3554977774620056,0.5312572121620178,0.2170734405517578,1.2945654392242432,-0.25620782375335693,1.847234845161438,0,2.081413984298706,0.8262818455696106,4.423207759857178,2.8996789048262506,0.06359650194644928,8,3.4657359027997265
am_scalar,42,0,8,16,256,0.5865785479545593,0.5903638005256653,-0.6455946564674377,0.6395329833030701,0.3261432945728302,0.5466620922088623,0.406731516122818,1.448683500289917,1.4486833810806274,1.4486833810806274,0,2.081413984298706,0.8262818455696106,4.423207759857178,2.8996789048262506,0.1207035481929779,8,3.4657359027997265
am_nobeta,42,0,8,16,256,0.5865786075592041,0.5903638005256653,-0.6455946564674377,0.6395329833030701,0.3261432945728302,0.6870743036270142,0.6779481172561646,0.0,0.0,0.0,0,2.081413984298706,0.8262818455696106,4.423207759857178,2.8996789048262506,2.3673510551452637,8,3.4657359027997265
legacy,42,0,16,16,256,0.7846369743347168,0.8281767964363098,-0.6486315131187439,0.6474602818489075,0.2411888986825943,0.8819518089294434,2.1746039390563965,1.5696277618408203,0.75873863697052,2.6184604167938232,0,1.0,8.287689468033932e-08,0.0025598860811442137,4.9925558990187096,331637120.0,16,2.772588722239781
legacy_fixed_solver,42,0,16,16,256,1.6838533878326416,1.6864088773727417,-0.6610531806945801,0.6523206233978271,0.4784747362136841,1.2944414615631104,0.9993310570716858,-9.809627532958984,-13.815510749816895,-4.239781379699707,8,1.0,8.287689468033932e-08,0.0025598860811442137,4.9925558990187096,1.0194828510284424,16,2.772588722239781
shift,42,0,16,16,256,0.606481671333313,0.6146166324615479,-0.45800772309303284,0.4551759362220764,0.23058649897575378,0.69002765417099,0.7660815715789795,-10.114253997802734,-13.815510749816895,-2.1339871883392334,10,1.0,8.287689468033932e-08,0.0025598860811442137,4.9925558990187096,442.73162841796875,16,2.772588722239781
am,42,0,16,16,256,0.5529611110687256,0.5774154663085938,-0.4671818017959595,0.44797638058662415,0.2758820652961731,0.49240419268608093,0.1721688210964203,0.48572680354118347,-2.081458330154419,1.804527759552002,0,2.081413984298706,0.8262818455696106,2.6691713333129883,1.9697932922841437,0.5172349810600281,16,2.772588722239781
am_over_m,42,0,16,16,256,0.5576845407485962,0.6092074513435364,-0.5106902718544006,0.4928188621997833,0.22577668726444244,0.5586683750152588,0.5068333745002747,0.48572680354118347,-2.081458330154419,1.804527759552002,0,2.081413984298706,0.8262818455696106,2.6691713333129883,1.9697932922841437,0.5172349810600281,16,2.772588722239781
am_logfit,42,0,16,16,256,0.5154394507408142,0.5709176063537598,-0.527679979801178,0.5290666222572327,0.25635474920272827,0.48158326745033264,0.17321528494358063,0.8217780590057373,-0.5705832839012146,1.6355862617492676,0,2.081413984298706,0.8262818455696106,2.6691713333129883,1.9697932922841437,0.015842197462916374,16,2.772588722239781
am_scalar,42,0,16,16,256,0.5532334446907043,0.617096483707428,-0.5031636953353882,0.5013868808746338,0.22558671236038208,0.5410094857215881,0.26582881808280945,0.955841064453125,0.955841064453125,0.955841064453125,0,2.081413984298706,0.8262818455696106,2.6691713333129883,1.9697932922841437,0.05380042642354965,16,2.772588722239781
am_nobeta,42,0,16,16,256,0.5532324910163879,0.6170961260795593,-0.5031636953353882,0.5013868808746338,0.22558671236038208,0.5618135929107666,0.5177040696144104,0.0,0.0,0.0,0,2.081413984298706,0.8262818455696106,2.6691713333129883,1.9697932922841437,0.5172349810600281,16,2.772588722239781
legacy,42,0,32,16,256,1.0722836256027222,1.0506811141967773,-0.4956756830215454,0.5112209916114807,0.3228844404220581,1.2899550199508667,0.9987750053405762,-8.186206817626953,-13.815510749816895,-4.601136207580566,9,1.0,8.287689468033932e-08,0.0018751835450530052,4.578530218466766,8.4505615234375,16,2.0794415416798357
legacy_fixed_solver,42,0,32,16,256,1.2935181856155396,1.300543189048767,-0.6297574639320374,0.6299565434455872,0.4889501929283142,1.294144630432129,0.9993079304695129,-11.027792930603027,-13.815510749816895,-4.0269880294799805,21,1.0,8.287689468033932e-08,0.0018751835450530052,4.578530218466766,0.22574231028556824,16,2.0794415416798357
shift,42,0,32,16,256,0.4991586208343506,0.4895764887332916,-0.32036423683166504,0.3172217309474945,0.1531265377998352,0.6224757432937622,0.7090209126472473,-11.18887996673584,-13.815510749816895,-1.7615458965301514,24,1.0,8.287689468033932e-08,0.0018751835450530052,4.578530218466766,412.087890625,16,2.0794415416798357
am,42,0,32,16,256,0.5196682214736938,0.5488688349723816,-0.3771790564060211,0.36211097240448,0.20237472653388977,0.48260584473609924,0.13409261405467987,-0.6033152341842651,-13.815510749816895,1.4366035461425781,2,2.081413984298706,0.8262818455696106,1.8092570304870605,1.6868731547285059,0.039284780621528625,16,2.0794415416798357
am_over_m,42,0,32,16,256,0.4712871015071869,0.48075366020202637,-0.3695444166660309,0.3686218559741974,0.14865021407604218,0.46745410561561584,0.3642435073852539,-0.6033152341842651,-13.815510749816895,1.4366035461425781,2,2.081413984298706,0.8262818455696106,1.8092570304870605,1.6868731547285059,0.039284780621528625,16,2.0794415416798357
am_logfit,42,0,32,16,256,0.5068433284759521,0.5218150019645691,-0.4198383092880249,0.41843873262405396,0.18365871906280518,0.46432390809059143,0.12299024313688278,0.27173298597335815,-4.263705730438232,1.3806686401367188,0,2.081413984298706,0.8262818455696106,1.8092570304870605,1.6868731547285059,0.0021206880919635296,16,2.0794415416798357
am_scalar,42,0,32,16,256,0.4709579646587372,0.481324166059494,-0.3674139976501465,0.36564818024635315,0.1473439484834671,0.441453754901886,0.15398575365543365,0.5983734726905823,0.598373532295227,0.598373532295227,0,2.081413984298706,0.8262818455696106,1.8092570304870605,1.6868731547285059,0.02914685197174549,16,2.0794415416798357
am_nobeta,42,0,32,16,256,0.47095787525177,0.48132407665252686,-0.36741405725479126,0.36564818024635315,0.1473439335823059,0.46813473105430603,0.36564818024635315,0.0,0.0,0.0,0,2.081413984298706,0.8262818455696106,1.8092570304870605,1.6868731547285059,0.039284780621528625,16,2.0794415416798357
legacy,42,1,8,16,256,1.2729988098144531,1.2600404024124146,-0.8486469388008118,0.8449118733406067,0.41701745986938477,1.1762841939926147,4.026160717010498,2.1602060794830322,0.9968569874763489,3.773771286010742,0,1.0,1.0437906183824452e-07,0.0026516413781791925,8.5898053689723,9027319808.0,8,3.4657359027997265
legacy_fixed_solver,42,1,8,16,256,1.0552257299423218,1.0261539220809937,-0.7680851221084595,0.7617124915122986,0.5053015947341919,1.515972375869751,0.9994346499443054,-8.55621337890625,-13.815510749816895,-5.007038593292236,3,1.0,1.0437906183824452e-07,0.0026516413781791925,8.5898053689723,1.6429390907287598,8,3.4657359027997265
shift,42,1,8,16,256,0.6324779391288757,0.6448256969451904,-0.7065566778182983,0.6978715062141418,0.3852652907371521,1.0183675289154053,0.8379038572311401,-6.18748140335083,-13.815510749816895,-0.9518334269523621,2,1.0,1.0437906183824452e-07,0.0026516413781791925,8.5898053689723,8900.3662109375,8,3.4657359027997265
am,42,1,8,16,256,0.6519815325737,0.6408193707466125,-0.7302347421646118,0.7287101745605469,0.40457025170326233,0.49023911356925964,0.27668511867523193,-0.6695599555969238,-13.815510749816895,1.8903224468231201,1,1.4288642406463623,0.7114567160606384,3.454752206802368,3.074757253496331,1.1458722352981567,8,3.4657359027997265
am_over_m,42,1,8,16,256,0.6506677269935608,0.6851475238800049,-0.7529608607292175,0.7449198961257935,0.3822292685508728,0.8597975373268127,0.7373252511024475,-0.6695599555969238,-13.815510749816895,1.8903224468231201,1,1.4288642406463623,0.7114567160606384,3.454752206802368,3.074757253496331,1.1458722352981567,8,3.4657359027997265
am_logfit,42,1,8,16,256,0.662917971611023,0.6446732878684998,-0.7158390283584595,0.6968750357627869,0.3907490670681,0.4511127173900604,0.270728200674057,1.2012215852737427,0.45136165618896484,1.716840386390686,0,1.4288642406463623,0.7114567160606384,3.454752206802368,3.074757253496331,0.051984600722789764,8,3.4657359027997265
am_scalar,42,1,8,16,256,0.6502276659011841,0.6866194605827332,-0.747504472732544,0.7452425956726074,0.3807007074356079,0.466812402009964,0.2409687042236328,1.2356456518173218,1.2356456518173218,1.2356456518173218,0,1.4288642406463623,0.7114567160606384,3.454752206802368,3.074757253496331,0.13555637001991272,8,3.4657359027997265
am_nobeta,42,1,8,16,256,0.6502277255058289,0.6866194605827332,-0.7475044131278992,0.7452424764633179,0.3807007074356079,0.8654665350914001,0.7503867149353027,0.0,0.0,0.0,0,1.4288642406463623,0.7114567160606384,3.454752206802368,3.074757253496331,1.1458722352981567,8,3.4657359027997265
legacy,42,1,16,16,256,1.3491063117980957,1.4281487464904785,-0.8282924294471741,0.8273260593414307,0.34395039081573486,1.3519049882888794,4.47062349319458,1.7548613548278809,0.9968563318252563,3.7737717628479004,0,1.0,1.0437906183824452e-07,0.001876571448519826,6.368070558962428,9552017408.0,16,2.772588722239781
legacy_fixed_solver,42,1,16,16,256,1.1370488405227661,1.269337773323059,-0.6570027470588684,0.6375676989555359,0.38881078362464905,1.515985369682312,0.9993305206298828,-8.027826309204102,-13.815510749816895,-4.873948574066162,4,1.0,1.0437906183824452e-07,0.001876571448519826,6.368070558962428,0.8846572637557983,16,2.772588722239781
shift,42,1,16,16,256,0.5900370478630066,0.6560201644897461,-0.5642520189285278,0.5557672381401062,0.29699522256851196,0.9142568707466125,0.7992611527442932,-8.707210540771484,-13.815510749816895,-1.5474082231521606,9,1.0,1.0437906183824452e-07,0.001876571448519826,6.368070558962428,6954.2470703125,16,2.772588722239781
am,42,1,16,16,256,0.7018259763717651,0.7294761538505554,-0.6112611889839172,0.5877332091331482,0.30902984738349915,0.4873296916484833,0.14630727469921112,0.03847220540046692,-13.815510749816895,1.3036059141159058,1,1.4288642406463623,0.7114567160606384,2.6436824798583984,1.9629017818681709,0.15804432332515717,16,2.772588722239781
am_over_m,42,1,16,16,256,0.6433292627334595,0.679294764995575,-0.6313880681991577,0.6305685639381409,0.2931477427482605,0.6789166331291199,0.6165208220481873,0.03847220540046692,-13.815510749816895,1.3036059141159058,1,1.4288642406463623,0.7114567160606384,2.6436824798583984,1.9629017818681709,0.15804432332515717,16,2.772588722239781
am_logfit,42,1,16,16,256,0.6684097647666931,0.6914626955986023,-0.6142450571060181,0.6109462380409241,0.30287909507751465,0.455156534910202,0.14599540829658508,0.87825608253479,-0.4589332938194275,1.3343076705932617,0,1.4288642406463623,0.7114567160606384,2.6436824798583984,1.9629017818681709,0.008875620551407337,16,2.772588722239781
am_scalar,42,1,16,16,256,0.6112402677536011,0.6524415612220764,-0.6247025728225708,0.617483377456665,0.29010534286499023,0.4386487901210785,0.18052081763744354,0.8585558533668518,0.8585559129714966,0.8585559129714966,0,1.4288642406463623,0.7114567160606384,2.6436824798583984,1.9629017818681709,0.05698452889919281,16,2.772588722239781
am_nobeta,42,1,16,16,256,0.6112390756607056,0.6524413228034973,-0.6247025728225708,0.6174834370613098,0.29010534286499023,0.6788327097892761,0.6247026324272156,0.0,0.0,0.0,0,1.4288642406463623,0.7114567160606384,2.6436824798583984,1.9629017818681709,0.15804432332515717,16,2.772588722239781
legacy,42,1,32,16,256,0.8737858533859253,0.8749645352363586,-0.6489394903182983,0.6481727957725525,0.3475947976112366,1.5138648748397827,0.9989150166511536,-8.418439865112305,-13.815510749816895,-4.823973655700684,9,1.0,1.0437906183824452e-07,0.0011901846155524254,5.177952806426745,10.152383804321289,16,2.0794415416798357
legacy_fixed_solver,42,1,32,16,256,0.9555339217185974,0.9513323307037354,-0.6539719700813293,0.6470348238945007,0.3731214106082916,1.5160115957260132,0.9992828965187073,-9.101423263549805,-13.815510749816895,-4.856715679168701,11,1.0,1.0437906183824452e-07,0.0011901846155524254,5.177952806426745,0.25423747301101685,16,2.0794415416798357
shift,42,1,32,16,256,0.4836617112159729,0.5071038007736206,-0.4014526307582855,0.3967647850513458,0.2047022134065628,0.7950404286384583,0.7281858921051025,-9.633227348327637,-13.815510749816895,-1.0440104007720947,20,1.0,1.0437906183824452e-07,0.0011901846155524254,5.177952806426745,5828.43212890625,16,2.0794415416798357
am,42,1,32,16,256,0.5174844264984131,0.5311722159385681,-0.48414239287376404,0.46371713280677795,0.20711897313594818,0.35824349522590637,0.10441593825817108,0.5134574174880981,-0.30774641036987305,1.0031758546829224,0,1.4288642406463623,0.7114567160606384,1.800549030303955,1.6046115658907598,0.02857947163283825,16,2.0794415416798357
am_over_m,42,1,32,16,256,0.5162511467933655,0.513751745223999,-0.46647346019744873,0.4643736779689789,0.19604483246803284,0.5045570731163025,0.446281760931015,0.5134574174880981,-0.30774641036987305,1.0031758546829224,0,1.4288642406463623,0.7114567160606384,1.800549030303955,1.6046115658907598,0.02857947163283825,16,2.0794415416798357
am_logfit,42,1,32,16,256,0.5184851884841919,0.5281795859336853,-0.4760439097881317,0.46600446105003357,0.2070527821779251,0.3503846228122711,0.11373401433229446,0.5301506519317627,-0.10864783823490143,1.1571311950683594,0,1.4288642406463623,0.7114567160606384,1.800549030303955,1.6046115658907598,0.0014555099187418818,16,2.0794415416798357
am_scalar,42,1,32,16,256,0.5147529244422913,0.5143130421638489,-0.4669269025325775,0.4632413983345032,0.19600051641464233,0.3536760210990906,0.1105068176984787,0.5565042495727539,0.5565042495727539,0.5565042495727539,0,1.4288642406463623,0.7114567160606384,1.800549030303955,1.6046115658907598,0.020001448690891266,16,2.0794415416798357
am_nobeta,42,1,32,16,256,0.5147529244422913,0.5143129229545593,-0.4669269025325775,0.4632413983345032,0.19600053131580353,0.5181863307952881,0.46324142813682556,0.0,0.0,0.0,0,1.4288642406463623,0.7114567160606384,1.800549030303955,1.6046115658907598,0.02857947163283825,16,2.0794415416798357
legacy,42,2,8,16,256,0.7896026372909546,0.8427850604057312,-0.7968377470970154,0.7962088584899902,0.47331511974334717,0.771909236907959,0.34238573908805847,1.4131940603256226,1.1177459955215454,1.731411099433899,0,1.0,7.218481101745056e-08,0.005516215693205595,5.6025964533974655,18909190.0,8,3.4657359027997265
legacy_fixed_solver,42,2,8,16,256,1.0068665742874146,1.0368390083312988,-0.8451446890830994,0.8396300077438354,0.5410141348838806,1.5039795637130737,0.9993629455566406,-7.56628942489624,-13.815510749816895,-4.441493511199951,2,1.0,7.218481101745056e-08,0.005516215693205595,5.6025964533974655,2.304499387741089,8,3.4657359027997265
shift,42,2,8,16,256,0.7552009224891663,0.8165266513824463,-0.7697478532791138,0.7694697976112366,0.47389721870422363,1.1074403524398804,0.9037770628929138,-6.632270812988281,-13.815510749816895,-3.117887496948242,2,1.0,7.218481101745056e-08,0.005516215693205595,5.6025964533974655,112.52698516845703,8,3.4657359027997265
am,42,2,8,16,256,0.7625047564506531,0.8538835644721985,-0.803696870803833,0.8010730147361755,0.49334144592285156,0.7099599838256836,0.3793984651565552,1.196646809577942,-1.2596110105514526,2.118919610977173,0,4.117480278015137,1.0591862201690674,5.800249099731445,2.88935270614568,14.147164344787598,8,3.4657359027997265
am_over_m,42,2,8,16,256,0.7446163296699524,0.7959401607513428,-0.7770548462867737,0.7738361954689026,0.4721321761608124,0.9971467852592468,0.8409637212753296,1.196646809577942,-1.2596110105514526,2.118919610977173,0,4.117480278015137,1.0591862201690674,5.800249099731445,2.88935270614568,14.147164344787598,8,3.4657359027997265
am_logfit,42,2,8,16,256,0.7364804148674011,0.7886354327201843,-0.8023298382759094,0.8015151619911194,0.4841737747192383,0.6814765334129333,0.25743651390075684,1.4665988683700562,0.14682963490486145,2.1961381435394287,0,4.117480278015137,1.0591862201690674,5.800249099731445,2.88935270614568,0.08978056907653809,8,3.4657359027997265
am_scalar,42,2,8,16,256,0.7432346343994141,0.7929413914680481,-0.776283860206604,0.7722237706184387,0.47199878096580505,0.6859146356582642,0.2597665786743164,1.7520674467086792,1.7520674467086792,1.7520674467086792,0,4.117480278015137,1.0591862201690674,5.800249099731445,2.88935270614568,0.1300075650215149,8,3.4657359027997265
am_nobeta,42,2,8,16,256,0.7432347536087036,0.7929415106773376,-0.776283860206604,0.7722237706184387,0.47199875116348267,1.0273854732513428,0.8514747619628906,0.0,0.0,0.0,0,4.117480278015137,1.0591862201690674,5.800249099731445,2.88935270614568,14.147164344787598,8,3.4657359027997265
legacy,42,2,16,16,256,0.863858163356781,0.9657504558563232,-0.6660783886909485,0.657408595085144,0.31701985001564026,0.8284766674041748,0.31530848145484924,1.263109564781189,0.24272136390209198,1.7314114570617676,0,1.0,7.218481101745056e-08,0.002671218244358897,4.780112934420047,43112196.0,16,2.772588722239781
legacy_fixed_solver,42,2,16,16,256,1.3566497564315796,1.4649386405944824,-0.7467020153999329,0.7380422949790955,0.41116058826446533,1.5067086219787598,0.9991159439086914,-8.182623863220215,-13.815510749816895,-4.923898696899414,5,1.0,7.218481101745056e-08,0.002671218244358897,4.780112934420047,1.4564595222473145,16,2.772588722239781
shift,42,2,16,16,256,0.7905595302581787,0.894583523273468,-0.6245412826538086,0.6140509843826294,0.3201180398464203,0.9221394658088684,0.8017555475234985,-7.969559192657471,-13.815510749816895,-2.8410677909851074,6,1.0,7.218481101745056e-08,0.002671218244358897,4.780112934420047,103.99317932128906,16,2.772588722239781
am,42,2,16,16,256,0.9590198993682861,1.1129053831100464,-0.738739550113678,0.735286295413971,0.3609907031059265,0.8640006184577942,0.21529118716716766,-0.04179294407367706,-13.815510749816895,2.0479066371917725,1,4.117480278015137,1.0591862201690674,2.978029251098633,2.498375135704837,4.48492431640625,16,2.772588722239781
am_over_m,42,2,16,16,256,0.7900500297546387,0.8934759497642517,-0.6349589228630066,0.6344307661056519,0.3151310086250305,0.8264679908752441,0.653145432472229,-0.04179294407367706,-13.815510749816895,2.0479066371917725,1,4.117480278015137,1.0591862201690674,2.978029251098633,2.498375135704837,4.48492431640625,16,2.772588722239781
am_logfit,42,2,16,16,256,0.9977565407752991,1.0865552425384521,-0.706627607345581,0.7055278420448303,0.3403991460800171,0.8622573018074036,0.1841772198677063,0.800999104976654,-1.4583250284194946,1.9077661037445068,0,4.117480278015137,1.0591862201690674,2.978029251098633,2.498375135704837,0.045132920145988464,16,2.772588722239781
am_scalar,42,2,16,16,256,0.8218206167221069,0.9043117165565491,-0.6261577606201172,0.6218451857566833,0.31475508213043213,0.7385488748550415,0.17475855350494385,1.13703453540802,1.1370346546173096,1.1370346546173096,0,4.117480278015137,1.0591862201690674,2.978029251098633,2.498375135704837,0.07539825141429901,16,2.772588722239781
am_nobeta,42,2,16,16,256,0.8218207955360413,0.9043102264404297,-0.6261578798294067,0.6218452453613281,0.3147551119327545,0.8451285362243652,0.6616025567054749,0.0,0.0,0.0,0,4.117480278015137,1.0591862201690674,2.978029251098633,2.498375135704837,4.48492431640625,16,2.772588722239781
legacy,42,2,32,16,256,1.2806466817855835,1.3374630212783813,-0.6585914492607117,0.6382430791854858,0.3979390263557434,1.505312442779541,0.9983923435211182,-8.038717269897461,-13.815510749816895,-3.606834888458252,10,1.0,7.218481101745056e-08,0.0017930936301127076,3.383094229857764,14.654414176940918,16,2.0794415416798357
legacy_fixed_solver,42,2,32,16,256,1.6331393718719482,1.770058274269104,-0.7332319617271423,0.7289085388183594,0.48876237869262695,1.5091252326965332,0.9992543458938599,-9.934429168701172,-13.815510749816895,-3.664717197418213,17,1.0,7.218481101745056e-08,0.0017930936301127076,3.383094229857764,0.25415322184562683,16,2.0794415416798357
shift,42,2,32,16,256,0.5450886487960815,0.5827271342277527,-0.46716633439064026,0.4609212279319763,0.2175305187702179,0.8044842481613159,0.7684776186943054,-10.775712966918945,-13.815510749816895,-1.9551668167114258,23,1.0,7.218481101745056e-08,0.0017930936301127076,3.383094229857764,179.26824951171875,16,2.0794415416798357
am,42,2,32,16,256,0.667037844657898,0.7352045178413391,-0.6081923842430115,0.6047734618186951,0.27662909030914307,0.588755190372467,0.1387261599302292,0.10988757759332657,-13.815510749816895,1.805748462677002,1,4.117480278015137,1.0591862201690674,1.995299220085144,1.6167767540343803,0.4163370728492737,16,2.0794415416798357
am_over_m,42,2,32,16,256,0.5404435396194458,0.5704353451728821,-0.5132788419723511,0.5071374773979187,0.21724946796894073,0.5520899295806885,0.5005144476890564,0.10988757759332657,-13.815510749816895,1.805748462677002,1,4.117480278015137,1.0591862201690674,1.995299220085144,1.6167767540343803,0.4163370728492737,16,2.0794415416798357
am_logfit,42,2,32,16,256,0.6689856648445129,0.7308880686759949,-0.5855919122695923,0.5793902277946472,0.26048213243484497,0.553278923034668,0.13996320962905884,0.30588433146476746,-11.582802772521973,1.7269798517227173,0,4.117480278015137,1.0591862201690674,1.995299220085144,1.6167767540343803,0.003797137178480625,16,2.0794415416798357
am_scalar,42,2,32,16,256,0.5489524006843567,0.5635139346122742,-0.499200701713562,0.4973390996456146,0.21429654955863953,0.48340117931365967,0.09633862227201462,0.7309268712997437,0.7309268116950989,0.7309268116950989,0,4.117480278015137,1.0591862201690674,1.995299220085144,1.6167767540343803,0.02985847368836403,16,2.0794415416798357
am_nobeta,42,2,32,16,256,0.5489556789398193,0.5635141134262085,-0.499200701713562,0.4973389506340027,0.21429654955863953,0.5553081035614014,0.4973389506340027,0.0,0.0,0.0,0,4.117480278015137,1.0591862201690674,1.995299220085144,1.6167767540343803,0.4163370728492737,16,2.0794415416798357
legacy,43,0,8,16,256,1.065443515777588,1.0704752206802368,-0.8319470286369324,0.8223447203636169,0.393978089094162,1.1756060123443604,2.075941562652588,1.9088798761367798,1.2068428993225098,3.4317564964294434,0,1.0,8.56870769894158e-08,0.002879675943404436,7.2595962764157544,1796157440.0,8,3.4657359027997265
legacy_fixed_solver,43,0,8,16,256,1.0363508462905884,1.1250375509262085,-0.7793678641319275,0.7651066780090332,0.4611310362815857,1.4691036939620972,0.9994001388549805,-7.691027641296387,-13.815510749816895,-4.368289947509766,2,1.0,8.56870769894158e-08,0.002879675943404436,7.2595962764157544,1.1450045108795166,8,3.4657359027997265
shift,43,0,8,16,256,0.6399634480476379,0.6639168858528137,-0.6941446661949158,0.6915028095245361,0.37518686056137085,0.9990602135658264,0.8629318475723267,-7.8448920249938965,-13.815510749816895,-1.2836214303970337,4,1.0,8.56870769894158e-08,0.002879675943404436,7.2595962764157544,4434.6669921875,8,3.4657359027997265
am,43,0,8,16,256,0.6418973803520203,0.6533674597740173,-0.739143967628479,0.7181106805801392,0.38227808475494385,0.5211970210075378,0.18677693605422974,1.1243306398391724,-0.4069470167160034,2.0852136611938477,0,1.9708975553512573,0.6761950850486755,3.5925028324127197,3.07473986629548,2.5002458095550537,8,3.4657359027997265
am_over_m,43,0,8,16,256,0.661527156829834,0.686068058013916,-0.7233865857124329,0.7228568196296692,0.36974936723709106,0.749168336391449,0.7178765535354614,1.1243306398391724,-0.4069470167160034,2.0852136611938477,0,1.9708975553512573,0.6761950850486755,3.5925028324127197,3.07473986629548,2.5002458095550537,8,3.4657359027997265
am_logfit,43,0,8,16,256,0.6476026773452759,0.6566285490989685,-0.7203050255775452,0.7143906354904175,0.3824140131473541,0.5354976654052734,0.18248164653778076,1.2075319290161133,-0.18828603625297546,2.25374698638916,0,1.9708975553512573,0.6761950850486755,3.5925028324127197,3.07473986629548,0.05697225406765938,8,3.4657359027997265
am_scalar,43,0,8,16,256,0.6698564887046814,0.688838005065918,-0.7249634861946106,0.7241902947425842,0.36967387795448303,0.555941104888916,0.2060336470603943,1.3297332525253296,1.3297332525253296,1.3297332525253296,0,1.9708975553512573,0.6761950850486755,3.5925028324127197,3.07473986629548,0.15756389498710632,8,3.4657359027997265
am_nobeta,43,0,8,16,256,0.6698564291000366,0.688838005065918,-0.7249634861946106,0.7241902947425842,0.36967381834983826,0.7680749893188477,0.736506998538971,0.0,0.0,0.0,0,1.9708975553512573,0.6761950850486755,3.5925028324127197,3.07473986629548,2.5002458095550537,8,3.4657359027997265
legacy,43,0,16,16,256,1.334421157836914,1.3741523027420044,-0.8075017333030701,0.7949351072311401,0.3370332717895508,1.5401992797851562,2.338686466217041,1.5542851686477661,1.040069818496704,3.4317572116851807,0,1.0,8.56870769894158e-08,0.0018852223875001073,5.163387966712709,1961198208.0,16,2.772588722239781
legacy_fixed_solver,43,0,16,16,256,1.5743459463119507,1.5713167190551758,-0.6532214283943176,0.6513065695762634,0.38587528467178345,1.4678325653076172,0.9993265867233276,-7.563966751098633,-13.815510749816895,-4.84396505355835,3,1.0,8.56870769894158e-08,0.0018852223875001073,5.163387966712709,0.5653117895126343,16,2.772588722239781
shift,43,0,16,16,256,0.7582186460494995,0.7657025456428528,-0.551285445690155,0.5426979660987854,0.2963941693305969,0.9159727692604065,0.7876459360122681,-7.199942111968994,-13.815510749816895,-2.147078037261963,6,1.0,8.56870769894158e-08,0.0018852223875001073,5.163387966712709,2444.59765625,16,2.772588722239781
am,43,0,16,16,256,0.7057330012321472,0.7464406490325928,-0.5867484211921692,0.583036482334137,0.2994033694267273,0.5517721772193909,0.1380508691072464,0.9248813986778259,-0.4323056936264038,1.6279264688491821,0,1.9708975553512573,0.6761950850486755,2.5315170288085938,2.02656267645506,0.4809684753417969,16,2.772588722239781
am_over_m,43,0,16,16,256,0.7496960759162903,0.7688409686088562,-0.6157673001289368,0.6137971878051758,0.2896537482738495,0.7214051485061646,0.60356605052948,0.9248813986778259,-0.4323056936264038,1.6279264688491821,0,1.9708975553512573,0.6761950850486755,2.5315170288085938,2.02656267645506,0.4809684753417969,16,2.772588722239781
am_logfit,43,0,16,16,256,0.696581244468689,0.7390164732933044,-0.5586782693862915,0.5567222833633423,0.30002111196517944,0.5573413968086243,0.13642576336860657,0.9361729621887207,-0.6107632517814636,1.6794350147247314,0,1.9708975553512573,0.6761950850486755,2.5315170288085938,2.02656267645506,0.013442285358905792,16,2.772588722239781
am_scalar,43,0,16,16,256,0.7407878637313843,0.7678386569023132,-0.6182790994644165,0.6173578500747681,0.28961604833602905,0.5628894567489624,0.13571181893348694,0.942596435546875,0.942596435546875,0.942596435546875,0,1.9708975553512573,0.6761950850486755,2.5315170288085938,2.02656267645506,0.0628751590847969,16,2.772588722239781
am_nobeta,43,0,16,16,256,0.7407891154289246,0.7678391337394714,-0.6182790994644165,0.6173578500747681,0.28961604833602905,0.7320582270622253,0.6239483952522278,0.0,0.0,0.0,0,1.9708975553512573,0.6761950850486755,2.5315170288085938,2.02656267645506,0.4809684753417969,16,2.772588722239781
legacy,43,0,32,16,256,1.1285268068313599,1.1277750730514526,-0.5709403157234192,0.559154212474823,0.35068029165267944,1.466596007347107,0.9989844560623169,-8.371630668640137,-13.815510749816895,-4.872570514678955,9,1.0,8.56870769894158e-08,0.0014548301696777344,4.210083645866055,4.906188011169434,16,2.0794415416798357
legacy_fixed_solver,43,0,32,16,256,1.1380637884140015,1.1543828248977661,-0.6116293668746948,0.5851214528083801,0.4162029027938843,1.4679274559020996,0.9992863535881042,-9.690353393554688,-13.815510749816895,-4.99851655960083,15,1.0,8.56870769894158e-08,0.0014548301696777344,4.210083645866055,0.14435052871704102,16,2.0794415416798357
shift,43,0,32,16,256,0.5271344184875488,0.5349106788635254,-0.39529335498809814,0.3884809613227844,0.20369523763656616,0.7854122519493103,0.7409124970436096,-10.068609237670898,-13.815510749816895,-1.7015469074249268,21,1.0,8.56870769894158e-08,0.0014548301696777344,4.210083645866055,1900.776123046875,16,2.0794415416798357
am,43,0,32,16,256,0.5789300799369812,0.5973602533340454,-0.44586533308029175,0.3832921087741852,0.2074795663356781,0.471246600151062,0.10914121568202972,0.5509727001190186,-1.045057773590088,1.2647020816802979,0,1.9708975553512573,0.6761950850486755,1.8603233098983765,1.5511758550859562,0.04353675618767738,16,2.0794415416798357
am_over_m,43,0,32,16,256,0.5245650410652161,0.5224298238754272,-0.4545072019100189,0.45376554131507874,0.19697968661785126,0.5283538103103638,0.45123520493507385,0.5509727001190186,-1.045057773590088,1.2647020816802979,0,1.9708975553512573,0.6761950850486755,1.8603233098983765,1.5511758550859562,0.04353675618767738,16,2.0794415416798357
am_logfit,43,0,32,16,256,0.5794454216957092,0.5980207920074463,-0.4434570372104645,0.36951637268066406,0.20798134803771973,0.46248817443847656,0.11380729079246521,0.5707165598869324,-1.0708564519882202,1.343788743019104,0,1.9708975553512573,0.6761950850486755,1.8603233098983765,1.5511758550859562,0.0008819037466309965,16,2.0794415416798357
am_scalar,43,0,32,16,256,0.5243831276893616,0.5224043130874634,-0.4629591405391693,0.4615040123462677,0.19692791998386383,0.4521205425262451,0.07137109339237213,0.6057773232460022,0.605777382850647,0.605777382850647,0,1.9708975553512573,0.6761950850486755,1.8603233098983765,1.5511758550859562,0.020941080525517464,16,2.0794415416798357
am_nobeta,43,0,32,16,256,0.524383544921875,0.5224050879478455,-0.4629591703414917,0.46150410175323486,0.19692790508270264,0.5427097678184509,0.4650029242038727,0.0,0.0,0.0,0,1.9708975553512573,0.6761950850486755,1.8603233098983765,1.5511758550859562,0.04353675618767738,16,2.0794415416798357
legacy,43,1,8,16,256,0.6659039855003357,0.6974242329597473,-0.7611231803894043,0.7610621452331543,0.42000898718833923,0.6371919512748718,0.8926464915275574,2.039062738418579,1.6885148286819458,2.5445566177368164,0,1.0,8.973749032747946e-08,0.0030989774968475103,5.155125134776479,256261456.0,8,3.4657359027997265
legacy_fixed_solver,43,1,8,16,256,0.8738086223602295,0.8743717670440674,-0.7866363525390625,0.7856593728065491,0.46920570731163025,1.3440449237823486,0.9995958209037781,-8.052681922912598,-13.815510749816895,-4.887859344482422,2,1.0,8.973749032747946e-08,0.0030989774968475103,5.155125134776479,2.6469545364379883,8,3.4657359027997265
shift,43,1,8,16,256,0.6891867518424988,0.7076457142829895,-0.6921445727348328,0.6873266100883484,0.41942769289016724,1.0212042331695557,0.8955201506614685,-8.786980628967285,-13.815510749816895,-2.884465456008911,4,1.0,8.973749032747946e-08,0.0030989774968475103,5.155125134776479,315.66351318359375,8,3.4657359027997265
am,43,1,8,16,256,0.673152506351471,0.7051200270652771,-0.7555320858955383,0.7499721646308899,0.42842137813568115,0.5982716083526611,0.262072890996933,-0.5261629819869995,-13.815510749816895,1.6826350688934326,1,4.498398303985596,1.891411304473877,3.768014907836914,2.4336826068660313,10.914734840393066,8,3.4657359027997265
am_over_m,43,1,8,16,256,0.6683767437934875,0.7059815526008606,-0.7535409927368164,0.7512869834899902,0.41873157024383545,0.8173426985740662,0.7807869911193848,-0.5261629819869995,-13.815510749816895,1.6826350688934326,1,4.498398303985596,1.891411304473877,3.768014907836914,2.4336826068660313,10.914734840393066,8,3.4657359027997265
am_logfit,43,1,8,16,256,0.6665781140327454,0.7086107134819031,-0.74935382604599,0.7434565424919128,0.42149800062179565,0.588704526424408,0.30903565883636475,1.2694721221923828,0.5633171796798706,1.7975438833236694,0,4.498398303985596,1.891411304473877,3.768014907836914,2.4336826068660313,0.07396208494901657,8,3.4657359027997265
am_scalar,43,1,8,16,256,0.6588917970657349,0.7048295140266418,-0.7307164669036865,0.7235227227210999,0.41718393564224243,0.584617018699646,0.2953471839427948,1.4669846296310425,1.466984510421753,1.466984510421753,0,4.498398303985596,1.891411304473877,3.768014907836914,2.4336826068660313,0.09019097685813904,8,3.4657359027997265
am_nobeta,43,1,8,16,256,0.6588917374610901,0.7048295140266418,-0.7307164669036865,0.7235228419303894,0.4171839952468872,0.8276103138923645,0.7936808466911316,0.0,0.0,0.0,0,4.498398303985596,1.891411304473877,3.768014907836914,2.4336826068660313,10.914734840393066,8,3.4657359027997265
legacy,43,1,16,16,256,0.7950032353401184,0.8951391577720642,-0.6911736130714417,0.6890536546707153,0.31452393531799316,0.8017151951789856,1.503731369972229,1.7709180116653442,1.2702245712280273,2.5445566177368164,0,1.0,8.973749032747946e-08,0.0015779114328324795,5.57599538451513,454851328.0,16,2.772588722239781
legacy_fixed_solver,43,1,16,16,256,1.0099221467971802,1.0532041788101196,-0.7614123821258545,0.7599930167198181,0.4619581699371338,1.3440862894058228,0.9995707273483276,-9.794032096862793,-13.815510749816895,-5.0397562980651855,7,1.0,8.973749032747946e-08,0.0015779114328324795,5.57599538451513,2.4950642585754395,16,2.772588722239781
shift,43,1,16,16,256,0.7868749499320984,0.9101096987724304,-0.5739217400550842,0.566270112991333,0.307776540517807,0.9074679017066956,0.8279191255569458,-10.549817085266113,-13.815510749816895,-3.1216251850128174,11,1.0,8.973749032747946e-08,0.0015779114328324795,5.57599538451513,332.86419677734375,16,2.772588722239781
am,43,1,16,16,256,0.7851627469062805,0.8680939674377441,-0.6994550824165344,0.697872519493103,0.34813132882118225,0.639528214931488,0.19278380274772644,-1.127146601676941,-13.815510749816895,1.5071011781692505,2,4.498398303985596,1.891411304473877,2.622554302215576,2.280192262404073,7.707117080688477,16,2.772588722239781
am_over_m,43,1,16,16,256,0.851787805557251,0.9318075180053711,-0.6458166837692261,0.6457193493843079,0.30901533365249634,0.74286288022995,0.6537659764289856,-1.127146601676941,-13.815510749816895,1.5071011781692505,2,4.498398303985596,1.891411304473877,2.622554302215576,2.280192262404073,7.707117080688477,16,2.772588722239781
am_logfit,43,1,16,16,256,0.7792047262191772,0.9030863642692566,-0.7005245685577393,0.7003985643386841,0.3331323564052582,0.6729317903518677,0.21230299770832062,0.1171296089887619,-10.174513816833496,1.6031500101089478,0,4.498398303985596,1.891411304473877,2.622554302215576,2.280192262404073,0.04408827796578407,16,2.772588722239781
am_scalar,43,1,16,16,256,0.7950124740600586,0.913381040096283,-0.6271949410438538,0.6271949410438538,0.3042118549346924,0.6762778759002686,0.15642903745174408,1.021563172340393,1.021563172340393,1.021563172340393,0,4.498398303985596,1.891411304473877,2.622554302215576,2.280192262404073,0.07368886470794678,16,2.772588722239781
am_nobeta,43,1,16,16,256,0.7950108647346497,0.9133803844451904,-0.6271949410438538,0.6271949410438538,0.30421182513237,0.753559410572052,0.6460770964622498,0.0,0.0,0.0,0,4.498398303985596,1.891411304473877,2.622554302215576,2.280192262404073,7.707117080688477,16,2.772588722239781
legacy,43,1,32,16,256,1.060263991355896,1.05972421169281,-0.581118643283844,0.5751362442970276,0.3464787006378174,1.3406020402908325,0.9989094138145447,-8.835331916809082,-13.815510749816895,-4.652854919433594,12,1.0,8.973749032747946e-08,0.0011486065341159701,4.279593775639499,24.052839279174805,16,2.0794415416798357
legacy_fixed_solver,43,1,32,16,256,1.3747913837432861,1.4050456285476685,-0.6846693158149719,0.6616788506507874,0.5097689628601074,1.3418341875076294,0.99940425157547,-10.6443510055542,-13.815510749816895,-4.109468936920166,19,1.0,8.973749032747946e-08,0.0011486065341159701,4.279593775639499,0.23467779159545898,16,2.0794415416798357
shift,43,1,32,16,256,0.5058014392852783,0.5511012673377991,-0.37410932779312134,0.3677333891391754,0.2013409584760666,0.7119501233100891,0.7415268421173096,-10.943255424499512,-13.815510749816895,-2.0306625366210938,23,1.0,8.973749032747946e-08,0.0011486065341159701,4.279593775639499,536.7576293945312,16,2.0794415416798357
am,43,1,32,16,256,0.628592848777771,0.6850897669792175,-0.4642277956008911,0.4642277956008911,0.24823078513145447,0.5334199070930481,0.08909505605697632,-1.1869337558746338,-13.815510749816895,1.6352417469024658,4,4.498398303985596,1.891411304473877,1.7802685499191284,1.6154544766820755,0.2446078062057495,16,2.0794415416798357
am_over_m,43,1,32,16,256,0.5417642593383789,0.5712159276008606,-0.4639550745487213,0.4639550745487213,0.200361967086792,0.5016536712646484,0.47206202149391174,-1.1869337558746338,-13.815510749816895,1.6352417469024658,4,4.498398303985596,1.891411304473877,1.7802685499191284,1.6154544766820755,0.2446078062057495,16,2.0794415416798357
am_logfit,43,1,32,16,256,0.6125441789627075,0.6576242446899414,-0.4699907600879669,0.4699907600879669,0.2259981334209442,0.5069331526756287,0.09782135486602783,0.12154039740562439,-11.029897689819336,1.5068377256393433,0,4.498398303985596,1.891411304473877,1.7802685499191284,1.6154544766820755,0.002764006843790412,16,2.0794415416798357
am_scalar,43,1,32,16,256,0.5225518941879272,0.5514346361160278,-0.4457511901855469,0.4457511901855469,0.1964731514453888,0.4353453814983368,0.09302264451980591,0.5993018746376038,0.5993018746376038,0.5993018746376038,0,4.498398303985596,1.891411304473877,1.7802685499191284,1.6154544766820755,0.02435772307217121,16,2.0794415416798357
am_nobeta,43,1,32,16,256,0.5225518941879272,0.5514346361160278,-0.4457511901855469,0.4457511901855469,0.1964731216430664,0.4988219141960144,0.4641393721103668,0.0,0.0,0.0,0,4.498398303985596,1.891411304473877,1.7802685499191284,1.6154544766820755,0.2446078062057495,16,2.0794415416798357
legacy,43,2,8,16,256,0.5961205959320068,0.6298196911811829,-0.702083945274353,0.7013517022132874,0.32084769010543823,0.6986488699913025,2.6760549545288086,2.0822691917419434,1.27701997756958,3.0216214656829834,0,1.0,7.380714350802009e-08,0.002466378966346383,4.082119364924039,896645504.0,8,3.4657359027997265
legacy_fixed_solver,43,2,8,16,256,0.8848688006401062,0.8798834681510925,-0.7042694091796875,0.6975789070129395,0.35901540517807007,1.4306941032409668,0.9991522431373596,-7.43413782119751,-13.815510749816895,-5.112481117248535,1,1.0,7.380714350802009e-08,0.002466378966346383,4.082119364924039,1.6475008726119995,8,3.4657359027997265
shift,43,2,8,16,256,0.5742467045783997,0.5894913077354431,-0.6121305227279663,0.6079419851303101,0.3167075514793396,0.755934476852417,0.7860486507415771,-6.121891498565674,-13.815510749816895,-2.068563938140869,2,1.0,7.380714350802009e-08,0.002466378966346383,4.082119364924039,1196.0284423828125,8,3.4657359027997265
am,43,2,8,16,256,0.5165427327156067,0.5619686841964722,-0.6581504344940186,0.6548181772232056,0.3269959092140198,0.44655197858810425,0.24431736767292023,-0.8163968920707703,-13.815510749816895,1.6465753316879272,1,1.5598734617233276,0.5004273056983948,3.2681963443756104,2.2344023438222074,1.3548187017440796,8,3.4657359027997265
am_over_m,43,2,8,16,256,0.5448875427246094,0.5933021903038025,-0.6551392078399658,0.652776300907135,0.31179895997047424,0.633264422416687,0.6355873942375183,-0.8163968920707703,-13.815510749816895,1.6465753316879272,1,1.5598734617233276,0.5004273056983948,3.2681963443756104,2.2344023438222074,1.3548187017440796,8,3.4657359027997265
am_logfit,43,2,8,16,256,0.5171326994895935,0.5708327889442444,-0.675448477268219,0.6738384366035461,0.3239392340183258,0.44603094458580017,0.28625860810279846,-0.5237749218940735,-11.787843704223633,1.5751410722732544,0,1.5598734617233276,0.5004273056983948,3.2681963443756104,2.2344023438222074,0.043031249195337296,8,3.4657359027997265
am_scalar,43,2,8,16,256,0.561412513256073,0.6033080220222473,-0.6482645273208618,0.6477563381195068,0.3110239803791046,0.4737226068973541,0.20107455551624298,1.138380527496338,1.138380527496338,1.138380527496338,0,1.5598734617233276,0.5004273056983948,3.2681963443756104,2.2344023438222074,0.06787080317735672,8,3.4657359027997265
am_nobeta,43,2,8,16,256,0.561412513256073,0.6033080220222473,-0.6482645273208618,0.6477563381195068,0.3110239803791046,0.6415801048278809,0.6561516523361206,0.0,0.0,0.0,0,1.5598734617233276,0.5004273056983948,3.2681963443756104,2.2344023438222074,1.3548187017440796,8,3.4657359027997265
legacy,43,2,16,16,256,0.6802346110343933,0.7197770476341248,-0.6803524494171143,0.6553447842597961,0.25493907928466797,0.8422006368637085,3.2548277378082275,1.6438580751419067,0.5299830436706543,3.0216214656829834,0,1.0,7.380714350802009e-08,0.0017691045068204403,2.958944808178904,1062152768.0,16,2.772588722239781
legacy_fixed_solver,43,2,16,16,256,0.8159254789352417,0.922299861907959,-0.6808374524116516,0.670654833316803,0.37781190872192383,1.4311212301254272,0.9991655349731445,-10.273812294006348,-13.815510749816895,-4.581751346588135,9,1.0,7.380714350802009e-08,0.0017691045068204403,2.958944808178904,0.37119385600090027,16,2.772588722239781
shift,43,2,16,16,256,0.49554499983787537,0.6170201897621155,-0.47049057483673096,0.465824156999588,0.23130939900875092,0.737390398979187,0.7681764364242554,-10.31566047668457,-13.815510749816895,-1.2381905317306519,11,1.0,7.380714350802009e-08,0.0017691045068204403,2.958944808178904,1408.1326904296875,16,2.772588722239781
am,43,2,16,16,256,0.47847649455070496,0.5683202147483826,-0.5465987920761108,0.5465987920761108,0.24780654907226562,0.42188555002212524,0.18796326220035553,0.5803702473640442,-1.1383477449417114,1.578486442565918,0,1.5598734617233276,0.5004273056983948,2.1355652809143066,1.5305306493779256,0.14128030836582184,16,2.772588722239781
am_over_m,43,2,16,16,256,0.4889222979545593,0.5887190699577332,-0.5134135484695435,0.5121244192123413,0.22628512978553772,0.4919547140598297,0.4929717481136322,0.5803702473640442,-1.1383477449417114,1.578486442565918,0,1.5598734617233276,0.5004273056983948,2.1355652809143066,1.5305306493779256,0.14128030836582184,16,2.772588722239781
am_logfit,43,2,16,16,256,0.47904306650161743,0.5765085816383362,-0.5411215424537659,0.5409184098243713,0.24999286234378815,0.43188613653182983,0.20295006036758423,0.4467056095600128,-2.1741347312927246,1.561767816543579,0,1.5598734617233276,0.5004273056983948,2.1355652809143066,1.5305306493779256,0.005188617389649153,16,2.772588722239781
am_scalar,43,2,16,16,256,0.4961608350276947,0.5950084328651428,-0.5187479853630066,0.5157759785652161,0.2261732518672943,0.42055800557136536,0.12355446815490723,0.7896610498428345,0.7896611094474792,0.7896611094474792,0,1.5598734617233276,0.5004273056983948,2.1355652809143066,1.5305306493779256,0.027361031621694565,16,2.772588722239781
am_nobeta,43,2,16,16,256,0.4961610436439514,0.5950086712837219,-0.5187479853630066,0.5157759785652161,0.22617322206497192,0.51085364818573,0.5187480449676514,0.0,0.0,0.0,0,1.5598734617233276,0.5004273056983948,2.1355652809143066,1.5305306493779256,0.14128030836582184,16,2.772588722239781
legacy,43,2,32,16,256,0.7587018609046936,0.763170063495636,-0.5627029538154602,0.56069415807724,0.28770193457603455,1.4296343326568604,0.99903804063797,-8.579268455505371,-13.815510749816895,-4.975255012512207,10,1.0,7.380714350802009e-08,0.0013610792811959982,2.6918614943438186,1.1899341344833374,16,2.0794415416798357
legacy_fixed_solver,43,2,32,16,256,0.7684347033500671,0.852457582950592,-0.6057161092758179,0.588160514831543,0.3312472403049469,1.4306052923202515,0.9991898536682129,-9.818284034729004,-13.815510749816895,-4.822366237640381,16,1.0,7.380714350802009e-08,0.0013610792811959982,2.6918614943438186,0.013857334852218628,16,2.0794415416798357
shift,43,2,32,16,256,0.43687182664871216,0.47124484181404114,-0.32844042778015137,0.3269611597061157,0.15119168162345886,0.6226221919059753,0.7101172208786011,-10.603370666503906,-13.815510749816895,-1.3756800889968872,23,1.0,7.380714350802009e-08,0.0013610792811959982,2.6918614943438186,1255.9053955078125,16,2.0794415416798357
am,43,2,32,16,256,0.4591395854949951,0.49471941590309143,-0.4577224552631378,0.43761393427848816,0.16287289559841156,0.3828720450401306,0.14278385043144226,0.4639311134815216,-0.7163189649581909,1.1438758373260498,0,1.5598734617233276,0.5004273056983948,1.6821422576904297,1.3351318310399298,0.010438978672027588,16,2.0794415416798357
am_over_m,43,2,32,16,256,0.43605029582977295,0.468295693397522,-0.3768353760242462,0.36967208981513977,0.14829044044017792,0.4012247323989868,0.3499804735183716,0.4639311134815216,-0.7163189649581909,1.1438758373260498,0,1.5598734617233276,0.5004273056983948,1.6821422576904297,1.3351318310399298,0.010438978672027588,16,2.0794415416798357
am_logfit,43,2,32,16,256,0.45743101835250854,0.4935751259326935,-0.4577232599258423,0.42554771900177,0.16169366240501404,0.3838672637939453,0.14780914783477783,0.4681389033794403,-0.7230681777000427,1.1326134204864502,0,1.5598734617233276,0.5004273056983948,1.6821422576904297,1.3351318310399298,0.00035236950498074293,16,2.0794415416798357
am_scalar,43,2,32,16,256,0.4360452890396118,0.4691009521484375,-0.3731883466243744,0.36750343441963196,0.14822305738925934,0.36096328496932983,0.11101170629262924,0.5000366568565369,0.5000365972518921,0.5000365972518921,0,1.5598734617233276,0.5004273056983948,1.6821422576904297,1.3351318310399298,0.011374810710549355,16,2.0794415416798357
am_nobeta,43,2,32,16,256,0.4360448718070984,0.469100683927536,-0.3731882572174072,0.36750343441963196,0.14822307229042053,0.4071851968765259,0.36750346422195435,0.0,0.0,0.0,0,1.5598734617233276,0.5004273056983948,1.6821422576904297,1.3351318310399298,0.010438978672027588,16,2.0794415416798357
legacy,44,0,8,16,256,0.6966390609741211,0.7930607795715332,-0.7430958151817322,0.7404189109802246,0.3665497899055481,0.8474640250205994,4.002806186676025,2.5931508541107178,1.8988215923309326,3.354585886001587,0,1.0,5.331201435865296e-08,0.0013477361062541604,6.136755023164352,4731973632.0,8,3.4657359027997265
legacy_fixed_solver,44,0,8,16,256,0.9320914149284363,0.9820448756217957,-0.7615305781364441,0.7380325198173523,0.4457330107688904,1.50098717212677,0.9996705055236816,-9.157340049743652,-13.815510749816895,-5.167983055114746,3,1.0,5.331201435865296e-08,0.0013477361062541604,6.136755023164352,2.1259357929229736,8,3.4657359027997265
shift,44,0,8,16,256,0.6833458542823792,0.7069916725158691,-0.6491504311561584,0.647472083568573,0.3595079183578491,0.9849366545677185,0.8626626133918762,-9.555315971374512,-13.815510749816895,-1.871598720550537,5,1.0,5.331201435865296e-08,0.0013477361062541604,6.136755023164352,4596.88037109375,8,3.4657359027997265
am,44,0,8,16,256,0.6606770157814026,0.7101715207099915,-0.6843265295028687,0.6838579773902893,0.3658601641654968,0.5586484670639038,0.27457892894744873,0.914993166923523,0.14740967750549316,1.8346116542816162,0,1.74764084815979,0.6469525098800659,2.907768726348877,2.2892301522181695,1.2749298810958862,8,3.4657359027997265
am_over_m,44,0,8,16,256,0.6768293976783752,0.716742217540741,-0.6838417649269104,0.6816525459289551,0.35259902477264404,0.738653302192688,0.6966777443885803,0.914993166923523,0.14740967750549316,1.8346116542816162,0,1.74764084815979,0.6469525098800659,2.907768726348877,2.2892301522181695,1.2749298810958862,8,3.4657359027997265
am_logfit,44,0,8,16,256,0.6561340093612671,0.7103734016418457,-0.7021004557609558,0.6933769583702087,0.3659197688102722,0.5447635650634766,0.2412157505750656,0.945573627948761,0.009576689451932907,1.8226321935653687,0,1.74764084815979,0.6469525098800659,2.907768726348877,2.2892301522181695,0.04633497819304466,8,3.4657359027997265
am_scalar,44,0,8,16,256,0.6756817698478699,0.7172507643699646,-0.684035062789917,0.6818757057189941,0.3525763750076294,0.5564964413642883,0.2588660717010498,1.1626133918762207,1.1626133918762207,1.1626133918762207,0,1.74764084815979,0.6469525098800659,2.907768726348877,2.2892301522181695,0.08538924902677536,8,3.4657359027997265
am_nobeta,44,0,8,16,256,0.6756816506385803,0.717250645160675,-0.684035062789917,0.6818757057189941,0.3525763750076294,0.7529891133308411,0.7142335176467896,0.0,0.0,0.0,0,1.74764084815979,0.6469525098800659,2.907768726348877,2.2892301522181695,1.2749298810958862,8,3.4657359027997265
legacy,44,0,16,16,256,0.7219274044036865,0.7714366912841797,-0.6903452277183533,0.6891189217567444,0.27568626403808594,0.8871786594390869,5.245386123657227,2.2581889629364014,1.618045687675476,3.354585886001587,0,1.0,5.331201435865296e-08,0.001065789139829576,5.27775854930039,6318807040.0,16,2.772588722239781
legacy_fixed_solver,44,0,16,16,256,1.4212733507156372,1.376945972442627,-0.7110744714736938,0.6952221393585205,0.4404853880405426,1.50143301486969,0.9996760487556458,-11.042206764221191,-13.815510749816895,-5.313817977905273,10,1.0,5.331201435865296e-08,0.001065789139829576,5.27775854930039,1.742048740386963,16,2.772588722239781
shift,44,0,16,16,256,0.6853444576263428,0.7139375805854797,-0.4841979444026947,0.47516149282455444,0.25971928238868713,0.8347607851028442,0.7865431308746338,-9.825373649597168,-13.815510749816895,-2.026374101638794,10,1.0,5.331201435865296e-08,0.001065789139829576,5.27775854930039,2741.69091796875,16,2.772588722239781
am,44,0,16,16,256,0.7467823028564453,0.7761214375495911,-0.6203087568283081,0.5860702395439148,0.30188822746276855,0.6063700914382935,0.19863398373126984,-0.5106790065765381,-13.815510749816895,1.565786600112915,1,1.74764084815979,0.6469525098800659,2.0890777111053467,1.989021859623699,0.31498953700065613,16,2.772588722239781
am_over_m,44,0,16,16,256,0.6012625098228455,0.693082869052887,-0.5606279969215393,0.5554260015487671,0.2562404274940491,0.6108004450798035,0.5649816989898682,-0.5106790065765381,-13.815510749816895,1.565786600112915,1,1.74764084815979,0.6469525098800659,2.0890777111053467,1.989021859623699,0.31498953700065613,16,2.772588722239781
am_logfit,44,0,16,16,256,0.7055542469024658,0.8217375874519348,-0.5856544971466064,0.5811946988105774,0.2890750765800476,0.6246895790100098,0.2011384665966034,0.3545778691768646,-2.5997042655944824,1.427003264427185,0,1.74764084815979,0.6469525098800659,2.0890777111053467,1.989021859623699,0.01476192008703947,16,2.772588722239781
am_scalar,44,0,16,16,256,0.6609106063842773,0.7062838077545166,-0.5497822761535645,0.5423005819320679,0.2549683451652527,0.5450035333633423,0.16824360191822052,0.7656841278076172,0.7656841278076172,0.7656841278076172,0,1.74764084815979,0.6469525098800659,2.0890777111053467,1.989021859623699,0.051630839705467224,16,2.772588722239781
am_nobeta,44,0,16,16,256,0.6609114408493042,0.7062839865684509,-0.5497822761535645,0.5423005819320679,0.2549683451652527,0.6194109320640564,0.5683636665344238,0.0,0.0,0.0,0,1.74764084815979,0.6469525098800659,2.0890777111053467,1.989021859623699,0.31498953700065613,16,2.772588722239781
legacy,44,0,32,16,256,0.9192028641700745,0.9700252413749695,-0.589332640171051,0.5884104371070862,0.33306884765625,1.498463749885559,0.999068021774292,-9.332107543945312,-13.815510749816895,-4.787017345428467,12,1.0,5.331201435865296e-08,0.0008051126496866345,3.7161716911187703,23.40241050720215,16,2.0794415416798357
legacy_fixed_solver,44,0,32,16,256,1.248710036277771,1.335986614227295,-0.6457695960998535,0.6403875946998596,0.456218421459198,1.5005013942718506,0.999493420124054,-10.364401817321777,-13.815510749816895,-4.607161045074463,17,1.0,5.331201435865296e-08,0.0008051126496866345,3.7161716911187703,0.27294808626174927,16,2.0794415416798357
shift,44,0,32,16,256,0.44830426573753357,0.48366472125053406,-0.29865843057632446,0.28628796339035034,0.15547886490821838,0.6958165764808655,0.6927157640457153,-11.011402130126953,-13.815510749816895,-1.3765242099761963,24,1.0,5.331201435865296e-08,0.0008051126496866345,3.7161716911187703,3323.65234375,16,2.0794415416798357
am,44,0,32,16,256,0.47663480043411255,0.5057474970817566,-0.429456502199173,0.42130646109580994,0.17722511291503906,0.40706124901771545,0.1157195121049881,0.24132809042930603,-1.6801154613494873,1.1221176385879517,0,1.74764084815979,0.6469525098800659,1.5607253313064575,1.4101937576220338,0.03386997804045677,16,2.0794415416798357
am_over_m,44,0,32,16,256,0.4203962981700897,0.4605494737625122,-0.3737580478191376,0.3634851574897766,0.14903181791305542,0.425383985042572,0.3627537786960602,0.24132809042930603,-1.6801154613494873,1.1221176385879517,0,1.74764084815979,0.6469525098800659,1.5607253313064575,1.4101937576220338,0.03386997804045677,16,2.0794415416798357
am_logfit,44,0,32,16,256,0.4762986898422241,0.49968862533569336,-0.4247688353061676,0.42162105441093445,0.17394426465034485,0.4059617221355438,0.10292160511016846,0.26864001154899597,-1.4028292894363403,1.0758850574493408,0,1.74764084815979,0.6469525098800659,1.5607253313064575,1.4101937576220338,0.0013537801569327712,16,2.0794415416798357
am_scalar,44,0,32,16,256,0.4352501928806305,0.4630330502986908,-0.3689083456993103,0.3664909601211548,0.14888954162597656,0.3519541025161743,0.09504304081201553,0.4330877661705017,0.4330877363681793,0.4330877363681793,0,1.74764084815979,0.6469525098800659,1.5607253313064575,1.4101937576220338,0.013815009966492653,16,2.0794415416798357
am_nobeta,44,0,32,16,256,0.43525010347366333,0.4630330502986908,-0.3689083456993103,0.3664909303188324,0.14888954162597656,0.43104538321495056,0.3689083755016327,0.0,0.0,0.0,0,1.74764084815979,0.6469525098800659,1.5607253313064575,1.4101937576220338,0.03386997804045677,16,2.0794415416798357
legacy,44,1,8,16,256,0.6634407639503479,0.7192042469978333,-0.6854426860809326,0.6761602163314819,0.32431167364120483,0.7323182225227356,1.7560303211212158,2.0473499298095703,1.57563316822052,2.509711265563965,0,1.0,6.529361940010858e-08,0.002417483599856496,3.8902162790983845,232407168.0,8,3.4657359027997265
legacy_fixed_solver,44,1,8,16,256,1.1029587984085083,1.1111083030700684,-0.7565392851829529,0.7510088682174683,0.4041249454021454,1.412287950515747,0.9993011355400085,-7.580166339874268,-13.815510749816895,-5.327921390533447,1,1.0,6.529361940010858e-08,0.002417483599856496,3.8902162790983845,1.8335521221160889,8,3.4657359027997265
shift,44,1,8,16,256,0.6277393102645874,0.6571250557899475,-0.6714373230934143,0.664080023765564,0.3251490890979767,0.8740647435188293,0.7960382699966431,-7.690409183502197,-13.815510749816895,-3.7642810344696045,3,1.0,6.529361940010858e-08,0.002417483599856496,3.8902162790983845,181.2994384765625,8,3.4657359027997265
am,44,1,8,16,256,0.6640325784683228,0.680921733379364,-0.7090323567390442,0.7071641683578491,0.3634183704853058,0.5798241496086121,0.21508975327014923,-0.6592541933059692,-13.815510749816895,1.588602066040039,1,5.032949447631836,1.2124648094177246,3.581174612045288,2.6386984659229453,19.49310874938965,8,3.4657359027997265
am_over_m,44,1,8,16,256,0.6341760158538818,0.6730483174324036,-0.6799702048301697,0.666342556476593,0.3241852819919586,0.7242605090141296,0.6802091598510742,-0.6592541933059692,-13.815510749816895,1.588602066040039,1,5.032949447631836,1.2124648094177246,3.581174612045288,2.6386984659229453,19.49310874938965,8,3.4657359027997265
am_logfit,44,1,8,16,256,0.6576408743858337,0.6996524930000305,-0.6972407698631287,0.689875602722168,0.36386245489120483,0.5752326250076294,0.20340850949287415,-0.3497617840766907,-12.025246620178223,1.9460233449935913,0,5.032949447631836,1.2124648094177246,3.581174612045288,2.6386984659229453,0.07381133735179901,8,3.4657359027997265
am_scalar,44,1,8,16,256,0.6328195929527283,0.668167769908905,-0.6570991277694702,0.6479324698448181,0.3217369318008423,0.6015703678131104,0.24618999660015106,1.2927824258804321,1.2927824258804321,1.2927824258804321,0,5.032949447631836,1.2124648094177246,3.581174612045288,2.6386984659229453,0.11205091327428818,8,3.4657359027997265
am_nobeta,44,1,8,16,256,0.6328197121620178,0.6681678295135498,-0.657099187374115,0.6479324698448181,0.3217369616031647,0.7266175746917725,0.6716755032539368,0.0,0.0,0.0,0,5.032949447631836,1.2124648094177246,3.581174612045288,2.6386984659229453,19.49310874938965,8,3.4657359027997265
legacy,44,1,16,16,256,0.700233519077301,0.7448651194572449,-0.6395794153213501,0.6327208876609802,0.2554638981819153,0.8158397674560547,2.2864904403686523,1.683356761932373,0.7258808016777039,2.509711265563965,0,1.0,6.529361940010858e-08,0.0017372145084664226,2.8846012613489274,338958080.0,16,2.772588722239781
legacy_fixed_solver,44,1,16,16,256,1.132158637046814,1.1441229581832886,-0.6313413977622986,0.6267260313034058,0.3560982346534729,1.4136606454849243,0.9992732405662537,-9.033172607421875,-13.815510749816895,-5.258791446685791,6,1.0,6.529361940010858e-08,0.0017372145084664226,2.8846012613489274,1.0810226202011108,16,2.772588722239781
shift,44,1,16,16,256,0.6220855116844177,0.6424039006233215,-0.5120709538459778,0.4792257845401764,0.24881407618522644,0.8339213132858276,0.7743450403213501,-9.90964126586914,-13.815510749816895,-2.7684271335601807,10,1.0,6.529361940010858e-08,0.0017372145084664226,2.8846012613489274,276.4969787597656,16,2.772588722239781
am,44,1,16,16,256,0.6507729291915894,0.6498127579689026,-0.6225024461746216,0.6142400503158569,0.3161594569683075,0.5654370188713074,0.18521887063980103,-1.832543969154358,-13.815510749816895,1.709051251411438,3,5.032949447631836,1.2124648094177246,2.2960970401763916,1.8955333361287918,5.213958263397217,16,2.772588722239781
am_over_m,44,1,16,16,256,0.582730770111084,0.6002905368804932,-0.569042980670929,0.5644864439964294,0.24635785818099976,0.6349536776542664,0.5981727838516235,-1.832543969154358,-13.815510749816895,1.709051251411438,3,5.032949447631836,1.2124648094177246,2.2960970401763916,1.8955333361287918,5.213958263397217,16,2.772588722239781
am_logfit,44,1,16,16,256,0.5832793116569519,0.5991973876953125,-0.682429313659668,0.6816695332527161,0.311945378780365,0.5239434242248535,0.20201914012432098,-0.329357385635376,-13.815510749816895,1.9084413051605225,1,5.032949447631836,1.2124648094177246,2.2960970401763916,1.8955333361287918,0.02368956059217453,16,2.772588722239781
am_scalar,44,1,16,16,256,0.5992912650108337,0.6411775946617126,-0.5489925742149353,0.543914794921875,0.24350468814373016,0.5802786350250244,0.188174307346344,0.8794897794723511,0.8794896602630615,0.8794896602630615,0,5.032949447631836,1.2124648094177246,2.2960970401763916,1.8955333361287918,0.060018330812454224,16,2.772588722239781
am_nobeta,44,1,16,16,256,0.5992913246154785,0.6411767601966858,-0.5489926338195801,0.5439147353172302,0.24350470304489136,0.6497727036476135,0.5489926338195801,0.0,0.0,0.0,0,5.032949447631836,1.2124648094177246,2.2960970401763916,1.8955333361287918,5.213958263397217,16,2.772588722239781
legacy,44,1,32,16,256,1.0644968748092651,1.0711153745651245,-0.740892767906189,0.7336157560348511,0.346645325422287,1.4078704118728638,0.9988566637039185,-8.59487533569336,-13.815510749816895,-4.769699573516846,9,1.0,6.529361940010858e-08,0.0014190181391313672,2.648144068534017,6.131872653961182,16,2.0794415416798357
legacy_fixed_solver,44,1,32,16,256,0.8974952101707458,0.897230863571167,-0.6334961652755737,0.6265931725502014,0.3774663209915161,1.411723017692566,0.9992334246635437,-9.68802547454834,-13.815510749816895,-4.842842102050781,15,1.0,6.529361940010858e-08,0.0014190181391313672,2.648144068534017,0.11787508428096771,16,2.0794415416798357
shift,44,1,32,16,256,0.4602676033973694,0.4926070272922516,-0.36783814430236816,0.36404359340667725,0.1774730086326599,0.7069074511528015,0.7301102876663208,-11.0794677734375,-13.815510749816895,-2.251690149307251,24,1.0,6.529361940010858e-08,0.0014190181391313672,2.648144068534017,369.8074035644531,16,2.0794415416798357
am,44,1,32,16,256,0.5584783554077148,0.5474341511726379,-0.6179232597351074,0.6145891547203064,0.2206476628780365,0.4790463447570801,0.14048774540424347,-0.4737078547477722,-13.815510749816895,1.3159376382827759,2,5.032949447631836,1.2124648094177246,1.732759952545166,1.415899863147608,0.17516948282718658,16,2.0794415416798357
am_over_m,44,1,32,16,256,0.4606771469116211,0.49715229868888855,-0.4364483952522278,0.43012088537216187,0.17601226270198822,0.49333393573760986,0.4308377206325531,-0.4737078547477722,-13.815510749816895,1.3159376382827759,2,5.032949447631836,1.2124648094177246,1.732759952545166,1.415899863147608,0.17516948282718658,16,2.0794415416798357
am_logfit,44,1,32,16,256,0.5454391241073608,0.5417861342430115,-0.6170429587364197,0.6123966574668884,0.2173445075750351,0.4677816927433014,0.13658390939235687,0.06478696316480637,-8.221837043762207,1.2719054222106934,0,5.032949447631836,1.2124648094177246,1.732759952545166,1.415899863147608,0.0007873678114265203,16,2.0794415416798357
am_scalar,44,1,32,16,256,0.4545210599899292,0.49381744861602783,-0.42101678252220154,0.4178612530231476,0.17273473739624023,0.42881831526756287,0.10364975035190582,0.5671892762184143,0.5671893358230591,0.5671893358230591,0,5.032949447631836,1.2124648094177246,1.732759952545166,1.415899863147608,0.013682419434189796,16,2.0794415416798357
am_nobeta,44,1,32,16,256,0.45452141761779785,0.49381816387176514,-0.4210168421268463,0.4178614020347595,0.17273473739624023,0.48735907673835754,0.41786137223243713,0.0,0.0,0.0,0,5.032949447631836,1.2124648094177246,1.732759952545166,1.415899863147608,0.17516948282718658,16,2.0794415416798357
legacy,44,2,8,16,256,0.5138241648674011,0.5800718665122986,-0.6841544508934021,0.6785104870796204,0.27904292941093445,0.7591763138771057,6.749835968017578,2.4885470867156982,2.0210471153259277,3.2936763763427734,0,1.0,8.70581544631932e-08,0.0017117050010710955,4.016138232796049,3127727104.0,8,3.4657359027997265
legacy_fixed_solver,44,2,8,16,256,1.2729284763336182,1.407200813293457,-0.579760730266571,0.5738625526428223,0.356293261051178,1.3259323835372925,0.9995112419128418,-8.279505729675293,-13.815510749816895,-5.047740459442139,2,1.0,8.70581544631932e-08,0.0017117050010710955,4.016138232796049,1.1367162466049194,8,3.4657359027997265
shift,44,2,8,16,256,0.4815119206905365,0.5418844819068909,-0.5142692923545837,0.5033665299415588,0.26946401596069336,0.7297503352165222,0.7851856350898743,-9.668842315673828,-13.815510749816895,-2.2099199295043945,5,1.0,8.70581544631932e-08,0.0017117050010710955,4.016138232796049,1740.614013671875,8,3.4657359027997265
am,44,2,8,16,256,0.4682013988494873,0.5124210715293884,-0.5682111382484436,0.5641348361968994,0.2823190689086914,0.4040621817111969,0.1832415908575058,0.6804889440536499,-0.7448937296867371,1.898059368133545,0,1.9039487838745117,0.49185678362846375,2.5367887020111084,2.332748428172265,1.7502193450927734,8,3.4657359027997265
am_over_m,44,2,8,16,256,0.47244441509246826,0.5333061814308167,-0.5735467672348022,0.5644919872283936,0.26220157742500305,0.4852481782436371,0.5560652017593384,0.6804889440536499,-0.7448937296867371,1.898059368133545,0,1.9039487838745117,0.49185678362846375,2.5367887020111084,2.332748428172265,1.7502193450927734,8,3.4657359027997265
am_logfit,44,2,8,16,256,0.448050856590271,0.5029516220092773,-0.5774076581001282,0.563683032989502,0.28838419914245605,0.40505683422088623,0.23778288066387177,0.5369799733161926,-2.627285957336426,2.0572237968444824,0,1.9039487838745117,0.49185678362846375,2.5367887020111084,2.332748428172265,0.02903352491557598,8,3.4657359027997265
am_scalar,44,2,8,16,256,0.4735126197338104,0.5352826714515686,-0.5801876187324524,0.5708925127983093,0.2621137499809265,0.40963777899742126,0.26517781615257263,0.9948825836181641,0.9948825836181641,0.9948825836181641,0,1.9039487838745117,0.49185678362846375,2.5367887020111084,2.332748428172265,0.07763969153165817,8,3.4657359027997265
am_nobeta,44,2,8,16,256,0.4735127091407776,0.5352827310562134,-0.5801876187324524,0.5708924531936646,0.2621137499809265,0.4923565089702606,0.5801876783370972,0.0,0.0,0.0,0,1.9039487838745117,0.49185678362846375,2.5367887020111084,2.332748428172265,1.7502193450927734,8,3.4657359027997265
legacy,44,2,16,16,256,0.725563108921051,0.7837322354316711,-0.6704526543617249,0.670295000076294,0.24336597323417664,0.9852085709571838,7.097710132598877,1.9125434160232544,1.0441498756408691,3.2936766147613525,0,1.0,8.70581544631932e-08,0.0013197569642215967,3.280950720131803,3432284160.0,16,2.772588722239781
legacy_fixed_solver,44,2,16,16,256,1.1420180797576904,1.172525405883789,-0.4360114634037018,0.4360114634037018,0.36703264713287354,1.3262890577316284,0.9995075464248657,-8.302313804626465,-13.815510749816895,-5.206651210784912,4,1.0,8.70581544631932e-08,0.0013197569642215967,3.280950720131803,0.19452854990959167,16,2.772588722239781
shift,44,2,16,16,256,0.4552769958972931,0.5345341563224792,-0.4451044499874115,0.44302165508270264,0.21749481558799744,0.6644110679626465,0.7587085366249084,-9.563894271850586,-13.815510749816895,-1.9086549282073975,10,1.0,8.70581544631932e-08,0.0013197569642215967,3.280950720131803,2443.2685546875,16,2.772588722239781
am,44,2,16,16,256,0.45475196838378906,0.5302178263664246,-0.4655415415763855,0.42535102367401123,0.2286675125360489,0.3846539258956909,0.1378980427980423,0.6025658249855042,-1.5720670223236084,1.3205554485321045,0,1.9039487838745117,0.49185678362846375,2.022087812423706,1.7063844425603696,0.28336137533187866,16,2.772588722239781
am_over_m,44,2,16,16,256,0.45637303590774536,0.5318837761878967,-0.491024374961853,0.4650433659553528,0.21244773268699646,0.43748387694358826,0.4814371168613434,0.6025658249855042,-1.5720670223236084,1.3205554485321045,0,1.9039487838745117,0.49185678362846375,2.022087812423706,1.7063844425603696,0.28336137533187866,16,2.772588722239781
am_logfit,44,2,16,16,256,0.4543997347354889,0.52370285987854,-0.44121289253234863,0.43858879804611206,0.24765415489673615,0.3812180459499359,0.1612292230129242,-0.017853736877441406,-11.617948532104492,1.4930821657180786,0,1.9039487838745117,0.49185678362846375,2.022087812423706,1.7063844425603696,0.006759680807590485,16,2.772588722239781
am_scalar,44,2,16,16,256,0.45248091220855713,0.5308873057365417,-0.49318966269493103,0.48973044753074646,0.21203000843524933,0.400033563375473,0.15605784952640533,0.7044286727905273,0.7044286727905273,0.7044286727905273,0,1.9039487838745117,0.49185678362846375,2.022087812423706,1.7063844425603696,0.0306675024330616,16,2.772588722239781
am_nobeta,44,2,16,16,256,0.452481210231781,0.5308874249458313,-0.49318966269493103,0.48973044753074646,0.21203000843524933,0.4461289048194885,0.4931896924972534,0.0,0.0,0.0,0,1.9039487838745117,0.49185678362846375,2.022087812423706,1.7063844425603696,0.28336137533187866,16,2.772588722239781
legacy,44,2,32,16,256,0.896760880947113,0.9148232340812683,-0.36873486638069153,0.40107282996177673,0.32959070801734924,1.325372576713562,0.9993950128555298,-8.624231338500977,-13.815510749816895,-5.0771050453186035,9,1.0,8.70581544631932e-08,0.0009219106286764145,2.710659115620445,0.8312732577323914,16,2.0794415416798357
legacy_fixed_solver,44,2,32,16,256,0.9839534759521484,1.0081437826156616,-0.3154853284358978,0.44431930780410767,0.3860606551170349,1.3260769844055176,0.9994934797286987,-9.462286949157715,-13.815510749816895,-5.3047776222229,12,1.0,8.70581544631932e-08,0.0009219106286764145,2.710659115620445,0.010388411581516266,16,2.0794415416798357
shift,44,2,32,16,256,0.33011916279792786,0.3813033998012543,-0.28427836298942566,0.2825717628002167,0.14711551368236542,0.5165415406227112,0.6961185336112976,-9.493316650390625,-13.815510749816895,-1.378436803817749,19,1.0,8.70581544631932e-08,0.0009219106286764145,2.710659115620445,2002.6094970703125,16,2.0794415416798357
am,44,2,32,16,256,0.32229939103126526,0.37937042117118835,-0.22591717541217804,0.22199511528015137,0.1496449112892151,0.29950734972953796,0.09738616645336151,0.46643126010894775,-0.025269918143749237,1.1298843622207642,0,1.9039487838745117,0.49185678362846375,1.512894630432129,1.3751416895306658,0.02163754776120186,16,2.0794415416798357
am_over_m,44,2,32,16,256,0.3207567632198334,0.36917558312416077,-0.3570970296859741,0.3457237780094147,0.14096157252788544,0.3170190453529358,0.3359449803829193,0.46643126010894775,-0.025269918143749237,1.1298843622207642,0,1.9039487838745117,0.49185678362846375,1.512894630432129,1.3751416895306658,0.02163754776120186,16,2.0794415416798357
am_logfit,44,2,32,16,256,0.33018550276756287,0.38127386569976807,-0.2107076495885849,0.2103753536939621,0.15181437134742737,0.2987127900123596,0.09631392359733582,0.47623807191848755,0.024149777367711067,1.1978007555007935,0,1.9039487838745117,0.49185678362846375,1.512894630432129,1.3751416895306658,0.00033053793595172465,16,2.0794415416798357
am_scalar,44,2,32,16,256,0.32260918617248535,0.36983343958854675,-0.3530181050300598,0.3519844114780426,0.14092296361923218,0.282336950302124,0.09054850041866302,0.44298264384269714,0.44298261404037476,0.44298261404037476,0,1.9039487838745117,0.49185678362846375,1.512894630432129,1.3751416895306658,0.010837851092219353,16,2.0794415416798357
am_nobeta,44,2,32,16,256,0.3226083517074585,0.3698333203792572,-0.3530181050300598,0.3519844114780426,0.14092296361923218,0.3191514015197754,0.351984441280365,0.0,0.0,0.0,0,1.9039487838745117,0.49185678362846375,1.512894630432129,1.3751416895306658,0.02163754776120186,16,2.0794415416798357
legacy,45,0,8,16,256,0.4697047472000122,0.5555369257926941,-0.7456076741218567,0.7443249821662903,0.35490483045578003,0.7983503341674805,3.081101179122925,2.0668976306915283,1.3583123683929443,3.0102310180664062,0,1.0,7.996802509069312e-08,0.002930476563051343,7.531583123193179,1135118336.0,8,3.4657359027997265
legacy_fixed_solver,45,0,8,16,256,0.8680450916290283,0.859650194644928,-0.770353376865387,0.7601882219314575,0.5017482042312622,1.382642149925232,0.9994597434997559,-8.808114051818848,-13.815510749816895,-5.16995096206665,3,1.0,7.996802509069312e-08,0.002930476563051343,7.531583123193179,2.601513385772705,8,3.4657359027997265
shift,45,0,8,16,256,0.46257370710372925,0.491172194480896,-0.6699132323265076,0.652961790561676,0.345848947763443,0.877688467502594,0.8272512555122375,-7.359457969665527,-13.815510749816895,-2.523547410964966,3,1.0,7.996802509069312e-08,0.002930476563051343,7.531583123193179,1061.1751708984375,8,3.4657359027997265
am,45,0,8,16,256,0.4451717734336853,0.4924732446670532,-0.7040201425552368,0.7032389640808105,0.39428526163101196,0.42543280124664307,0.288303405046463,0.8426849842071533,-1.8248529434204102,1.9352155923843384,0,2.508880138397217,0.9049762487411499,2.923583984375,3.45131038385207,3.830326557159424,8,3.4657359027997265
am_over_m,45,0,8,16,256,0.4663694202899933,0.4911377727985382,-0.6580452919006348,0.6563060283660889,0.3413497507572174,0.6784850358963013,0.6927059888839722,0.8426849842071533,-1.8248529434204102,1.9352155923843384,0,2.508880138397217,0.9049762487411499,2.923583984375,3.45131038385207,3.830326557159424,8,3.4657359027997265
am_logfit,45,0,8,16,256,0.44279077649116516,0.48325207829475403,-0.6931463479995728,0.6891800761222839,0.3608114719390869,0.4155203700065613,0.22570079565048218,1.0430055856704712,-0.007295513059943914,1.7578940391540527,0,2.508880138397217,0.9049762487411499,2.923583984375,3.45131038385207,0.14609481394290924,8,3.4657359027997265
am_scalar,45,0,8,16,256,0.4691842496395111,0.4935450553894043,-0.6664045453071594,0.6595356464385986,0.34090250730514526,0.4248007833957672,0.28417524695396423,1.226374626159668,1.226374626159668,1.226374626159668,0,2.508880138397217,0.9049762487411499,2.923583984375,3.45131038385207,0.2013571560382843,8,3.4657359027997265
am_nobeta,45,0,8,16,256,0.4691842496395111,0.4935450553894043,-0.6664046049118042,0.6595355272293091,0.34090250730514526,0.7012665271759033,0.6984900236129761,0.0,0.0,0.0,0,2.508880138397217,0.9049762487411499,2.923583984375,3.45131038385207,3.830326557159424,8,3.4657359027997265
legacy,45,0,16,16,256,0.6860767602920532,0.7769908308982849,-0.7176964282989502,0.7142162322998047,0.28649842739105225,1.0784910917282104,3.635066032409668,1.590200424194336,0.4587896466255188,3.0102310180664062,0,1.0,7.996802509069312e-08,0.0018765684217214584,6.19830421151281,1264464896.0,16,2.772588722239781
legacy_fixed_solver,45,0,16,16,256,1.5996531248092651,1.7165910005569458,-0.7368947267532349,0.7316772937774658,0.4586502015590668,1.3843059539794922,0.9992876052856445,-9.451057434082031,-13.815510749816895,-4.385531902313232,7,1.0,7.996802509069312e-08,0.0018765684217214584,6.19830421151281,1.215334415435791,16,2.772588722239781
shift,45,0,16,16,256,0.5391798615455627,0.6290731430053711,-0.4893081486225128,0.4852011501789093,0.2570825219154358,0.8574293851852417,0.7903681397438049,-9.78288459777832,-13.815510749816895,-1.7467032670974731,10,1.0,7.996802509069312e-08,0.0018765684217214584,6.19830421151281,1265.239990234375,16,2.772588722239781
am,45,0,16,16,256,0.4452015161514282,0.550936758518219,-0.6194491386413574,0.6091646552085876,0.29491126537323,0.41585397720336914,0.17440511286258698,0.5194229483604431,-1.8783202171325684,1.609442114830017,0,2.508880138397217,0.9049762487411499,2.2447023391723633,2.1635326171747056,0.9876992702484131,16,2.772588722239781
am_over_m,45,0,16,16,256,0.5258535146713257,0.6222298741340637,-0.5406008362770081,0.530500590801239,0.2524949312210083,0.6000702977180481,0.554124653339386,0.5194229483604431,-1.8783202171325684,1.609442114830017,0,2.508880138397217,0.9049762487411499,2.2447023391723633,2.1635326171747056,0.9876992702484131,16,2.772588722239781
am_logfit,45,0,16,16,256,0.4602092504501343,0.5401690006256104,-0.5904029607772827,0.5732892155647278,0.27579134702682495,0.42437419295310974,0.19360977411270142,0.6040536165237427,-2.0609772205352783,1.797505259513855,0,2.508880138397217,0.9049762487411499,2.2447023391723633,2.1635326171747056,0.01815943233668804,16,2.772588722239781
am_scalar,45,0,16,16,256,0.5313456654548645,0.6250802874565125,-0.5416709184646606,0.5315258502960205,0.25230932235717773,0.47533029317855835,0.1910853385925293,0.8652304410934448,0.8652303218841553,0.8652303218841553,0,2.508880138397217,0.9049762487411499,2.2447023391723633,2.1635326171747056,0.08371465653181076,16,2.772588722239781
am_nobeta,45,0,16,16,256,0.5313459634780884,0.6250808238983154,-0.5416707992553711,0.5315258502960205,0.25230932235717773,0.6118134260177612,0.5639151334762573,0.0,0.0,0.0,0,2.508880138397217,0.9049762487411499,2.2447023391723633,2.1635326171747056,0.9876992702484131,16,2.772588722239781
legacy,45,0,32,16,256,1.2271724939346313,1.3422627449035645,-0.6496009230613708,0.6491966843605042,0.3690177798271179,1.3807896375656128,0.9980201721191406,-9.098442077636719,-13.815510749816895,-4.020273685455322,14,1.0,7.996802509069312e-08,0.0014238543808460236,5.205037565895978,31.33794403076172,16,2.0794415416798357
legacy_fixed_solver,45,0,32,16,256,1.554706335067749,1.659935474395752,-0.643034815788269,0.619110107421875,0.3952370882034302,1.383191466331482,0.9991561770439148,-9.778310775756836,-13.815510749816895,-4.295036315917969,15,1.0,7.996802509069312e-08,0.0014238543808460236,5.205037565895978,0.41344761848449707,16,2.0794415416798357
shift,45,0,32,16,256,0.44821158051490784,0.4587579667568207,-0.3340868055820465,0.3332466781139374,0.16627100110054016,0.731636106967926,0.7095885276794434,-10.277586936950684,-13.815510749816895,-1.8381531238555908,22,1.0,7.996802509069312e-08,0.0014238543808460236,5.205037565895978,1150.9127197265625,16,2.0794415416798357
am,45,0,32,16,256,0.49427279829978943,0.5660849809646606,-0.4939343333244324,0.4882812798023224,0.18987920880317688,0.44051337242126465,0.1358940601348877,-0.5561265349388123,-13.815510749816895,1.4127161502838135,2,2.508880138397217,0.9049762487411499,1.7031776905059814,1.7315040184185497,0.27144187688827515,16,2.0794415416798357
am_over_m,45,0,32,16,256,0.44980478286743164,0.47348785400390625,-0.40537914633750916,0.3992893695831299,0.15972250699996948,0.47450339794158936,0.380033940076828,-0.5561265349388123,-13.815510749816895,1.4127161502838135,2,2.508880138397217,0.9049762487411499,1.7031776905059814,1.7315040184185497,0.27144187688827515,16,2.0794415416798357
am_logfit,45,0,32,16,256,0.49948278069496155,0.5701534152030945,-0.48153868317604065,0.48044273257255554,0.19098399579524994,0.4549553096294403,0.13420309126377106,-0.08533580601215363,-9.30070972442627,1.5647605657577515,0,2.508880138397217,0.9049762487411499,1.7031776905059814,1.7315040184185497,0.0049967593513429165,16,2.0794415416798357
am_scalar,45,0,32,16,256,0.4394705295562744,0.46437835693359375,-0.3919115960597992,0.39026322960853577,0.15914061665534973,0.4065884053707123,0.10820639133453369,0.5542428493499756,0.5542428493499756,0.5542428493499756,0,2.508880138397217,0.9049762487411499,1.7031776905059814,1.7315040184185497,0.03971276432275772,16,2.0794415416798357
am_nobeta,45,0,32,16,256,0.43946972489356995,0.46437808871269226,-0.39191171526908875,0.39026328921318054,0.15914061665534973,0.4922308325767517,0.39026349782943726,0.0,0.0,0.0,0,2.508880138397217,0.9049762487411499,1.7031776905059814,1.7315040184185497,0.27144187688827515,16,2.0794415416798357
legacy,45,1,8,16,256,0.9092179536819458,0.9421899914741516,-0.7817639708518982,0.7771287560462952,0.39397132396698,0.8917149305343628,1.164864182472229,2.104166030883789,1.7934160232543945,2.924086570739746,0,1.0,5.960464477539063e-08,0.0025536920875310898,2.9636413472855967,462189184.0,8,3.4657359027997265
legacy_fixed_solver,45,1,8,16,256,1.0190885066986084,1.039025902748108,-0.7768730521202087,0.7711502909660339,0.4593549072742462,1.3001325130462646,0.9995588064193726,-7.200371265411377,-13.815510749816895,-4.990542888641357,1,1.0,5.960464477539063e-08,0.0025536920875310898,2.9636413472855967,0.4852299988269806,8,3.4657359027997265
shift,45,1,8,16,256,0.7219558358192444,0.7853782176971436,-0.6974590420722961,0.694829523563385,0.3899995684623718,0.8871262669563293,0.8600560426712036,-7.699807643890381,-13.815510749816895,-2.967115640640259,3,1.0,5.960464477539063e-08,0.0025536920875310898,2.9636413472855967,505.80645751953125,8,3.4657359027997265
am,45,1,8,16,256,0.6180481314659119,0.70034259557724,-0.7271596193313599,0.7198089957237244,0.4095757007598877,0.509843647480011,0.28563040494918823,0.9964106678962708,-1.025262475013733,2.003396987915039,0,2.5728201866149902,0.5822040438652039,3.630709409713745,2.2702890761987238,2.3764305114746094,8,3.4657359027997265
am_over_m,45,1,8,16,256,0.7251791954040527,0.7983565330505371,-0.7340562343597412,0.7300392985343933,0.3871278166770935,0.7044848203659058,0.7433100342750549,0.9964106678962708,-1.025262475013733,2.003396987915039,0,2.5728201866149902,0.5822040438652039,3.630709409713745,2.2702890761987238,2.3764305114746094,8,3.4657359027997265
am_logfit,45,1,8,16,256,0.6255555748939514,0.7133185863494873,-0.7240732312202454,0.7234027981758118,0.40437471866607666,0.5169209837913513,0.26244598627090454,1.091135025024414,-0.3724916875362396,2.0742175579071045,0,2.5728201866149902,0.5822040438652039,3.630709409713745,2.2702890761987238,0.02610938809812069,8,3.4657359027997265
am_scalar,45,1,8,16,256,0.7352430820465088,0.8015792369842529,-0.7336511015892029,0.7323436141014099,0.3870880603790283,0.5394453406333923,0.1901194304227829,1.297742247581482,1.297742247581482,1.297742247581482,0,2.5728201866149902,0.5822040438652039,3.630709409713745,2.2702890761987238,0.06888893246650696,8,3.4657359027997265
am_nobeta,45,1,8,16,256,0.7352434992790222,0.8015792965888977,-0.7336511015892029,0.7323434948921204,0.3870880603790283,0.7226278185844421,0.7582557797431946,0.0,0.0,0.0,0,2.5728201866149902,0.5822040438652039,3.630709409713745,2.2702890761987238,2.3764305114746094,8,3.4657359027997265
legacy,45,1,16,16,256,0.966064989566803,1.0089530944824219,-0.7212430238723755,0.720481812953949,0.31507301330566406,0.996403157711029,1.6394903659820557,1.6960936784744263,0.9681083559989929,2.924086809158325,0,1.0,5.960464477539063e-08,0.0017877118661999702,2.320426429719958,582062592.0,16,2.772588722239781
legacy_fixed_solver,45,1,16,16,256,1.2885135412216187,1.3182178735733032,-0.7628064155578613,0.7605494260787964,0.4637752175331116,1.2986599206924438,0.9995002746582031,-9.220746994018555,-13.815510749816895,-5.069283485412598,6,1.0,5.960464477539063e-08,0.0017877118661999702,2.320426429719958,0.0788717120885849,16,2.772588722239781
shift,45,1,16,16,256,0.7588613033294678,0.8391733169555664,-0.6052209734916687,0.6046918630599976,0.30415308475494385,0.7997130155563354,0.8129864931106567,-9.908868789672852,-13.815510749816895,-1.9681147336959839,10,1.0,5.960464477539063e-08,0.0017877118661999702,2.320426429719958,609.5009765625,16,2.772588722239781
am,45,1,16,16,256,0.6298666000366211,0.7171182036399841,-0.6579743027687073,0.6572793126106262,0.3321688771247864,0.5013792514801025,0.18294541537761688,-0.011224836111068726,-13.815510749816895,1.3811341524124146,1,2.5728201866149902,0.5822040438652039,2.441758155822754,1.5899748387616717,0.5839804410934448,16,2.772588722239781
am_over_m,45,1,16,16,256,0.7434737086296082,0.7895424962043762,-0.6409866213798523,0.6393042206764221,0.3023737668991089,0.612335205078125,0.641374945640564,-0.011224836111068726,-13.815510749816895,1.3811341524124146,1,2.5728201866149902,0.5822040438652039,2.441758155822754,1.5899748387616717,0.5839804410934448,16,2.772588722239781
am_logfit,45,1,16,16,256,0.6238469481468201,0.7106032371520996,-0.6532426476478577,0.650392472743988,0.3317135274410248,0.49391433596611023,0.19147782027721405,0.08937965333461761,-12.11650562286377,1.4615181684494019,0,2.5728201866149902,0.5822040438652039,2.441758155822754,1.5899748387616717,0.0066544837318360806,16,2.772588722239781
am_scalar,45,1,16,16,256,0.7640184164047241,0.8320090770721436,-0.6343604326248169,0.6260082721710205,0.30048805475234985,0.5411229729652405,0.13818253576755524,0.9239033460617065,0.923903226852417,0.923903226852417,0,2.5728201866149902,0.5822040438652039,2.441758155822754,1.5899748387616717,0.024742811918258667,16,2.772588722239781
am_nobeta,45,1,16,16,256,0.7640168070793152,0.8320087790489197,-0.6343605518341064,0.6260083913803101,0.30048805475234985,0.625677764415741,0.6405020356178284,0.0,0.0,0.0,0,2.5728201866149902,0.5822040438652039,2.441758155822754,1.5899748387616717,0.5839804410934448,16,2.772588722239781
legacy,45,1,32,16,256,1.0846222639083862,1.1269712448120117,-0.641841471195221,0.6379639506340027,0.3334965407848358,1.2986325025558472,0.9992653131484985,-8.802489280700684,-13.815510749816895,-5.247087478637695,9,1.0,5.960464477539063e-08,0.0012132636038586497,2.4519354015540538,0.4649434983730316,16,2.0794415416798357
legacy_fixed_solver,45,1,32,16,256,1.1581807136535645,1.1950286626815796,-0.6612704396247864,0.6507329940795898,0.3768244683742523,1.298849105834961,0.9994008541107178,-9.982933044433594,-13.815510749816895,-5.195366382598877,15,1.0,5.960464477539063e-08,0.0012132636038586497,2.4519354015540538,0.008685989305377007,16,2.0794415416798357
shift,45,1,32,16,256,0.48614823818206787,0.5331138968467712,-0.385516494512558,0.3842315375804901,0.17811480164527893,0.6507327556610107,0.7376256585121155,-11.817950248718262,-13.815510749816895,-2.18035888671875,26,1.0,5.960464477539063e-08,0.0012132636038586497,2.4519354015540538,342.7152404785156,16,2.0794415416798357
am,45,1,32,16,256,0.5215481519699097,0.5664820075035095,-0.4208487272262573,0.41247743368148804,0.19502010941505432,0.4199628233909607,0.10675385594367981,0.39495420455932617,-0.32413941621780396,1.3819509744644165,0,2.5728201866149902,0.5822040438652039,1.6785304546356201,1.4651998923434677,0.02773626521229744,16,2.0794415416798357
am_over_m,45,1,32,16,256,0.48432937264442444,0.5380398631095886,-0.42638665437698364,0.42343658208847046,0.17534609138965607,0.4365595281124115,0.4100663363933563,0.39495420455932617,-0.32413941621780396,1.3819509744644165,0,2.5728201866149902,0.5822040438652039,1.6785304546356201,1.4651998923434677,0.02773626521229744,16,2.0794415416798357
am_logfit,45,1,32,16,256,0.5180318355560303,0.5634066462516785,-0.4107725918292999,0.4105056822299957,0.19268107414245605,0.4179656207561493,0.10162164270877838,0.4057261049747467,-0.2919616103172302,1.3694722652435303,0,2.5728201866149902,0.5822040438652039,1.6785304546356201,1.4651998923434677,0.0003330777690280229,16,2.0794415416798357
am_scalar,45,1,32,16,256,0.48333635926246643,0.5390394330024719,-0.42621660232543945,0.42295756936073303,0.17528952658176422,0.39624884724617004,0.08587411791086197,0.5313842296600342,0.5313842296600342,0.5313842296600342,0,2.5728201866149902,0.5822040438652039,1.6785304546356201,1.4651998923434677,0.014610395766794682,16,2.0794415416798357
am_nobeta,45,1,32,16,256,0.48333507776260376,0.5390395522117615,-0.4262167811393738,0.4229576289653778,0.17528948187828064,0.44165951013565063,0.4229576885700226,0.0,0.0,0.0,0,2.5728201866149902,0.5822040438652039,1.6785304546356201,1.4651998923434677,0.02773626521229744,16,2.0794415416798357
legacy,45,2,8,16,256,0.6288136839866638,0.6525755524635315,-0.739552915096283,0.7377066612243652,0.33443692326545715,0.7134872674942017,2.1189346313476562,1.93442702293396,1.3621346950531006,2.855289936065674,0,1.0,1.1309186476182731e-07,0.0031234591733664274,5.029694853609747,345732832.0,8,3.4657359027997265
legacy_fixed_solver,45,2,8,16,256,1.0435794591903687,1.1174054145812988,-0.7015897631645203,0.6969923973083496,0.4107059836387634,1.3137556314468384,0.999250054359436,-7.912569999694824,-13.815510749816895,-4.475245952606201,2,1.0,1.1309186476182731e-07,0.0031234591733664274,5.029694853609747,2.4005324840545654,8,3.4657359027997265
shift,45,2,8,16,256,0.5587515830993652,0.5625331997871399,-0.6192304491996765,0.6070530414581299,0.32831066846847534,0.8287633657455444,0.8157501816749573,-8.53083610534668,-13.815510749816895,-2.0903868675231934,4,1.0,1.1309186476182731e-07,0.0031234591733664274,5.029694853609747,728.0985107421875,8,3.4657359027997265
am,45,2,8,16,256,0.5226390957832336,0.5583502054214478,-0.6252548694610596,0.6228477358818054,0.3625924587249756,0.3856215178966522,0.20432499051094055,-0.6163222193717957,-13.815510749816895,1.9185444116592407,1,2.943558692932129,0.8418204188346863,3.435053586959839,3.379976064650495,7.970997333526611,8,3.4657359027997265
am_over_m,45,2,8,16,256,0.536649227142334,0.5714617967605591,-0.677627682685852,0.6732644438743591,0.3254985213279724,0.6262372732162476,0.6733317375183105,-0.6163222193717957,-13.815510749816895,1.9185444116592407,1,2.943558692932129,0.8418204188346863,3.435053586959839,3.379976064650495,7.970997333526611,8,3.4657359027997265
am_logfit,45,2,8,16,256,0.5225252509117126,0.5589324235916138,-0.6318009495735168,0.6313246488571167,0.35827773809432983,0.3998892903327942,0.22865521907806396,-0.24032415449619293,-11.63245677947998,2.143808364868164,0,2.943558692932129,0.8418204188346863,3.435053586959839,3.379976064650495,0.07541265338659286,8,3.4657359027997265
am_scalar,45,2,8,16,256,0.5434300303459167,0.5743212103843689,-0.6634864211082458,0.6559171676635742,0.3225887417793274,0.42430052161216736,0.24820461869239807,1.2863258123397827,1.2863258123397827,1.2863258123397827,0,2.943558692932129,0.8418204188346863,3.435053586959839,3.379976064650495,0.15231269598007202,8,3.4657359027997265
am_nobeta,45,2,8,16,256,0.5434300303459167,0.5743213295936584,-0.6634864211082458,0.6559171676635742,0.3225887417793274,0.6438344120979309,0.6728931665420532,0.0,0.0,0.0,0,2.943558692932129,0.8418204188346863,3.435053586959839,3.379976064650495,7.970997333526611,8,3.4657359027997265
legacy,45,2,16,16,256,0.6932002305984497,0.7188583016395569,-0.7169561386108398,0.7151277661323547,0.2893994450569153,0.816072940826416,2.354261636734009,1.4500501155853271,0.44321995973587036,2.855289936065674,0,1.0,1.1309186476182731e-07,0.002416400471702218,3.6539249597633447,404174816.0,16,2.772588722239781
legacy_fixed_solver,45,2,16,16,256,1.6404536962509155,1.7629657983779907,-0.7158482074737549,0.7042703032493591,0.44508910179138184,1.3128650188446045,0.9992444515228271,-9.317543983459473,-13.815510749816895,-4.137762546539307,7,1.0,1.1309186476182731e-07,0.002416400471702218,3.6539249597633447,0.7531119585037231,16,2.772588722239781
shift,45,2,16,16,256,0.5732163190841675,0.6205883026123047,-0.5328286290168762,0.5310378670692444,0.26801401376724243,0.7958924770355225,0.8019960522651672,-9.603710174560547,-13.815510749816895,-1.883184552192688,10,1.0,1.1309186476182731e-07,0.002416400471702218,3.6539249597633447,826.301513671875,16,2.772588722239781
am,45,2,16,16,256,0.5159737467765808,0.6016542315483093,-0.5531033277511597,0.5474758744239807,0.28257831931114197,0.4062497019767761,0.13505637645721436,0.7860245704650879,-0.43645596504211426,2.0658907890319824,0,2.943558692932129,0.8418204188346863,2.2961649894714355,1.824246934891335,0.9361260533332825,16,2.772588722239781
am_over_m,45,2,16,16,256,0.5880035161972046,0.6258886456489563,-0.5706596970558167,0.5663150548934937,0.26415306329727173,0.5333685874938965,0.5617849826812744,0.7860245704650879,-0.43645596504211426,2.0658907890319824,0,2.943558692932129,0.8418204188346863,2.2961649894714355,1.824246934891335,0.9361260533332825,16,2.772588722239781
am_logfit,45,2,16,16,256,0.517633855342865,0.5813949704170227,-0.5743069052696228,0.5681025385856628,0.27975666522979736,0.40647393465042114,0.1406707912683487,0.8115732073783875,-0.29216378927230835,1.9751732349395752,0,2.943558692932129,0.8418204188346863,2.2961649894714355,1.824246934891335,0.012624208815395832,16,2.772588722239781
am_scalar,45,2,16,16,256,0.5838190913200378,0.6256027221679688,-0.5728373527526855,0.5642482042312622,0.26406052708625793,0.4375365674495697,0.1450432687997818,0.9241256713867188,0.9241256713867188,0.9241256713867188,0,2.943558692932129,0.8418204188346863,2.2961649894714355,1.824246934891335,0.05175650864839554,16,2.772588722239781
am_nobeta,45,2,16,16,256,0.5838193893432617,0.6256021857261658,-0.5728373527526855,0.5642481446266174,0.26406052708625793,0.5385092496871948,0.5833756923675537,0.0,0.0,0.0,0,2.943558692932129,0.8418204188346863,2.2961649894714355,1.824246934891335,0.9361260533332825,16,2.772588722239781
legacy,45,2,32,16,256,1.216469407081604,1.2255494594573975,-0.5930801033973694,0.5909506678581238,0.36796891689300537,1.3111265897750854,0.9982914924621582,-8.836002349853516,-13.815510749816895,-4.04475212097168,13,1.0,1.1309186476182731e-07,0.0016296833055093884,3.3225264386337297,27.516559600830078,16,2.0794415416798357
legacy_fixed_solver,45,2,32,16,256,1.2489184141159058,1.208633303642273,-0.6108455657958984,0.5860761404037476,0.386685848236084,1.3114091157913208,0.9991915225982666,-10.129544258117676,-13.815510749816895,-4.729758262634277,17,1.0,1.1309186476182731e-07,0.0016296833055093884,3.3225264386337297,0.4240516424179077,16,2.0794415416798357
shift,45,2,32,16,256,0.44999340176582336,0.46881410479545593,-0.3907606303691864,0.38902509212493896,0.17420610785484314,0.6823708415031433,0.7274513244628906,-10.667852401733398,-13.815510749816895,-1.8360120058059692,23,1.0,1.1309186476182731e-07,0.0016296833055093884,3.3225264386337297,687.1007690429688,16,2.0794415416798357
am,45,2,32,16,256,0.48271581530570984,0.5287221670150757,-0.5090531706809998,0.5020479559898376,0.21020972728729248,0.37806645035743713,0.10573004931211472,0.4031946361064911,-1.4504778385162354,1.4496995210647583,0,2.943558692932129,0.8418204188346863,1.7863129377365112,1.66814733339323,0.2162061631679535,16,2.0794415416798357
am_over_m,45,2,32,16,256,0.4114144742488861,0.4600752592086792,-0.42280450463294983,0.4208153188228607,0.1689346730709076,0.4016292691230774,0.3978414535522461,0.4031946361064911,-1.4504778385162354,1.4496995210647583,0,2.943558692932129,0.8418204188346863,1.7863129377365112,1.66814733339323,0.2162061631679535,16,2.0794415416798357
am_logfit,45,2,32,16,256,0.5021030902862549,0.5351529121398926,-0.5401067137718201,0.5272850394248962,0.2293044626712799,0.3639736771583557,0.12025418132543564,0.021889790892601013,-8.247241973876953,1.4276114702224731,0,2.943558692932129,0.8418204188346863,1.7863129377365112,1.66814733339323,0.003304562298581004,16,2.0794415416798357
am_scalar,45,2,32,16,256,0.41226518154144287,0.4601084291934967,-0.4154975414276123,0.4099997878074646,0.16882142424583435,0.32877117395401,0.11825952678918839,0.6032145619392395,0.6032145619392395,0.6032145619392395,0,2.943558692932129,0.8418204188346863,1.7863129377365112,1.66814733339323,0.025261731818318367,16,2.0794415416798357
am_nobeta,45,2,32,16,256,0.4122650623321533,0.46010860800743103,-0.4154975414276123,0.4099997878074646,0.16882145404815674,0.4070708453655243,0.409999817609787,0.0,0.0,0.0,0,2.943558692932129,0.8418204188346863,1.7863129377365112,1.66814733339323,0.2162061631679535,16,2.0794415416798357
legacy,46,0,8,16,256,1.1601141691207886,1.3315165042877197,-0.7604116797447205,0.7507988214492798,0.3358962833881378,1.5564656257629395,14.247920989990234,2.664188861846924,2.2008094787597656,4.609168529510498,0,1.0,1.0662402871730592e-07,0.0013608289882540703,8.203154018280273,438875291648.0,8,3.4657359027997265
legacy_fixed_solver,46,0,8,16,256,1.416077971458435,1.4762104749679565,-0.5789357423782349,0.5796866416931152,0.41885292530059814,1.3860983848571777,0.9996146559715271,-7.4441022872924805,-13.815510749816895,-5.36152458190918,1,1.0,1.0662402871730592e-07,0.0013608289882540703,8.203154018280273,2.2520968914031982,8,3.4657359027997265
shift,46,0,8,16,256,0.5260289907455444,0.5887203812599182,-0.5270540118217468,0.5139521360397339,0.289605051279068,0.7224848866462708,0.7517067193984985,-4.413835525512695,-13.815510749816895,-1.0524283647537231,2,1.0,1.0662402871730592e-07,0.0013608289882540703,8.203154018280273,197537.265625,8,3.4657359027997265
am,46,0,8,16,256,0.528862476348877,0.5834512114524841,-0.5205662250518799,0.48348501324653625,0.2910967469215393,0.455897718667984,0.29996779561042786,0.7929946780204773,0.15878039598464966,1.3251523971557617,0,0.36507976055145264,0.2776987552642822,2.482081174850464,3.0790942031740722,0.1392964869737625,8,3.4657359027997265
am_over_m,46,0,8,16,256,0.5731846690177917,0.6292498707771301,-0.6041509509086609,0.5999698638916016,0.28113028407096863,0.6115382313728333,0.6002556681632996,0.7929946780204773,0.15878039598464966,1.3251523971557617,0,0.36507976055145264,0.2776987552642822,2.482081174850464,3.0790942031740722,0.1392964869737625,8,3.4657359027997265
am_logfit,46,0,8,16,256,0.5493553280830383,0.5853436589241028,-0.5286382436752319,0.5042665600776672,0.2887982726097107,0.4164407551288605,0.23897528648376465,0.9802559018135071,0.23325328528881073,1.7448410987854004,0,0.36507976055145264,0.2776987552642822,2.482081174850464,3.0790942031740722,0.09134063869714737,8,3.4657359027997265
am_scalar,46,0,8,16,256,0.5793136358261108,0.6330739855766296,-0.6004313826560974,0.5988829135894775,0.28109604120254517,0.45978519320487976,0.27851417660713196,0.9943069815635681,0.9943069815635681,0.9943069815635681,0,0.36507976055145264,0.2776987552642822,2.482081174850464,3.0790942031740722,0.14882361888885498,8,3.4657359027997265
am_nobeta,46,0,8,16,256,0.5793138146400452,0.6330737471580505,-0.6004313826560974,0.5988828539848328,0.28109604120254517,0.6247962713241577,0.6106842756271362,0.0,0.0,0.0,0,0.36507976055145264,0.2776987552642822,2.482081174850464,3.0790942031740722,0.1392964869737625,8,3.4657359027997265
legacy,46,0,16,16,256,1.5339269638061523,1.669931411743164,-0.7305846810340881,0.7304892539978027,0.28080320358276367,1.987871527671814,14.965659141540527,2.1885082721710205,1.3927390575408936,4.609168529510498,0,1.0,1.0662402871730592e-07,0.0009296317584812641,5.384977506889491,444951494656.0,16,2.772588722239781
legacy_fixed_solver,46,0,16,16,256,1.269918441772461,1.4726381301879883,-0.4314749836921692,0.5131983757019043,0.33557963371276855,1.3846303224563599,0.9995788335800171,-7.3291015625,-13.815510749816895,-5.753250598907471,1,1.0,1.0662402871730592e-07,0.0009296317584812641,5.384977506889491,1.3064978122711182,16,2.772588722239781
shift,46,0,16,16,256,0.5051398873329163,0.6508664488792419,-0.3358493745326996,0.32237350940704346,0.20859163999557495,0.6441195011138916,0.6514027714729309,-5.292362213134766,-13.815510749816895,-0.7184248566627502,4,1.0,1.0662402871730592e-07,0.0009296317584812641,5.384977506889491,141721.1875,16,2.772588722239781
am,46,0,16,16,256,0.5043936371803284,0.5959109663963318,-0.36206120252609253,0.33217185735702515,0.20745731890201569,0.4500941038131714,0.15790128707885742,0.6325574517250061,0.05315058305859566,0.9438095688819885,0,0.36507976055145264,0.2776987552642822,1.8755699396133423,1.9639990112346226,0.027161743491888046,16,2.772588722239781
am_over_m,46,0,16,16,256,0.5445365905761719,0.6404185891151428,-0.45827311277389526,0.45719486474990845,0.19756683707237244,0.4954414367675781,0.4533328711986542,0.6325574517250061,0.05315058305859566,0.9438095688819885,0,0.36507976055145264,0.2776987552642822,1.8755699396133423,1.9639990112346226,0.027161743491888046,16,2.772588722239781
am_logfit,46,0,16,16,256,0.4799039959907532,0.5981205701828003,-0.32066306471824646,0.32064831256866455,0.20805151760578156,0.4633557200431824,0.11252430826425552,0.7481902837753296,0.2000293880701065,1.2181154489517212,0,0.36507976055145264,0.2776987552642822,1.8755699396133423,1.9639990112346226,0.02268758788704872,16,2.772588722239781
am_scalar,46,0,16,16,256,0.5540536642074585,0.6416023969650269,-0.46614599227905273,0.4594824016094208,0.19753044843673706,0.4756757915019989,0.14886263012886047,0.6582209467887878,0.6582209467887878,0.6582209467887878,0,0.36507976055145264,0.2776987552642822,1.8755699396133423,1.9639990112346226,0.053250327706336975,16,2.772588722239781
am_nobeta,46,0,16,16,256,0.5540542006492615,0.6416009664535522,-0.4661460220813751,0.45948246121406555,0.19753049314022064,0.4966350197792053,0.4661460220813751,0.0,0.0,0.0,0,0.36507976055145264,0.2776987552642822,1.8755699396133423,1.9639990112346226,0.027161743491888046,16,2.772588722239781
legacy,46,0,32,16,256,1.2741142511367798,1.3544921875,-0.46843111515045166,0.5011937022209167,0.423578143119812,1.3832799196243286,0.9984206557273865,-8.674538612365723,-13.815510749816895,-3.6819357872009277,12,1.0,1.0662402871730592e-07,0.0007287596235983074,4.357052598119395,106.2643814086914,16,2.0794415416798357
legacy_fixed_solver,46,0,32,16,256,0.9727062582969666,0.944025993347168,-0.2845703363418579,0.49015018343925476,0.2652495503425598,1.3851799964904785,0.9995194673538208,-7.6555705070495605,-13.815510749816895,-5.930267810821533,2,1.0,1.0662402871730592e-07,0.0007287596235983074,4.357052598119395,0.8889321684837341,16,2.0794415416798357
shift,46,0,32,16,256,0.3979366421699524,0.4102727472782135,-0.15551231801509857,0.15476834774017334,0.13804352283477783,0.5672669410705566,0.6277104020118713,-6.893630027770996,-13.815510749816895,-0.7426683306694031,14,1.0,1.0662402871730592e-07,0.0007287596235983074,4.357052598119395,129664.9921875,16,2.0794415416798357
am,46,0,32,16,256,0.3983040452003479,0.3996292054653168,-0.2060738205909729,0.19451144337654114,0.12834104895591736,0.33498522639274597,0.07767906039953232,0.3553178012371063,-0.008171355351805687,0.6700429916381836,0,0.36507976055145264,0.2776987552642822,1.4581819772720337,1.5351354631818412,0.005682073533535004,16,2.0794415416798357
am_over_m,46,0,32,16,256,0.405071496963501,0.4243767559528351,-0.3077602982521057,0.30488744378089905,0.1235065907239914,0.37752166390419006,0.30045974254608154,0.3553178012371063,-0.008171355351805687,0.6700429916381836,0,0.36507976055145264,0.2776987552642822,1.4581819772720337,1.5351354631818412,0.005682073533535004,16,2.0794415416798357
am_logfit,46,0,32,16,256,0.42472949624061584,0.4169139862060547,-0.14374570548534393,0.15714776515960693,0.1417810022830963,0.3596949577331543,0.09056687355041504,0.4280945956707001,-0.7121993899345398,1.3166308403015137,0,0.36507976055145264,0.2776987552642822,1.4581819772720337,1.5351354631818412,0.006965121254324913,16,2.0794415416798357
am_scalar,46,0,32,16,256,0.4043648838996887,0.4274725914001465,-0.3139292895793915,0.31250110268592834,0.12349247187376022,0.3549934923648834,0.10644897818565369,0.4042210280895233,0.4042209982872009,0.4042209982872009,0,0.36507976055145264,0.2776987552642822,1.4581819772720337,1.5351354631818412,0.027673790231347084,16,2.0794415416798357
am_nobeta,46,0,32,16,256,0.40436506271362305,0.4274725615978241,-0.3139292895793915,0.31250110268592834,0.12349247932434082,0.3842133581638336,0.31392934918403625,0.0,0.0,0.0,0,0.36507976055145264,0.2776987552642822,1.4581819772720337,1.5351354631818412,0.005682073533535004,16,2.0794415416798357
legacy,46,1,8,16,256,0.5363547205924988,0.5475888848304749,-0.7630754113197327,0.7598793506622314,0.37238627672195435,0.5427394509315491,1.3916776180267334,2.1048333644866943,1.7312464714050293,2.7455663681030273,0,1.0,1.0437906183824452e-07,0.0030064121820032597,5.619264593976976,440069632.0,8,3.4657359027997265
legacy_fixed_solver,46,1,8,16,256,0.6254261136054993,0.6292915940284729,-0.7690201997756958,0.7632179856300354,0.4239383935928345,1.3114333152770996,0.9994559288024902,-7.958378791809082,-13.815510749816895,-5.178146839141846,2,1.0,1.0437906183824452e-07,0.0030064121820032597,5.619264593976976,1.8854668140411377,8,3.4657359027997265
shift,46,1,8,16,256,0.493405818939209,0.5179772973060608,-0.6894024014472961,0.6827171444892883,0.3736400902271271,0.9212729930877686,0.8690221309661865,-9.820820808410645,-13.815510749816895,-2.6150145530700684,5,1.0,1.0437906183824452e-07,0.0030064121820032597,5.619264593976976,503.4905090332031,8,3.4657359027997265
am,46,1,8,16,256,0.4910045862197876,0.5127086043357849,-0.7381772398948669,0.7377006411552429,0.3830397427082062,0.4039624035358429,0.16776442527770996,1.1610422134399414,0.401251882314682,2.012272834777832,0,3.286344528198242,1.277708888053894,3.931016206741333,2.5862591803609196,6.863542556762695,8,3.4657359027997265
am_over_m,46,1,8,16,256,0.49231597781181335,0.5209372639656067,-0.7120255827903748,0.7109916806221008,0.3683459758758545,0.7050917148590088,0.7149677276611328,1.1610422134399414,0.401251882314682,2.012272834777832,0,3.286344528198242,1.277708888053894,3.931016206741333,2.5862591803609196,6.863542556762695,8,3.4657359027997265
am_logfit,46,1,8,16,256,0.4883841574192047,0.5162831544876099,-0.7236476540565491,0.72300124168396,0.37814074754714966,0.3986619710922241,0.20575042068958282,1.2494688034057617,0.6361234784126282,1.804118037223816,0,3.286344528198242,1.277708888053894,3.931016206741333,2.5862591803609196,0.07631397992372513,8,3.4657359027997265
am_scalar,46,1,8,16,256,0.4932551980018616,0.5220212340354919,-0.7095051407814026,0.707481861114502,0.3683161735534668,0.39604902267456055,0.25529947876930237,1.4510937929153442,1.4510939121246338,1.4510939121246338,0,3.286344528198242,1.277708888053894,3.931016206741333,2.5862591803609196,0.10864219814538956,8,3.4657359027997265
am_nobeta,46,1,8,16,256,0.4932553470134735,0.5220211744308472,-0.7095051407814026,0.7074819207191467,0.3683161735534668,0.7342961430549622,0.734771728515625,0.0,0.0,0.0,0,3.286344528198242,1.277708888053894,3.931016206741333,2.5862591803609196,6.863542556762695,8,3.4657359027997265
legacy,46,1,16,16,256,0.5378888845443726,0.585154116153717,-0.6898111701011658,0.6775435209274292,0.26577621698379517,0.6745468974113464,2.242863893508911,1.9038474559783936,1.3727713823318481,2.7455663681030273,0,1.0,1.0437906183824452e-07,0.0014769186964258552,3.9994277423358406,814071872.0,16,2.772588722239781
legacy_fixed_solver,46,1,16,16,256,0.892780601978302,0.9967331290245056,-0.7287991046905518,0.7081442475318909,0.4215914309024811,1.3113771677017212,0.9994051456451416,-10.0374116897583,-13.815510749816895,-4.651352882385254,8,1.0,1.0437906183824452e-07,0.0014769186964258552,3.9994277423358406,0.919823944568634,16,2.772588722239781
shift,46,1,16,16,256,0.5466762185096741,0.5630120635032654,-0.5668268203735352,0.5599319338798523,0.26442041993141174,0.7618821859359741,0.7824152112007141,-9.991138458251953,-13.815510749816895,-2.1759870052337646,9,1.0,1.0437906183824452e-07,0.0014769186964258552,3.9994277423358406,453.191650390625,16,2.772588722239781
am,46,1,16,16,256,0.5164040327072144,0.5361695289611816,-0.5945038795471191,0.5922781825065613,0.31132304668426514,0.416151762008667,0.11862492561340332,-0.24681563675403595,-13.815510749816895,1.857465147972107,1,3.286344528198242,1.277708888053894,2.411898136138916,1.8474790212367622,1.1699246168136597,16,2.772588722239781
am_over_m,46,1,16,16,256,0.5210605263710022,0.561790943145752,-0.5801127552986145,0.5775932669639587,0.2623279094696045,0.5394829511642456,0.5737462639808655,-0.24681563675403595,-13.815510749816895,1.857465147972107,1,3.286344528198242,1.277708888053894,2.411898136138916,1.8474790212367622,1.1699246168136597,16,2.772588722239781
am_logfit,46,1,16,16,256,0.5031576156616211,0.5195023417472839,-0.6128884553909302,0.6128304600715637,0.29404014348983765,0.39175257086753845,0.1428786963224411,0.03460095822811127,-11.766963005065918,1.6730492115020752,0,3.286344528198242,1.277708888053894,2.411898136138916,1.8474790212367622,0.014337783679366112,16,2.772588722239781
am_scalar,46,1,16,16,256,0.525083065032959,0.5720149874687195,-0.5725845098495483,0.5645516514778137,0.2589671313762665,0.3908136188983917,0.1485760658979416,0.9201887845993042,0.9201887249946594,0.9201887249946594,0,3.286344528198242,1.277708888053894,2.411898136138916,1.8474790212367622,0.04151558876037598,16,2.772588722239781
am_nobeta,46,1,16,16,256,0.5250827670097351,0.5720148682594299,-0.5725844502449036,0.564551591873169,0.2589671313762665,0.5447458028793335,0.5750039219856262,0.0,0.0,0.0,0,3.286344528198242,1.277708888053894,2.411898136138916,1.8474790212367622,1.1699246168136597,16,2.772588722239781
legacy,46,1,32,16,256,0.6498543620109558,0.688267707824707,-0.6756911277770996,0.6681963801383972,0.31598395109176636,1.307494044303894,0.9986604452133179,-8.951615333557129,-13.815510749816895,-4.744157791137695,12,1.0,1.0437906183824452e-07,0.0010335595579817891,3.6463931085573833,60.59769821166992,16,2.0794415416798357
legacy_fixed_solver,46,1,32,16,256,0.9073244333267212,0.942667543888092,-0.7080477476119995,0.6995037198066711,0.41244661808013916,1.310839056968689,0.9993360638618469,-10.453743934631348,-13.815510749816895,-4.431334495544434,17,1.0,1.0437906183824452e-07,0.0010335595579817891,3.6463931085573833,0.49750813841819763,16,2.0794415416798357
shift,46,1,32,16,256,0.4109281897544861,0.4261349141597748,-0.3882739245891571,0.37631309032440186,0.17864592373371124,0.6928595304489136,0.7364059090614319,-11.714710235595703,-13.815510749816895,-1.6917790174484253,26,1.0,1.0437906183824452e-07,0.0010335595579817891,3.6463931085573833,740.1290283203125,16,2.0794415416798357
am,46,1,32,16,256,0.5361578464508057,0.5630443692207336,-0.5483458042144775,0.5480839610099792,0.22758588194847107,0.4114406406879425,0.07684509456157684,-0.6368426084518433,-13.815510749816895,1.2615102529525757,2,3.286344528198242,1.277708888053894,1.6878658533096313,1.5257375029510305,0.2047852724790573,16,2.0794415416798357
am_over_m,46,1,32,16,256,0.41306737065315247,0.4358534514904022,-0.43768250942230225,0.437222421169281,0.17648762464523315,0.4170808494091034,0.4293172359466553,-0.6368426084518433,-13.815510749816895,1.2615102529525757,2,3.286344528198242,1.277708888053894,1.6878658533096313,1.5257375029510305,0.2047852724790573,16,2.0794415416798357
am_logfit,46,1,32,16,256,0.5001565217971802,0.5213868021965027,-0.5456224083900452,0.5284618139266968,0.2173186093568802,0.3755777180194855,0.08144711703062057,-0.3795754909515381,-13.815510749816895,1.1298210620880127,1,3.286344528198242,1.277708888053894,1.6878658533096313,1.5257375029510305,0.0030947616323828697,16,2.0794415416798357
am_scalar,46,1,32,16,256,0.3994596004486084,0.42897018790245056,-0.4333295524120331,0.4178219139575958,0.17271502315998077,0.3051490783691406,0.09896553307771683,0.5525365471839905,0.5525366067886353,0.5525366067886353,0,3.286344528198242,1.277708888053894,1.6878658533096313,1.5257375029510305,0.01912529394030571,16,2.0794415416798357
am_nobeta,46,1,32,16,256,0.39946016669273376,0.42897024750709534,-0.4333295524120331,0.4178219735622406,0.17271506786346436,0.4157083034515381,0.4178219437599182,0.0,0.0,0.0,0,3.286344528198242,1.277708888053894,1.6878658533096313,1.5257375029510305,0.2047852724790573,16,2.0794415416798357
legacy,46,2,8,16,256,0.559796929359436,0.5930554270744324,-0.73764568567276,0.7323691844940186,0.35451748967170715,0.6888651251792908,2.4748852252960205,2.3361597061157227,1.852256417274475,2.9934730529785156,0,1.0,6.529361940010858e-08,0.0016644546994939446,4.112128125047769,1237337856.0,8,3.4657359027997265
legacy_fixed_solver,46,2,8,16,256,0.9331403970718384,0.9160053730010986,-0.8053417801856995,0.8038095831871033,0.48027855157852173,1.3420740365982056,0.9995144009590149,-8.79012393951416,-13.815510749816895,-5.367513179779053,3,1.0,6.529361940010858e-08,0.0016644546994939446,4.112128125047769,1.804950475692749,8,3.4657359027997265
shift,46,2,8,16,256,0.5143520832061768,0.5556052327156067,-0.6933762431144714,0.6926650404930115,0.35225406289100647,0.8224495649337769,0.8272771835327148,-7.702253341674805,-13.815510749816895,-2.641056776046753,3,1.0,6.529361940010858e-08,0.0016644546994939446,4.112128125047769,861.4869384765625,8,3.4657359027997265
am,46,2,8,16,256,0.4559122323989868,0.5000880360603333,-0.7288187742233276,0.7271429896354675,0.375060498714447,0.42926549911499023,0.2006952315568924,-0.6680945754051208,-13.815510749816895,1.951662540435791,1,2.0207982063293457,0.8349100351333618,3.0983691215515137,2.1749108410002305,1.596620798110962,8,3.4657359027997265
am_over_m,46,2,8,16,256,0.510416567325592,0.5575958490371704,-0.7098240256309509,0.707338809967041,0.35117244720458984,0.6560828685760498,0.7018288969993591,-0.6680945754051208,-13.815510749816895,1.951662540435791,1,2.0207982063293457,0.8349100351333618,3.0983691215515137,2.1749108410002305,1.596620798110962,8,3.4657359027997265
am_logfit,46,2,8,16,256,0.47852465510368347,0.5339651107788086,-0.7342814803123474,0.7293140292167664,0.3589935898780823,0.43977677822113037,0.16783232986927032,1.0519134998321533,-0.2108754962682724,1.6737126111984253,0,2.0207982063293457,0.8349100351333618,3.0983691215515137,2.1749108410002305,0.03247102349996567,8,3.4657359027997265
am_scalar,46,2,8,16,256,0.5226019620895386,0.5678481459617615,-0.6914753317832947,0.688966691493988,0.3475828170776367,0.5137091875076294,0.19251753389835358,1.2146854400634766,1.2146854400634766,1.2146854400634766,0,2.0207982063293457,0.8349100351333618,3.0983691215515137,2.1749108410002305,0.07047553360462189,8,3.4657359027997265
am_nobeta,46,2,8,16,256,0.5226015448570251,0.5678479671478271,-0.6914753317832947,0.688966691493988,0.3475828170776367,0.6633083820343018,0.7075533866882324,0.0,0.0,0.0,0,2.0207982063293457,0.8349100351333618,3.0983691215515137,2.1749108410002305,1.596620798110962,8,3.4657359027997265
legacy,46,2,16,16,256,0.7217431664466858,0.7567360401153564,-0.6870481967926025,0.6825965046882629,0.288960337638855,0.9380937814712524,2.9473328590393066,1.9435925483703613,1.2516672611236572,2.9934725761413574,0,1.0,6.529361940010858e-08,0.0013613140909001231,4.2817526557270496,1643654144.0,16,2.772588722239781
legacy_fixed_solver,46,2,16,16,256,1.2146987915039062,1.2707958221435547,-0.7952442169189453,0.7924963235855103,0.48209547996520996,1.3431388139724731,0.9995957612991333,-10.536860466003418,-13.815510749816895,-4.748438835144043,9,1.0,6.529361940010858e-08,0.0013613140909001231,4.2817526557270496,1.195560336112976,16,2.772588722239781
shift,46,2,16,16,256,0.5707917809486389,0.6445104479789734,-0.5391420125961304,0.5165804028511047,0.2762928605079651,0.7329436540603638,0.7897418737411499,-9.463136672973633,-13.815510749816895,-2.189513683319092,9,1.0,6.529361940010858e-08,0.0013613140909001231,4.2817526557270496,955.318603515625,16,2.772588722239781
am,46,2,16,16,256,0.5269864201545715,0.6037249565124512,-0.6869050860404968,0.6771342158317566,0.3053767681121826,0.5010263323783875,0.20827099680900574,-0.2787085175514221,-13.815510749816895,1.7814562320709229,1,2.0207982063293457,0.8349100351333618,2.151535749435425,1.7717953872246825,0.45028311014175415,16,2.772588722239781
am_over_m,46,2,16,16,256,0.537117063999176,0.6505236625671387,-0.5851348042488098,0.5837024450302124,0.2691919207572937,0.5760061144828796,0.5841916799545288,-0.2787085175514221,-13.815510749816895,1.7814562320709229,1,2.0207982063293457,0.8349100351333618,2.151535749435425,1.7717953872246825,0.45028311014175415,16,2.772588722239781
am_logfit,46,2,16,16,256,0.5194811820983887,0.6117724776268005,-0.64777672290802,0.6214715838432312,0.2897855341434479,0.48577648401260376,0.12755726277828217,0.007897421717643738,-11.24451732635498,1.6116576194763184,0,2.0207982063293457,0.8349100351333618,2.151535749435425,1.7717953872246825,0.014963512308895588,16,2.772588722239781
am_scalar,46,2,16,16,256,0.5251626372337341,0.6271665692329407,-0.5887294411659241,0.5870806574821472,0.2689254581928253,0.4978353679180145,0.14176173508167267,0.846558690071106,0.8465588092803955,0.8465588092803955,0,2.0207982063293457,0.8349100351333618,2.151535749435425,1.7717953872246825,0.03727292641997337,16,2.772588722239781
am_nobeta,46,2,16,16,256,0.5251622200012207,0.6271673440933228,-0.5887293815612793,0.5870806574821472,0.26892542839050293,0.5605590343475342,0.5912824869155884,0.0,0.0,0.0,0,2.0207982063293457,0.8349100351333618,2.151535749435425,1.7717953872246825,0.45028311014175415,16,2.772588722239781
legacy,46,2,32,16,256,0.7356095910072327,0.7560703158378601,-0.6208364963531494,0.6200928092002869,0.3468273878097534,1.3398631811141968,0.9986908435821533,-8.488555908203125,-13.815510749816895,-4.68748664855957,11,1.0,6.529361940010858e-08,0.0010364842601120472,3.5947946629175886,45.967750549316406,16,2.0794415416798357
legacy_fixed_solver,46,2,32,16,256,1.2202320098876953,1.2178633213043213,-0.689111590385437,0.6687735915184021,0.42070481181144714,1.3427942991256714,0.9994902610778809,-10.239831924438477,-13.815510749816895,-4.695741653442383,17,1.0,6.529361940010858e-08,0.0010364842601120472,3.5947946629175886,0.24689669907093048,16,2.0794415416798357
shift,46,2,32,16,256,0.41786298155784607,0.42629340291023254,-0.38421380519866943,0.38033899664878845,0.189936101436615,0.6378046274185181,0.7382382750511169,-10.923603057861328,-13.815510749816895,-1.2132567167282104,24,1.0,6.529361940010858e-08,0.0010364842601120472,3.5947946629175886,1758.6785888671875,16,2.0794415416798357
am,46,2,32,16,256,0.43508851528167725,0.4673367440700531,-0.4951811134815216,0.4944390654563904,0.21396200358867645,0.39200058579444885,0.09847850352525711,-0.02291630208492279,-13.815510749816895,1.3105876445770264,1,2.0207982063293457,0.8349100351333618,1.69646418094635,1.4019219485402805,0.06883309036493301,16,2.0794415416798357
am_over_m,46,2,32,16,256,0.4028417766094208,0.4183754622936249,-0.4310647249221802,0.4299691319465637,0.18532277643680573,0.39819204807281494,0.4339802861213684,-0.02291630208492279,-13.815510749816895,1.3105876445770264,1,2.0207982063293457,0.8349100351333618,1.69646418094635,1.4019219485402805,0.06883309036493301,16,2.0794415416798357
am_logfit,46,2,32,16,256,0.429477721452713,0.45605239272117615,-0.4628506898880005,0.4594711661338806,0.20048102736473083,0.36506637930870056,0.09706191718578339,0.15200519561767578,-10.170485496520996,1.2073299884796143,0,2.0207982063293457,0.8349100351333618,1.69646418094635,1.4019219485402805,0.002766259480267763,16,2.0794415416798357
am_scalar,46,2,32,16,256,0.3790033757686615,0.41539040207862854,-0.43674391508102417,0.43580162525177,0.18507321178913116,0.3471704423427582,0.10934095829725266,0.5366010665893555,0.5366010665893555,0.5366010665893555,0,2.0207982063293457,0.8349100351333618,1.69646418094635,1.4019219485402805,0.014128387905657291,16,2.0794415416798357
am_nobeta,46,2,32,16,256,0.3790031969547272,0.41539034247398376,-0.43674391508102417,0.43580162525177,0.18507322669029236,0.3961033523082733,0.4422144591808319,0.0,0.0,0.0,0,2.0207982063293457,0.8349100351333618,1.69646418094635,1.4019219485402805,0.06883309036493301,16,2.0794415416798357
